time,open,high,low,close,volume,spread
2024.01.01 00:00,1998.66931,1998.91831,1998.60748,1998.78834,100,20.0
2024.01.01 00:15,1998.76310,1999.04137,1998.03008,1998.60155,100,20.0
2024.01.01 00:30,1998.66760,1998.89480,1998.01931,1998.46034,100,20.0
2024.01.01 00:45,1998.01746,1998.21571,1996.62994,1997.02001,100,20.0
2024.01.01 01:00,1996.94630,1997.69933,1996.08030,1997.22603,100,20.0
2024.01.01 01:15,1997.86110,1997.96199,1997.33861,1997.44705,100,20.0
2024.01.01 01:30,1997.30337,1997.94687,1997.00793,1997.11811,100,20.0
2024.01.01 01:45,1997.13451,1997.99558,1996.20430,1997.53623,100,20.0
2024.01.01 02:00,1996.98890,1997.33505,1996.31151,1996.73239,100,20.0
2024.01.01 02:15,1996.43105,1996.65889,1995.71988,1996.14368,100,20.0
2024.01.01 02:30,1994.54225,1994.80502,1993.27198,1993.80529,100,20.0
2024.01.01 02:45,1993.54944,1994.11799,1992.66139,1993.15219,100,20.0
2024.01.01 03:00,1992.67785,1992.70619,1991.46905,1991.95311,100,20.0
2024.01.01 03:15,1990.63359,1990.93369,1990.62777,1990.88649,100,20.0
2024.01.01 03:30,1989.75830,1989.98472,1989.32913,1989.37996,100,20.0
2024.01.01 03:45,1989.69556,1990.34284,1989.64927,1990.08386,100,20.0
2024.01.01 04:00,1990.92745,1991.15697,1990.13764,1990.47013,100,20.0
2024.01.01 04:15,1991.52371,1991.66635,1991.38963,1991.62456,100,20.0
2024.01.01 04:30,1990.80161,1991.36708,1990.41782,1990.96067,100,20.0
2024.01.01 04:45,1990.95255,1991.16233,1990.06975,1990.73457,100,20.0
2024.01.01 05:00,1991.02707,1991.43572,1990.50397,1991.30922,100,20.0
2024.01.01 05:15,1991.80222,1992.42052,1991.21062,1991.26396,100,20.0
2024.01.01 05:30,1991.36672,1992.00334,1990.90782,1991.73749,100,20.0
2024.01.01 05:45,1991.48467,1992.04211,1991.07636,1991.33304,100,20.0
2024.01.01 06:00,1991.32840,1991.57100,1991.18910,1991.38673,100,20.0
2024.01.01 06:15,1991.08229,1991.26909,1990.36845,1990.37238,100,20.0
2024.01.01 06:30,1990.07774,1990.38113,1989.96351,1990.18450,100,20.0
2024.01.01 06:45,1989.65110,1989.99180,1989.39284,1989.86105,100,20.0
2024.01.01 07:00,1990.82476,1992.01012,1990.56490,1991.73828,100,20.0
2024.01.01 07:15,1991.44929,1991.81101,1990.67684,1991.30227,100,20.0
2024.01.01 07:30,1990.97910,1991.60216,1990.45706,1991.39808,100,20.0
2024.01.01 07:45,1990.84214,1990.91431,1990.69607,1990.82638,100,20.0
2024.01.01 08:00,1991.41160,1992.41167,1991.15716,1991.64170,100,20.0
2024.01.01 08:15,1992.04102,1992.47972,1991.93712,1992.34039,100,20.0
2024.01.01 08:30,1993.01243,1993.52039,1992.96520,1993.35498,100,20.0
2024.01.01 08:45,1994.24158,1994.64117,1993.66014,1994.51852,100,20.0
2024.01.01 09:00,1993.62710,1994.45339,1993.12505,1994.18718,100,20.0
2024.01.01 09:15,1994.65847,1994.99837,1993.71816,1994.55220,100,20.0
2024.01.01 09:30,1994.71255,1995.12414,1994.52527,1994.85654,100,20.0
2024.01.01 09:45,1996.25715,1996.35358,1995.90470,1996.11068,100,20.0
2024.01.01 10:00,1995.65012,1995.89786,1995.09129,1995.53444,100,20.0
2024.01.01 10:15,1995.74034,1996.06758,1994.93598,1995.02701,100,20.0
2024.01.01 10:30,1995.51716,1995.74644,1994.80037,1995.38428,100,20.0
2024.01.01 10:45,1995.02128,1995.20329,1994.36020,1994.92750,100,20.0
2024.01.01 11:00,1996.34253,1996.74980,1996.33962,1996.61302,100,20.0
2024.01.01 11:15,1997.04071,1997.69982,1996.66600,1997.45444,100,20.0
2024.01.01 11:30,1998.00989,1998.55215,1996.92334,1997.04864,100,20.0
2024.01.01 11:45,1996.77724,1996.99165,1995.99240,1996.19752,100,20.0
2024.01.01 12:00,1996.89604,1996.93443,1996.00320,1996.36967,100,20.0
2024.01.01 12:15,1996.37099,1997.64410,1995.95301,1997.32966,100,20.0
2024.01.01 12:30,1997.71994,1997.82625,1996.95426,1997.20043,100,20.0
2024.01.01 12:45,1997.25472,1997.30260,1995.89311,1996.33185,100,20.0
2024.01.01 13:00,1996.59194,1997.02538,1996.50805,1996.96709,100,20.0
2024.01.01 13:15,1998.07637,1998.84290,1997.81555,1998.68345,100,20.0
2024.01.01 13:30,1999.10418,1999.12059,1998.15494,1998.91015,100,20.0
2024.01.01 13:45,1999.35341,1999.79445,1998.96634,1999.23233,100,20.0
2024.01.01 14:00,1999.00731,1999.94073,1998.60621,1999.48451,100,20.0
2024.01.01 14:15,1998.05462,1998.14194,1996.74424,1997.27928,100,20.0
2024.01.01 14:30,1997.48958,1998.15101,1996.85133,1997.87154,100,20.0
2024.01.01 14:45,1998.63246,1998.66654,1997.57470,1997.86075,100,20.0
2024.01.01 15:00,1998.53655,1999.02010,1998.38817,1998.68634,100,20.0
2024.01.01 15:15,1998.96759,1999.25270,1998.47150,1998.58209,100,20.0
2024.01.01 15:30,1998.61421,1999.00425,1998.61303,1998.91636,100,20.0
2024.01.01 15:45,1999.19101,2000.64878,1998.89855,2000.49382,100,20.0
2024.01.01 16:00,1999.99199,2000.46647,1999.79611,2000.01038,100,20.0
2024.01.01 16:15,1999.95772,2000.45348,1999.23012,2000.18485,100,20.0
2024.01.01 16:30,2001.73949,2002.38365,2001.44995,2002.04347,100,20.0
2024.01.01 16:45,2001.53507,2001.62963,2000.33398,2000.54714,100,20.0
2024.01.01 17:00,2000.18554,2000.43538,1998.73751,1999.18693,100,20.0
2024.01.01 17:15,1999.63862,2000.19336,1999.20824,1999.41166,100,20.0
2024.01.01 17:30,1998.70342,1998.90880,1997.78676,1998.25024,100,20.0
2024.01.01 17:45,1997.27476,1997.55135,1996.05164,1996.27092,100,20.0
2024.01.01 18:00,1996.58348,1996.58736,1995.79800,1995.95927,100,20.0
2024.01.01 18:15,1995.41577,1996.35437,1995.26157,1996.15948,100,20.0
2024.01.01 18:30,1996.66860,1996.92676,1996.66160,1996.88973,100,20.0
2024.01.01 18:45,1997.29440,1997.72586,1996.38997,1996.53116,100,20.0
2024.01.01 19:00,1997.26860,1997.31271,1996.02152,1996.89250,100,20.0
2024.01.01 19:15,1995.90789,1995.96940,1995.49379,1995.52131,100,20.0
2024.01.01 19:30,1996.66501,1997.13258,1996.57727,1997.11678,100,20.0
2024.01.01 19:45,1996.35271,1997.20986,1996.35263,1996.69587,100,20.0
2024.01.01 20:00,1995.64047,1995.67009,1994.44285,1995.20275,100,20.0
2024.01.01 20:15,1994.97553,1995.50283,1994.51628,1995.48878,100,20.0
2024.01.01 20:30,1995.27719,1995.36387,1994.10905,1994.54755,100,20.0
2024.01.01 20:45,1994.22862,1995.28045,1994.19937,1994.53461,100,20.0
2024.01.01 21:00,1994.68338,1995.10186,1994.27103,1995.07411,100,20.0
2024.01.01 21:15,1995.28515,1995.70477,1994.92810,1995.65843,100,20.0
2024.01.01 21:30,1996.07038,1996.36794,1995.81182,1995.89555,100,20.0
2024.01.01 21:45,1994.51324,1994.60470,1994.49144,1994.57519,100,20.0
2024.01.01 22:00,1994.26597,1994.31861,1993.60568,1993.60615,100,20.0
2024.01.01 22:15,1993.67891,1993.72404,1993.43705,1993.59379,100,20.0
2024.01.01 22:30,1993.95255,1994.26694,1993.73035,1993.73324,100,20.0
2024.01.01 22:45,1992.30794,1992.65651,1992.11494,1992.22753,100,20.0
2024.01.01 23:00,1992.64251,1992.87036,1992.11726,1992.29001,100,20.0
2024.01.01 23:15,1992.12572,1992.72853,1991.90476,1992.41348,100,20.0
2024.01.01 23:30,1992.59304,1993.38201,1992.51134,1993.37129,100,20.0
2024.01.01 23:45,1992.94446,1993.50557,1991.52482,1992.15511,100,20.0
2024.01.02 00:00,1992.60006,1993.12802,1992.52738,1992.84597,100,20.0
2024.01.02 00:15,1992.36090,1993.55237,1991.63302,1993.54303,100,20.0
2024.01.02 00:30,1992.84925,1993.37176,1992.39725,1992.59073,100,20.0
2024.01.02 00:45,1993.20373,1993.41641,1993.16497,1993.23783,100,20.0
2024.01.02 01:00,1992.52246,1992.68047,1992.30230,1992.60211,100,20.0
2024.01.02 01:15,1992.20982,1992.63060,1991.25312,1991.81828,100,20.0
2024.01.02 01:30,1991.64040,1992.08946,1990.83372,1991.53830,100,20.0
2024.01.02 01:45,1991.28682,1992.20058,1990.03080,1990.88666,100,20.0
2024.01.02 02:00,1991.03287,1991.56597,1990.92360,1990.97153,100,20.0
2024.01.02 02:15,1990.42835,1990.87793,1990.14324,1990.28911,100,20.0
2024.01.02 02:30,1989.80749,1990.28978,1989.38123,1990.15140,100,20.0
2024.01.02 02:45,1990.87389,1992.37806,1990.52540,1991.59952,100,20.0
2024.01.02 03:00,1991.41070,1991.55823,1990.91774,1991.28216,100,20.0
2024.01.02 03:15,1991.20815,1991.41247,1990.66670,1991.29869,100,20.0
2024.01.02 03:30,1990.83891,1991.18810,1990.35605,1990.92256,100,20.0
2024.01.02 03:45,1991.59595,1991.62343,1991.36386,1991.49929,100,20.0
2024.01.02 04:00,1992.24174,1992.77324,1990.90601,1991.42355,100,20.0
2024.01.02 04:15,1991.43805,1992.18255,1990.92652,1991.58070,100,20.0
2024.01.02 04:30,1991.40973,1991.90085,1991.38061,1991.74094,100,20.0
2024.01.02 04:45,1991.39325,1991.48039,1990.47513,1990.84729,100,20.0
2024.01.02 05:00,1991.98787,1992.22495,1991.91770,1992.18435,100,20.0
2024.01.02 05:15,1991.97165,1992.57056,1991.48612,1992.01065,100,20.0
2024.01.02 05:30,1992.98633,1993.00104,1992.92489,1992.97984,100,20.0
2024.01.02 05:45,1992.65004,1993.24667,1992.04704,1993.23985,100,20.0
2024.01.02 06:00,1993.86154,1994.92923,1993.41595,1994.27802,100,20.0
2024.01.02 06:15,1993.89284,1994.06917,1993.56728,1993.69969,100,20.0
2024.01.02 06:30,1993.72664,1994.41830,1993.23360,1994.38788,100,20.0
2024.01.02 06:45,1994.20133,1994.80519,1994.13269,1994.39384,100,20.0
2024.01.02 07:00,1994.05136,1994.65962,1993.11600,1993.45183,100,20.0
2024.01.02 07:15,1994.25030,1994.28774,1993.39225,1993.83723,100,20.0
2024.01.02 07:30,1994.21727,1994.46525,1992.65318,1993.43155,100,20.0
2024.01.02 07:45,1994.75721,1995.45712,1994.75334,1995.14351,100,20.0
2024.01.02 08:00,1994.94397,1994.96432,1994.66012,1994.82903,100,20.0
2024.01.02 08:15,1995.12433,1995.22949,1994.28162,1994.53655,100,20.0
2024.01.02 08:30,1993.55015,1993.64260,1992.96350,1993.02973,100,20.0
2024.01.02 08:45,1993.11122,1993.39485,1993.00159,1993.31833,100,20.0
2024.01.02 09:00,1993.01689,1993.32732,1991.28509,1991.61940,100,20.0
2024.01.02 09:15,1991.88553,1991.89568,1990.72341,1991.11201,100,20.0
2024.01.02 09:30,1991.09213,1991.78639,1990.87117,1991.53557,100,20.0
2024.01.02 09:45,1990.66760,1990.96476,1990.48447,1990.58870,100,20.0
2024.01.02 10:00,1990.65224,1991.00988,1990.10121,1990.68657,100,20.0
2024.01.02 10:15,1991.57824,1991.70553,1991.20606,1991.47989,100,20.0
2024.01.02 10:30,1991.51993,1991.64486,1991.48478,1991.52504,100,20.0
2024.01.02 10:45,1992.07289,1992.83965,1991.50348,1992.63257,100,20.0
2024.01.02 11:00,1992.53916,1993.27844,1990.75621,1991.75542,100,20.0
2024.01.02 11:15,1992.47423,1992.75950,1992.20063,1992.44075,100,20.0
2024.01.02 11:30,1992.98060,1993.87998,1992.68591,1993.74688,100,20.0
2024.01.02 11:45,1994.11072,1994.81042,1993.98695,1994.55376,100,20.0
2024.01.02 12:00,1994.88330,1995.20671,1994.29910,1994.73916,100,20.0
2024.01.02 12:15,1995.96012,1996.11454,1995.78744,1996.07408,100,20.0
2024.01.02 12:30,1996.71975,1997.32774,1996.36157,1996.82797,100,20.0
2024.01.02 12:45,1995.90938,1996.88099,1995.84903,1996.63162,100,20.0
2024.01.02 13:00,1997.24248,1998.32893,1996.46212,1997.58516,100,20.0
2024.01.02 13:15,1997.78376,1998.47269,1997.59137,1998.22874,100,20.0
2024.01.02 13:30,1996.85597,1997.17328,1996.33829,1996.46789,100,20.0
2024.01.02 13:45,1996.52160,1996.62230,1995.68825,1996.09270,100,20.0
2024.01.02 14:00,1995.58826,1996.66797,1995.56908,1996.11221,100,20.0
2024.01.02 14:15,1996.50606,1996.87800,1995.71469,1996.28588,100,20.0
2024.01.02 14:30,1996.08561,1996.57740,1995.91471,1996.56761,100,20.0
2024.01.02 14:45,1995.61952,1996.03045,1995.60177,1995.77452,100,20.0
2024.01.02 15:00,1995.04229,1995.13380,1994.44917,1994.69721,100,20.0
2024.01.02 15:15,1994.08969,1994.61047,1993.92725,1994.37002,100,20.0
2024.01.02 15:30,1993.76092,1993.79135,1993.53279,1993.67296,100,20.0
2024.01.02 15:45,1993.57547,1993.91577,1993.20386,1993.34604,100,20.0
2024.01.02 16:00,1994.02561,1994.41461,1993.48410,1994.39836,100,20.0
2024.01.02 16:15,1993.28191,1993.95411,1992.98610,1993.84571,100,20.0
2024.01.02 16:30,1992.73520,1993.44901,1992.13200,1993.42548,100,20.0
2024.01.02 16:45,1993.06921,1993.37682,1992.88658,1993.36336,100,20.0
2024.01.02 17:00,1992.30313,1992.73466,1991.52085,1992.42247,100,20.0
2024.01.02 17:15,1990.81322,1990.94940,1990.49141,1990.62309,100,20.0
2024.01.02 17:30,1991.16336,1991.80919,1991.12592,1991.70857,100,20.0
2024.01.02 17:45,1991.34474,1991.69376,1990.61713,1991.05291,100,20.0
2024.01.02 18:00,1990.65564,1991.52643,1990.28695,1991.30262,100,20.0
2024.01.02 18:15,1991.88929,1992.16525,1990.86042,1991.63360,100,20.0
2024.01.02 18:30,1991.60370,1991.76637,1991.06266,1991.25100,100,20.0
2024.01.02 18:45,1990.92044,1991.47373,1990.54121,1990.76152,100,20.0
2024.01.02 19:00,1991.53007,1991.91801,1991.13800,1991.63651,100,20.0
2024.01.02 19:15,1991.37722,1992.01341,1991.21525,1991.94948,100,20.0
2024.01.02 19:30,1990.89101,1991.31826,1990.74232,1990.92601,100,20.0
2024.01.02 19:45,1991.04588,1991.38873,1990.12329,1990.18057,100,20.0
2024.01.02 20:00,1990.17819,1990.80577,1989.71840,1990.09564,100,20.0
2024.01.02 20:15,1990.01878,1990.15391,1989.06941,1989.59666,100,20.0
2024.01.02 20:30,1989.33563,1989.98306,1988.34894,1988.81225,100,20.0
2024.01.02 20:45,1989.80624,1990.82772,1989.33541,1990.70467,100,20.0
2024.01.02 21:00,1991.31078,1991.31978,1990.78870,1991.03185,100,20.0
2024.01.02 21:15,1990.87965,1991.75808,1990.32852,1990.79028,100,20.0
2024.01.02 21:30,1990.35710,1990.38380,1989.51880,1989.70588,100,20.0
2024.01.02 21:45,1990.28611,1990.86198,1989.48411,1990.64015,100,20.0
2024.01.02 22:00,1989.78608,1990.15259,1988.95051,1989.94533,100,20.0
2024.01.02 22:15,1989.84476,1990.21244,1989.77980,1990.18428,100,20.0
2024.01.02 22:30,1989.90990,1989.92059,1989.50608,1989.57492,100,20.0
2024.01.02 22:45,1989.93151,1989.94597,1988.83921,1989.12255,100,20.0
2024.01.02 23:00,1988.51312,1988.61013,1988.22252,1988.36204,100,20.0
2024.01.02 23:15,1987.65492,1988.13101,1986.61890,1986.77571,100,20.0
2024.01.02 23:30,1986.77152,1987.39854,1985.72275,1986.00065,100,20.0
2024.01.02 23:45,1985.78786,1986.12221,1985.44608,1985.76715,100,20.0
2024.01.03 00:00,1984.95571,1985.41280,1984.64470,1985.30514,100,20.0
2024.01.03 00:15,1985.18489,1985.86175,1984.87453,1985.58477,100,20.0
2024.01.03 00:30,1984.65946,1985.61235,1984.56397,1984.88420,100,20.0
2024.01.03 00:45,1984.76506,1984.88607,1984.23276,1984.40276,100,20.0
2024.01.03 01:00,1985.24693,1985.79929,1985.21634,1985.65579,100,20.0
2024.01.03 01:15,1984.70087,1985.81766,1984.65008,1985.33836,100,20.0
2024.01.03 01:30,1986.10437,1986.24507,1985.59579,1985.96473,100,20.0
2024.01.03 01:45,1985.76865,1985.83655,1985.18128,1985.30970,100,20.0
2024.01.03 02:00,1984.51824,1984.96609,1984.06208,1984.27460,100,20.0
2024.01.03 02:15,1984.44347,1984.72757,1983.51031,1984.07978,100,20.0
2024.01.03 02:30,1985.25461,1985.42785,1984.38205,1985.16287,100,20.0
2024.01.03 02:45,1986.34283,1987.13071,1986.17765,1986.50477,100,20.0
2024.01.03 03:00,1986.87427,1987.04293,1986.85722,1987.02010,100,20.0
2024.01.03 03:15,1987.90118,1988.28275,1986.80417,1987.04957,100,20.0
2024.01.03 03:30,1986.54388,1987.10671,1986.20914,1986.24287,100,20.0
2024.01.03 03:45,1985.35354,1985.68442,1984.76140,1984.91354,100,20.0
2024.01.03 04:00,1984.93261,1985.50319,1984.50674,1985.41076,100,20.0
2024.01.03 04:15,1984.85899,1985.44135,1984.31896,1984.93480,100,20.0
2024.01.03 04:30,1985.31238,1985.72022,1984.20793,1984.58037,100,20.0
2024.01.03 04:45,1985.68392,1985.98132,1985.36416,1985.38568,100,20.0
2024.01.03 05:00,1984.90246,1985.69717,1984.16282,1985.55352,100,20.0
2024.01.03 05:15,1985.26064,1985.78064,1984.91509,1985.09537,100,20.0
2024.01.03 05:30,1985.24639,1985.32105,1984.78748,1984.85147,100,20.0
2024.01.03 05:45,1985.16966,1985.51719,1984.55200,1984.66379,100,20.0
2024.01.03 06:00,1986.32078,1986.54148,1985.65947,1986.29993,100,20.0
2024.01.03 06:15,1986.22425,1986.59507,1986.03541,1986.45647,100,20.0
2024.01.03 06:30,1986.95911,1987.13663,1986.53050,1986.77630,100,20.0
2024.01.03 06:45,1987.69076,1988.31010,1987.59752,1988.07824,100,20.0
2024.01.03 07:00,1988.99813,1989.01067,1988.82407,1988.99338,100,20.0
2024.01.03 07:15,1988.90599,1989.63362,1987.58231,1988.17449,100,20.0
2024.01.03 07:30,1988.74449,1989.25351,1988.58712,1988.73909,100,20.0
2024.01.03 07:45,1988.76127,1988.93523,1987.83891,1988.02551,100,20.0
2024.01.03 08:00,1987.92818,1989.06959,1987.82988,1988.52310,100,20.0
2024.01.03 08:15,1988.55765,1989.10794,1988.16349,1988.56895,100,20.0
2024.01.03 08:30,1988.50285,1989.27948,1987.44392,1988.03457,100,20.0
2024.01.03 08:45,1989.08631,1989.66921,1988.31312,1989.30561,100,20.0
2024.01.03 09:00,1990.16010,1990.79313,1989.50175,1989.82370,100,20.0
2024.01.03 09:15,1990.86348,1990.92547,1990.50798,1990.69912,100,20.0
2024.01.03 09:30,1990.60181,1991.46101,1990.41163,1991.20005,100,20.0
2024.01.03 09:45,1991.70255,1992.63744,1991.59434,1992.19136,100,20.0
2024.01.03 10:00,1992.44438,1992.51754,1991.21753,1992.11414,100,20.0
2024.01.03 10:15,1992.70515,1993.25092,1992.22510,1992.98819,100,20.0
2024.01.03 10:30,1993.52481,1994.55913,1993.00408,1994.53680,100,20.0
2024.01.03 10:45,1994.72776,1994.83139,1994.59025,1994.64726,100,20.0
2024.01.03 11:00,1995.12382,1995.51005,1994.53521,1994.54077,100,20.0
2024.01.03 11:15,1994.52845,1995.53866,1994.48158,1995.19843,100,20.0
2024.01.03 11:30,1994.61252,1994.81192,1994.25565,1994.43680,100,20.0
2024.01.03 11:45,1994.51029,1994.65277,1993.71049,1994.08000,100,20.0
2024.01.03 12:00,1993.18251,1993.92118,1992.72750,1993.75463,100,20.0
2024.01.03 12:15,1993.95653,1994.99120,1993.86813,1994.67426,100,20.0
2024.01.03 12:30,1993.84500,1994.49633,1992.72483,1993.44937,100,20.0
2024.01.03 12:45,1993.25996,1993.71645,1992.15523,1992.49347,100,20.0
2024.01.03 13:00,1993.67117,1994.07916,1992.76910,1993.60808,100,20.0
2024.01.03 13:15,1993.50366,1993.72737,1992.51109,1992.90255,100,20.0
2024.01.03 13:30,1992.67630,1993.04150,1991.70791,1992.02160,100,20.0
2024.01.03 13:45,1992.36365,1992.64659,1992.05803,1992.21796,100,20.0
2024.01.03 14:00,1992.58669,1992.85699,1991.60100,1991.80393,100,20.0
2024.01.03 14:15,1992.48535,1992.48643,1991.18495,1991.69972,100,20.0
2024.01.03 14:30,1992.43181,1992.68664,1992.29081,1992.44141,100,20.0
2024.01.03 14:45,1992.17801,1992.65156,1991.60209,1992.32138,100,20.0
2024.01.03 15:00,1991.66623,1992.49842,1991.39761,1992.31012,100,20.0
2024.01.03 15:15,1993.50066,1993.50286,1992.38738,1992.86349,100,20.0
2024.01.03 15:30,1992.92245,1992.93769,1991.94530,1992.40074,100,20.0
2024.01.03 15:45,1992.09587,1992.12468,1991.79462,1991.85358,100,20.0
2024.01.03 16:00,1991.08917,1992.06351,1990.68539,1992.03288,100,20.0
2024.01.03 16:15,1992.75310,1992.80115,1992.38656,1992.40958,100,20.0
2024.01.03 16:30,1992.40572,1992.77116,1992.34691,1992.53110,100,20.0
2024.01.03 16:45,1992.58106,1994.19013,1992.51731,1993.81413,100,20.0
2024.01.03 17:00,1993.91418,1994.43327,1993.74475,1994.41069,100,20.0
2024.01.03 17:15,1993.67566,1994.29457,1993.56258,1993.83744,100,20.0
2024.01.03 17:30,1994.19587,1994.88763,1993.98283,1994.80766,100,20.0
2024.01.03 17:45,1994.38412,1994.80494,1994.20731,1994.74760,100,20.0
2024.01.03 18:00,1994.98173,1995.05268,1994.03238,1994.04689,100,20.0
2024.01.03 18:15,1993.60074,1994.16866,1993.08033,1993.39957,100,20.0
2024.01.03 18:30,1994.36442,1994.60013,1993.81976,1994.12298,100,20.0
2024.01.03 18:45,1994.72207,1995.24303,1994.69012,1994.92040,100,20.0
2024.01.03 19:00,1994.43938,1994.66187,1994.26364,1994.33336,100,20.0
2024.01.03 19:15,1994.32516,1994.38307,1993.47472,1993.81128,100,20.0
2024.01.03 19:30,1993.90207,1994.08341,1993.63641,1993.97444,100,20.0
2024.01.03 19:45,1993.36449,1993.83260,1992.87711,1993.73176,100,20.0
2024.01.03 20:00,1993.19562,1993.50362,1993.04211,1993.05345,100,20.0
2024.01.03 20:15,1994.10929,1994.51782,1994.05983,1994.10997,100,20.0
2024.01.03 20:30,1993.28781,1993.40482,1993.14308,1993.26869,100,20.0
2024.01.03 20:45,1993.36082,1993.63108,1992.40156,1992.85262,100,20.0
2024.01.03 21:00,1992.94821,1993.45537,1992.73358,1993.40413,100,20.0
2024.01.03 21:15,1993.58469,1993.69865,1993.02447,1993.38605,100,20.0
2024.01.03 21:30,1993.38062,1994.15381,1992.91548,1993.91087,100,20.0
2024.01.03 21:45,1994.37713,1994.80007,1993.18283,1994.04138,100,20.0
2024.01.03 22:00,1993.02742,1993.16110,1992.89720,1993.15210,100,20.0
2024.01.03 22:15,1992.92879,1992.96253,1992.88380,1992.92105,100,20.0
2024.01.03 22:30,1993.12934,1993.42013,1992.85834,1993.24176,100,20.0
2024.01.03 22:45,1992.89176,1993.26471,1991.62736,1992.18793,100,20.0
2024.01.03 23:00,1992.05667,1993.23669,1991.89035,1992.50949,100,20.0
2024.01.03 23:15,1992.85398,1993.00903,1991.56964,1991.60240,100,20.0
2024.01.03 23:30,1991.63445,1992.61039,1991.62745,1992.17751,100,20.0
2024.01.03 23:45,1991.77985,1992.49341,1991.60812,1992.24432,100,20.0
2024.01.04 00:00,1991.51242,1991.64987,1991.09162,1991.41097,100,20.0
2024.01.04 00:15,1991.21958,1991.44590,1991.14808,1991.23275,100,20.0
2024.01.04 00:30,1990.90684,1991.54016,1990.42173,1991.14842,100,20.0
2024.01.04 00:45,1991.54717,1991.78384,1991.10492,1991.61127,100,20.0
2024.01.04 01:00,1992.08099,1992.30982,1991.88264,1991.91814,100,20.0
2024.01.04 01:15,1992.13627,1993.07525,1991.76499,1992.49709,100,20.0
2024.01.04 01:30,1991.35364,1992.28389,1990.82647,1991.45584,100,20.0
2024.01.04 01:45,1991.89588,1992.07313,1991.31925,1991.75263,100,20.0
2024.01.04 02:00,1990.41292,1990.51649,1989.12333,1989.53289,100,20.0
2024.01.04 02:15,1989.71953,1990.64793,1989.61728,1990.63467,100,20.0
2024.01.04 02:30,1990.75774,1991.65052,1990.61734,1991.06680,100,20.0
2024.01.04 02:45,1992.00768,1992.89511,1991.83432,1992.70187,100,20.0
2024.01.04 03:00,1991.81898,1992.17942,1991.43700,1991.96014,100,20.0
2024.01.04 03:15,1991.83540,1992.09950,1991.80828,1991.98267,100,20.0
2024.01.04 03:30,1991.28464,1991.49019,1991.06091,1991.08279,100,20.0
2024.01.04 03:45,1991.31931,1991.64101,1990.80478,1990.94975,100,20.0
2024.01.04 04:00,1991.47640,1992.39113,1991.17022,1992.14173,100,20.0
2024.01.04 04:15,1991.38031,1991.85946,1991.09346,1991.73887,100,20.0
2024.01.04 04:30,1990.56771,1991.37188,1989.93723,1991.36851,100,20.0
2024.01.04 04:45,1990.58206,1990.82048,1990.22138,1990.24550,100,20.0
2024.01.04 05:00,1991.08423,1991.75145,1990.79838,1991.44017,100,20.0
2024.01.04 05:15,1991.25761,1991.58868,1990.53851,1990.97906,100,20.0
2024.01.04 05:30,1992.44207,1993.13959,1991.93594,1992.97913,100,20.0
2024.01.04 05:45,1993.96057,1994.80761,1993.51737,1994.59285,100,20.0
2024.01.04 06:00,1994.91116,1995.82729,1994.72240,1995.44781,100,20.0
2024.01.04 06:15,1994.49882,1994.55004,1994.34193,1994.34823,100,20.0
2024.01.04 06:30,1994.63950,1995.27488,1994.60354,1994.85681,100,20.0
2024.01.04 06:45,1995.36369,1995.44575,1994.69803,1995.05811,100,20.0
2024.01.04 07:00,1995.01967,1995.31906,1994.80250,1995.05588,100,20.0
2024.01.04 07:15,1995.91121,1995.94152,1994.97980,1995.25693,100,20.0
2024.01.04 07:30,1995.66852,1996.09359,1995.56632,1996.08477,100,20.0
2024.01.04 07:45,1995.47386,1995.73286,1995.24192,1995.31806,100,20.0
2024.01.04 08:00,1994.30403,1994.44206,1993.61190,1993.63436,100,20.0
2024.01.04 08:15,1993.27904,1993.56672,1993.16775,1993.46931,100,20.0
2024.01.04 08:30,1993.64838,1994.43320,1993.58064,1994.16329,100,20.0
2024.01.04 08:45,1994.28470,1995.18874,1994.00848,1994.62534,100,20.0
2024.01.04 09:00,1995.05966,1995.41527,1994.38387,1995.22991,100,20.0
2024.01.04 09:15,1995.79382,1996.80463,1995.47719,1996.36939,100,20.0
2024.01.04 09:30,1995.80798,1996.13031,1995.64808,1995.98985,100,20.0
2024.01.04 09:45,1995.48165,1996.75662,1995.26618,1996.51654,100,20.0
2024.01.04 10:00,1997.34198,1997.41159,1996.06947,1996.62140,100,20.0
2024.01.04 10:15,1996.73220,1998.13499,1996.40545,1997.85518,100,20.0
2024.01.04 10:30,1997.83548,1998.07881,1997.36416,1997.57665,100,20.0
2024.01.04 10:45,1998.02263,1998.40747,1997.74487,1998.18529,100,20.0
2024.01.04 11:00,1998.18550,1998.86740,1997.88684,1998.68534,100,20.0
2024.01.04 11:15,1998.46475,1999.05179,1997.72538,1998.72582,100,20.0
2024.01.04 11:30,1999.21207,1999.88221,1998.93962,1999.50444,100,20.0
2024.01.04 11:45,1999.63567,2000.03429,1999.09996,1999.26754,100,20.0
2024.01.04 12:00,1998.63034,1999.12091,1998.05572,1998.54255,100,20.0
2024.01.04 12:15,1998.01593,1998.36840,1997.77442,1998.30646,100,20.0
2024.01.04 12:30,1998.91745,1999.86398,1998.81828,1999.79075,100,20.0
2024.01.04 12:45,1999.79038,2000.11455,1998.94986,1999.06541,100,20.0
2024.01.04 13:00,1999.05157,2000.03612,1998.77893,1999.61645,100,20.0
2024.01.04 13:15,1999.35244,1999.55377,1998.19463,1998.35685,100,20.0
2024.01.04 13:30,1999.50766,1999.51898,1998.47771,1998.83806,100,20.0
2024.01.04 13:45,1999.06051,1999.20798,1998.41486,1998.80265,100,20.0
2024.01.04 14:00,1998.18434,1998.86950,1996.80969,1997.53720,100,20.0
2024.01.04 14:15,1997.82199,1998.66676,1997.52709,1997.62983,100,20.0
2024.01.04 14:30,1996.72537,1996.82932,1996.40139,1996.50533,100,20.0
2024.01.04 14:45,1995.62467,1995.66058,1995.24947,1995.46470,100,20.0
2024.01.04 15:00,1995.73133,1995.79545,1995.16895,1995.34193,100,20.0
2024.01.04 15:15,1995.32902,1995.92604,1994.96174,1995.44960,100,20.0
2024.01.04 15:30,1995.19463,1995.38542,1994.40679,1994.89562,100,20.0
2024.01.04 15:45,1994.75993,1995.92973,1994.70620,1995.12486,100,20.0
2024.01.04 16:00,1995.34003,1995.88118,1994.75766,1995.41641,100,20.0
2024.01.04 16:15,1995.58065,1996.10966,1995.30074,1995.96419,100,20.0
2024.01.04 16:30,1995.97053,1997.07997,1995.84732,1996.78394,100,20.0
2024.01.04 16:45,1996.80596,1997.31325,1996.04857,1996.21272,100,20.0
2024.01.04 17:00,1996.80390,1997.59135,1996.42872,1996.75715,100,20.0
2024.01.04 17:15,1998.05768,1998.06451,1997.17869,1997.36687,100,20.0
2024.01.04 17:30,1998.19808,1998.42133,1998.01815,1998.34620,100,20.0
2024.01.04 17:45,1997.59882,1997.84339,1997.20163,1997.36714,100,20.0
2024.01.04 18:00,1996.58257,1996.89063,1996.52147,1996.59959,100,20.0
2024.01.04 18:15,1998.00373,1998.66840,1997.83525,1998.60855,100,20.0
2024.01.04 18:30,1997.82385,1998.50046,1997.60644,1997.76191,100,20.0
2024.01.04 18:45,1997.48646,1997.55347,1996.50785,1996.73006,100,20.0
2024.01.04 19:00,1997.07147,1997.69981,1996.87872,1997.61536,100,20.0
2024.01.04 19:15,1997.44273,1998.63234,1997.21795,1997.95369,100,20.0
2024.01.04 19:30,1996.34712,1996.56433,1995.75007,1996.10605,100,20.0
2024.01.04 19:45,1995.13353,1996.10565,1994.88231,1995.65268,100,20.0
2024.01.04 20:00,1995.57160,1996.89672,1995.10113,1996.27042,100,20.0
2024.01.04 20:15,1997.18504,1997.42544,1996.00698,1996.38986,100,20.0
2024.01.04 20:30,1996.18198,1996.46944,1995.40837,1996.15617,100,20.0
2024.01.04 20:45,1996.38146,1996.68023,1996.18857,1996.47758,100,20.0
2024.01.04 21:00,1996.03194,1996.12874,1995.59818,1995.65376,100,20.0
2024.01.04 21:15,1995.08897,1995.26000,1994.27326,1994.31110,100,20.0
2024.01.04 21:30,1995.02278,1995.70169,1994.82770,1995.15906,100,20.0
2024.01.04 21:45,1994.73444,1995.40853,1994.52165,1995.35337,100,20.0
2024.01.04 22:00,1996.33637,1996.37899,1995.28306,1996.06291,100,20.0
2024.01.04 22:15,1995.37450,1995.90022,1994.69003,1994.98904,100,20.0
2024.01.04 22:30,1994.92493,1995.82550,1994.51957,1995.36098,100,20.0
2024.01.04 22:45,1996.58434,1997.05845,1996.09280,1996.49823,100,20.0
2024.01.04 23:00,1996.92796,1997.83619,1996.57775,1997.70634,100,20.0
2024.01.04 23:15,1997.06938,1997.66316,1996.61472,1997.08068,100,20.0
2024.01.04 23:30,1996.83187,1997.24988,1996.45355,1996.65586,100,20.0
2024.01.04 23:45,1997.25917,1997.52637,1996.70254,1997.14253,100,20.0
2024.01.05 00:00,1997.33203,1997.38477,1997.02834,1997.33480,100,20.0
2024.01.05 00:15,1996.87635,1996.91647,1996.24369,1996.75633,100,20.0
2024.01.05 00:30,1997.59554,1997.81033,1997.36913,1997.53073,100,20.0
2024.01.05 00:45,1998.37164,1999.65195,1998.29947,1999.18038,100,20.0
2024.01.05 01:00,1999.08130,1999.21349,1998.41187,1998.76541,100,20.0
2024.01.05 01:15,1997.78949,1998.31252,1997.77586,1997.84889,100,20.0
2024.01.05 01:30,1998.33309,1998.69738,1998.31833,1998.58411,100,20.0
2024.01.05 01:45,2000.13041,2001.15423,2000.11623,2000.74020,100,20.0
2024.01.05 02:00,2000.09880,2000.76395,1999.89780,1999.98876,100,20.0
2024.01.05 02:15,1999.64057,1999.80987,1999.59434,1999.77354,100,20.0
2024.01.05 02:30,1999.65643,2000.19478,1999.07984,1999.30730,100,20.0
2024.01.05 02:45,1999.33933,2000.66722,1999.27173,2000.25739,100,20.0
2024.01.05 03:00,1999.27797,1999.38005,1998.83162,1999.20607,100,20.0
2024.01.05 03:15,1999.17809,1999.45435,1999.17541,1999.33560,100,20.0
2024.01.05 03:30,1998.78325,1998.99328,1998.57527,1998.93931,100,20.0
2024.01.05 03:45,1998.39649,1998.83822,1998.31945,1998.69542,100,20.0
2024.01.05 04:00,1999.27194,2000.04969,1998.79330,1999.60075,100,20.0
2024.01.05 04:15,2000.18831,2000.42540,1999.08516,1999.76653,100,20.0
2024.01.05 04:30,2000.67649,2001.66131,1999.91254,2001.11757,100,20.0
2024.01.05 04:45,2001.10802,2001.81017,2001.09968,2001.23044,100,20.0
2024.01.05 05:00,2002.15840,2002.32812,2001.59688,2002.32775,100,20.0
2024.01.05 05:15,2002.67576,2003.02710,2002.66014,2002.83264,100,20.0
2024.01.05 05:30,2001.77990,2002.87569,2001.57736,2002.23504,100,20.0
2024.01.05 05:45,2002.55134,2002.60564,2002.10676,2002.28317,100,20.0
2024.01.05 06:00,2003.35740,2003.37742,2002.79605,2003.24347,100,20.0
2024.01.05 06:15,2002.42748,2003.78253,2002.29112,2003.29617,100,20.0
2024.01.05 06:30,2002.76509,2003.24420,2002.30470,2002.59108,100,20.0
2024.01.05 06:45,2002.44337,2003.36964,2002.38549,2003.21720,100,20.0
2024.01.05 07:00,2002.62974,2003.72798,2002.45009,2003.64814,100,20.0
2024.01.05 07:15,2004.19190,2004.88379,2003.87024,2004.59974,100,20.0
2024.01.05 07:30,2004.84106,2005.41161,2004.82508,2005.38606,100,20.0
2024.01.05 07:45,2005.86642,2006.50616,2004.64927,2005.22622,100,20.0
2024.01.05 08:00,2006.13195,2006.36587,2004.86795,2005.32048,100,20.0
2024.01.05 08:15,2005.19714,2005.87372,2004.76684,2005.49795,100,20.0
2024.01.05 08:30,2005.46240,2005.64097,2005.38327,2005.51075,100,20.0
2024.01.05 08:45,2004.53723,2004.54011,2003.36772,2003.68531,100,20.0
2024.01.05 09:00,2002.76597,2002.90808,2002.38627,2002.55124,100,20.0
2024.01.05 09:15,2002.69092,2002.74098,2002.04480,2002.16239,100,20.0
2024.01.05 09:30,2002.22195,2002.74265,2001.52747,2001.83335,100,20.0
2024.01.05 09:45,2002.44154,2003.22732,2002.15422,2003.18751,100,20.0
2024.01.05 10:00,2002.96334,2003.05064,2002.11153,2002.63476,100,20.0
2024.01.05 10:15,2001.77939,2001.81364,2001.30250,2001.40832,100,20.0
2024.01.05 10:30,2000.66904,2000.91214,1999.79156,1999.89002,100,20.0
2024.01.05 10:45,1999.62138,2000.76425,1999.45628,2000.48644,100,20.0
2024.01.05 11:00,2000.64894,2001.22328,2000.18994,2001.16364,100,20.0
2024.01.05 11:15,2001.12593,2001.82786,2000.46142,2000.61036,100,20.0
2024.01.05 11:30,2000.10572,2000.43628,1999.46548,1999.79460,100,20.0
2024.01.05 11:45,2000.94035,2002.05590,2000.51021,2001.73825,100,20.0
2024.01.05 12:00,2000.68766,2001.76896,2000.54568,2001.04114,100,20.0
2024.01.05 12:15,2001.45152,2001.85378,2000.85798,2001.73938,100,20.0
2024.01.05 12:30,2001.22608,2001.26825,2000.17525,2000.54329,100,20.0
2024.01.05 12:45,2000.27768,2000.69343,1999.32738,1999.57606,100,20.0
2024.01.05 13:00,1998.54984,1999.03814,1998.06988,1998.39795,100,20.0
2024.01.05 13:15,1998.46500,1999.27374,1998.12517,1999.05144,100,20.0
2024.01.05 13:30,1998.56282,1998.95621,1998.38979,1998.79874,100,20.0
2024.01.05 13:45,1998.78397,1999.22468,1998.23612,1998.63898,100,20.0
2024.01.05 14:00,1998.40711,1999.29888,1997.49837,1998.27920,100,20.0
2024.01.05 14:15,1997.43730,1997.54670,1995.92045,1996.38561,100,20.0
2024.01.05 14:30,1995.23146,1995.79381,1995.20234,1995.73474,100,20.0
2024.01.05 14:45,1995.18604,1995.24228,1994.68893,1994.92985,100,20.0
2024.01.05 15:00,1995.38572,1995.81046,1995.12469,1995.74522,100,20.0
2024.01.05 15:15,1996.08412,1996.26916,1994.95352,1995.57528,100,20.0
2024.01.05 15:30,1995.34563,1996.31615,1994.92872,1995.76548,100,20.0
2024.01.05 15:45,1994.97491,1995.29545,1994.42465,1994.62763,100,20.0
2024.01.05 16:00,1994.87753,1994.93873,1994.38826,1994.39393,100,20.0
2024.01.05 16:15,1993.67464,1994.42718,1993.01869,1993.66812,100,20.0
2024.01.05 16:30,1993.92532,1994.46170,1993.07920,1993.23646,100,20.0
2024.01.05 16:45,1995.04050,1995.19972,1993.23184,1993.99633,100,20.0
2024.01.05 17:00,1995.04157,1995.13402,1994.36697,1994.69759,100,20.0
2024.01.05 17:15,1995.16179,1995.44561,1994.53296,1994.99760,100,20.0
2024.01.05 17:30,1994.55405,1995.21807,1993.54539,1993.86246,100,20.0
2024.01.05 17:45,1993.09282,1993.84971,1992.77203,1993.06439,100,20.0
2024.01.05 18:00,1992.00422,1992.46254,1991.37524,1991.78798,100,20.0
2024.01.05 18:15,1991.52394,1992.43742,1991.42920,1991.60015,100,20.0
2024.01.05 18:30,1991.36572,1991.42975,1990.49302,1990.74837,100,20.0
2024.01.05 18:45,1990.95149,1991.84064,1990.43370,1991.57179,100,20.0
2024.01.05 19:00,1991.68378,1992.31470,1991.58909,1992.16991,100,20.0
2024.01.05 19:15,1991.87762,1992.07304,1991.79669,1992.05679,100,20.0
2024.01.05 19:30,1991.68263,1992.30367,1991.16882,1991.79820,100,20.0
2024.01.05 19:45,1992.21127,1992.77438,1991.60763,1992.65277,100,20.0
2024.01.05 20:00,1992.48258,1992.83370,1992.36403,1992.81653,100,20.0
2024.01.05 20:15,1993.00781,1994.00887,1992.96138,1993.51621,100,20.0
2024.01.05 20:30,1993.41235,1994.16995,1992.51727,1992.61248,100,20.0
2024.01.05 20:45,1993.57521,1993.83771,1993.15768,1993.21749,100,20.0
2024.01.05 21:00,1993.31184,1993.72173,1993.22210,1993.38116,100,20.0
2024.01.05 21:15,1993.21367,1993.30855,1992.31993,1993.24886,100,20.0
2024.01.05 21:30,1993.59734,1993.82374,1993.54230,1993.67957,100,20.0
2024.01.05 21:45,1994.36576,1994.39224,1993.17560,1993.93243,100,20.0
2024.01.05 22:00,1993.83855,1994.28995,1993.40590,1993.43673,100,20.0
2024.01.05 22:15,1993.16773,1993.81195,1992.84701,1993.76378,100,20.0
2024.01.05 22:30,1994.27351,1994.34770,1993.69984,1993.97972,100,20.0
2024.01.05 22:45,1993.49431,1994.32308,1992.79116,1993.71075,100,20.0
2024.01.05 23:00,1994.18476,1994.64297,1994.14887,1994.29382,100,20.0
2024.01.05 23:15,1994.54646,1995.72274,1994.17696,1995.04108,100,20.0
2024.01.05 23:30,1994.33643,1994.39094,1993.74995,1993.80341,100,20.0
2024.01.05 23:45,1993.57763,1994.66848,1993.49640,1994.34509,100,20.0
2024.01.06 00:00,1995.02646,1996.05701,1995.00079,1995.19576,100,20.0
2024.01.06 00:15,1994.94904,1995.94010,1994.75125,1995.81401,100,20.0
2024.01.06 00:30,1996.02068,1996.44402,1995.71616,1996.18404,100,20.0
2024.01.06 00:45,1996.87003,1997.45464,1996.68997,1996.89371,100,20.0
2024.01.06 01:00,1996.07397,1996.20474,1995.43867,1995.55362,100,20.0
2024.01.06 01:15,1994.96309,1995.20812,1994.06954,1994.46518,100,20.0
2024.01.06 01:30,1993.78113,1994.66679,1993.08689,1994.16407,100,20.0
2024.01.06 01:45,1993.46376,1994.30213,1993.09643,1994.00739,100,20.0
2024.01.06 02:00,1993.48492,1993.66763,1993.36096,1993.43108,100,20.0
2024.01.06 02:15,1993.80681,1993.94208,1993.30791,1993.83822,100,20.0
2024.01.06 02:30,1993.62476,1993.73956,1991.97239,1992.63247,100,20.0
2024.01.06 02:45,1992.72683,1993.79858,1992.51004,1993.63462,100,20.0
2024.01.06 03:00,1992.73495,1993.84971,1992.59657,1993.39433,100,20.0
2024.01.06 03:15,1993.13293,1993.22622,1992.19612,1992.83103,100,20.0
2024.01.06 03:30,1993.20914,1993.53730,1992.20354,1992.67472,100,20.0
2024.01.06 03:45,1992.07456,1992.07523,1991.87915,1991.90448,100,20.0
2024.01.06 04:00,1990.86256,1991.36483,1990.79474,1991.04111,100,20.0
2024.01.06 04:15,1990.57871,1990.81822,1990.13333,1990.39816,100,20.0
2024.01.06 04:30,1990.63021,1990.75337,1990.36574,1990.72326,100,20.0
2024.01.06 04:45,1991.32765,1991.67158,1990.85548,1991.12802,100,20.0
2024.01.06 05:00,1991.11704,1991.40427,1990.83816,1991.02373,100,20.0
2024.01.06 05:15,1990.70155,1990.93938,1989.36319,1990.21554,100,20.0
2024.01.06 05:30,1991.02564,1991.33241,1990.70588,1990.80492,100,20.0
2024.01.06 05:45,1989.54067,1989.66617,1989.20513,1989.65695,100,20.0
2024.01.06 06:00,1988.54842,1988.86884,1987.66689,1987.79824,100,20.0
2024.01.06 06:15,1987.42870,1988.15473,1987.11776,1987.49336,100,20.0
2024.01.06 06:30,1987.53718,1987.89331,1987.39174,1987.82245,100,20.0
2024.01.06 06:45,1988.66057,1988.66181,1988.20167,1988.43477,100,20.0
2024.01.06 07:00,1988.93423,1988.96322,1988.58771,1988.59078,100,20.0
2024.01.06 07:15,1987.56693,1987.79454,1987.24736,1987.65265,100,20.0
2024.01.06 07:30,1987.30012,1987.49331,1986.60713,1987.34274,100,20.0
2024.01.06 07:45,1986.25194,1986.46557,1986.07767,1986.28054,100,20.0
2024.01.06 08:00,1986.48499,1987.41744,1986.38763,1987.13834,100,20.0
2024.01.06 08:15,1986.49001,1986.64382,1985.95918,1986.22079,100,20.0
2024.01.06 08:30,1987.03301,1987.15595,1986.58924,1987.01263,100,20.0
2024.01.06 08:45,1986.30763,1987.28941,1985.68003,1986.54152,100,20.0
2024.01.06 09:00,1986.99290,1987.19308,1986.58056,1987.14256,100,20.0
2024.01.06 09:15,1986.68447,1987.77600,1986.24698,1987.71479,100,20.0
2024.01.06 09:30,1987.01244,1987.09974,1986.49156,1986.72511,100,20.0
2024.01.06 09:45,1986.09667,1986.24362,1985.29347,1985.75141,100,20.0
2024.01.06 10:00,1985.76587,1987.12826,1985.58208,1986.94583,100,20.0
2024.01.06 10:15,1986.34425,1987.15469,1986.26256,1986.71410,100,20.0
2024.01.06 10:30,1987.34666,1989.03140,1986.90557,1988.61442,100,20.0
2024.01.06 10:45,1987.85103,1988.86778,1987.49004,1987.80123,100,20.0
2024.01.06 11:00,1988.71229,1988.77291,1988.30031,1988.30100,100,20.0
2024.01.06 11:15,1988.83877,1988.91277,1988.14062,1988.76183,100,20.0
2024.01.06 11:30,1989.05274,1989.25162,1988.47908,1988.53644,100,20.0
2024.01.06 11:45,1987.99472,1988.49049,1987.92195,1988.17621,100,20.0
2024.01.06 12:00,1987.61346,1988.21645,1986.69373,1987.31905,100,20.0
2024.01.06 12:15,1986.92220,1987.46532,1986.05134,1986.77796,100,20.0
2024.01.06 12:30,1988.31103,1988.86675,1987.91688,1988.57369,100,20.0
2024.01.06 12:45,1988.77384,1988.87904,1988.49013,1988.84217,100,20.0
2024.01.06 13:00,1988.79020,1988.79224,1988.16189,1988.28319,100,20.0
2024.01.06 13:15,1988.33219,1988.63081,1988.18707,1988.39220,100,20.0
2024.01.06 13:30,1987.97183,1988.76893,1987.70292,1988.27091,100,20.0
2024.01.06 13:45,1988.38382,1989.25286,1988.03131,1988.71543,100,20.0
2024.01.06 14:00,1987.48394,1987.97646,1986.91008,1987.10285,100,20.0
2024.01.06 14:15,1986.80084,1987.29812,1986.35122,1986.84665,100,20.0
2024.01.06 14:30,1986.85302,1987.08065,1986.83871,1986.87666,100,20.0
2024.01.06 14:45,1986.80988,1987.29237,1986.19860,1986.49938,100,20.0
2024.01.06 15:00,1986.02078,1986.50724,1984.69994,1985.39185,100,20.0
2024.01.06 15:15,1986.37788,1987.38882,1986.13827,1987.03251,100,20.0
2024.01.06 15:30,1986.55905,1986.65001,1986.45918,1986.62459,100,20.0
2024.01.06 15:45,1986.98721,1988.08238,1986.64309,1987.92609,100,20.0
2024.01.06 16:00,1988.18082,1988.51513,1988.17689,1988.48614,100,20.0
2024.01.06 16:15,1988.42949,1989.66690,1988.15548,1988.63586,100,20.0
2024.01.06 16:30,1987.59679,1987.87106,1986.79488,1987.18487,100,20.0
2024.01.06 16:45,1987.69586,1987.90484,1987.23633,1987.82352,100,20.0
2024.01.06 17:00,1987.99155,1988.69988,1987.34501,1987.51479,100,20.0
2024.01.06 17:15,1987.19796,1987.63766,1987.12571,1987.29049,100,20.0
2024.01.06 17:30,1986.24079,1986.26677,1985.81310,1986.00039,100,20.0
2024.01.06 17:45,1987.11842,1987.66789,1986.62008,1986.81451,100,20.0
2024.01.06 18:00,1987.77856,1989.21886,1987.70861,1988.74339,100,20.0
2024.01.06 18:15,1988.23478,1988.94024,1987.83693,1988.59078,100,20.0
2024.01.06 18:30,1988.05703,1989.78456,1987.70962,1989.47064,100,20.0
2024.01.06 18:45,1988.71311,1989.01233,1988.00004,1988.94794,100,20.0
2024.01.06 19:00,1989.69762,1990.11943,1989.49462,1989.62949,100,20.0
2024.01.06 19:15,1989.80389,1989.95930,1989.45447,1989.53490,100,20.0
2024.01.06 19:30,1989.17518,1989.39509,1988.63781,1989.24377,100,20.0
2024.01.06 19:45,1988.97948,1989.41709,1988.22951,1988.54444,100,20.0
2024.01.06 20:00,1988.39426,1988.74634,1987.99575,1988.49741,100,20.0
2024.01.06 20:15,1988.48282,1989.15021,1988.25893,1988.84588,100,20.0
2024.01.06 20:30,1989.08237,1989.44511,1988.94255,1989.16152,100,20.0
2024.01.06 20:45,1988.97904,1989.09809,1988.53473,1988.59444,100,20.0
2024.01.06 21:00,1988.75201,1988.89448,1988.33105,1988.56323,100,20.0
2024.01.06 21:15,1989.40514,1989.77155,1989.37270,1989.55127,100,20.0
2024.01.06 21:30,1990.14866,1990.44558,1988.66642,1988.82100,100,20.0
2024.01.06 21:45,1986.94709,1987.64873,1986.44284,1986.73774,100,20.0
2024.01.06 22:00,1987.34693,1987.51901,1986.27494,1986.50081,100,20.0
2024.01.06 22:15,1985.86027,1986.82829,1985.75985,1986.69244,100,20.0
2024.01.06 22:30,1986.93053,1987.20729,1985.45364,1986.22523,100,20.0
2024.01.06 22:45,1985.95467,1986.54803,1985.35732,1985.79304,100,20.0
2024.01.06 23:00,1986.72627,1988.19290,1986.33912,1987.93519,100,20.0
2024.01.06 23:15,1988.02396,1988.31971,1987.74600,1987.92922,100,20.0
2024.01.06 23:30,1987.92053,1988.77598,1987.78384,1988.29298,100,20.0
2024.01.06 23:45,1988.40509,1988.88561,1988.24011,1988.61232,100,20.0
2024.01.07 00:00,1988.39302,1988.94606,1988.10586,1988.13645,100,20.0
2024.01.07 00:15,1988.17695,1988.81952,1988.00726,1988.80183,100,20.0
2024.01.07 00:30,1987.93918,1988.34521,1987.25722,1987.42540,100,20.0
2024.01.07 00:45,1988.27135,1989.00920,1988.22825,1988.70948,100,20.0
2024.01.07 01:00,1988.19554,1988.60170,1987.78249,1988.48030,100,20.0
2024.01.07 01:15,1988.64624,1988.90026,1988.24906,1988.26921,100,20.0
2024.01.07 01:30,1988.57974,1988.74002,1987.93347,1988.16431,100,20.0
2024.01.07 01:45,1988.57126,1988.60481,1988.50745,1988.58945,100,20.0
2024.01.07 02:00,1988.04033,1988.35655,1988.00521,1988.16233,100,20.0
2024.01.07 02:15,1987.92110,1988.13700,1986.70663,1987.09752,100,20.0
2024.01.07 02:30,1987.20539,1987.47424,1986.77380,1986.83365,100,20.0
2024.01.07 02:45,1985.89352,1986.01545,1985.42906,1985.53878,100,20.0
2024.01.07 03:00,1985.32276,1985.61641,1985.03198,1985.45788,100,20.0
2024.01.07 03:15,1985.57907,1985.86377,1984.97935,1985.83831,100,20.0
2024.01.07 03:30,1986.15966,1986.83308,1985.98832,1986.17000,100,20.0
2024.01.07 03:45,1986.31350,1986.56989,1986.22964,1986.55517,100,20.0
2024.01.07 04:00,1987.21221,1987.72236,1987.19939,1987.41903,100,20.0
2024.01.07 04:15,1987.71144,1988.39818,1987.60934,1988.06458,100,20.0
2024.01.07 04:30,1988.14675,1989.04459,1987.65205,1988.69676,100,20.0
2024.01.07 04:45,1988.05217,1988.06978,1987.52493,1987.78541,100,20.0
2024.01.07 05:00,1987.43166,1987.64549,1987.08154,1987.34007,100,20.0
2024.01.07 05:15,1986.97537,1987.27996,1985.57933,1985.90490,100,20.0
2024.01.07 05:30,1985.40357,1985.98850,1985.19146,1985.56804,100,20.0
2024.01.07 05:45,1986.13881,1986.82876,1986.03139,1986.73013,100,20.0
2024.01.07 06:00,1987.28478,1987.45251,1986.87143,1987.08892,100,20.0
2024.01.07 06:15,1987.35689,1987.50443,1986.54074,1986.71734,100,20.0
2024.01.07 06:30,1986.39381,1986.98931,1985.96384,1986.19654,100,20.0
2024.01.07 06:45,1986.78559,1986.94684,1985.22323,1986.26148,100,20.0
2024.01.07 07:00,1986.94287,1987.55594,1985.97825,1986.55415,100,20.0
2024.01.07 07:15,1987.00582,1987.28026,1986.30566,1986.43741,100,20.0
2024.01.07 07:30,1986.70857,1987.00842,1986.64326,1986.94682,100,20.0
2024.01.07 07:45,1987.80912,1988.11203,1987.13211,1987.63823,100,20.0
2024.01.07 08:00,1988.13613,1989.22498,1987.65643,1988.95583,100,20.0
2024.01.07 08:15,1989.55846,1989.86748,1989.54352,1989.56555,100,20.0
2024.01.07 08:30,1990.06037,1990.87009,1989.86286,1990.25498,100,20.0
2024.01.07 08:45,1989.60892,1990.34353,1988.94481,1989.03687,100,20.0
2024.01.07 09:00,1988.79014,1989.27025,1988.45255,1989.22600,100,20.0
2024.01.07 09:15,1988.42302,1989.01376,1988.30469,1988.80525,100,20.0
2024.01.07 09:30,1988.19602,1989.06881,1987.73518,1988.56696,100,20.0
2024.01.07 09:45,1988.17690,1988.41948,1987.41038,1987.53891,100,20.0
2024.01.07 10:00,1988.39481,1988.61003,1988.25809,1988.44358,100,20.0
2024.01.07 10:15,1989.26481,1989.60918,1989.18812,1989.19210,100,20.0
2024.01.07 10:30,1989.31086,1990.21609,1988.95214,1989.73605,100,20.0
2024.01.07 10:45,1990.52572,1991.30801,1990.40456,1991.27331,100,20.0
2024.01.07 11:00,1990.93900,1991.09288,1990.15328,1990.75259,100,20.0
2024.01.07 11:15,1990.40836,1991.31350,1989.64290,1990.80060,100,20.0
2024.01.07 11:30,1991.46505,1991.49778,1991.04577,1991.05265,100,20.0
2024.01.07 11:45,1991.47158,1991.49499,1991.25653,1991.32991,100,20.0
2024.01.07 12:00,1991.51051,1992.03942,1991.39108,1991.41980,100,20.0
2024.01.07 12:15,1990.95704,1991.26176,1990.67129,1991.07067,100,20.0
2024.01.07 12:30,1991.32831,1991.64099,1990.31114,1990.80985,100,20.0
2024.01.07 12:45,1991.26749,1991.94621,1990.94842,1991.49516,100,20.0
2024.01.07 13:00,1992.07383,1992.84499,1991.55221,1992.59925,100,20.0
2024.01.07 13:15,1993.50421,1993.63606,1993.43254,1993.51476,100,20.0
2024.01.07 13:30,1992.62843,1993.00393,1992.03950,1992.92760,100,20.0
2024.01.07 13:45,1992.25250,1992.89758,1991.81575,1992.20542,100,20.0
2024.01.07 14:00,1992.69091,1993.06172,1992.09885,1992.59945,100,20.0
2024.01.07 14:15,1993.29186,1993.34541,1992.28046,1992.46377,100,20.0
2024.01.07 14:30,1992.84292,1993.25244,1992.79802,1993.02259,100,20.0
2024.01.07 14:45,1994.05551,1994.24978,1993.40830,1993.84213,100,20.0
2024.01.07 15:00,1993.76941,1993.94800,1992.61664,1992.75841,100,20.0
2024.01.07 15:15,1991.48837,1991.68663,1991.20904,1991.57719,100,20.0
2024.01.07 15:30,1991.57487,1992.24567,1991.42594,1991.78594,100,20.0
2024.01.07 15:45,1992.05889,1992.33219,1991.21864,1991.75636,100,20.0
2024.01.07 16:00,1992.57583,1993.09509,1992.34806,1992.72542,100,20.0
2024.01.07 16:15,1992.87558,1993.63115,1992.31985,1993.12524,100,20.0
2024.01.07 16:30,1992.58228,1993.45483,1992.03100,1993.07960,100,20.0
2024.01.07 16:45,1992.46115,1993.81319,1992.36413,1993.32007,100,20.0
2024.01.07 17:00,1992.98481,1993.29717,1991.08928,1991.76181,100,20.0
2024.01.07 17:15,1991.99260,1992.77663,1991.87666,1992.71556,100,20.0
2024.01.07 17:30,1992.37126,1992.76423,1991.68712,1992.54060,100,20.0
2024.01.07 17:45,1993.18348,1993.42276,1991.84969,1992.56466,100,20.0
2024.01.07 18:00,1991.84951,1991.86393,1990.83625,1991.05102,100,20.0
2024.01.07 18:15,1992.51579,1992.82097,1991.92595,1992.08249,100,20.0
2024.01.07 18:30,1992.32692,1993.03565,1992.13663,1992.37099,100,20.0
2024.01.07 18:45,1992.98526,1993.03097,1991.97398,1992.66439,100,20.0
2024.01.07 19:00,1991.82414,1992.51309,1991.75003,1991.88013,100,20.0
2024.01.07 19:15,1991.92063,1992.00752,1991.38856,1991.61615,100,20.0
2024.01.07 19:30,1992.04383,1992.11437,1991.60247,1991.79205,100,20.0
2024.01.07 19:45,1992.29826,1992.90906,1991.86298,1992.11633,100,20.0
2024.01.07 20:00,1991.68304,1992.34942,1991.49724,1991.90679,100,20.0
2024.01.07 20:15,1992.36089,1992.74046,1991.82156,1991.94548,100,20.0
2024.01.07 20:30,1991.20587,1991.54979,1990.16425,1990.90748,100,20.0
2024.01.07 20:45,1990.86769,1991.14641,1989.95368,1990.36282,100,20.0
2024.01.07 21:00,1990.71386,1991.71998,1990.04790,1991.49576,100,20.0
2024.01.07 21:15,1991.44119,1992.14604,1990.60728,1990.64924,100,20.0
2024.01.07 21:30,1991.81137,1992.85223,1991.59346,1992.30133,100,20.0
2024.01.07 21:45,1990.92340,1991.36028,1990.22509,1990.64045,100,20.0
2024.01.07 22:00,1990.87605,1990.89057,1990.57887,1990.62708,100,20.0
2024.01.07 22:15,1990.58119,1991.09549,1990.22031,1990.99754,100,20.0
2024.01.07 22:30,1991.38279,1991.77686,1991.09801,1991.12506,100,20.0
2024.01.07 22:45,1990.72173,1991.40989,1990.36946,1991.27214,100,20.0
2024.01.07 23:00,1990.92702,1991.72134,1990.54173,1990.54478,100,20.0
2024.01.07 23:15,1990.13943,1990.74172,1989.41514,1989.75715,100,20.0
2024.01.07 23:30,1989.46946,1989.83088,1989.02520,1989.26773,100,20.0
2024.01.07 23:45,1989.19094,1989.65484,1988.65076,1988.78052,100,20.0
2024.01.08 00:00,1989.51777,1989.64719,1988.44952,1988.93681,100,20.0
2024.01.08 00:15,1989.39229,1989.53032,1988.93588,1989.09362,100,20.0
2024.01.08 00:30,1989.20640,1989.89442,1988.83666,1988.92001,100,20.0
2024.01.08 00:45,1988.94509,1989.47794,1988.12722,1988.36214,100,20.0
2024.01.08 01:00,1988.78606,1989.14656,1988.47845,1989.01875,100,20.0
2024.01.08 01:15,1988.60124,1989.32610,1988.39987,1988.42673,100,20.0
2024.01.08 01:30,1987.56394,1987.72214,1986.85849,1987.19144,100,20.0
2024.01.08 01:45,1986.53173,1987.54181,1986.44619,1987.19123,100,20.0
2024.01.08 02:00,1987.39963,1987.68065,1987.07207,1987.51224,100,20.0
2024.01.08 02:15,1988.20005,1988.31717,1987.65487,1987.77614,100,20.0
2024.01.08 02:30,1987.51876,1988.43955,1987.09509,1987.98288,100,20.0
2024.01.08 02:45,1989.04883,1989.38488,1988.84375,1989.01172,100,20.0
2024.01.08 03:00,1987.96984,1988.42563,1987.22231,1987.37242,100,20.0
2024.01.08 03:15,1986.65414,1987.99788,1986.51201,1987.69147,100,20.0
2024.01.08 03:30,1987.24675,1987.54989,1986.43819,1986.79521,100,20.0
2024.01.08 03:45,1986.13930,1987.07547,1985.83820,1986.61536,100,20.0
2024.01.08 04:00,1986.31010,1986.61720,1986.15033,1986.38428,100,20.0
2024.01.08 04:15,1986.19191,1986.90498,1985.77046,1986.89978,100,20.0
2024.01.08 04:30,1987.62055,1987.77929,1987.29265,1987.73926,100,20.0
2024.01.08 04:45,1987.38018,1988.07562,1987.21699,1987.42796,100,20.0
2024.01.08 05:00,1987.30502,1987.52277,1986.77678,1987.47606,100,20.0
2024.01.08 05:15,1987.36959,1987.53749,1987.04813,1987.30801,100,20.0
2024.01.08 05:30,1987.64657,1987.66855,1987.12601,1987.30546,100,20.0
2024.01.08 05:45,1987.98629,1988.22926,1987.70634,1987.88601,100,20.0
2024.01.08 06:00,1987.94275,1988.46988,1987.49549,1988.22940,100,20.0
2024.01.08 06:15,1988.21113,1988.39983,1987.96417,1988.23234,100,20.0
2024.01.08 06:30,1988.90461,1989.69089,1988.06256,1988.06917,100,20.0
2024.01.08 06:45,1987.91497,1988.21944,1987.37170,1987.97629,100,20.0
2024.01.08 07:00,1987.13591,1987.78978,1986.80420,1987.57025,100,20.0
2024.01.08 07:15,1988.19812,1988.94781,1987.86454,1988.93628,100,20.0
2024.01.08 07:30,1989.52595,1989.83218,1988.63238,1988.95745,100,20.0
2024.01.08 07:45,1988.96938,1989.72209,1988.77256,1989.59757,100,20.0
2024.01.08 08:00,1991.26219,1991.31805,1991.19535,1991.29278,100,20.0
2024.01.08 08:15,1991.41330,1992.11748,1991.26549,1991.79397,100,20.0
2024.01.08 08:30,1991.14920,1991.49603,1990.60762,1991.16865,100,20.0
2024.01.08 08:45,1991.20907,1991.79422,1991.15543,1991.79237,100,20.0
2024.01.08 09:00,1992.36209,1993.56761,1991.91452,1992.97170,100,20.0
2024.01.08 09:15,1992.92316,1993.01944,1992.31616,1992.50623,100,20.0
2024.01.08 09:30,1992.81768,1993.26478,1992.45307,1993.13804,100,20.0
2024.01.08 09:45,1993.24843,1993.51314,1992.83487,1993.44749,100,20.0
2024.01.08 10:00,1993.21215,1993.29884,1992.99183,1993.17157,100,20.0
2024.01.08 10:15,1993.26547,1994.44148,1992.98068,1994.07700,100,20.0
2024.01.08 10:30,1993.94253,1994.05950,1993.16289,1993.50971,100,20.0
2024.01.08 10:45,1993.89793,1994.62599,1993.55344,1994.32206,100,20.0
2024.01.08 11:00,1993.89087,1994.05198,1992.48976,1993.01383,100,20.0
2024.01.08 11:15,1993.06994,1993.54739,1992.39771,1992.80138,100,20.0
2024.01.08 11:30,1993.43754,1993.89164,1993.18370,1993.44873,100,20.0
2024.01.08 11:45,1992.68441,1992.86973,1991.81752,1992.60996,100,20.0
2024.01.08 12:00,1992.56861,1993.99694,1992.30007,1993.72504,100,20.0
2024.01.08 12:15,1993.75151,1993.83057,1992.76306,1992.83053,100,20.0
2024.01.08 12:30,1993.40166,1993.80999,1993.29645,1993.53715,100,20.0
2024.01.08 12:45,1992.39898,1992.67907,1991.52978,1992.30231,100,20.0
2024.01.08 13:00,1992.44815,1993.09576,1992.40229,1992.51130,100,20.0
2024.01.08 13:15,1992.29166,1992.33541,1991.36006,1991.46501,100,20.0
2024.01.08 13:30,1990.88391,1991.11267,1990.47980,1991.07412,100,20.0
2024.01.08 13:45,1991.34039,1991.67286,1991.17024,1991.34228,100,20.0
2024.01.08 14:00,1990.81484,1991.12438,1989.88888,1990.31741,100,20.0
2024.01.08 14:15,1990.37719,1990.43132,1990.01219,1990.14213,100,20.0
2024.01.08 14:30,1989.88045,1990.03812,1989.69097,1989.94250,100,20.0
2024.01.08 14:45,1989.56602,1989.61952,1989.17885,1989.33191,100,20.0
2024.01.08 15:00,1988.77461,1988.95081,1987.43852,1987.87466,100,20.0
2024.01.08 15:15,1988.54140,1988.54502,1987.99288,1988.18633,100,20.0
2024.01.08 15:30,1987.64922,1988.09661,1987.00382,1987.24590,100,20.0
2024.01.08 15:45,1986.56105,1986.84649,1986.13921,1986.40885,100,20.0
2024.01.08 16:00,1986.84148,1988.06435,1986.79887,1987.74214,100,20.0
2024.01.08 16:15,1987.39585,1987.71468,1987.04374,1987.54588,100,20.0
2024.01.08 16:30,1988.71549,1989.17007,1987.78897,1988.23293,100,20.0
2024.01.08 16:45,1987.41160,1987.81044,1987.00978,1987.03597,100,20.0
2024.01.08 17:00,1986.86768,1987.28082,1986.74256,1987.26733,100,20.0
2024.01.08 17:15,1987.02691,1988.08208,1986.94589,1987.71495,100,20.0
2024.01.08 17:30,1986.75784,1987.09981,1986.38213,1986.41564,100,20.0
2024.01.08 17:45,1986.88925,1987.01041,1985.97749,1986.19377,100,20.0
2024.01.08 18:00,1986.75162,1986.82629,1985.46517,1985.67581,100,20.0
2024.01.08 18:15,1986.17861,1986.63436,1984.98222,1985.43443,100,20.0
2024.01.08 18:30,1984.66607,1985.15992,1984.36528,1985.04115,100,20.0
2024.01.08 18:45,1985.20184,1985.33910,1984.96634,1985.13038,100,20.0
2024.01.08 19:00,1985.70124,1985.84569,1985.27358,1985.62162,100,20.0
2024.01.08 19:15,1985.54282,1985.69888,1984.26726,1984.56277,100,20.0
2024.01.08 19:30,1983.45299,1983.63098,1982.74343,1983.33131,100,20.0
2024.01.08 19:45,1983.45415,1983.73424,1982.99320,1982.99483,100,20.0
2024.01.08 20:00,1983.40075,1983.67076,1983.08716,1983.47105,100,20.0
2024.01.08 20:15,1982.62618,1983.15732,1982.51561,1982.53046,100,20.0
2024.01.08 20:30,1982.34256,1982.60737,1981.94341,1982.50477,100,20.0
2024.01.08 20:45,1982.36444,1982.74914,1982.07808,1982.52442,100,20.0
2024.01.08 21:00,1982.16774,1982.27888,1981.77057,1982.17937,100,20.0
2024.01.08 21:15,1982.74873,1983.81291,1982.58354,1983.12267,100,20.0
2024.01.08 21:30,1983.33532,1983.47188,1982.75659,1983.45134,100,20.0
2024.01.08 21:45,1983.14907,1983.93172,1982.29630,1982.56882,100,20.0
2024.01.08 22:00,1983.42755,1983.54152,1982.63829,1983.33092,100,20.0
2024.01.08 22:15,1983.90948,1984.08835,1983.14601,1984.07190,100,20.0
2024.01.08 22:30,1984.69822,1986.09295,1984.63153,1985.17836,100,20.0
2024.01.08 22:45,1984.73000,1985.22084,1984.47485,1984.90753,100,20.0
2024.01.08 23:00,1984.64687,1984.67916,1983.54051,1984.33262,100,20.0
2024.01.08 23:15,1984.79167,1985.22380,1983.98301,1984.38308,100,20.0
2024.01.08 23:30,1984.77114,1984.85753,1984.08222,1984.45379,100,20.0
2024.01.08 23:45,1983.76841,1984.03844,1982.81181,1983.12654,100,20.0
2024.01.09 00:00,1983.84262,1984.58526,1983.36339,1984.25041,100,20.0
2024.01.09 00:15,1984.14821,1984.16200,1983.27143,1983.39337,100,20.0
2024.01.09 00:30,1983.61984,1984.09584,1983.11790,1983.45403,100,20.0
2024.01.09 00:45,1982.76799,1983.93203,1982.19739,1982.25630,100,20.0
2024.01.09 01:00,1982.77594,1983.35156,1982.30425,1983.14889,100,20.0
2024.01.09 01:15,1983.15991,1983.45283,1982.60181,1982.80539,100,20.0
2024.01.09 01:30,1982.70398,1983.14955,1982.61104,1982.86489,100,20.0
2024.01.09 01:45,1983.17386,1983.22855,1982.55688,1982.94061,100,20.0
2024.01.09 02:00,1982.26513,1982.58481,1982.21088,1982.48975,100,20.0
2024.01.09 02:15,1982.53467,1982.92959,1981.81984,1982.32633,100,20.0
2024.01.09 02:30,1982.06043,1983.23681,1981.67616,1982.95509,100,20.0
2024.01.09 02:45,1983.23438,1983.61471,1982.67102,1983.10854,100,20.0
2024.01.09 03:00,1983.53024,1984.06062,1982.31916,1982.37892,100,20.0
2024.01.09 03:15,1982.73854,1982.91751,1980.91039,1981.71334,100,20.0
2024.01.09 03:30,1982.10563,1982.46475,1981.10034,1981.71868,100,20.0
2024.01.09 03:45,1982.19718,1983.03234,1982.07507,1982.78714,100,20.0
2024.01.09 04:00,1984.27520,1984.43042,1983.38471,1983.85995,100,20.0
2024.01.09 04:15,1984.02632,1984.04975,1983.49860,1983.98596,100,20.0
2024.01.09 04:30,1983.14593,1983.39082,1982.90763,1983.17520,100,20.0
2024.01.09 04:45,1983.33057,1983.68509,1982.51216,1983.56990,100,20.0
2024.01.09 05:00,1982.73198,1983.35875,1982.70442,1983.28818,100,20.0
2024.01.09 05:15,1982.13217,1983.74550,1982.08488,1983.39391,100,20.0
2024.01.09 05:30,1983.65290,1983.69056,1983.08030,1983.48142,100,20.0
2024.01.09 05:45,1983.59254,1984.21431,1982.97342,1983.95963,100,20.0
2024.01.09 06:00,1983.69991,1984.43209,1982.00418,1982.53935,100,20.0
2024.01.09 06:15,1983.02017,1983.05801,1982.25883,1982.35418,100,20.0
2024.01.09 06:30,1983.05848,1983.75511,1982.68532,1983.64505,100,20.0
2024.01.09 06:45,1983.40137,1983.80881,1982.48445,1982.64824,100,20.0
2024.01.09 07:00,1982.30038,1982.60478,1982.00867,1982.23603,100,20.0
2024.01.09 07:15,1983.21705,1983.39285,1981.69844,1982.14067,100,20.0
2024.01.09 07:30,1982.80291,1982.91259,1982.33677,1982.54099,100,20.0
2024.01.09 07:45,1982.60362,1983.22270,1981.91991,1982.00974,100,20.0
2024.01.09 08:00,1982.73519,1983.60970,1982.71057,1983.30495,100,20.0
2024.01.09 08:15,1983.70358,1983.82188,1982.46822,1983.35424,100,20.0
2024.01.09 08:30,1982.46950,1983.00827,1982.44861,1982.78023,100,20.0
2024.01.09 08:45,1982.54131,1982.58371,1982.04381,1982.50566,100,20.0
2024.01.09 09:00,1981.94102,1983.34828,1981.93690,1983.05863,100,20.0
2024.01.09 09:15,1984.54251,1985.17233,1983.98408,1984.78705,100,20.0
2024.01.09 09:30,1983.71864,1984.08203,1983.27629,1983.30984,100,20.0
2024.01.09 09:45,1983.64389,1984.23216,1983.22408,1984.00555,100,20.0
2024.01.09 10:00,1982.90294,1983.14971,1982.77929,1982.92906,100,20.0
2024.01.09 10:15,1982.98757,1983.90772,1982.82419,1983.65554,100,20.0
2024.01.09 10:30,1983.99291,1984.08712,1983.06473,1983.36028,100,20.0
2024.01.09 10:45,1982.84416,1983.29318,1982.72298,1982.84237,100,20.0
2024.01.09 11:00,1983.10385,1983.62955,1982.31696,1983.18169,100,20.0
2024.01.09 11:15,1982.63964,1983.02633,1982.37445,1982.93566,100,20.0
2024.01.09 11:30,1982.94154,1984.37590,1982.94031,1983.77479,100,20.0
2024.01.09 11:45,1983.67310,1984.77629,1983.48305,1984.12157,100,20.0
2024.01.09 12:00,1984.59051,1984.92556,1984.46640,1984.83042,100,20.0
2024.01.09 12:15,1984.53489,1984.71366,1984.26855,1984.48835,100,20.0
2024.01.09 12:30,1984.05548,1985.53880,1984.02313,1985.38220,100,20.0
2024.01.09 12:45,1985.60229,1985.63959,1984.67932,1984.74519,100,20.0
2024.01.09 13:00,1983.62883,1984.27827,1983.57711,1983.89594,100,20.0
2024.01.09 13:15,1983.67874,1983.81118,1983.23016,1983.40832,100,20.0
2024.01.09 13:30,1982.84332,1983.21971,1981.57626,1981.94555,100,20.0
2024.01.09 13:45,1982.50565,1982.72346,1982.00839,1982.60363,100,20.0
2024.01.09 14:00,1982.55157,1982.67733,1982.25484,1982.30796,100,20.0
2024.01.09 14:15,1982.39073,1982.67357,1981.65234,1981.96064,100,20.0
2024.01.09 14:30,1981.77946,1981.86548,1981.24235,1981.56300,100,20.0
2024.01.09 14:45,1981.77206,1982.25511,1981.44072,1982.12379,100,20.0
2024.01.09 15:00,1982.65415,1982.90306,1982.21827,1982.27660,100,20.0
2024.01.09 15:15,1982.96509,1983.04487,1981.49632,1982.02569,100,20.0
2024.01.09 15:30,1982.42639,1983.02468,1981.65170,1981.81807,100,20.0
2024.01.09 15:45,1981.98897,1982.31617,1981.38390,1981.45447,100,20.0
2024.01.09 16:00,1980.96413,1981.76981,1980.41299,1981.28706,100,20.0
2024.01.09 16:15,1980.58114,1981.13983,1979.98844,1980.27584,100,20.0
2024.01.09 16:30,1979.75121,1980.14233,1979.41081,1979.59438,100,20.0
2024.01.09 16:45,1978.85699,1980.01288,1978.65496,1979.98022,100,20.0
2024.01.09 17:00,1981.13009,1982.09370,1980.99077,1982.02256,100,20.0
2024.01.09 17:15,1981.99254,1983.35398,1981.92801,1982.93977,100,20.0
2024.01.09 17:30,1983.31106,1984.25918,1983.16601,1984.23115,100,20.0
2024.01.09 17:45,1983.71301,1984.15935,1983.40999,1983.41036,100,20.0
2024.01.09 18:00,1984.41674,1984.52597,1983.76126,1984.10309,100,20.0
2024.01.09 18:15,1983.65249,1983.96164,1982.88109,1983.18306,100,20.0
2024.01.09 18:30,1983.47024,1983.67119,1983.04771,1983.20324,100,20.0
2024.01.09 18:45,1983.93553,1984.30861,1983.39319,1984.14494,100,20.0
2024.01.09 19:00,1984.00539,1984.30461,1982.14923,1983.00093,100,20.0
2024.01.09 19:15,1980.94020,1981.64567,1980.30048,1980.30586,100,20.0
2024.01.09 19:30,1979.86254,1980.08137,1979.24659,1979.30100,100,20.0
2024.01.09 19:45,1978.95612,1979.37062,1978.57999,1978.92492,100,20.0
2024.01.09 20:00,1978.80564,1979.11221,1978.16794,1978.30106,100,20.0
2024.01.09 20:15,1977.92558,1978.13501,1977.23657,1977.72711,100,20.0
2024.01.09 20:30,1978.10852,1978.23040,1977.65585,1977.85823,100,20.0
2024.01.09 20:45,1978.62886,1978.74244,1977.46845,1977.86755,100,20.0
2024.01.09 21:00,1977.28363,1977.33517,1976.92509,1977.07894,100,20.0
2024.01.09 21:15,1977.66334,1977.70228,1976.77637,1977.30596,100,20.0
2024.01.09 21:30,1977.92353,1978.48246,1977.37562,1977.64007,100,20.0
2024.01.09 21:45,1977.12046,1977.82665,1976.57277,1976.74946,100,20.0
2024.01.09 22:00,1976.89664,1977.84163,1976.74019,1977.61343,100,20.0
2024.01.09 22:15,1977.90487,1978.68062,1977.50277,1978.45191,100,20.0
2024.01.09 22:30,1978.43593,1979.48676,1978.40182,1978.58297,100,20.0
2024.01.09 22:45,1978.18027,1978.97198,1977.94719,1978.35057,100,20.0
2024.01.09 23:00,1978.89599,1979.28034,1978.42510,1978.53845,100,20.0
2024.01.09 23:15,1978.61971,1978.62233,1978.18622,1978.22348,100,20.0
2024.01.09 23:30,1978.07214,1978.61782,1977.52223,1978.57470,100,20.0
2024.01.09 23:45,1978.77535,1979.55991,1978.71457,1979.37700,100,20.0
2024.01.10 00:00,1980.16254,1980.45910,1979.31276,1979.99799,100,20.0
2024.01.10 00:15,1980.23770,1981.22935,1980.09061,1980.64520,100,20.0
2024.01.10 00:30,1979.92835,1980.35729,1979.16406,1980.12103,100,20.0
2024.01.10 00:45,1979.25902,1979.34001,1978.88686,1979.19039,100,20.0
2024.01.10 01:00,1979.96575,1980.13368,1978.31609,1979.02226,100,20.0
2024.01.10 01:15,1978.95958,1979.45496,1978.89911,1979.39622,100,20.0
2024.01.10 01:30,1979.63297,1980.13395,1979.35191,1979.97465,100,20.0
2024.01.10 01:45,1980.66531,1980.70345,1980.24626,1980.62012,100,20.0
2024.01.10 02:00,1979.67637,1979.90511,1979.18204,1979.28826,100,20.0
2024.01.10 02:15,1979.73836,1979.87858,1979.36778,1979.59819,100,20.0
2024.01.10 02:30,1979.30941,1979.40093,1978.66238,1978.76273,100,20.0
2024.01.10 02:45,1978.01917,1978.79235,1977.43946,1978.68474,100,20.0
2024.01.10 03:00,1979.19682,1979.89296,1979.04235,1979.41085,100,20.0
2024.01.10 03:15,1978.79645,1979.06340,1977.94658,1978.09722,100,20.0
2024.01.10 03:30,1978.19154,1978.29903,1977.89874,1978.27335,100,20.0
2024.01.10 03:45,1979.71059,1979.94424,1978.24038,1978.38235,100,20.0
2024.01.10 04:00,1978.48780,1980.17632,1978.16645,1979.14156,100,20.0
2024.01.10 04:15,1978.05343,1978.63960,1978.02064,1978.24979,100,20.0
2024.01.10 04:30,1978.64801,1980.38520,1978.58116,1979.24189,100,20.0
2024.01.10 04:45,1979.98523,1980.13386,1978.89490,1979.18877,100,20.0
2024.01.10 05:00,1978.24124,1978.88991,1978.19522,1978.86633,100,20.0
2024.01.10 05:15,1978.29474,1978.72600,1978.22312,1978.32817,100,20.0
2024.01.10 05:30,1978.14307,1978.32265,1977.95222,1978.30154,100,20.0
2024.01.10 05:45,1977.69890,1978.01408,1977.45361,1977.96071,100,20.0
2024.01.10 06:00,1978.63170,1979.78524,1978.58312,1979.32249,100,20.0
2024.01.10 06:15,1979.11299,1979.24749,1978.76307,1978.85872,100,20.0
2024.01.10 06:30,1978.88131,1979.12155,1978.29989,1978.58620,100,20.0
2024.01.10 06:45,1978.26673,1978.63219,1978.08902,1978.34670,100,20.0
2024.01.10 07:00,1979.06481,1980.97546,1978.88640,1980.23035,100,20.0
2024.01.10 07:15,1980.10516,1980.14762,1979.37623,1979.68207,100,20.0
2024.01.10 07:30,1979.17784,1979.78952,1978.41451,1978.71560,100,20.0
2024.01.10 07:45,1978.64014,1979.30757,1978.61867,1979.01866,100,20.0
2024.01.10 08:00,1978.04880,1978.11870,1977.66109,1978.07569,100,20.0
2024.01.10 08:15,1977.89010,1979.25604,1977.63867,1979.16365,100,20.0
2024.01.10 08:30,1979.17278,1979.75209,1978.14830,1978.82507,100,20.0
2024.01.10 08:45,1978.89693,1979.26135,1978.21979,1978.77149,100,20.0
2024.01.10 09:00,1979.43011,1979.98029,1978.49952,1978.98850,100,20.0
2024.01.10 09:15,1979.83195,1980.16405,1979.23524,1979.48428,100,20.0
2024.01.10 09:30,1979.64579,1980.00877,1979.59235,1979.72458,100,20.0
2024.01.10 09:45,1980.79009,1981.35105,1980.53728,1981.15235,100,20.0
2024.01.10 10:00,1981.36022,1982.25263,1980.99722,1982.11760,100,20.0
2024.01.10 10:15,1982.72646,1982.81968,1981.79581,1982.38377,100,20.0
2024.01.10 10:30,1981.46798,1981.61351,1981.18365,1981.46792,100,20.0
2024.01.10 10:45,1981.05535,1981.13867,1980.79300,1980.83799,100,20.0
2024.01.10 11:00,1980.14610,1980.17828,1979.46435,1979.81218,100,20.0
2024.01.10 11:15,1980.26028,1980.39144,1979.73192,1980.01013,100,20.0
2024.01.10 11:30,1980.04292,1980.54187,1979.55113,1980.41814,100,20.0
2024.01.10 11:45,1979.76535,1980.39391,1979.11211,1979.29475,100,20.0
2024.01.10 12:00,1980.05523,1980.37135,1979.48407,1980.02961,100,20.0
2024.01.10 12:15,1981.33928,1981.44281,1981.24232,1981.37940,100,20.0
2024.01.10 12:30,1981.32441,1981.81054,1979.90315,1980.06537,100,20.0
2024.01.10 12:45,1979.68928,1979.81207,1979.08513,1979.33121,100,20.0
2024.01.10 13:00,1978.96374,1979.23255,1978.93995,1979.19842,100,20.0
2024.01.10 13:15,1977.97669,1978.58195,1977.32403,1977.67365,100,20.0
2024.01.10 13:30,1978.31960,1978.53131,1978.31902,1978.44824,100,20.0
2024.01.10 13:45,1978.37374,1978.55909,1978.37174,1978.52246,100,20.0
2024.01.10 14:00,1978.15727,1978.42319,1978.13991,1978.42138,100,20.0
2024.01.10 14:15,1978.12453,1978.16020,1977.31252,1977.93373,100,20.0
2024.01.10 14:30,1978.46110,1978.47655,1977.57296,1977.63885,100,20.0
2024.01.10 14:45,1976.95803,1977.27074,1976.50120,1977.23421,100,20.0
2024.01.10 15:00,1976.91933,1977.94829,1976.84856,1977.60196,100,20.0
2024.01.10 15:15,1977.20307,1977.41297,1976.94340,1977.29223,100,20.0
2024.01.10 15:30,1976.05659,1976.94592,1975.89645,1976.32098,100,20.0
2024.01.10 15:45,1976.62227,1976.90104,1975.86985,1976.35074,100,20.0
2024.01.10 16:00,1976.25789,1976.26279,1975.86110,1975.99435,100,20.0
2024.01.10 16:15,1975.70907,1977.89054,1975.55945,1977.40705,100,20.0
2024.01.10 16:30,1977.46125,1977.64944,1976.39808,1976.55023,100,20.0
2024.01.10 16:45,1976.37186,1976.73318,1976.17045,1976.27714,100,20.0
2024.01.10 17:00,1975.93430,1976.28395,1974.96144,1975.37792,100,20.0
2024.01.10 17:15,1975.92135,1976.11343,1975.30927,1975.61930,100,20.0
2024.01.10 17:30,1975.81032,1976.01744,1975.09156,1975.11668,100,20.0
2024.01.10 17:45,1974.70743,1975.13318,1974.36755,1974.99318,100,20.0
2024.01.10 18:00,1975.83935,1976.01231,1975.17311,1975.44993,100,20.0
2024.01.10 18:15,1975.42378,1977.14234,1974.96692,1976.13860,100,20.0
2024.01.10 18:30,1976.92017,1977.63540,1976.75574,1977.57427,100,20.0
2024.01.10 18:45,1977.48438,1977.82244,1976.36639,1976.77545,100,20.0
2024.01.10 19:00,1976.07074,1977.06200,1975.75390,1976.52550,100,20.0
2024.01.10 19:15,1976.63140,1976.84090,1975.30222,1975.65565,100,20.0
2024.01.10 19:30,1976.13878,1976.66071,1976.06537,1976.28142,100,20.0
2024.01.10 19:45,1977.23293,1977.58972,1976.49798,1977.08708,100,20.0
2024.01.10 20:00,1977.08365,1977.54005,1977.01917,1977.25725,100,20.0
2024.01.10 20:15,1977.32296,1977.37820,1977.08377,1977.26072,100,20.0
2024.01.10 20:30,1977.77520,1978.23154,1977.73418,1978.03951,100,20.0
2024.01.10 20:45,1978.12403,1978.48140,1977.28718,1977.94063,100,20.0
2024.01.10 21:00,1977.43065,1977.84986,1975.72857,1976.59925,100,20.0
2024.01.10 21:15,1976.50908,1977.49362,1976.49746,1977.42531,100,20.0
2024.01.10 21:30,1977.02618,1977.34368,1977.01536,1977.16652,100,20.0
2024.01.10 21:45,1977.98349,1978.17345,1977.90318,1978.09667,100,20.0
2024.01.10 22:00,1977.83585,1977.93992,1977.64790,1977.90146,100,20.0
2024.01.10 22:15,1977.74224,1977.97462,1976.92508,1977.15143,100,20.0
2024.01.10 22:30,1977.39264,1978.63578,1977.37414,1978.33958,100,20.0
2024.01.10 22:45,1978.73657,1979.00368,1978.06559,1978.36173,100,20.0
2024.01.10 23:00,1978.66047,1978.93122,1977.96580,1978.18514,100,20.0
2024.01.10 23:15,1978.18446,1978.21021,1977.72776,1977.79454,100,20.0
2024.01.10 23:30,1977.59840,1978.08396,1977.31540,1977.70572,100,20.0
2024.01.10 23:45,1977.41625,1977.85254,1976.40755,1976.87711,100,20.0
2024.01.11 00:00,1977.01797,1977.22532,1976.96956,1977.18695,100,20.0
2024.01.11 00:15,1977.40612,1977.81414,1977.07241,1977.46634,100,20.0
2024.01.11 00:30,1976.20383,1976.59686,1975.43652,1975.70916,100,20.0
2024.01.11 00:45,1975.75609,1976.12846,1975.62763,1975.99738,100,20.0
2024.01.11 01:00,1974.59512,1975.50508,1974.53728,1974.85402,100,20.0
2024.01.11 01:15,1974.89402,1975.23793,1974.26370,1974.56924,100,20.0
2024.01.11 01:30,1972.99420,1973.42297,1972.83185,1972.92810,100,20.0
2024.01.11 01:45,1972.25026,1972.57215,1972.20798,1972.47947,100,20.0
2024.01.11 02:00,1972.18321,1972.63740,1971.78680,1972.36983,100,20.0
2024.01.11 02:15,1971.74914,1971.84618,1971.44401,1971.81300,100,20.0
2024.01.11 02:30,1971.46947,1971.54243,1970.91810,1971.34022,100,20.0
2024.01.11 02:45,1972.99884,1973.37029,1972.61864,1973.13372,100,20.0
2024.01.11 03:00,1973.82114,1974.17026,1973.10465,1973.28692,100,20.0
2024.01.11 03:15,1972.82902,1973.25492,1972.78224,1972.98229,100,20.0
2024.01.11 03:30,1972.72593,1972.93505,1972.07364,1972.36052,100,20.0
2024.01.11 03:45,1972.31429,1973.36702,1971.79957,1973.08826,100,20.0
2024.01.11 04:00,1973.96661,1974.22099,1972.59876,1972.99319,100,20.0
2024.01.11 04:15,1972.78576,1973.37101,1972.73734,1973.11130,100,20.0
2024.01.11 04:30,1972.96622,1973.10749,1972.70218,1972.70885,100,20.0
2024.01.11 04:45,1972.00124,1972.41131,1971.74699,1972.01525,100,20.0
2024.01.11 05:00,1971.57847,1971.57964,1970.96834,1971.19631,100,20.0
2024.01.11 05:15,1972.08917,1972.79703,1971.44540,1972.27607,100,20.0
2024.01.11 05:30,1971.76543,1972.11633,1971.11358,1971.32550,100,20.0
2024.01.11 05:45,1970.16877,1970.95277,1969.85069,1970.54848,100,20.0
2024.01.11 06:00,1969.69380,1971.67026,1969.49631,1971.17060,100,20.0
2024.01.11 06:15,1971.92140,1972.28745,1971.21469,1971.72008,100,20.0
2024.01.11 06:30,1970.95326,1971.18750,1970.13359,1970.36034,100,20.0
2024.01.11 06:45,1970.30727,1970.90187,1970.28508,1970.80669,100,20.0
2024.01.11 07:00,1970.60414,1971.26769,1968.70324,1969.69207,100,20.0
2024.01.11 07:15,1969.61948,1970.07103,1968.15453,1968.53367,100,20.0
2024.01.11 07:30,1968.18939,1968.42568,1968.05912,1968.14873,100,20.0
2024.01.11 07:45,1969.00726,1969.51169,1968.20961,1969.38486,100,20.0
2024.01.11 08:00,1969.31696,1969.98286,1968.75313,1969.06727,100,20.0
2024.01.11 08:15,1969.13089,1969.47905,1968.62980,1969.33656,100,20.0
2024.01.11 08:30,1967.92641,1968.03374,1967.74003,1967.89797,100,20.0
2024.01.11 08:45,1967.75238,1968.10852,1966.60680,1967.43438,100,20.0
2024.01.11 09:00,1968.21134,1968.87447,1967.83827,1968.55665,100,20.0
2024.01.11 09:15,1967.16525,1967.31772,1966.90170,1966.97774,100,20.0
2024.01.11 09:30,1965.96687,1966.09207,1965.78931,1966.00820,100,20.0
2024.01.11 09:45,1966.50848,1966.76566,1966.24036,1966.62970,100,20.0
2024.01.11 10:00,1966.71912,1966.92404,1966.26323,1966.38923,100,20.0
2024.01.11 10:15,1966.06039,1966.07952,1964.87114,1965.36127,100,20.0
2024.01.11 10:30,1964.82115,1965.01079,1963.48073,1963.60489,100,20.0
2024.01.11 10:45,1964.25690,1964.46073,1963.67401,1964.32955,100,20.0
2024.01.11 11:00,1964.71438,1965.22358,1964.51551,1964.86042,100,20.0
2024.01.11 11:15,1963.67831,1963.83095,1963.45653,1963.59024,100,20.0
2024.01.11 11:30,1964.18541,1964.33445,1963.08319,1963.41367,100,20.0
2024.01.11 11:45,1963.28374,1963.34258,1962.83404,1962.92078,100,20.0
2024.01.11 12:00,1961.76553,1962.56409,1961.46192,1962.32275,100,20.0
2024.01.11 12:15,1961.26777,1961.94618,1960.45093,1960.90952,100,20.0
2024.01.11 12:30,1961.57409,1962.13930,1961.29675,1961.70606,100,20.0
2024.01.11 12:45,1962.28944,1963.02224,1961.93261,1962.26875,100,20.0
2024.01.11 13:00,1962.46506,1962.74340,1961.91332,1962.30685,100,20.0
2024.01.11 13:15,1962.31787,1963.93582,1962.00345,1963.40042,100,20.0
2024.01.11 13:30,1963.70325,1963.76926,1963.15538,1963.42439,100,20.0
2024.01.11 13:45,1963.63556,1963.86303,1963.06878,1963.19851,100,20.0
2024.01.11 14:00,1963.00052,1963.12194,1962.65813,1962.67715,100,20.0
2024.01.11 14:15,1963.80499,1963.96239,1962.85630,1962.93791,100,20.0
2024.01.11 14:30,1961.86285,1962.15680,1961.38548,1961.62084,100,20.0
2024.01.11 14:45,1961.00281,1961.42950,1960.08707,1960.25575,100,20.0
2024.01.11 15:00,1959.22899,1959.75244,1958.93875,1959.26754,100,20.0
2024.01.11 15:15,1959.53602,1960.86249,1959.46195,1960.45051,100,20.0
2024.01.11 15:30,1960.12804,1960.14610,1959.05177,1959.14842,100,20.0
2024.01.11 15:45,1959.20490,1959.97010,1958.60189,1959.83331,100,20.0
2024.01.11 16:00,1960.17412,1961.04199,1960.11596,1960.90603,100,20.0
2024.01.11 16:15,1961.44312,1961.97738,1960.21460,1960.30621,100,20.0
2024.01.11 16:30,1960.55755,1960.93083,1960.35312,1960.51013,100,20.0
2024.01.11 16:45,1961.28997,1961.74579,1961.04729,1961.68116,100,20.0
2024.01.11 17:00,1962.26188,1962.75517,1962.05322,1962.09259,100,20.0
2024.01.11 17:15,1961.34687,1962.06484,1960.80733,1961.23592,100,20.0
2024.01.11 17:30,1961.41348,1961.63529,1960.62824,1961.00866,100,20.0
2024.01.11 17:45,1960.77447,1960.81506,1960.20405,1960.60710,100,20.0
2024.01.11 18:00,1960.93970,1961.37816,1960.93257,1961.22009,100,20.0
2024.01.11 18:15,1961.62471,1962.04105,1960.98027,1961.28920,100,20.0
2024.01.11 18:30,1961.57698,1962.48793,1961.38108,1961.85402,100,20.0
2024.01.11 18:45,1961.69498,1964.09501,1961.36189,1963.20265,100,20.0
2024.01.11 19:00,1962.98209,1963.92069,1962.60555,1963.65831,100,20.0
2024.01.11 19:15,1963.53187,1964.79016,1962.83054,1964.24553,100,20.0
2024.01.11 19:30,1964.49307,1964.52754,1964.16238,1964.24374,100,20.0
2024.01.11 19:45,1964.94258,1966.01108,1964.45511,1965.46849,100,20.0
2024.01.11 20:00,1965.97197,1966.62604,1965.77202,1966.51014,100,20.0
2024.01.11 20:15,1966.23016,1966.55479,1965.68863,1966.05404,100,20.0
2024.01.11 20:30,1966.72166,1967.31254,1966.69352,1967.02723,100,20.0
2024.01.11 20:45,1967.21668,1968.63928,1966.62641,1968.00952,100,20.0
2024.01.11 21:00,1969.44795,1969.62280,1969.35776,1969.48491,100,20.0
2024.01.11 21:15,1969.53955,1970.22348,1969.16164,1969.93808,100,20.0
2024.01.11 21:30,1970.25506,1970.53278,1969.94411,1970.14249,100,20.0
2024.01.11 21:45,1970.00805,1970.46402,1969.42314,1970.46014,100,20.0
2024.01.11 22:00,1970.74185,1971.35149,1970.59689,1970.91181,100,20.0
2024.01.11 22:15,1970.92303,1970.98395,1969.85182,1970.40673,100,20.0
2024.01.11 22:30,1969.72641,1970.99862,1969.54165,1970.58670,100,20.0
2024.01.11 22:45,1969.79662,1970.60969,1969.74205,1970.55258,100,20.0
2024.01.11 23:00,1971.55960,1972.02955,1970.68769,1971.22752,100,20.0
2024.01.11 23:15,1971.94664,1972.43883,1970.81003,1971.36818,100,20.0
2024.01.11 23:30,1971.83891,1972.12507,1970.87237,1972.09336,100,20.0
2024.01.11 23:45,1972.15856,1972.32221,1971.35207,1972.31387,100,20.0
2024.01.12 00:00,1971.82582,1972.25257,1971.53978,1972.18821,100,20.0
2024.01.12 00:15,1972.87271,1973.13028,1972.15244,1972.51248,100,20.0
2024.01.12 00:30,1972.28539,1972.46377,1971.43759,1971.85495,100,20.0
2024.01.12 00:45,1971.17126,1972.00605,1971.03661,1971.88858,100,20.0
2024.01.12 01:00,1972.67298,1972.67972,1972.13083,1972.53855,100,20.0
2024.01.12 01:15,1972.20353,1972.78107,1971.46696,1972.37951,100,20.0
2024.01.12 01:30,1972.01523,1973.17582,1971.97109,1972.90604,100,20.0
2024.01.12 01:45,1972.31616,1972.36756,1971.92853,1972.10345,100,20.0
2024.01.12 02:00,1971.98478,1972.25480,1971.90522,1971.98089,100,20.0
2024.01.12 02:15,1971.93795,1972.09198,1970.67552,1971.46528,100,20.0
2024.01.12 02:30,1971.68780,1972.72474,1971.42833,1972.15426,100,20.0
2024.01.12 02:45,1972.16474,1972.17211,1970.62197,1970.99962,100,20.0
2024.01.12 03:00,1971.14554,1971.85884,1970.91289,1971.82922,100,20.0
2024.01.12 03:15,1972.06142,1972.64278,1971.92108,1972.55559,100,20.0
2024.01.12 03:30,1972.77660,1974.14108,1972.62001,1973.64033,100,20.0
2024.01.12 03:45,1973.09765,1973.27213,1972.11608,1972.64815,100,20.0
2024.01.12 04:00,1972.53674,1972.88162,1971.74402,1972.08444,100,20.0
2024.01.12 04:15,1971.16158,1971.26905,1969.79092,1970.16084,100,20.0
2024.01.12 04:30,1970.63962,1971.34893,1970.34589,1971.02264,100,20.0
2024.01.12 04:45,1970.72392,1971.33445,1969.94272,1971.05147,100,20.0
2024.01.12 05:00,1970.10165,1970.82549,1969.61692,1970.78135,100,20.0
2024.01.12 05:15,1970.02091,1971.44119,1969.53295,1971.10273,100,20.0
2024.01.12 05:30,1971.85676,1971.89138,1970.61995,1970.83389,100,20.0
2024.01.12 05:45,1972.10121,1972.88094,1972.00251,1972.29954,100,20.0
2024.01.12 06:00,1972.29173,1972.75472,1972.24841,1972.58682,100,20.0
2024.01.12 06:15,1972.50813,1972.61700,1972.49849,1972.50445,100,20.0
2024.01.12 06:30,1972.62738,1972.99212,1972.30193,1972.52940,100,20.0
2024.01.12 06:45,1972.37343,1972.53827,1971.18163,1971.60921,100,20.0
2024.01.12 07:00,1971.80095,1972.72229,1971.65834,1971.87322,100,20.0
2024.01.12 07:15,1971.87286,1972.67828,1971.25679,1971.53758,100,20.0
2024.01.12 07:30,1971.63719,1971.80515,1971.31696,1971.52423,100,20.0
2024.01.12 07:45,1971.50860,1971.81131,1971.20359,1971.80962,100,20.0
2024.01.12 08:00,1972.13522,1972.57106,1971.74563,1972.46554,100,20.0
2024.01.12 08:15,1973.13309,1973.20649,1972.85684,1973.05528,100,20.0
2024.01.12 08:30,1973.63411,1973.76130,1972.17134,1972.76738,100,20.0
2024.01.12 08:45,1973.04427,1973.43165,1973.01265,1973.21712,100,20.0
2024.01.12 09:00,1973.78796,1974.13865,1973.70865,1973.86373,100,20.0
2024.01.12 09:15,1975.00839,1976.17620,1974.13382,1976.02243,100,20.0
2024.01.12 09:30,1975.58858,1975.93771,1974.85229,1975.08307,100,20.0
2024.01.12 09:45,1974.42208,1974.78766,1972.90573,1973.17283,100,20.0
2024.01.12 10:00,1973.55542,1974.89191,1973.37938,1974.85627,100,20.0
2024.01.12 10:15,1974.85921,1975.44983,1974.44283,1974.66706,100,20.0
2024.01.12 10:30,1975.59219,1975.71235,1974.81688,1975.19031,100,20.0
2024.01.12 10:45,1974.56353,1975.02381,1973.50326,1974.45354,100,20.0
2024.01.12 11:00,1974.20254,1974.21338,1973.25781,1973.73191,100,20.0
2024.01.12 11:15,1974.50999,1974.66047,1973.95876,1974.17614,100,20.0
2024.01.12 11:30,1974.18045,1974.39847,1973.08028,1973.38864,100,20.0
2024.01.12 11:45,1974.47074,1974.73435,1974.15317,1974.16401,100,20.0
2024.01.12 12:00,1974.20737,1974.35178,1973.24840,1973.94754,100,20.0
2024.01.12 12:15,1973.65612,1973.79986,1972.95459,1973.45873,100,20.0
2024.01.12 12:30,1973.15935,1973.52192,1972.99532,1973.49710,100,20.0
2024.01.12 12:45,1973.28549,1973.85329,1973.05236,1973.29410,100,20.0
2024.01.12 13:00,1973.76377,1973.96204,1972.89636,1973.35589,100,20.0
2024.01.12 13:15,1973.89899,1974.27227,1973.61959,1973.95491,100,20.0
2024.01.12 13:30,1973.82811,1974.59617,1973.36583,1973.94742,100,20.0
2024.01.12 13:45,1973.56708,1974.40836,1973.35404,1973.97756,100,20.0
2024.01.12 14:00,1973.25409,1973.59975,1972.19270,1972.47738,100,20.0
2024.01.12 14:15,1972.77182,1973.11899,1972.61853,1972.81632,100,20.0
2024.01.12 14:30,1973.59673,1973.67698,1972.58063,1972.73627,100,20.0
2024.01.12 14:45,1973.18980,1973.68826,1972.78213,1973.22459,100,20.0
2024.01.12 15:00,1973.06438,1973.39866,1973.02590,1973.06716,100,20.0
2024.01.12 15:15,1973.46972,1974.05877,1973.20698,1973.88901,100,20.0
2024.01.12 15:30,1974.70401,1975.82785,1974.12956,1975.31734,100,20.0
2024.01.12 15:45,1975.16546,1975.30598,1974.53242,1974.95246,100,20.0
2024.01.12 16:00,1975.00970,1975.69232,1973.54178,1974.06895,100,20.0
2024.01.12 16:15,1972.81656,1973.00863,1971.94417,1972.01089,100,20.0
2024.01.12 16:30,1971.97410,1972.41983,1971.92064,1972.35559,100,20.0
2024.01.12 16:45,1972.77081,1973.08142,1972.39409,1972.59111,100,20.0
2024.01.12 17:00,1973.23087,1973.63703,1973.20778,1973.29677,100,20.0
2024.01.12 17:15,1973.62773,1974.08262,1973.21300,1973.80558,100,20.0
2024.01.12 17:30,1974.12299,1975.22225,1974.06444,1974.56770,100,20.0
2024.01.12 17:45,1974.07003,1974.09222,1973.23203,1973.41379,100,20.0
2024.01.12 18:00,1974.03832,1974.20781,1973.44420,1974.08450,100,20.0
2024.01.12 18:15,1973.88206,1974.12608,1973.34169,1973.95896,100,20.0
2024.01.12 18:30,1973.11356,1973.29497,1972.86996,1973.20910,100,20.0
2024.01.12 18:45,1972.44228,1972.74669,1972.09221,1972.27960,100,20.0
2024.01.12 19:00,1971.84369,1972.44947,1971.64399,1972.39392,100,20.0
2024.01.12 19:15,1971.54612,1971.93998,1970.61948,1971.06871,100,20.0
2024.01.12 19:30,1971.12404,1971.49253,1970.77604,1971.28801,100,20.0
2024.01.12 19:45,1971.05672,1971.45650,1969.92579,1970.25673,100,20.0
2024.01.12 20:00,1970.59721,1970.75849,1970.12763,1970.41809,100,20.0
2024.01.12 20:15,1970.95681,1971.05932,1970.69573,1970.76313,100,20.0
2024.01.12 20:30,1970.30793,1970.51327,1969.51419,1969.93073,100,20.0
2024.01.12 20:45,1969.59500,1969.73956,1968.90401,1969.03086,100,20.0
2024.01.12 21:00,1969.24605,1970.43450,1969.14152,1969.52243,100,20.0
2024.01.12 21:15,1970.15510,1970.70934,1970.14919,1970.29650,100,20.0
2024.01.12 21:30,1971.05023,1971.34077,1970.90727,1971.29920,100,20.0
2024.01.12 21:45,1970.11126,1970.27651,1969.90204,1970.02601,100,20.0
2024.01.12 22:00,1970.06952,1970.36597,1969.99207,1970.26353,100,20.0
2024.01.12 22:15,1969.78325,1970.25132,1969.56486,1969.88513,100,20.0
2024.01.12 22:30,1969.98717,1971.03173,1969.74127,1970.64194,100,20.0
2024.01.12 22:45,1971.08689,1971.26868,1969.90480,1970.04073,100,20.0
2024.01.12 23:00,1969.89357,1970.06351,1969.82895,1969.88402,100,20.0
2024.01.12 23:15,1970.55267,1971.00022,1970.32144,1970.71370,100,20.0
2024.01.12 23:30,1971.67599,1972.07055,1971.41341,1971.61948,100,20.0
2024.01.12 23:45,1972.37903,1972.57447,1972.22652,1972.55674,100,20.0
2024.01.13 00:00,1972.41811,1972.94899,1972.28161,1972.33816,100,20.0
2024.01.13 00:15,1971.86298,1972.01658,1971.37512,1971.69877,100,20.0
2024.01.13 00:30,1970.31898,1970.80287,1969.83942,1969.92806,100,20.0
2024.01.13 00:45,1969.62371,1970.96787,1969.41330,1970.59687,100,20.0
2024.01.13 01:00,1971.14555,1971.91515,1970.96541,1971.52601,100,20.0
2024.01.13 01:15,1971.36264,1971.82248,1970.77747,1971.62741,100,20.0
2024.01.13 01:30,1970.83237,1972.40968,1970.58945,1971.93096,100,20.0
2024.01.13 01:45,1971.43236,1972.48558,1970.97493,1971.99042,100,20.0
2024.01.13 02:00,1972.12697,1973.31158,1971.80113,1972.57820,100,20.0
2024.01.13 02:15,1972.89981,1974.26878,1972.54846,1973.85923,100,20.0
2024.01.13 02:30,1973.63607,1973.88325,1973.44350,1973.85185,100,20.0
2024.01.13 02:45,1974.23327,1974.56638,1974.06585,1974.49781,100,20.0
2024.01.13 03:00,1974.91782,1975.45634,1974.30447,1975.11437,100,20.0
2024.01.13 03:15,1974.79107,1975.07272,1973.99106,1974.54722,100,20.0
2024.01.13 03:30,1975.14873,1975.43065,1975.05488,1975.30064,100,20.0
2024.01.13 03:45,1975.26927,1975.45810,1974.76928,1975.08128,100,20.0
2024.01.13 04:00,1975.19739,1975.45079,1974.43353,1974.56667,100,20.0
2024.01.13 04:15,1973.98616,1974.66300,1973.85094,1974.49145,100,20.0
2024.01.13 04:30,1974.17564,1975.68828,1974.13992,1975.16610,100,20.0
2024.01.13 04:45,1974.63344,1975.67564,1974.58242,1975.02806,100,20.0
2024.01.13 05:00,1974.20316,1974.32666,1973.34627,1973.65629,100,20.0
2024.01.13 05:15,1973.85867,1974.19937,1973.76268,1973.98621,100,20.0
2024.01.13 05:30,1973.77691,1973.82522,1973.35430,1973.41658,100,20.0
2024.01.13 05:45,1974.23616,1974.95991,1974.08916,1974.90045,100,20.0
2024.01.13 06:00,1974.92707,1975.12435,1974.19483,1974.38832,100,20.0
2024.01.13 06:15,1974.99825,1975.59247,1973.49882,1974.62959,100,20.0
2024.01.13 06:30,1974.11968,1974.54562,1973.23739,1973.51242,100,20.0
2024.01.13 06:45,1974.10339,1974.59168,1973.84662,1974.38590,100,20.0
2024.01.13 07:00,1974.54616,1974.87261,1974.50273,1974.77344,100,20.0
2024.01.13 07:15,1974.73587,1974.82684,1974.67149,1974.68840,100,20.0
2024.01.13 07:30,1975.55026,1976.20228,1974.63343,1975.08130,100,20.0
2024.01.13 07:45,1975.74917,1976.47349,1975.54051,1976.26051,100,20.0
2024.01.13 08:00,1976.16291,1976.18244,1975.10707,1975.11981,100,20.0
2024.01.13 08:15,1975.29710,1975.61709,1974.99450,1975.09594,100,20.0
2024.01.13 08:30,1974.32569,1975.05976,1974.15607,1974.84797,100,20.0
2024.01.13 08:45,1975.73672,1976.43192,1975.71263,1976.38382,100,20.0
2024.01.13 09:00,1976.58725,1977.98962,1975.89562,1977.74851,100,20.0
2024.01.13 09:15,1978.13285,1978.62640,1976.84602,1977.64628,100,20.0
2024.01.13 09:30,1977.21555,1977.24029,1976.99685,1977.04540,100,20.0
2024.01.13 09:45,1976.91483,1977.70041,1976.86855,1977.33351,100,20.0
2024.01.13 10:00,1976.38891,1976.62264,1976.14596,1976.48198,100,20.0
2024.01.13 10:15,1976.72532,1976.93369,1976.31240,1976.45936,100,20.0
2024.01.13 10:30,1976.57373,1976.73003,1976.34691,1976.65022,100,20.0
2024.01.13 10:45,1976.45035,1977.03878,1976.05186,1977.01034,100,20.0
2024.01.13 11:00,1977.21343,1977.98816,1977.10220,1977.77084,100,20.0
2024.01.13 11:15,1978.19831,1979.18762,1978.12169,1978.71519,100,20.0
2024.01.13 11:30,1978.15558,1979.19227,1977.71363,1979.05006,100,20.0
2024.01.13 11:45,1979.18907,1979.19900,1977.60218,1978.09654,100,20.0
2024.01.13 12:00,1977.90117,1978.61771,1977.44522,1978.42088,100,20.0
2024.01.13 12:15,1979.03608,1979.58955,1978.80153,1978.87743,100,20.0
2024.01.13 12:30,1979.60250,1979.65215,1979.19143,1979.47579,100,20.0
2024.01.13 12:45,1980.30153,1980.88669,1979.90674,1979.90942,100,20.0
2024.01.13 13:00,1979.89660,1980.09316,1978.63365,1979.11821,100,20.0
2024.01.13 13:15,1979.64629,1980.47206,1979.49033,1980.18114,100,20.0
2024.01.13 13:30,1981.25985,1982.27519,1980.75530,1981.73633,100,20.0
2024.01.13 13:45,1981.93835,1982.41697,1980.93472,1981.42630,100,20.0
2024.01.13 14:00,1980.81601,1981.10629,1980.59562,1981.06358,100,20.0
2024.01.13 14:15,1981.55501,1982.27002,1981.12585,1982.04962,100,20.0
2024.01.13 14:30,1982.20239,1982.74605,1981.86500,1982.71442,100,20.0
2024.01.13 14:45,1982.38264,1983.13272,1981.89775,1983.06556,100,20.0
2024.01.13 15:00,1982.95533,1983.49489,1982.27021,1982.27192,100,20.0
2024.01.13 15:15,1982.42854,1983.81717,1982.25051,1983.37100,100,20.0
2024.01.13 15:30,1983.04305,1983.21157,1982.48469,1982.68888,100,20.0
2024.01.13 15:45,1981.43307,1981.64960,1980.71482,1980.83173,100,20.0
2024.01.13 16:00,1980.20247,1981.14626,1979.96197,1980.50249,100,20.0
2024.01.13 16:15,1981.04512,1981.29375,1979.99855,1980.64453,100,20.0
2024.01.13 16:30,1981.27692,1981.34858,1980.98316,1981.06572,100,20.0
2024.01.13 16:45,1980.24219,1981.53364,1980.21394,1981.15314,100,20.0
2024.01.13 17:00,1981.30869,1981.47909,1980.88860,1981.00606,100,20.0
2024.01.13 17:15,1981.65861,1982.15384,1981.30487,1981.42986,100,20.0
2024.01.13 17:30,1980.89530,1980.90298,1980.03018,1980.43512,100,20.0
2024.01.13 17:45,1980.84948,1980.88078,1980.71376,1980.87976,100,20.0
2024.01.13 18:00,1980.57286,1981.03433,1980.52482,1980.56976,100,20.0
2024.01.13 18:15,1980.91515,1981.12881,1980.48859,1980.68838,100,20.0
2024.01.13 18:30,1980.33900,1980.60100,1979.41254,1979.52239,100,20.0
2024.01.13 18:45,1979.46430,1979.65585,1978.96974,1979.12432,100,20.0
2024.01.13 19:00,1979.06117,1979.29812,1978.91676,1979.03514,100,20.0
2024.01.13 19:15,1978.95851,1979.22123,1978.37785,1979.08545,100,20.0
2024.01.13 19:30,1977.99047,1978.23652,1977.46812,1977.92033,100,20.0
2024.01.13 19:45,1978.52772,1978.64327,1978.11456,1978.22964,100,20.0
2024.01.13 20:00,1977.38397,1977.48292,1976.82822,1977.17901,100,20.0
2024.01.13 20:15,1977.36738,1978.02310,1977.14758,1977.49214,100,20.0
2024.01.13 20:30,1977.86030,1977.92343,1977.74351,1977.80536,100,20.0
2024.01.13 20:45,1977.75580,1978.71892,1977.47505,1978.54405,100,20.0
2024.01.13 21:00,1978.29495,1978.37728,1977.97169,1978.01108,100,20.0
2024.01.13 21:15,1978.75908,1978.83590,1978.27227,1978.59784,100,20.0
2024.01.13 21:30,1978.08768,1978.56392,1977.93211,1978.05960,100,20.0
2024.01.13 21:45,1976.45799,1976.60538,1975.56085,1976.36399,100,20.0
2024.01.13 22:00,1976.83799,1977.23210,1975.62852,1975.81555,100,20.0
2024.01.13 22:15,1975.55133,1976.05551,1974.91207,1975.04757,100,20.0
2024.01.13 22:30,1975.20190,1975.44403,1975.01494,1975.25365,100,20.0
2024.01.13 22:45,1975.30711,1975.58634,1973.86101,1974.76124,100,20.0
2024.01.13 23:00,1975.81807,1977.63237,1975.63214,1976.61634,100,20.0
2024.01.13 23:15,1975.99037,1976.24224,1975.71060,1975.73871,100,20.0
2024.01.13 23:30,1975.42732,1976.18182,1974.72250,1975.16821,100,20.0
2024.01.13 23:45,1974.75927,1975.71176,1974.48538,1975.14214,100,20.0
2024.01.14 00:00,1975.23319,1975.45367,1974.14663,1974.30535,100,20.0
2024.01.14 00:15,1974.12732,1974.75623,1973.70321,1974.43087,100,20.0
2024.01.14 00:30,1974.45635,1974.46973,1974.05617,1974.36810,100,20.0
2024.01.14 00:45,1975.53047,1975.64080,1975.02594,1975.32153,100,20.0
2024.01.14 01:00,1976.15706,1976.80547,1975.89594,1976.16477,100,20.0
2024.01.14 01:15,1976.91315,1976.99977,1976.86933,1976.87522,100,20.0
2024.01.14 01:30,1977.60208,1978.30180,1977.03557,1977.86232,100,20.0
2024.01.14 01:45,1977.77695,1977.82364,1977.08657,1977.28579,100,20.0
2024.01.14 02:00,1976.51383,1976.87859,1976.21581,1976.85199,100,20.0
2024.01.14 02:15,1976.03134,1976.11786,1975.13245,1975.87070,100,20.0
2024.01.14 02:30,1974.60007,1975.09222,1973.10164,1973.48275,100,20.0
2024.01.14 02:45,1974.26038,1974.60222,1974.04523,1974.40778,100,20.0
2024.01.14 03:00,1973.16917,1974.48898,1972.96235,1973.98075,100,20.0
2024.01.14 03:15,1974.88846,1975.19449,1974.82869,1975.17703,100,20.0
2024.01.14 03:30,1975.26312,1976.35737,1975.10491,1975.72619,100,20.0
2024.01.14 03:45,1975.45127,1975.93131,1974.11718,1974.94338,100,20.0
2024.01.14 04:00,1976.15888,1976.75456,1975.84455,1976.45713,100,20.0
2024.01.14 04:15,1976.86662,1977.63825,1976.01761,1976.19262,100,20.0
2024.01.14 04:30,1976.06022,1976.82274,1974.81994,1975.45154,100,20.0
2024.01.14 04:45,1975.58968,1976.49518,1975.40119,1975.40880,100,20.0
2024.01.14 05:00,1975.21494,1975.68372,1974.29841,1974.43536,100,20.0
2024.01.14 05:15,1973.08406,1974.04410,1972.53796,1973.83130,100,20.0
2024.01.14 05:30,1973.69282,1973.93140,1973.05659,1973.10090,100,20.0
2024.01.14 05:45,1972.54523,1972.64991,1971.94036,1972.40318,100,20.0
2024.01.14 06:00,1972.35702,1972.72832,1971.66358,1971.88865,100,20.0
2024.01.14 06:15,1971.48900,1972.14933,1970.74832,1970.76612,100,20.0
2024.01.14 06:30,1972.28232,1972.66047,1971.94140,1972.44402,100,20.0
2024.01.14 06:45,1971.79274,1972.01210,1970.71370,1971.21974,100,20.0
2024.01.14 07:00,1971.26240,1971.60679,1969.72037,1969.77433,100,20.0
2024.01.14 07:15,1969.14970,1970.14087,1968.73352,1970.08731,100,20.0
2024.01.14 07:30,1970.28251,1970.84480,1968.90758,1969.58759,100,20.0
2024.01.14 07:45,1968.94387,1969.55437,1968.70276,1969.46471,100,20.0
2024.01.14 08:00,1969.13109,1970.19765,1969.10700,1969.83837,100,20.0
2024.01.14 08:15,1969.00522,1969.21048,1968.04258,1968.74945,100,20.0
2024.01.14 08:30,1968.92733,1969.23269,1968.05481,1968.32978,100,20.0
2024.01.14 08:45,1969.10550,1969.72776,1968.43066,1969.49136,100,20.0
2024.01.14 09:00,1969.33781,1969.57448,1969.04631,1969.35978,100,20.0
2024.01.14 09:15,1969.29759,1969.82545,1968.07155,1968.85464,100,20.0
2024.01.14 09:30,1969.40324,1969.54184,1968.33531,1968.78516,100,20.0
2024.01.14 09:45,1968.40213,1968.45292,1967.81868,1967.84080,100,20.0
2024.01.14 10:00,1967.74612,1968.02016,1967.14957,1967.89342,100,20.0
2024.01.14 10:15,1967.95093,1969.68328,1967.90358,1968.86467,100,20.0
2024.01.14 10:30,1968.62285,1968.84119,1968.46534,1968.59798,100,20.0
2024.01.14 10:45,1969.30426,1969.68651,1968.53381,1969.00987,100,20.0
2024.01.14 11:00,1968.59360,1968.74464,1968.13413,1968.62577,100,20.0
2024.01.14 11:15,1967.51672,1968.11645,1967.10943,1967.71129,100,20.0
2024.01.14 11:30,1968.73094,1968.98118,1968.60842,1968.85549,100,20.0
2024.01.14 11:45,1968.99135,1969.46455,1968.98176,1969.08389,100,20.0
2024.01.14 12:00,1967.92490,1968.06482,1967.50952,1967.71518,100,20.0
2024.01.14 12:15,1967.83246,1968.18759,1967.37098,1967.76673,100,20.0
2024.01.14 12:30,1968.36908,1968.52754,1968.02097,1968.46237,100,20.0
2024.01.14 12:45,1969.54710,1969.69056,1967.73904,1968.28802,100,20.0
2024.01.14 13:00,1967.57970,1967.58665,1967.07365,1967.14945,100,20.0
2024.01.14 13:15,1967.52356,1967.53925,1966.95108,1967.28939,100,20.0
2024.01.14 13:30,1966.07292,1966.15781,1965.54576,1965.81522,100,20.0
2024.01.14 13:45,1966.35884,1966.98125,1966.34526,1966.45908,100,20.0
2024.01.14 14:00,1966.92716,1967.17377,1966.16134,1966.34760,100,20.0
2024.01.14 14:15,1965.91383,1966.59222,1965.44301,1966.43684,100,20.0
2024.01.14 14:30,1966.82039,1967.03330,1965.77605,1966.16935,100,20.0
2024.01.14 14:45,1965.73151,1966.43439,1965.53115,1965.79983,100,20.0
2024.01.14 15:00,1966.25211,1966.42747,1965.82574,1966.32953,100,20.0
2024.01.14 15:15,1965.86064,1966.22076,1965.41837,1965.51568,100,20.0
2024.01.14 15:30,1964.64643,1964.86220,1964.62052,1964.65638,100,20.0
2024.01.14 15:45,1965.24780,1965.46376,1964.49822,1964.66377,100,20.0
2024.01.14 16:00,1963.40711,1963.68874,1963.33668,1963.42421,100,20.0
2024.01.14 16:15,1964.01951,1964.28238,1962.97931,1963.84918,100,20.0
2024.01.14 16:30,1963.64393,1964.03176,1963.64363,1963.88879,100,20.0
2024.01.14 16:45,1963.97888,1964.59732,1963.77365,1964.39250,100,20.0
2024.01.14 17:00,1965.09569,1965.65876,1965.06352,1965.38427,100,20.0
2024.01.14 17:15,1965.99594,1966.49349,1965.16073,1966.07223,100,20.0
2024.01.14 17:30,1966.94656,1967.57661,1966.56886,1967.57199,100,20.0
2024.01.14 17:45,1967.78285,1968.35295,1967.46715,1968.23065,100,20.0
2024.01.14 18:00,1967.85041,1968.06919,1966.00553,1966.81979,100,20.0
2024.01.14 18:15,1966.91385,1967.01824,1965.82392,1965.97584,100,20.0
2024.01.14 18:30,1965.97964,1966.70097,1965.79328,1966.24972,100,20.0
2024.01.14 18:45,1967.07438,1967.70135,1966.44886,1967.51557,100,20.0
2024.01.14 19:00,1967.62743,1968.10207,1966.84858,1966.97538,100,20.0
2024.01.14 19:15,1966.79450,1967.12925,1966.55142,1967.04505,100,20.0
2024.01.14 19:30,1967.72867,1968.58052,1967.55366,1967.97270,100,20.0
2024.01.14 19:45,1968.32142,1968.88835,1968.15966,1968.23410,100,20.0
2024.01.14 20:00,1967.32316,1967.70139,1966.10998,1966.67217,100,20.0
2024.01.14 20:15,1967.39689,1967.47353,1966.72510,1966.84495,100,20.0
2024.01.14 20:30,1967.12901,1967.60647,1966.85955,1967.53239,100,20.0
2024.01.14 20:45,1966.15999,1967.28593,1965.66938,1966.88465,100,20.0
2024.01.14 21:00,1967.64883,1968.46915,1967.06274,1968.34346,100,20.0
2024.01.14 21:15,1969.12119,1969.47542,1968.89037,1969.40701,100,20.0
2024.01.14 21:30,1969.72252,1970.88529,1969.44885,1970.54966,100,20.0
2024.01.14 21:45,1971.50807,1971.83250,1971.47794,1971.82797,100,20.0
2024.01.14 22:00,1970.86461,1971.05626,1970.13275,1970.36492,100,20.0
2024.01.14 22:15,1970.69037,1970.92651,1970.15331,1970.45470,100,20.0
2024.01.14 22:30,1970.26073,1971.02275,1969.91950,1969.94151,100,20.0
2024.01.14 22:45,1969.69891,1969.98882,1969.33514,1969.81612,100,20.0
2024.01.14 23:00,1969.20146,1970.39073,1968.73326,1969.53214,100,20.0
2024.01.14 23:15,1970.20973,1970.41805,1968.55277,1969.06057,100,20.0
2024.01.14 23:30,1969.11432,1969.44467,1968.07529,1968.33659,100,20.0
2024.01.14 23:45,1968.74117,1969.82265,1968.62445,1969.12928,100,20.0
2024.01.15 00:00,1969.49738,1969.67635,1968.70592,1969.10373,100,20.0
2024.01.15 00:15,1968.80063,1969.29348,1968.67580,1969.04088,100,20.0
2024.01.15 00:30,1968.65607,1969.49201,1968.51341,1969.15547,100,20.0
2024.01.15 00:45,1968.99062,1969.08876,1967.88899,1968.68834,100,20.0
2024.01.15 01:00,1969.03908,1969.13571,1968.32858,1968.53414,100,20.0
2024.01.15 01:15,1968.64297,1969.31536,1968.53975,1969.27459,100,20.0
2024.01.15 01:30,1968.72582,1969.48740,1968.65817,1969.26010,100,20.0
2024.01.15 01:45,1970.06596,1970.50386,1969.26881,1969.38598,100,20.0
2024.01.15 02:00,1969.71957,1970.17756,1969.62351,1969.98113,100,20.0
2024.01.15 02:15,1971.09488,1971.39586,1970.41642,1970.90540,100,20.0
2024.01.15 02:30,1971.65204,1971.95375,1970.79339,1971.03642,100,20.0
2024.01.15 02:45,1970.34923,1970.37398,1969.65856,1969.85271,100,20.0
2024.01.15 03:00,1971.24331,1971.92939,1970.44677,1971.78215,100,20.0
2024.01.15 03:15,1972.29450,1973.43333,1971.72807,1972.94561,100,20.0
2024.01.15 03:30,1972.99366,1973.03717,1972.23496,1972.86716,100,20.0
2024.01.15 03:45,1973.41051,1974.26077,1973.25660,1973.89601,100,20.0
2024.01.15 04:00,1973.58511,1974.15729,1972.29684,1972.51388,100,20.0
2024.01.15 04:15,1972.08196,1972.71075,1971.62795,1972.21833,100,20.0
2024.01.15 04:30,1973.07653,1973.16198,1972.01560,1972.43173,100,20.0
2024.01.15 04:45,1972.77048,1973.45642,1972.04625,1972.66613,100,20.0
2024.01.15 05:00,1972.76377,1973.32985,1972.49135,1973.08633,100,20.0
2024.01.15 05:15,1972.18079,1972.48993,1971.08479,1971.65126,100,20.0
2024.01.15 05:30,1970.68511,1970.84285,1970.61815,1970.66089,100,20.0
2024.01.15 05:45,1971.52545,1972.22220,1970.94453,1971.44357,100,20.0
2024.01.15 06:00,1971.32501,1972.19736,1970.95888,1971.26226,100,20.0
2024.01.15 06:15,1971.33278,1971.98625,1970.75032,1970.97968,100,20.0
2024.01.15 06:30,1970.23592,1970.62465,1969.62510,1969.82719,100,20.0
2024.01.15 06:45,1970.11984,1970.47637,1969.30233,1969.50723,100,20.0
2024.01.15 07:00,1969.23226,1969.31941,1968.60493,1969.08804,100,20.0
2024.01.15 07:15,1970.17895,1970.50252,1970.04025,1970.50187,100,20.0
2024.01.15 07:30,1970.37607,1971.04467,1970.21054,1970.76805,100,20.0
2024.01.15 07:45,1970.61788,1970.82896,1970.22897,1970.60724,100,20.0
2024.01.15 08:00,1970.46328,1970.62595,1970.34311,1970.38365,100,20.0
2024.01.15 08:15,1969.69673,1969.76501,1969.43286,1969.46092,100,20.0
2024.01.15 08:30,1969.16268,1969.28199,1968.83155,1968.85133,100,20.0
2024.01.15 08:45,1968.76214,1968.87340,1968.49922,1968.50336,100,20.0
2024.01.15 09:00,1968.26046,1968.51876,1968.01152,1968.44548,100,20.0
2024.01.15 09:15,1968.72035,1969.01645,1968.60561,1968.78527,100,20.0
2024.01.15 09:30,1968.73308,1968.84617,1968.33943,1968.54595,100,20.0
2024.01.15 09:45,1969.04178,1969.24524,1967.43917,1968.05930,100,20.0
2024.01.15 10:00,1968.36718,1968.88779,1968.35514,1968.87646,100,20.0
2024.01.15 10:15,1968.46967,1968.65101,1967.91362,1968.02311,100,20.0
2024.01.15 10:30,1968.25885,1968.39562,1967.94777,1968.17139,100,20.0
2024.01.15 10:45,1967.99645,1968.00961,1967.57305,1967.74587,100,20.0
2024.01.15 11:00,1968.48757,1969.41015,1968.28429,1969.26014,100,20.0
2024.01.15 11:15,1969.16871,1969.47186,1968.32828,1968.40337,100,20.0
2024.01.15 11:30,1968.46625,1969.51535,1968.12230,1968.74828,100,20.0
2024.01.15 11:45,1969.27033,1969.59575,1968.93319,1969.12249,100,20.0
2024.01.15 12:00,1968.92475,1970.02254,1968.76789,1969.54890,100,20.0
2024.01.15 12:15,1969.74723,1970.15843,1969.39095,1970.04015,100,20.0
2024.01.15 12:30,1969.24936,1969.37318,1968.48579,1968.97843,100,20.0
2024.01.15 12:45,1969.06875,1970.02433,1968.43231,1969.81520,100,20.0
2024.01.15 13:00,1970.17612,1971.05550,1970.17562,1970.86777,100,20.0
2024.01.15 13:15,1970.94166,1971.09268,1970.30794,1970.72081,100,20.0
2024.01.15 13:30,1970.18710,1970.29410,1969.17455,1969.27564,100,20.0
2024.01.15 13:45,1969.81120,1970.05320,1968.89233,1969.27221,100,20.0
2024.01.15 14:00,1969.53266,1969.65766,1968.93559,1968.94207,100,20.0
2024.01.15 14:15,1968.42230,1968.86627,1968.24906,1968.67118,100,20.0
2024.01.15 14:30,1968.51958,1968.89305,1968.50240,1968.60600,100,20.0
2024.01.15 14:45,1969.56986,1970.28119,1969.45243,1969.81160,100,20.0
2024.01.15 15:00,1970.22013,1970.96094,1970.14968,1970.27076,100,20.0
2024.01.15 15:15,1970.12677,1970.64807,1969.43114,1969.97223,100,20.0
2024.01.15 15:30,1968.88231,1969.39389,1968.85582,1969.27820,100,20.0
2024.01.15 15:45,1969.41942,1970.22781,1969.03703,1969.28215,100,20.0
2024.01.15 16:00,1969.41932,1970.04965,1969.17122,1969.88002,100,20.0
2024.01.15 16:15,1970.04275,1970.08173,1969.30173,1969.51167,100,20.0
2024.01.15 16:30,1969.11157,1969.29181,1968.76149,1969.10671,100,20.0
2024.01.15 16:45,1969.68200,1970.18388,1969.67600,1970.11789,100,20.0
2024.01.15 17:00,1970.18536,1970.26303,1969.77063,1970.02218,100,20.0
2024.01.15 17:15,1969.64538,1970.09550,1969.62958,1969.75891,100,20.0
2024.01.15 17:30,1969.77655,1970.38991,1969.52025,1969.70911,100,20.0
2024.01.15 17:45,1970.43181,1971.23202,1970.17637,1970.88833,100,20.0
2024.01.15 18:00,1970.18648,1970.81228,1969.05308,1969.09449,100,20.0
2024.01.15 18:15,1969.50917,1970.60681,1969.50705,1970.08944,100,20.0
2024.01.15 18:30,1970.22542,1970.63761,1969.04553,1969.21501,100,20.0
2024.01.15 18:45,1969.69316,1969.90898,1969.45673,1969.56987,100,20.0
2024.01.15 19:00,1969.23600,1969.91117,1968.80640,1968.84093,100,20.0
2024.01.15 19:15,1968.87604,1969.62386,1968.49868,1968.77054,100,20.0
2024.01.15 19:30,1967.97936,1968.68574,1967.76460,1968.57737,100,20.0
2024.01.15 19:45,1968.47358,1970.03674,1968.21112,1969.73146,100,20.0
2024.01.15 20:00,1969.15172,1969.90385,1968.72508,1969.38531,100,20.0
2024.01.15 20:15,1969.85814,1969.87435,1969.02913,1969.32992,100,20.0
2024.01.15 20:30,1969.11823,1970.22850,1967.77557,1968.22482,100,20.0
2024.01.15 20:45,1967.27830,1967.51169,1966.64964,1966.65801,100,20.0
2024.01.15 21:00,1967.17221,1967.31165,1966.13083,1966.41806,100,20.0
2024.01.15 21:15,1966.99474,1967.25391,1966.19936,1967.20247,100,20.0
2024.01.15 21:30,1967.71263,1968.28723,1966.90259,1966.96354,100,20.0
2024.01.15 21:45,1967.03029,1967.43206,1966.89470,1967.12079,100,20.0
2024.01.15 22:00,1966.98504,1967.37738,1966.84271,1966.89839,100,20.0
2024.01.15 22:15,1966.68432,1966.94846,1966.14501,1966.41626,100,20.0
2024.01.15 22:30,1965.95485,1966.20798,1965.05499,1965.59977,100,20.0
2024.01.15 22:45,1966.01240,1967.08227,1965.79091,1966.56551,100,20.0
2024.01.15 23:00,1967.40730,1968.91008,1966.46434,1968.49064,100,20.0
2024.01.15 23:15,1969.03112,1969.96736,1969.00820,1969.80042,100,20.0
2024.01.15 23:30,1970.06433,1970.09318,1969.43947,1969.44754,100,20.0
2024.01.15 23:45,1969.59580,1969.68957,1968.02187,1968.19163,100,20.0
2024.01.16 00:00,1968.10540,1968.17796,1967.62497,1967.66314,100,20.0
2024.01.16 00:15,1967.32857,1967.38968,1966.91605,1967.20862,100,20.0
2024.01.16 00:30,1967.50057,1967.87589,1967.20941,1967.48399,100,20.0
2024.01.16 00:45,1966.01108,1966.42404,1965.39891,1965.48631,100,20.0
2024.01.16 01:00,1965.46218,1966.13708,1965.43755,1966.01284,100,20.0
2024.01.16 01:15,1965.85495,1965.89408,1965.05597,1965.80567,100,20.0
2024.01.16 01:30,1965.49536,1965.50077,1965.43115,1965.49555,100,20.0
2024.01.16 01:45,1965.20569,1965.91514,1965.01502,1965.65670,100,20.0
2024.01.16 02:00,1967.16712,1967.44060,1967.08321,1967.23263,100,20.0
2024.01.16 02:15,1967.39885,1967.56672,1967.31009,1967.54399,100,20.0
2024.01.16 02:30,1966.99892,1967.25476,1965.98869,1966.71192,100,20.0
2024.01.16 02:45,1966.18413,1967.13628,1965.99688,1966.27225,100,20.0
2024.01.16 03:00,1966.08841,1966.39284,1965.60528,1965.98750,100,20.0
2024.01.16 03:15,1965.91802,1966.02350,1965.75543,1965.95288,100,20.0
2024.01.16 03:30,1965.72806,1966.34815,1965.67964,1966.22681,100,20.0
2024.01.16 03:45,1965.47559,1966.28418,1964.94678,1966.04987,100,20.0
2024.01.16 04:00,1965.82072,1966.00039,1965.25557,1965.46305,100,20.0
2024.01.16 04:15,1964.60530,1964.91574,1963.89139,1964.31334,100,20.0
2024.01.16 04:30,1963.41185,1963.94254,1963.37850,1963.41223,100,20.0
2024.01.16 04:45,1961.29109,1961.68008,1961.25952,1961.56074,100,20.0
2024.01.16 05:00,1961.42482,1961.58043,1960.62862,1961.01582,100,20.0
2024.01.16 05:15,1960.60233,1960.60827,1959.84868,1960.33752,100,20.0
2024.01.16 05:30,1959.63637,1959.92290,1959.45623,1959.91198,100,20.0
2024.01.16 05:45,1960.30644,1961.32143,1960.17655,1960.21888,100,20.0
2024.01.16 06:00,1960.22171,1961.78382,1960.06019,1961.40016,100,20.0
2024.01.16 06:15,1961.30408,1962.05218,1961.26968,1961.75189,100,20.0
2024.01.16 06:30,1961.76847,1962.73123,1961.51855,1962.59471,100,20.0
2024.01.16 06:45,1962.96287,1963.45974,1962.37891,1962.77900,100,20.0
2024.01.16 07:00,1962.64203,1962.73224,1962.03610,1962.46407,100,20.0
2024.01.16 07:15,1962.83466,1963.22692,1962.26644,1962.27956,100,20.0
2024.01.16 07:30,1962.59552,1963.68390,1962.49198,1963.63124,100,20.0
2024.01.16 07:45,1963.27268,1964.11262,1963.15599,1964.07230,100,20.0
2024.01.16 08:00,1963.14977,1963.22139,1962.46655,1962.61104,100,20.0
2024.01.16 08:15,1962.23437,1962.94229,1961.93747,1962.58999,100,20.0
2024.01.16 08:30,1962.76128,1962.99270,1962.06528,1962.89359,100,20.0
2024.01.16 08:45,1963.92382,1964.12289,1963.44764,1963.63831,100,20.0
2024.01.16 09:00,1963.35321,1963.50619,1963.30788,1963.34870,100,20.0
2024.01.16 09:15,1962.86103,1963.29077,1962.70473,1963.06954,100,20.0
2024.01.16 09:30,1964.19810,1964.97716,1963.86717,1964.77924,100,20.0
2024.01.16 09:45,1965.39817,1965.91153,1964.87428,1965.21768,100,20.0
2024.01.16 10:00,1966.35752,1967.38935,1966.03161,1966.94322,100,20.0
2024.01.16 10:15,1966.52788,1966.70469,1965.05920,1965.79391,100,20.0
2024.01.16 10:30,1965.94434,1966.29293,1965.69933,1966.11131,100,20.0
2024.01.16 10:45,1965.59559,1965.90767,1965.32730,1965.67639,100,20.0
2024.01.16 11:00,1966.63766,1966.65024,1965.52681,1965.90917,100,20.0
2024.01.16 11:15,1965.89745,1966.17257,1965.26704,1965.55633,100,20.0
2024.01.16 11:30,1964.88575,1966.16552,1964.78080,1965.81545,100,20.0
2024.01.16 11:45,1965.55712,1966.16154,1965.52336,1966.03441,100,20.0
2024.01.16 12:00,1966.34020,1967.37844,1966.19967,1967.12283,100,20.0
2024.01.16 12:15,1967.15710,1967.58712,1966.84049,1967.36999,100,20.0
2024.01.16 12:30,1966.79541,1967.85625,1966.49718,1967.38954,100,20.0
2024.01.16 12:45,1966.89021,1967.55250,1966.64377,1967.04076,100,20.0
2024.01.16 13:00,1967.32421,1967.38603,1966.55807,1966.75714,100,20.0
2024.01.16 13:15,1967.59912,1968.00357,1967.41710,1967.52210,100,20.0
2024.01.16 13:30,1968.21304,1968.25052,1967.65215,1968.05463,100,20.0
2024.01.16 13:45,1967.12800,1967.18536,1966.55866,1966.70992,100,20.0
2024.01.16 14:00,1967.17040,1967.28468,1967.05463,1967.20087,100,20.0
2024.01.16 14:15,1966.71184,1966.90363,1965.65664,1966.09806,100,20.0
2024.01.16 14:30,1966.26002,1966.72259,1965.99672,1966.55231,100,20.0
2024.01.16 14:45,1965.29613,1965.37222,1964.56776,1964.94225,100,20.0
2024.01.16 15:00,1965.45606,1965.98489,1965.24598,1965.57803,100,20.0
2024.01.16 15:15,1966.79232,1967.10176,1966.76041,1967.07119,100,20.0
2024.01.16 15:30,1967.69548,1968.25793,1966.24210,1966.37385,100,20.0
2024.01.16 15:45,1966.94483,1967.75910,1966.83335,1967.62269,100,20.0
2024.01.16 16:00,1968.17386,1968.76747,1967.64743,1967.99210,100,20.0
2024.01.16 16:15,1968.47467,1969.14115,1968.33964,1968.71578,100,20.0
2024.01.16 16:30,1968.82296,1969.28811,1968.65406,1968.69381,100,20.0
2024.01.16 16:45,1968.58920,1968.65149,1967.92359,1968.12920,100,20.0
2024.01.16 17:00,1969.17616,1969.43987,1968.82767,1969.05465,100,20.0
2024.01.16 17:15,1969.53317,1969.54775,1968.71569,1969.12918,100,20.0
2024.01.16 17:30,1969.94725,1969.98311,1969.06742,1969.41496,100,20.0
2024.01.16 17:45,1969.69330,1970.71794,1969.40438,1970.58110,100,20.0
2024.01.16 18:00,1970.51982,1971.26474,1969.41523,1969.86499,100,20.0
2024.01.16 18:15,1969.83721,1970.87050,1969.51721,1970.78720,100,20.0
2024.01.16 18:30,1970.71148,1971.15530,1970.37994,1970.97808,100,20.0
2024.01.16 18:45,1971.43155,1972.99742,1971.38974,1972.36045,100,20.0
2024.01.16 19:00,1972.40171,1972.85319,1971.69018,1972.06309,100,20.0
2024.01.16 19:15,1972.86504,1973.97015,1972.65648,1973.83289,100,20.0
2024.01.16 19:30,1973.43287,1974.44182,1973.41579,1973.90124,100,20.0
2024.01.16 19:45,1974.55498,1975.29117,1974.17533,1974.96503,100,20.0
2024.01.16 20:00,1974.32058,1975.78179,1973.90834,1975.19767,100,20.0
2024.01.16 20:15,1975.88858,1976.51360,1974.57848,1974.96210,100,20.0
2024.01.16 20:30,1975.76908,1975.80740,1975.30020,1975.79891,100,20.0
2024.01.16 20:45,1975.46852,1975.64872,1974.63146,1974.99376,100,20.0
2024.01.16 21:00,1975.37796,1975.41338,1974.52468,1974.87301,100,20.0
2024.01.16 21:15,1975.76086,1976.54171,1975.17915,1975.21138,100,20.0
2024.01.16 21:30,1975.13506,1975.45545,1974.96417,1975.19432,100,20.0
2024.01.16 21:45,1975.73768,1975.80284,1975.06329,1975.33358,100,20.0
2024.01.16 22:00,1975.62576,1975.71140,1974.43930,1974.88644,100,20.0
2024.01.16 22:15,1974.66855,1974.79878,1974.28003,1974.43185,100,20.0
2024.01.16 22:30,1974.43805,1974.47174,1974.14447,1974.46390,100,20.0
2024.01.16 22:45,1973.97899,1974.26419,1973.60287,1974.22330,100,20.0
2024.01.16 23:00,1973.45120,1973.96750,1973.08569,1973.48560,100,20.0
2024.01.16 23:15,1972.86438,1973.36723,1972.71582,1972.92759,100,20.0
2024.01.16 23:30,1971.96366,1972.55838,1971.60627,1971.71566,100,20.0
2024.01.16 23:45,1971.42042,1971.59072,1971.15941,1971.41349,100,20.0
2024.01.17 00:00,1971.17416,1971.76098,1970.85892,1971.65792,100,20.0
2024.01.17 00:15,1971.57015,1972.17987,1971.47709,1971.88901,100,20.0
2024.01.17 00:30,1971.03028,1971.27300,1969.26201,1969.87625,100,20.0
2024.01.17 00:45,1969.88240,1970.58000,1969.81654,1970.16711,100,20.0
2024.01.17 01:00,1970.01569,1970.41971,1969.94847,1970.00674,100,20.0
2024.01.17 01:15,1970.03568,1970.14485,1969.77858,1969.93551,100,20.0
2024.01.17 01:30,1969.73498,1970.10929,1969.28760,1969.97873,100,20.0
2024.01.17 01:45,1970.96226,1971.30373,1970.33540,1971.29181,100,20.0
2024.01.17 02:00,1970.37187,1970.46099,1969.21992,1969.41588,100,20.0
2024.01.17 02:15,1969.39322,1969.55462,1969.13381,1969.35327,100,20.0
2024.01.17 02:30,1969.93781,1970.04634,1969.68782,1969.76369,100,20.0
2024.01.17 02:45,1969.01394,1969.02990,1968.77716,1968.93602,100,20.0
2024.01.17 03:00,1968.90404,1969.10950,1967.97001,1968.63265,100,20.0
2024.01.17 03:15,1968.42306,1968.78121,1968.23920,1968.27428,100,20.0
2024.01.17 03:30,1968.04377,1968.50108,1967.84755,1968.29485,100,20.0
2024.01.17 03:45,1967.98282,1968.06665,1967.71245,1967.85518,100,20.0
2024.01.17 04:00,1967.22729,1968.21763,1967.11154,1967.98625,100,20.0
2024.01.17 04:15,1967.97011,1968.15610,1967.71310,1967.74761,100,20.0
2024.01.17 04:30,1968.20094,1968.20549,1967.51436,1967.53800,100,20.0
2024.01.17 04:45,1968.48434,1969.51312,1968.05042,1968.95743,100,20.0
2024.01.17 05:00,1969.14736,1969.29582,1968.36441,1968.91072,100,20.0
2024.01.17 05:15,1968.50086,1968.77240,1968.49415,1968.66027,100,20.0
2024.01.17 05:30,1968.66868,1968.91183,1967.90934,1967.99971,100,20.0
2024.01.17 05:45,1968.57411,1968.63055,1968.07842,1968.29418,100,20.0
2024.01.17 06:00,1968.48351,1968.91005,1968.20074,1968.27236,100,20.0
2024.01.17 06:15,1967.91893,1968.08519,1967.64106,1967.69285,100,20.0
2024.01.17 06:30,1967.53064,1968.39920,1967.28772,1968.37894,100,20.0
2024.01.17 06:45,1968.90451,1969.35514,1968.33458,1968.78471,100,20.0
2024.01.17 07:00,1968.21515,1968.83070,1967.99602,1968.01761,100,20.0
2024.01.17 07:15,1968.49414,1969.06867,1968.27008,1968.95671,100,20.0
2024.01.17 07:30,1968.79972,1969.95596,1968.56493,1969.41807,100,20.0
2024.01.17 07:45,1968.73936,1969.22893,1968.36436,1968.84962,100,20.0
2024.01.17 08:00,1967.60925,1967.65369,1966.97939,1967.07319,100,20.0
2024.01.17 08:15,1966.93447,1967.10719,1965.98369,1966.15551,100,20.0
2024.01.17 08:30,1966.07072,1966.22384,1965.77411,1965.81773,100,20.0
2024.01.17 08:45,1966.46698,1966.66147,1966.38805,1966.46515,100,20.0
2024.01.17 09:00,1966.66427,1966.78462,1966.18523,1966.56169,100,20.0
2024.01.17 09:15,1966.71261,1967.19459,1966.67897,1966.86718,100,20.0
2024.01.17 09:30,1967.99356,1969.18902,1967.91319,1968.62193,100,20.0
2024.01.17 09:45,1968.84051,1969.26807,1968.22570,1968.36155,100,20.0
2024.01.17 10:00,1969.08331,1969.67871,1969.00925,1969.38516,100,20.0
2024.01.17 10:15,1969.83216,1970.21249,1968.64090,1968.95076,100,20.0
2024.01.17 10:30,1968.80032,1969.07324,1968.42064,1968.48447,100,20.0
2024.01.17 10:45,1968.24078,1969.34484,1968.11895,1969.20963,100,20.0
2024.01.17 11:00,1969.75234,1970.33248,1968.88571,1969.10596,100,20.0
2024.01.17 11:15,1968.13754,1968.67048,1967.85041,1968.48469,100,20.0
2024.01.17 11:30,1968.17463,1968.57282,1967.73032,1967.81220,100,20.0
2024.01.17 11:45,1967.80369,1969.16978,1967.54832,1968.81408,100,20.0
2024.01.17 12:00,1968.23304,1968.62651,1968.00384,1968.23042,100,20.0
2024.01.17 12:15,1968.43808,1968.89430,1968.28020,1968.35214,100,20.0
2024.01.17 12:30,1969.22801,1969.82155,1968.55211,1969.03541,100,20.0
2024.01.17 12:45,1969.93606,1971.39587,1969.83802,1970.83666,100,20.0
2024.01.17 13:00,1969.83390,1969.87573,1969.47275,1969.60457,100,20.0
2024.01.17 13:15,1970.88563,1971.90325,1970.82605,1971.45692,100,20.0
2024.01.17 13:30,1970.31419,1970.64155,1969.25109,1969.74807,100,20.0
2024.01.17 13:45,1970.17609,1970.61716,1970.04290,1970.57468,100,20.0
2024.01.17 14:00,1971.05891,1971.41495,1970.62800,1970.80133,100,20.0
2024.01.17 14:15,1971.15646,1971.32232,1970.82479,1971.02860,100,20.0
2024.01.17 14:30,1971.16146,1971.97570,1970.45161,1971.66521,100,20.0
2024.01.17 14:45,1971.87175,1972.56980,1971.50232,1972.25209,100,20.0
2024.01.17 15:00,1972.08568,1972.31112,1971.77881,1971.95625,100,20.0
2024.01.17 15:15,1972.02253,1972.14953,1971.50672,1971.69225,100,20.0
2024.01.17 15:30,1971.49546,1971.50075,1970.84507,1970.93178,100,20.0
2024.01.17 15:45,1970.91051,1970.97689,1970.73023,1970.91876,100,20.0
2024.01.17 16:00,1972.53884,1973.65108,1972.46734,1973.38117,100,20.0
2024.01.17 16:15,1973.78904,1974.43185,1973.71857,1974.17830,100,20.0
2024.01.17 16:30,1975.18770,1975.51413,1974.70323,1974.76006,100,20.0
2024.01.17 16:45,1975.68397,1975.91959,1975.14572,1975.19309,100,20.0
2024.01.17 17:00,1975.25197,1976.29281,1974.99339,1975.96349,100,20.0
2024.01.17 17:15,1975.81638,1975.98177,1974.41615,1975.22426,100,20.0
2024.01.17 17:30,1975.05619,1975.16269,1974.37724,1974.55887,100,20.0
2024.01.17 17:45,1974.38654,1974.64500,1973.83786,1973.90630,100,20.0
2024.01.17 18:00,1974.24248,1974.41901,1973.96963,1974.25529,100,20.0
2024.01.17 18:15,1973.79592,1974.46815,1973.59177,1974.43900,100,20.0
2024.01.17 18:30,1974.42316,1975.10975,1974.04268,1975.04940,100,20.0
2024.01.17 18:45,1975.26418,1975.78046,1974.21167,1974.36995,100,20.0
2024.01.17 19:00,1974.49230,1974.83534,1974.24647,1974.25838,100,20.0
2024.01.17 19:15,1974.20144,1974.46773,1973.60637,1973.70346,100,20.0
2024.01.17 19:30,1973.14640,1973.30993,1972.94710,1973.26099,100,20.0
2024.01.17 19:45,1973.40578,1973.44450,1972.05756,1972.14774,100,20.0
2024.01.17 20:00,1971.86091,1972.44318,1971.56592,1971.72978,100,20.0
2024.01.17 20:15,1971.93776,1972.01074,1971.70577,1971.76713,100,20.0
2024.01.17 20:30,1973.08002,1973.42608,1972.69512,1972.91082,100,20.0
2024.01.17 20:45,1972.93963,1973.64562,1972.30345,1973.43714,100,20.0
2024.01.17 21:00,1974.68231,1975.06417,1974.13633,1974.85790,100,20.0
2024.01.17 21:15,1974.43406,1975.19685,1974.34479,1974.37822,100,20.0
2024.01.17 21:30,1974.36705,1974.44409,1973.97083,1974.10848,100,20.0
2024.01.17 21:45,1973.51212,1973.81823,1972.05855,1972.30864,100,20.0
2024.01.17 22:00,1972.10640,1972.93253,1971.89428,1972.84848,100,20.0
2024.01.17 22:15,1972.23282,1972.63390,1971.24524,1971.42339,100,20.0
2024.01.17 22:30,1971.13055,1971.49711,1970.01331,1970.12360,100,20.0
2024.01.17 22:45,1970.76815,1971.02469,1970.25431,1970.87214,100,20.0
2024.01.17 23:00,1971.00745,1971.22169,1970.62411,1970.83744,100,20.0
2024.01.17 23:15,1970.70843,1970.91879,1970.69531,1970.80630,100,20.0
2024.01.17 23:30,1970.85484,1970.93690,1970.28368,1970.49858,100,20.0
2024.01.17 23:45,1970.44982,1970.97853,1970.01025,1970.25946,100,20.0
2024.01.18 00:00,1969.91486,1970.43941,1969.81795,1969.99149,100,20.0
2024.01.18 00:15,1970.32393,1970.87096,1969.74737,1970.59616,100,20.0
2024.01.18 00:30,1969.73496,1969.92707,1969.31149,1969.33617,100,20.0
2024.01.18 00:45,1970.27881,1970.34786,1969.75321,1969.86539,100,20.0
2024.01.18 01:00,1970.62959,1971.18291,1970.30621,1970.40439,100,20.0
2024.01.18 01:15,1970.70637,1971.14507,1970.40837,1970.56383,100,20.0
2024.01.18 01:30,1971.62816,1972.46118,1971.50435,1972.43058,100,20.0
2024.01.18 01:45,1971.75515,1973.12887,1971.59761,1973.04729,100,20.0
2024.01.18 02:00,1973.50250,1973.60522,1973.31856,1973.40243,100,20.0
2024.01.18 02:15,1973.72008,1973.86180,1972.96508,1973.17422,100,20.0
2024.01.18 02:30,1974.27399,1974.52153,1973.67609,1973.93146,100,20.0
2024.01.18 02:45,1974.44048,1975.44727,1973.79492,1975.09390,100,20.0
2024.01.18 03:00,1975.29969,1975.41366,1974.70008,1975.02612,100,20.0
2024.01.18 03:15,1975.42359,1975.63753,1975.02571,1975.11598,100,20.0
2024.01.18 03:30,1974.59932,1974.78470,1973.63849,1973.82003,100,20.0
2024.01.18 03:45,1973.58806,1973.71438,1973.10688,1973.35073,100,20.0
2024.01.18 04:00,1973.57747,1973.99975,1973.20346,1973.22663,100,20.0
2024.01.18 04:15,1973.18479,1973.27963,1972.95626,1973.23326,100,20.0
2024.01.18 04:30,1971.82129,1971.89394,1970.82854,1971.20141,100,20.0
2024.01.18 04:45,1970.81327,1970.97385,1970.18241,1970.40851,100,20.0
2024.01.18 05:00,1970.86450,1971.59122,1970.40459,1971.48970,100,20.0
2024.01.18 05:15,1971.30502,1971.70039,1970.73448,1970.75749,100,20.0
2024.01.18 05:30,1971.65096,1971.87205,1971.33819,1971.75049,100,20.0
2024.01.18 05:45,1971.60651,1972.59375,1971.48682,1972.22953,100,20.0
2024.01.18 06:00,1971.59240,1971.76196,1971.34100,1971.63551,100,20.0
2024.01.18 06:15,1971.32380,1971.98321,1970.71337,1971.07932,100,20.0
2024.01.18 06:30,1970.27395,1970.74597,1969.90483,1970.29211,100,20.0
2024.01.18 06:45,1969.61355,1970.42075,1969.28848,1969.84848,100,20.0
2024.01.18 07:00,1970.05196,1970.42677,1968.94814,1969.07293,100,20.0
2024.01.18 07:15,1969.10683,1969.45922,1968.68109,1968.86774,100,20.0
2024.01.18 07:30,1968.41443,1969.01038,1967.86560,1968.92611,100,20.0
2024.01.18 07:45,1969.22683,1969.44763,1968.25585,1968.90230,100,20.0
2024.01.18 08:00,1968.79324,1968.90895,1968.23518,1968.72600,100,20.0
2024.01.18 08:15,1968.23526,1968.28348,1967.10830,1967.13394,100,20.0
2024.01.18 08:30,1967.05678,1967.57573,1966.85319,1967.38469,100,20.0
2024.01.18 08:45,1968.56057,1968.77823,1968.14233,1968.53084,100,20.0
2024.01.18 09:00,1968.55559,1968.91033,1968.19085,1968.37754,100,20.0
2024.01.18 09:15,1968.76686,1969.22796,1968.53990,1968.69258,100,20.0
2024.01.18 09:30,1968.12296,1968.31841,1968.12040,1968.20675,100,20.0
2024.01.18 09:45,1967.95884,1969.45828,1967.95136,1968.92591,100,20.0
2024.01.18 10:00,1969.39500,1969.58534,1969.35470,1969.48789,100,20.0
2024.01.18 10:15,1969.07826,1969.63634,1968.67940,1968.84200,100,20.0
2024.01.18 10:30,1968.24998,1969.11881,1967.62118,1967.72788,100,20.0
2024.01.18 10:45,1967.09939,1967.52307,1966.70040,1967.00217,100,20.0
2024.01.18 11:00,1965.35075,1965.36554,1964.24553,1964.30217,100,20.0
2024.01.18 11:15,1964.42954,1964.76676,1963.06043,1963.98457,100,20.0
2024.01.18 11:30,1963.78238,1964.19384,1963.75952,1963.81747,100,20.0
2024.01.18 11:45,1963.78455,1964.56460,1963.30880,1964.10479,100,20.0
2024.01.18 12:00,1964.25370,1964.62852,1963.47808,1963.67681,100,20.0
2024.01.18 12:15,1963.42387,1964.22325,1961.75616,1962.30233,100,20.0
2024.01.18 12:30,1960.98305,1961.08242,1960.10061,1960.30516,100,20.0
2024.01.18 12:45,1960.98203,1961.03337,1960.70173,1960.89073,100,20.0
2024.01.18 13:00,1960.59979,1961.04485,1960.02343,1960.89183,100,20.0
2024.01.18 13:15,1961.30490,1961.31098,1960.86639,1961.29305,100,20.0
2024.01.18 13:30,1961.70112,1961.82238,1960.61744,1960.75847,100,20.0
2024.01.18 13:45,1960.81282,1960.85849,1960.56027,1960.76490,100,20.0
2024.01.18 14:00,1960.42689,1960.99347,1960.14426,1960.74884,100,20.0
2024.01.18 14:15,1960.55670,1960.75473,1960.26213,1960.35654,100,20.0
2024.01.18 14:30,1960.28242,1961.10528,1960.05003,1960.80159,100,20.0
2024.01.18 14:45,1960.98232,1961.22189,1960.37830,1960.76027,100,20.0
2024.01.18 15:00,1961.08408,1961.48199,1960.65754,1960.92863,100,20.0
2024.01.18 15:15,1962.25960,1962.92120,1961.96242,1962.12327,100,20.0
2024.01.18 15:30,1961.91796,1962.01625,1961.85638,1961.93558,100,20.0
2024.01.18 15:45,1961.62667,1962.66542,1961.38941,1961.94848,100,20.0
2024.01.18 16:00,1961.98291,1962.08206,1960.87347,1961.11851,100,20.0
2024.01.18 16:15,1960.87430,1961.02809,1960.55663,1960.60945,100,20.0
2024.01.18 16:30,1960.23444,1960.25600,1959.40651,1959.77577,100,20.0
2024.01.18 16:45,1961.71609,1961.93624,1961.26888,1961.66346,100,20.0
2024.01.18 17:00,1961.26416,1961.69372,1961.01397,1961.18623,100,20.0
2024.01.18 17:15,1960.80812,1961.10225,1960.33279,1960.48781,100,20.0
2024.01.18 17:30,1961.08314,1961.25509,1960.60039,1960.81090,100,20.0
2024.01.18 17:45,1960.23620,1960.88548,1959.81918,1960.51344,100,20.0
2024.01.18 18:00,1960.23949,1961.10690,1960.02181,1961.07120,100,20.0
2024.01.18 18:15,1960.53132,1961.18545,1960.52186,1960.84215,100,20.0
2024.01.18 18:30,1961.60307,1962.24554,1961.24951,1962.09673,100,20.0
2024.01.18 18:45,1962.01389,1962.78118,1961.56633,1962.18708,100,20.0
2024.01.18 19:00,1962.03633,1962.32371,1961.89120,1962.15506,100,20.0
2024.01.18 19:15,1962.83389,1963.19346,1961.61041,1961.78021,100,20.0
2024.01.18 19:30,1962.25211,1962.90951,1961.57707,1962.15152,100,20.0
2024.01.18 19:45,1962.02299,1962.30119,1960.88892,1962.13157,100,20.0
2024.01.18 20:00,1962.19187,1962.31662,1961.57279,1961.68699,100,20.0
2024.01.18 20:15,1962.67273,1963.04088,1961.72525,1962.08229,100,20.0
2024.01.18 20:30,1963.27794,1964.13060,1962.94082,1963.61495,100,20.0
2024.01.18 20:45,1963.92436,1964.49634,1963.54960,1964.27225,100,20.0
2024.01.18 21:00,1963.02857,1963.56030,1962.70292,1963.30978,100,20.0
2024.01.18 21:15,1963.80667,1964.28648,1963.10954,1963.44228,100,20.0
2024.01.18 21:30,1963.28838,1964.27020,1963.04737,1963.76742,100,20.0
2024.01.18 21:45,1963.06979,1963.59639,1962.27558,1962.92536,100,20.0
2024.01.18 22:00,1963.31621,1963.54666,1963.15849,1963.31891,100,20.0
2024.01.18 22:15,1962.39941,1962.70888,1962.26081,1962.54976,100,20.0
2024.01.18 22:30,1963.28745,1963.42239,1962.94058,1963.05021,100,20.0
2024.01.18 22:45,1963.19907,1964.37706,1962.68946,1963.96366,100,20.0
2024.01.18 23:00,1964.47299,1965.35227,1964.32549,1964.72618,100,20.0
2024.01.18 23:15,1964.86791,1966.82873,1964.27826,1965.91635,100,20.0
2024.01.18 23:30,1966.79459,1967.50612,1966.69617,1967.36661,100,20.0
2024.01.18 23:45,1969.16793,1969.55122,1969.01335,1969.30817,100,20.0
2024.01.19 00:00,1969.73675,1969.90923,1968.09239,1968.75028,100,20.0
2024.01.19 00:15,1968.74134,1969.22252,1968.25952,1968.97747,100,20.0
2024.01.19 00:30,1968.20259,1968.86794,1968.10468,1968.78247,100,20.0
2024.01.19 00:45,1969.14372,1970.20203,1968.73023,1970.01686,100,20.0
2024.01.19 01:00,1969.07073,1969.42546,1968.57908,1969.35102,100,20.0
2024.01.19 01:15,1968.80281,1969.24159,1968.11331,1968.39985,100,20.0
2024.01.19 01:30,1968.34159,1968.64000,1967.99496,1968.11093,100,20.0
2024.01.19 01:45,1967.65400,1968.17790,1967.24677,1967.42656,100,20.0
2024.01.19 02:00,1967.66132,1968.07960,1967.54764,1967.97322,100,20.0
2024.01.19 02:15,1968.33633,1968.61386,1967.81959,1968.26948,100,20.0
2024.01.19 02:30,1968.00239,1969.39688,1967.81020,1969.14233,100,20.0
2024.01.19 02:45,1969.98955,1970.54101,1968.51522,1968.92733,100,20.0
2024.01.19 03:00,1968.76099,1968.94527,1968.36915,1968.70666,100,20.0
2024.01.19 03:15,1970.04038,1970.43590,1969.79492,1969.82908,100,20.0
2024.01.19 03:30,1969.40975,1969.86839,1969.31409,1969.66941,100,20.0
2024.01.19 03:45,1968.69825,1969.04137,1967.90799,1968.36827,100,20.0
2024.01.19 04:00,1968.95310,1969.76180,1968.31824,1969.17541,100,20.0
2024.01.19 04:15,1969.71125,1969.75355,1969.20943,1969.42246,100,20.0
2024.01.19 04:30,1969.60312,1971.08297,1969.32262,1970.24516,100,20.0
2024.01.19 04:45,1969.91010,1970.43129,1969.36588,1969.99707,100,20.0
2024.01.19 05:00,1970.34946,1971.27889,1970.14132,1971.09300,100,20.0
2024.01.19 05:15,1970.33438,1971.05219,1969.87044,1970.59102,100,20.0
2024.01.19 05:30,1970.36917,1971.22145,1969.05429,1969.57624,100,20.0
2024.01.19 05:45,1969.67589,1970.36829,1969.44429,1970.27696,100,20.0
2024.01.19 06:00,1972.42661,1972.71797,1972.17723,1972.23164,100,20.0
2024.01.19 06:15,1972.79618,1973.47319,1972.28663,1972.59775,100,20.0
2024.01.19 06:30,1972.27149,1973.64369,1971.71282,1973.35156,100,20.0
2024.01.19 06:45,1974.62163,1974.84715,1973.69077,1974.15586,100,20.0
2024.01.19 07:00,1973.45676,1973.73002,1972.70984,1973.13003,100,20.0
2024.01.19 07:15,1972.89159,1972.96962,1972.17343,1972.43072,100,20.0
2024.01.19 07:30,1973.16098,1973.48382,1973.06602,1973.16024,100,20.0
2024.01.19 07:45,1974.34444,1974.36140,1973.96842,1974.19079,100,20.0
2024.01.19 08:00,1973.24503,1974.49484,1973.07018,1974.11634,100,20.0
2024.01.19 08:15,1973.66606,1973.76297,1973.31489,1973.59334,100,20.0
2024.01.19 08:30,1974.36901,1974.65953,1974.36599,1974.37036,100,20.0
2024.01.19 08:45,1974.60567,1974.99017,1974.58798,1974.60394,100,20.0
2024.01.19 09:00,1975.94631,1976.09699,1975.08949,1975.62448,100,20.0
2024.01.19 09:15,1975.86243,1975.91661,1975.55461,1975.62345,100,20.0
2024.01.19 09:30,1975.77448,1976.51747,1975.72756,1976.50191,100,20.0
2024.01.19 09:45,1976.51521,1976.66916,1975.43232,1975.58729,100,20.0
2024.01.19 10:00,1975.03814,1975.35285,1974.55982,1974.56187,100,20.0
2024.01.19 10:15,1975.25354,1976.69711,1975.19496,1976.44963,100,20.0
2024.01.19 10:30,1976.94940,1977.26253,1975.87121,1976.40501,100,20.0
2024.01.19 10:45,1976.04297,1976.60981,1975.73952,1975.80074,100,20.0
2024.01.19 11:00,1975.31015,1976.29445,1975.30724,1975.81872,100,20.0
2024.01.19 11:15,1976.87743,1977.12483,1975.58700,1976.26846,100,20.0
2024.01.19 11:30,1975.87492,1976.85851,1975.83767,1976.22541,100,20.0
2024.01.19 11:45,1976.61563,1976.63647,1975.83778,1976.24264,100,20.0
2024.01.19 12:00,1976.87007,1977.26739,1976.28268,1976.66541,100,20.0
2024.01.19 12:15,1976.52580,1976.72301,1976.49170,1976.66385,100,20.0
2024.01.19 12:30,1977.38853,1977.92771,1976.41290,1976.42571,100,20.0
2024.01.19 12:45,1976.28303,1977.37512,1975.79097,1976.92521,100,20.0
2024.01.19 13:00,1976.82928,1977.65315,1976.39102,1977.19222,100,20.0
2024.01.19 13:15,1978.27977,1978.34890,1976.56262,1977.15511,100,20.0
2024.01.19 13:30,1978.34451,1978.38329,1977.52673,1978.21748,100,20.0
2024.01.19 13:45,1980.27079,1981.53168,1979.92562,1981.29906,100,20.0
2024.01.19 14:00,1981.04726,1981.54963,1980.71635,1980.95737,100,20.0
2024.01.19 14:15,1980.99022,1981.41605,1980.46800,1981.33588,100,20.0
2024.01.19 14:30,1981.21761,1981.43900,1980.76006,1981.01567,100,20.0
2024.01.19 14:45,1980.37218,1980.46309,1979.51874,1979.95554,100,20.0
2024.01.19 15:00,1980.75471,1981.05395,1980.24937,1980.35647,100,20.0
2024.01.19 15:15,1980.72842,1980.77696,1979.93982,1980.19724,100,20.0
2024.01.19 15:30,1980.37533,1980.89363,1979.84932,1980.71825,100,20.0
2024.01.19 15:45,1981.26172,1982.60769,1980.84886,1982.41191,100,20.0
2024.01.19 16:00,1983.16327,1983.32468,1982.92185,1983.21228,100,20.0
2024.01.19 16:15,1982.96074,1983.04010,1982.74774,1982.79368,100,20.0
2024.01.19 16:30,1983.18620,1983.59720,1982.38458,1982.65527,100,20.0
2024.01.19 16:45,1983.16674,1984.32596,1983.14521,1984.26760,100,20.0
2024.01.19 17:00,1984.32600,1984.57519,1983.48044,1983.77615,100,20.0
2024.01.19 17:15,1984.90929,1985.54742,1984.34730,1985.17763,100,20.0
2024.01.19 17:30,1984.69000,1985.19398,1984.40147,1984.65279,100,20.0
2024.01.19 17:45,1985.43644,1986.06674,1983.79564,1984.67990,100,20.0
2024.01.19 18:00,1984.79080,1985.03092,1984.11810,1984.70629,100,20.0
2024.01.19 18:15,1983.67931,1983.93339,1983.47785,1983.76950,100,20.0
2024.01.19 18:30,1983.99347,1985.02149,1983.89378,1984.53638,100,20.0
2024.01.19 18:45,1985.45032,1985.84641,1984.58436,1984.68448,100,20.0
2024.01.19 19:00,1985.06959,1985.33979,1983.68937,1983.74815,100,20.0
2024.01.19 19:15,1982.98655,1983.24335,1982.87739,1983.03460,100,20.0
2024.01.19 19:30,1982.23575,1982.30448,1980.92561,1981.22449,100,20.0
2024.01.19 19:45,1981.08403,1981.63969,1980.64813,1980.77127,100,20.0
2024.01.19 20:00,1981.81588,1982.15547,1980.55314,1981.12330,100,20.0
2024.01.19 20:15,1981.15378,1982.25780,1980.54969,1981.53391,100,20.0
2024.01.19 20:30,1980.75121,1980.76203,1980.13630,1980.59756,100,20.0
2024.01.19 20:45,1981.57436,1981.79969,1981.10704,1981.73184,100,20.0
2024.01.19 21:00,1982.02402,1982.73150,1981.93542,1982.45369,100,20.0
2024.01.19 21:15,1982.59462,1983.06611,1981.67706,1981.84495,100,20.0
2024.01.19 21:30,1981.20494,1981.79944,1981.10129,1981.76708,100,20.0
2024.01.19 21:45,1982.50073,1982.77972,1982.00467,1982.68951,100,20.0
2024.01.19 22:00,1983.40121,1983.68786,1982.74849,1983.08357,100,20.0
2024.01.19 22:15,1983.58585,1983.81785,1983.28548,1983.48757,100,20.0
2024.01.19 22:30,1985.46174,1985.70672,1985.39725,1985.57117,100,20.0
2024.01.19 22:45,1986.02366,1986.70872,1985.70572,1986.53917,100,20.0
2024.01.19 23:00,1985.71828,1986.28043,1984.69837,1985.36919,100,20.0
2024.01.19 23:15,1985.24212,1985.55181,1985.17953,1985.44993,100,20.0
2024.01.19 23:30,1985.70401,1985.82611,1985.40692,1985.60330,100,20.0
2024.01.19 23:45,1985.57531,1986.21113,1985.55372,1985.57625,100,20.0
2024.01.20 00:00,1984.68528,1984.86462,1983.66182,1984.20473,100,20.0
2024.01.20 00:15,1983.19319,1983.32324,1982.29383,1982.51351,100,20.0
2024.01.20 00:30,1982.68194,1983.71435,1982.29062,1983.22923,100,20.0
2024.01.20 00:45,1983.57367,1984.02286,1983.41000,1983.59817,100,20.0
2024.01.20 01:00,1983.07041,1983.13155,1982.36259,1982.71286,100,20.0
2024.01.20 01:15,1982.18538,1982.47364,1981.21510,1981.83626,100,20.0
2024.01.20 01:30,1982.24926,1983.54465,1981.85532,1982.97602,100,20.0
2024.01.20 01:45,1982.20626,1983.22074,1982.20170,1982.94126,100,20.0
2024.01.20 02:00,1983.78811,1984.60019,1983.78173,1984.13310,100,20.0
2024.01.20 02:15,1983.66358,1983.74147,1983.25811,1983.26365,100,20.0
2024.01.20 02:30,1982.86251,1983.65118,1982.52207,1983.29119,100,20.0
2024.01.20 02:45,1983.19423,1983.52207,1982.58918,1983.09487,100,20.0
2024.01.20 03:00,1983.98789,1985.12508,1983.96230,1985.07140,100,20.0
2024.01.20 03:15,1985.64370,1986.78339,1985.55367,1986.15079,100,20.0
2024.01.20 03:30,1985.89861,1986.99807,1985.30920,1986.82992,100,20.0
2024.01.20 03:45,1986.44131,1986.95778,1985.63372,1985.78013,100,20.0
2024.01.20 04:00,1986.23282,1986.30411,1985.71821,1985.76160,100,20.0
2024.01.20 04:15,1986.07995,1986.33678,1985.36971,1985.70769,100,20.0
2024.01.20 04:30,1986.35926,1986.60617,1985.44685,1985.69806,100,20.0
2024.01.20 04:45,1986.14545,1986.23448,1986.08938,1986.10914,100,20.0
2024.01.20 05:00,1985.63098,1986.61502,1984.97271,1986.08235,100,20.0
2024.01.20 05:15,1986.61822,1986.98928,1986.40836,1986.87781,100,20.0
2024.01.20 05:30,1986.19009,1986.69053,1986.13100,1986.44004,100,20.0
2024.01.20 05:45,1987.24006,1987.26112,1987.00302,1987.19780,100,20.0
2024.01.20 06:00,1987.11519,1987.31625,1985.80631,1986.03748,100,20.0
2024.01.20 06:15,1985.47618,1985.78608,1985.02710,1985.29498,100,20.0
2024.01.20 06:30,1984.75426,1984.86332,1984.29928,1984.37282,100,20.0
2024.01.20 06:45,1984.76009,1985.27254,1984.38845,1985.18690,100,20.0
2024.01.20 07:00,1985.22474,1985.70897,1984.79950,1985.20524,100,20.0
2024.01.20 07:15,1985.31097,1985.95217,1984.65625,1985.08155,100,20.0
2024.01.20 07:30,1985.35021,1985.90262,1984.74888,1984.86594,100,20.0
2024.01.20 07:45,1984.77707,1985.74069,1984.59974,1985.22791,100,20.0
2024.01.20 08:00,1985.46923,1986.10338,1984.87456,1985.21770,100,20.0
2024.01.20 08:15,1984.59461,1985.00737,1984.42525,1984.79438,100,20.0
2024.01.20 08:30,1984.14731,1984.69460,1984.00931,1984.52300,100,20.0
2024.01.20 08:45,1984.56486,1985.18610,1984.23939,1984.93506,100,20.0
2024.01.20 09:00,1983.98738,1984.81583,1982.58150,1983.21356,100,20.0
2024.01.20 09:15,1983.18512,1984.70099,1982.64549,1984.31071,100,20.0
2024.01.20 09:30,1983.45606,1983.79615,1983.19689,1983.54317,100,20.0
2024.01.20 09:45,1983.82738,1984.84325,1983.56993,1984.43730,100,20.0
2024.01.20 10:00,1984.33395,1984.56389,1984.00617,1984.01479,100,20.0
2024.01.20 10:15,1984.00966,1984.36030,1983.60617,1984.20351,100,20.0
2024.01.20 10:30,1984.63512,1985.08738,1984.44774,1984.87693,100,20.0
2024.01.20 10:45,1984.75116,1985.00483,1984.62969,1984.68848,100,20.0
2024.01.20 11:00,1984.41289,1984.57237,1983.72777,1984.01252,100,20.0
2024.01.20 11:15,1983.62338,1984.34773,1983.46199,1984.00085,100,20.0
2024.01.20 11:30,1984.16918,1984.24312,1983.80625,1983.98012,100,20.0
2024.01.20 11:45,1984.19103,1984.29046,1984.04279,1984.21718,100,20.0
2024.01.20 12:00,1984.99130,1985.98399,1984.95353,1985.80078,100,20.0
2024.01.20 12:15,1987.03439,1987.53366,1986.30366,1986.45620,100,20.0
2024.01.20 12:30,1986.67688,1986.93891,1985.96902,1986.06768,100,20.0
2024.01.20 12:45,1984.72901,1984.79305,1984.52432,1984.77892,100,20.0
2024.01.20 13:00,1983.75668,1984.46095,1983.71370,1984.16977,100,20.0
2024.01.20 13:15,1984.50045,1985.43698,1984.26597,1985.11684,100,20.0
2024.01.20 13:30,1984.93087,1985.32262,1984.64943,1984.73626,100,20.0
2024.01.20 13:45,1984.62223,1985.52434,1984.26716,1985.31893,100,20.0
2024.01.20 14:00,1985.40643,1985.85679,1985.40054,1985.85113,100,20.0
2024.01.20 14:15,1986.22767,1986.29725,1985.49164,1985.76782,100,20.0
2024.01.20 14:30,1985.30222,1985.44902,1985.03474,1985.15599,100,20.0
2024.01.20 14:45,1985.36020,1985.83552,1984.88655,1985.32236,100,20.0
2024.01.20 15:00,1984.59006,1984.98913,1984.38416,1984.86497,100,20.0
2024.01.20 15:15,1985.35191,1985.49452,1984.49084,1984.88196,100,20.0
2024.01.20 15:30,1984.63253,1985.52370,1984.57551,1984.90765,100,20.0
2024.01.20 15:45,1984.86962,1985.19008,1984.68859,1984.75904,100,20.0
2024.01.20 16:00,1985.25755,1986.16145,1985.12665,1985.64868,100,20.0
2024.01.20 16:15,1986.64339,1987.00464,1985.89655,1986.26242,100,20.0
2024.01.20 16:30,1985.27347,1985.66176,1984.91610,1985.48401,100,20.0
2024.01.20 16:45,1985.49940,1986.89611,1984.98127,1985.97381,100,20.0
2024.01.20 17:00,1985.54773,1986.25180,1984.81274,1984.87675,100,20.0
2024.01.20 17:15,1984.77538,1985.31161,1984.71057,1985.03280,100,20.0
2024.01.20 17:30,1985.19370,1985.20370,1984.68692,1984.99218,100,20.0
2024.01.20 17:45,1985.27284,1985.72121,1985.01954,1985.37817,100,20.0
2024.01.20 18:00,1984.94504,1985.50600,1984.77381,1985.06304,100,20.0
2024.01.20 18:15,1984.40587,1984.78702,1984.09464,1984.49749,100,20.0
2024.01.20 18:30,1983.83717,1984.78385,1983.81043,1984.41515,100,20.0
2024.01.20 18:45,1984.86521,1985.19235,1984.37946,1984.47514,100,20.0
2024.01.20 19:00,1984.60954,1986.21549,1984.19597,1985.96018,100,20.0
2024.01.20 19:15,1986.32287,1986.89863,1986.23377,1986.55635,100,20.0
2024.01.20 19:30,1987.88485,1987.92449,1987.45412,1987.75245,100,20.0
2024.01.20 19:45,1988.32098,1989.11472,1987.70048,1988.14283,100,20.0
2024.01.20 20:00,1988.26155,1988.38137,1987.15659,1987.73858,100,20.0
2024.01.20 20:15,1987.71335,1987.92508,1987.55125,1987.91970,100,20.0
2024.01.20 20:30,1988.78347,1988.81060,1988.25118,1988.38457,100,20.0
2024.01.20 20:45,1988.52885,1988.59279,1987.24281,1987.67058,100,20.0
2024.01.20 21:00,1986.81294,1986.87647,1986.55890,1986.57012,100,20.0
2024.01.20 21:15,1986.44796,1987.63004,1986.00779,1986.92282,100,20.0
2024.01.20 21:30,1986.93772,1987.73838,1986.70428,1986.92416,100,20.0
2024.01.20 21:45,1986.48223,1986.77258,1985.24064,1985.74993,100,20.0
2024.01.20 22:00,1986.66059,1986.97489,1986.63055,1986.64664,100,20.0
2024.01.20 22:15,1987.08898,1988.17010,1986.72434,1988.01645,100,20.0
2024.01.20 22:30,1988.52796,1988.85350,1987.82453,1988.38289,100,20.0
2024.01.20 22:45,1987.60556,1988.28836,1986.96928,1987.58878,100,20.0
2024.01.20 23:00,1988.21006,1988.25984,1987.67885,1987.73041,100,20.0
2024.01.20 23:15,1988.11945,1988.54677,1987.66037,1987.91498,100,20.0
2024.01.20 23:30,1987.23608,1988.10355,1986.83262,1987.71906,100,20.0
2024.01.20 23:45,1987.85644,1987.88947,1987.74209,1987.76515,100,20.0
2024.01.21 00:00,1987.39658,1988.64568,1986.73326,1988.32066,100,20.0
2024.01.21 00:15,1988.39369,1989.51576,1988.13218,1989.29332,100,20.0
2024.01.21 00:30,1989.02893,1989.35038,1988.68834,1989.27985,100,20.0
2024.01.21 00:45,1989.19270,1989.55941,1989.11212,1989.40646,100,20.0
2024.01.21 01:00,1989.88789,1989.98557,1989.40447,1989.73359,100,20.0
2024.01.21 01:15,1989.04771,1989.30741,1988.51718,1988.68966,100,20.0
2024.01.21 01:30,1988.59470,1988.74443,1988.02839,1988.23619,100,20.0
2024.01.21 01:45,1988.64533,1989.19800,1988.63084,1988.94233,100,20.0
2024.01.21 02:00,1988.99170,1989.31715,1988.42142,1988.85679,100,20.0
2024.01.21 02:15,1988.64068,1989.16168,1988.35329,1988.52874,100,20.0
2024.01.21 02:30,1988.06162,1988.08423,1987.85963,1987.93267,100,20.0
2024.01.21 02:45,1988.53823,1989.43052,1987.91717,1988.85720,100,20.0
2024.01.21 03:00,1988.74235,1989.26257,1988.54448,1989.10346,100,20.0
2024.01.21 03:15,1988.91974,1989.72389,1988.57760,1989.42774,100,20.0
2024.01.21 03:30,1989.26238,1989.70009,1988.77833,1989.35343,100,20.0
2024.01.21 03:45,1989.99038,1991.31323,1989.78982,1990.63304,100,20.0
2024.01.21 04:00,1990.06587,1990.21051,1989.41403,1989.98212,100,20.0
2024.01.21 04:15,1990.45473,1990.51073,1990.00974,1990.28121,100,20.0
2024.01.21 04:30,1990.72639,1990.78314,1989.53251,1989.96272,100,20.0
2024.01.21 04:45,1988.98120,1989.23911,1988.46190,1988.70815,100,20.0
2024.01.21 05:00,1989.79827,1990.71170,1989.30822,1990.34662,100,20.0
2024.01.21 05:15,1991.11837,1991.19745,1990.37985,1990.46326,100,20.0
2024.01.21 05:30,1991.05848,1991.38572,1991.00701,1991.02178,100,20.0
2024.01.21 05:45,1991.32509,1991.52352,1990.24502,1990.73747,100,20.0
2024.01.21 06:00,1990.59480,1990.63534,1990.22900,1990.56622,100,20.0
2024.01.21 06:15,1990.12253,1990.14151,1989.04840,1989.51677,100,20.0
2024.01.21 06:30,1989.31403,1989.89614,1988.70180,1989.75045,100,20.0
2024.01.21 06:45,1989.25997,1990.39831,1988.92434,1990.07830,100,20.0
2024.01.21 07:00,1990.80125,1991.01764,1990.01029,1990.45243,100,20.0
2024.01.21 07:15,1989.67694,1990.42709,1989.34218,1990.20049,100,20.0
2024.01.21 07:30,1989.93600,1990.15166,1989.37972,1989.77440,100,20.0
2024.01.21 07:45,1988.91479,1989.70740,1988.87151,1989.35848,100,20.0
2024.01.21 08:00,1989.58266,1989.65969,1988.75336,1988.96950,100,20.0
2024.01.21 08:15,1988.22636,1988.71798,1987.79175,1988.63168,100,20.0
2024.01.21 08:30,1988.80657,1988.88181,1987.72398,1988.26597,100,20.0
2024.01.21 08:45,1988.63384,1989.40841,1988.33054,1989.09462,100,20.0
2024.01.21 09:00,1987.99555,1988.33771,1987.60855,1987.82548,100,20.0
2024.01.21 09:15,1987.83894,1988.66220,1987.83334,1988.08371,100,20.0
2024.01.21 09:30,1988.84603,1989.75499,1987.15124,1987.70409,100,20.0
2024.01.21 09:45,1987.01814,1987.78396,1986.87336,1987.40177,100,20.0
2024.01.21 10:00,1987.44491,1987.99624,1987.14345,1987.62763,100,20.0
2024.01.21 10:15,1987.30157,1988.30086,1987.16954,1987.68743,100,20.0
2024.01.21 10:30,1988.07765,1989.66719,1987.98164,1989.11108,100,20.0
2024.01.21 10:45,1989.49134,1989.96686,1988.94482,1989.32828,100,20.0
2024.01.21 11:00,1989.11545,1989.15220,1988.71019,1989.09182,100,20.0
2024.01.21 11:15,1989.68353,1989.91287,1989.47820,1989.66073,100,20.0
2024.01.21 11:30,1990.12987,1990.76191,1989.67856,1990.60360,100,20.0
2024.01.21 11:45,1990.87442,1991.42977,1989.61603,1989.89994,100,20.0
2024.01.21 12:00,1989.26423,1989.90767,1989.25868,1989.90056,100,20.0
2024.01.21 12:15,1988.63736,1988.96196,1988.59016,1988.75106,100,20.0
2024.01.21 12:30,1988.58195,1988.77151,1988.17053,1988.45487,100,20.0
2024.01.21 12:45,1988.48640,1988.61696,1988.02014,1988.14649,100,20.0
2024.01.21 13:00,1987.69304,1988.12450,1986.27617,1986.97695,100,20.0
2024.01.21 13:15,1986.88785,1987.67936,1986.35174,1986.74985,100,20.0
2024.01.21 13:30,1986.59068,1986.84979,1986.46398,1986.67761,100,20.0
2024.01.21 13:45,1986.33465,1986.80773,1985.22421,1985.63196,100,20.0
2024.01.21 14:00,1985.25774,1986.42468,1985.20308,1985.80109,100,20.0
2024.01.21 14:15,1986.83951,1987.17367,1986.76883,1986.95496,100,20.0
2024.01.21 14:30,1987.87367,1988.70756,1987.19792,1987.38100,100,20.0
2024.01.21 14:45,1987.52009,1987.74461,1986.84799,1986.97380,100,20.0
2024.01.21 15:00,1988.02808,1988.48266,1987.91244,1988.40790,100,20.0
2024.01.21 15:15,1989.09409,1989.25065,1988.19241,1988.34427,100,20.0
2024.01.21 15:30,1987.97235,1988.01018,1987.05053,1987.29727,100,20.0
2024.01.21 15:45,1987.88973,1988.05158,1986.80567,1987.27144,100,20.0
2024.01.21 16:00,1988.08599,1988.43916,1987.66769,1988.25691,100,20.0
2024.01.21 16:15,1988.19708,1988.77058,1987.25607,1987.61850,100,20.0
2024.01.21 16:30,1987.64716,1987.74483,1986.75511,1986.91078,100,20.0
2024.01.21 16:45,1986.50875,1986.71736,1986.05881,1986.49590,100,20.0
2024.01.21 17:00,1985.05386,1985.52954,1983.89761,1984.65241,100,20.0
2024.01.21 17:15,1985.08703,1985.57915,1984.94781,1985.17691,100,20.0
2024.01.21 17:30,1985.76663,1986.26797,1985.34414,1986.16325,100,20.0
2024.01.21 17:45,1985.71330,1985.87820,1985.26948,1985.87490,100,20.0
2024.01.21 18:00,1986.33581,1986.47007,1985.51501,1985.65938,100,20.0
2024.01.21 18:15,1985.37807,1985.69694,1985.16485,1985.31001,100,20.0
2024.01.21 18:30,1985.46611,1985.62651,1984.43361,1985.11213,100,20.0
2024.01.21 18:45,1986.11476,1987.04501,1986.09322,1986.89406,100,20.0
2024.01.21 19:00,1986.93697,1987.06856,1986.68076,1986.87984,100,20.0
2024.01.21 19:15,1987.03957,1987.09129,1986.25135,1986.87080,100,20.0
2024.01.21 19:30,1986.54038,1987.49978,1986.45597,1986.82700,100,20.0
2024.01.21 19:45,1986.39808,1987.16727,1986.39681,1986.73009,100,20.0
2024.01.21 20:00,1986.90612,1987.29530,1985.62308,1986.18117,100,20.0
2024.01.21 20:15,1985.45208,1985.67110,1985.08621,1985.30862,100,20.0
2024.01.21 20:30,1985.14294,1985.33738,1984.56518,1984.59603,100,20.0
2024.01.21 20:45,1984.61811,1985.48553,1984.48967,1985.03543,100,20.0
2024.01.21 21:00,1984.80628,1986.11292,1984.68154,1985.66217,100,20.0
2024.01.21 21:15,1985.67529,1986.06265,1985.38028,1985.92434,100,20.0
2024.01.21 21:30,1986.50290,1986.75772,1986.04104,1986.48321,100,20.0
2024.01.21 21:45,1986.76878,1988.37811,1986.62722,1987.70689,100,20.0
2024.01.21 22:00,1987.98255,1988.17083,1987.89770,1988.01892,100,20.0
2024.01.21 22:15,1988.67645,1988.88907,1988.28014,1988.29041,100,20.0
2024.01.21 22:30,1987.92493,1988.48994,1987.90658,1988.10015,100,20.0
2024.01.21 22:45,1989.34990,1989.71702,1988.35506,1988.56964,100,20.0
2024.01.21 23:00,1988.59243,1989.24154,1988.34482,1988.83363,100,20.0
2024.01.21 23:15,1988.18599,1988.54158,1987.92241,1988.51046,100,20.0
2024.01.21 23:30,1989.05299,1989.13605,1988.20861,1988.65757,100,20.0
2024.01.21 23:45,1989.52443,1989.62074,1989.20869,1989.49021,100,20.0
2024.01.22 00:00,1989.27907,1989.85076,1988.53216,1989.16444,100,20.0
2024.01.22 00:15,1987.73547,1987.87611,1986.77458,1987.20252,100,20.0
2024.01.22 00:30,1987.00312,1987.53378,1986.35280,1986.72103,100,20.0
2024.01.22 00:45,1986.57198,1987.17502,1986.56318,1987.10261,100,20.0
2024.01.22 01:00,1986.21884,1986.81811,1985.48544,1985.92102,100,20.0
2024.01.22 01:15,1986.20627,1986.96977,1986.06027,1986.83510,100,20.0
2024.01.22 01:30,1986.75929,1987.10805,1986.74761,1987.10088,100,20.0
2024.01.22 01:45,1986.25066,1986.81320,1985.81009,1986.49012,100,20.0
2024.01.22 02:00,1986.75786,1987.61528,1986.47733,1987.48820,100,20.0
2024.01.22 02:15,1987.58690,1988.05548,1986.87472,1987.25153,100,20.0
2024.01.22 02:30,1987.31905,1987.73486,1986.98649,1987.61405,100,20.0
2024.01.22 02:45,1987.74537,1988.43894,1986.86884,1986.89926,100,20.0
2024.01.22 03:00,1986.38192,1986.97001,1986.01698,1986.02413,100,20.0
2024.01.22 03:15,1985.90738,1986.88603,1985.78330,1986.33605,100,20.0
2024.01.22 03:30,1986.73209,1987.70254,1986.40960,1987.43244,100,20.0
2024.01.22 03:45,1986.35033,1986.68393,1985.55066,1985.64941,100,20.0
2024.01.22 04:00,1986.06228,1986.42337,1985.68168,1985.80484,100,20.0
2024.01.22 04:15,1986.91628,1987.46768,1986.89171,1987.18673,100,20.0
2024.01.22 04:30,1986.24848,1986.47415,1985.98426,1986.12328,100,20.0
2024.01.22 04:45,1985.35118,1987.50978,1985.08889,1986.95371,100,20.0
2024.01.22 05:00,1987.54738,1988.74510,1987.40294,1988.62408,100,20.0
2024.01.22 05:15,1988.14895,1988.19606,1987.35993,1987.49768,100,20.0
2024.01.22 05:30,1987.41799,1987.86760,1986.40144,1986.79324,100,20.0
2024.01.22 05:45,1987.30820,1987.58366,1987.30591,1987.46625,100,20.0
2024.01.22 06:00,1987.31815,1987.42720,1986.46542,1987.00647,100,20.0
2024.01.22 06:15,1986.81018,1987.00491,1986.79180,1986.91800,100,20.0
2024.01.22 06:30,1985.28573,1985.35542,1985.15628,1985.20947,100,20.0
2024.01.22 06:45,1985.50153,1986.03376,1984.04893,1984.38993,100,20.0
2024.01.22 07:00,1983.87465,1984.82857,1983.52768,1984.63901,100,20.0
2024.01.22 07:15,1984.03621,1984.17939,1983.89840,1984.09777,100,20.0
2024.01.22 07:30,1983.82412,1984.04047,1982.99703,1983.44389,100,20.0
2024.01.22 07:45,1984.20674,1984.81170,1983.51602,1983.66801,100,20.0
2024.01.22 08:00,1982.79934,1983.17873,1981.79820,1982.22089,100,20.0
2024.01.22 08:15,1981.43720,1981.45682,1980.36890,1980.84704,100,20.0
2024.01.22 08:30,1979.65240,1980.23722,1979.51043,1979.75103,100,20.0
2024.01.22 08:45,1979.80120,1980.17174,1979.60917,1980.05352,100,20.0
2024.01.22 09:00,1979.68500,1979.89709,1978.58137,1978.78192,100,20.0
2024.01.22 09:15,1979.24143,1979.61659,1978.22459,1978.86471,100,20.0
2024.01.22 09:30,1978.63819,1979.15488,1978.27040,1978.74932,100,20.0
2024.01.22 09:45,1979.33317,1980.31090,1978.71682,1980.20938,100,20.0
2024.01.22 10:00,1980.35576,1981.41247,1980.23567,1981.11577,100,20.0
2024.01.22 10:15,1981.33973,1982.19759,1981.24994,1981.90691,100,20.0
2024.01.22 10:30,1982.69462,1982.93567,1981.87515,1982.17557,100,20.0
2024.01.22 10:45,1982.25445,1982.27538,1982.13709,1982.26126,100,20.0
2024.01.22 11:00,1982.37242,1982.83255,1981.99226,1982.50633,100,20.0
2024.01.22 11:15,1982.07633,1982.28580,1981.53833,1981.95322,100,20.0
2024.01.22 11:30,1981.93124,1982.32773,1981.75666,1981.86934,100,20.0
2024.01.22 11:45,1982.53114,1982.86068,1982.16527,1982.48956,100,20.0
2024.01.22 12:00,1981.81180,1981.96702,1981.23670,1981.52639,100,20.0
2024.01.22 12:15,1982.04016,1982.35483,1980.83859,1981.51832,100,20.0
2024.01.22 12:30,1981.67146,1981.82026,1980.38249,1981.07335,100,20.0
2024.01.22 12:45,1981.50770,1981.69299,1981.42370,1981.48269,100,20.0
2024.01.22 13:00,1982.49412,1983.38345,1981.99557,1982.38897,100,20.0
2024.01.22 13:15,1982.70829,1983.31601,1981.37976,1981.90996,100,20.0
2024.01.22 13:30,1982.02629,1982.14394,1980.71194,1981.63128,100,20.0
2024.01.22 13:45,1982.78190,1983.80873,1982.53920,1983.51354,100,20.0
2024.01.22 14:00,1983.16786,1984.45816,1983.06177,1983.92868,100,20.0
2024.01.22 14:15,1984.22414,1984.23308,1983.44246,1983.88750,100,20.0
2024.01.22 14:30,1983.40649,1984.03129,1983.02513,1983.43664,100,20.0
2024.01.22 14:45,1982.62748,1983.18176,1982.18301,1982.59969,100,20.0
2024.01.22 15:00,1982.88694,1982.90117,1982.64277,1982.85126,100,20.0
2024.01.22 15:15,1984.22826,1984.48430,1984.16501,1984.37855,100,20.0
2024.01.22 15:30,1984.16603,1984.45927,1983.47109,1984.36045,100,20.0
2024.01.22 15:45,1984.21527,1984.73531,1983.86813,1984.05428,100,20.0
2024.01.22 16:00,1984.38242,1985.28011,1984.09333,1984.67643,100,20.0
2024.01.22 16:15,1983.91504,1984.23543,1983.12286,1983.39700,100,20.0
2024.01.22 16:30,1982.86314,1983.12396,1981.67129,1982.05426,100,20.0
2024.01.22 16:45,1982.17053,1982.44775,1981.85406,1982.21149,100,20.0
2024.01.22 17:00,1981.43470,1982.51030,1981.29362,1982.35790,100,20.0
2024.01.22 17:15,1982.67299,1983.11131,1982.63608,1982.83464,100,20.0
2024.01.22 17:30,1983.16171,1983.32800,1982.99893,1983.26100,100,20.0
2024.01.22 17:45,1983.88923,1984.23479,1983.52284,1983.65525,100,20.0
2024.01.22 18:00,1983.51934,1984.18873,1983.29378,1983.42699,100,20.0
2024.01.22 18:15,1983.21024,1983.59561,1983.00761,1983.58502,100,20.0
2024.01.22 18:30,1983.28365,1983.43749,1983.26935,1983.43619,100,20.0
2024.01.22 18:45,1983.89447,1984.62623,1983.87090,1984.34508,100,20.0
2024.01.22 19:00,1984.70569,1985.32052,1984.10593,1985.20509,100,20.0
2024.01.22 19:15,1985.38144,1986.11712,1985.18578,1985.57845,100,20.0
2024.01.22 19:30,1985.96901,1986.16927,1985.73680,1986.12772,100,20.0
2024.01.22 19:45,1987.28959,1987.97747,1987.14763,1987.29936,100,20.0
2024.01.22 20:00,1986.94366,1987.49377,1985.63993,1985.89515,100,20.0
2024.01.22 20:15,1985.54303,1985.88247,1984.57962,1984.57986,100,20.0
2024.01.22 20:30,1984.35760,1984.39192,1984.10272,1984.28683,100,20.0
2024.01.22 20:45,1985.65651,1986.03792,1984.87775,1985.67053,100,20.0
2024.01.22 21:00,1985.37362,1985.56485,1985.35386,1985.53050,100,20.0
2024.01.22 21:15,1985.75889,1985.78383,1985.57937,1985.76832,100,20.0
2024.01.22 21:30,1986.27317,1986.51490,1985.62969,1986.10583,100,20.0
2024.01.22 21:45,1986.51480,1986.72724,1985.97153,1986.42989,100,20.0
2024.01.22 22:00,1986.81513,1987.40887,1985.32662,1986.07197,100,20.0
2024.01.22 22:15,1986.57395,1987.08463,1986.39689,1986.70168,100,20.0
2024.01.22 22:30,1986.12492,1986.33182,1985.01151,1985.62742,100,20.0
2024.01.22 22:45,1985.10119,1986.24213,1985.00584,1985.59360,100,20.0
2024.01.22 23:00,1986.78987,1986.92591,1985.26089,1985.60640,100,20.0
2024.01.22 23:15,1986.02157,1986.23945,1985.39335,1985.83512,100,20.0
2024.01.22 23:30,1985.12604,1985.26109,1984.15775,1984.50986,100,20.0
2024.01.22 23:45,1985.80778,1986.40021,1985.26655,1986.22023,100,20.0
2024.01.23 00:00,1985.23867,1985.37546,1984.60882,1985.22874,100,20.0
2024.01.23 00:15,1985.80742,1986.50828,1985.76646,1986.00273,100,20.0
2024.01.23 00:30,1985.57814,1986.07233,1984.82902,1985.16454,100,20.0
2024.01.23 00:45,1985.25961,1985.84587,1983.89930,1984.22136,100,20.0
2024.01.23 01:00,1983.47076,1984.74907,1983.46430,1984.33069,100,20.0
2024.01.23 01:15,1984.51333,1984.88627,1984.33054,1984.54061,100,20.0
2024.01.23 01:30,1984.91583,1985.42418,1984.52614,1984.85562,100,20.0
2024.01.23 01:45,1985.44033,1986.28217,1985.31546,1986.04366,100,20.0
2024.01.23 02:00,1985.97455,1986.40299,1985.96193,1986.24241,100,20.0
2024.01.23 02:15,1987.14102,1987.68947,1986.93598,1987.34655,100,20.0
2024.01.23 02:30,1986.43433,1986.74525,1985.54673,1985.82889,100,20.0
2024.01.23 02:45,1985.63730,1985.99263,1984.64536,1984.83601,100,20.0
2024.01.23 03:00,1984.92706,1985.11859,1983.41206,1984.35303,100,20.0
2024.01.23 03:15,1985.02388,1985.37952,1984.65902,1984.92974,100,20.0
2024.01.23 03:30,1985.30727,1985.94262,1985.15656,1985.83653,100,20.0
2024.01.23 03:45,1986.15989,1988.17475,1985.78830,1987.66866,100,20.0
2024.01.23 04:00,1987.09813,1987.25277,1986.21729,1986.45136,100,20.0
2024.01.23 04:15,1986.00871,1986.18110,1985.47745,1986.15531,100,20.0
2024.01.23 04:30,1986.95384,1987.14371,1986.24803,1986.55005,100,20.0
2024.01.23 04:45,1986.54594,1987.15507,1986.22269,1986.71247,100,20.0
2024.01.23 05:00,1987.26716,1988.07738,1987.08252,1987.41965,100,20.0
2024.01.23 05:15,1987.65820,1988.21482,1987.26756,1988.14288,100,20.0
2024.01.23 05:30,1988.77965,1989.61546,1988.07791,1989.02916,100,20.0
2024.01.23 05:45,1988.73627,1988.85281,1988.43897,1988.67090,100,20.0
2024.01.23 06:00,1988.96505,1989.41591,1987.16278,1987.76039,100,20.0
2024.01.23 06:15,1987.83019,1988.49277,1987.74671,1988.43932,100,20.0
2024.01.23 06:30,1988.50003,1988.83831,1988.38732,1988.70177,100,20.0
2024.01.23 06:45,1988.98110,1989.29613,1988.56065,1988.60012,100,20.0
2024.01.23 07:00,1988.23876,1988.48317,1987.52815,1987.80210,100,20.0
2024.01.23 07:15,1987.52039,1987.77829,1986.31949,1987.09537,100,20.0
2024.01.23 07:30,1986.65774,1987.66730,1986.61606,1987.66098,100,20.0
2024.01.23 07:45,1987.47339,1987.90546,1986.51758,1986.54630,100,20.0
2024.01.23 08:00,1986.70699,1986.90472,1986.40193,1986.48103,100,20.0
2024.01.23 08:15,1986.89036,1987.51476,1986.68207,1987.05868,100,20.0
2024.01.23 08:30,1986.58559,1987.48495,1985.97367,1986.88000,100,20.0
2024.01.23 08:45,1987.00702,1987.09476,1986.76060,1986.78935,100,20.0
2024.01.23 09:00,1986.23468,1986.51337,1985.05889,1985.35483,100,20.0
2024.01.23 09:15,1985.56788,1985.81072,1984.15813,1984.69158,100,20.0
2024.01.23 09:30,1985.28071,1985.58691,1985.16190,1985.35772,100,20.0
2024.01.23 09:45,1985.80821,1986.14707,1985.51151,1986.00875,100,20.0
2024.01.23 10:00,1986.94780,1988.08932,1986.94737,1987.29448,100,20.0
2024.01.23 10:15,1987.21670,1987.52238,1986.58636,1986.87271,100,20.0
2024.01.23 10:30,1986.37608,1986.73192,1985.23076,1985.36288,100,20.0
2024.01.23 10:45,1984.77373,1984.93428,1984.20962,1984.58402,100,20.0
2024.01.23 11:00,1985.45177,1985.49279,1985.37274,1985.48898,100,20.0
2024.01.23 11:15,1985.13253,1985.64011,1984.41406,1984.75499,100,20.0
2024.01.23 11:30,1984.00770,1984.33539,1983.03917,1983.60099,100,20.0
2024.01.23 11:45,1984.05480,1984.10622,1983.45864,1983.75321,100,20.0
2024.01.23 12:00,1983.04168,1984.28944,1982.53466,1983.88170,100,20.0
2024.01.23 12:15,1983.79671,1984.20272,1983.42056,1983.55704,100,20.0
2024.01.23 12:30,1983.52711,1983.84941,1982.71417,1983.12000,100,20.0
2024.01.23 12:45,1982.65745,1982.91726,1982.49435,1982.72094,100,20.0
2024.01.23 13:00,1983.57399,1983.89675,1983.20422,1983.79704,100,20.0
2024.01.23 13:15,1983.55042,1983.83917,1983.34619,1983.58847,100,20.0
2024.01.23 13:30,1983.55246,1983.99605,1982.86525,1983.30141,100,20.0
2024.01.23 13:45,1983.72933,1984.46663,1983.64779,1984.17919,100,20.0
2024.01.23 14:00,1984.01379,1984.02974,1983.03127,1983.51982,100,20.0
2024.01.23 14:15,1982.64658,1983.28513,1982.45031,1982.92212,100,20.0
2024.01.23 14:30,1983.16514,1983.65514,1982.83999,1983.18651,100,20.0
2024.01.23 14:45,1983.60672,1983.74834,1983.27344,1983.37526,100,20.0
2024.01.23 15:00,1984.28872,1985.31670,1984.09474,1985.16877,100,20.0
2024.01.23 15:15,1984.52950,1985.57540,1984.30154,1985.13241,100,20.0
2024.01.23 15:30,1984.68540,1985.71358,1983.92645,1984.90669,100,20.0
2024.01.23 15:45,1985.18768,1985.64815,1984.05788,1984.35200,100,20.0
2024.01.23 16:00,1984.65184,1984.69063,1983.46050,1983.99019,100,20.0
2024.01.23 16:15,1983.98122,1984.90753,1983.56733,1984.43982,100,20.0
2024.01.23 16:30,1985.42189,1985.87496,1985.29499,1985.44634,100,20.0
2024.01.23 16:45,1983.84434,1983.99695,1983.72199,1983.75375,100,20.0
2024.01.23 17:00,1984.05237,1984.79836,1983.34695,1984.18914,100,20.0
2024.01.23 17:15,1984.32110,1984.53756,1983.81141,1984.51318,100,20.0
2024.01.23 17:30,1985.25295,1985.45389,1984.55511,1984.89066,100,20.0
2024.01.23 17:45,1984.14076,1984.31103,1983.49904,1983.56807,100,20.0
2024.01.23 18:00,1983.42537,1983.57119,1982.97817,1983.02606,100,20.0
2024.01.23 18:15,1982.55871,1983.19300,1982.38510,1982.97421,100,20.0
2024.01.23 18:30,1982.60535,1983.44380,1982.50968,1983.24834,100,20.0
2024.01.23 18:45,1983.84487,1983.94031,1981.90478,1982.73406,100,20.0
2024.01.23 19:00,1982.96990,1983.54766,1982.26763,1982.74214,100,20.0
2024.01.23 19:15,1983.47314,1983.67369,1982.67258,1983.31801,100,20.0
2024.01.23 19:30,1982.80613,1983.53979,1981.95170,1983.47921,100,20.0
2024.01.23 19:45,1983.36007,1983.94103,1983.26282,1983.44024,100,20.0
2024.01.23 20:00,1983.25643,1983.64490,1983.24495,1983.62920,100,20.0
2024.01.23 20:15,1985.02086,1985.20808,1984.25965,1984.26885,100,20.0
2024.01.23 20:30,1983.45335,1983.84917,1982.46827,1982.82850,100,20.0
2024.01.23 20:45,1983.31318,1983.32038,1983.06340,1983.31716,100,20.0
2024.01.23 21:00,1982.80545,1983.45494,1982.53233,1982.93266,100,20.0
2024.01.23 21:15,1983.02380,1983.31224,1982.05378,1982.43891,100,20.0
2024.01.23 21:30,1983.37265,1983.55807,1982.18077,1982.44371,100,20.0
2024.01.23 21:45,1983.13363,1983.61741,1982.16638,1982.34638,100,20.0
2024.01.23 22:00,1982.19367,1982.33606,1981.78250,1981.92143,100,20.0
2024.01.23 22:15,1982.03504,1982.42485,1981.69815,1981.88219,100,20.0
2024.01.23 22:30,1982.31782,1982.92677,1982.30525,1982.70234,100,20.0
2024.01.23 22:45,1982.48915,1982.85893,1981.78813,1982.70707,100,20.0
2024.01.23 23:00,1982.13769,1982.37365,1980.94961,1981.50465,100,20.0
2024.01.23 23:15,1981.48022,1981.98343,1980.90277,1980.91738,100,20.0
2024.01.23 23:30,1980.47331,1981.02587,1980.23751,1980.95483,100,20.0
2024.01.23 23:45,1981.33511,1981.92342,1981.12835,1981.83488,100,20.0
2024.01.24 00:00,1981.22796,1981.26811,1979.78762,1980.40758,100,20.0
2024.01.24 00:15,1981.01684,1981.20741,1980.47879,1980.93119,100,20.0
2024.01.24 00:30,1980.24438,1980.37148,1979.60035,1979.62857,100,20.0
2024.01.24 00:45,1978.90321,1979.86288,1978.77861,1979.71391,100,20.0
2024.01.24 01:00,1979.87747,1981.01925,1979.67597,1980.62902,100,20.0
2024.01.24 01:15,1981.04846,1981.77069,1980.91165,1981.43492,100,20.0
2024.01.24 01:30,1980.19247,1980.48950,1979.84775,1980.39713,100,20.0
2024.01.24 01:45,1980.14490,1980.89288,1979.94414,1980.68755,100,20.0
2024.01.24 02:00,1980.42037,1980.47486,1979.88902,1979.94211,100,20.0
2024.01.24 02:15,1980.04188,1980.22022,1978.90876,1979.25463,100,20.0
2024.01.24 02:30,1980.52636,1980.60672,1979.21257,1979.22743,100,20.0
2024.01.24 02:45,1980.39880,1980.50767,1980.31387,1980.32437,100,20.0
2024.01.24 03:00,1981.31487,1981.59763,1980.77140,1980.84260,100,20.0
2024.01.24 03:15,1980.87228,1981.06394,1980.28894,1980.66281,100,20.0
2024.01.24 03:30,1980.69658,1981.37200,1980.31362,1980.74563,100,20.0
2024.01.24 03:45,1981.67808,1982.13921,1981.21650,1981.84042,100,20.0
2024.01.24 04:00,1981.78995,1982.08562,1981.56363,1982.04770,100,20.0
2024.01.24 04:15,1981.88147,1982.31167,1981.77691,1982.09160,100,20.0
2024.01.24 04:30,1981.84595,1982.04685,1980.48352,1980.75284,100,20.0
2024.01.24 04:45,1981.07574,1981.09984,1980.18043,1980.49294,100,20.0
2024.01.24 05:00,1980.93927,1981.07127,1980.87292,1980.97070,100,20.0
2024.01.24 05:15,1981.65089,1981.94396,1981.19800,1981.50313,100,20.0
2024.01.24 05:30,1980.58844,1981.21245,1980.42641,1980.83483,100,20.0
2024.01.24 05:45,1979.93065,1980.00806,1978.82426,1979.11623,100,20.0
2024.01.24 06:00,1980.42345,1980.67325,1979.75829,1980.20378,100,20.0
2024.01.24 06:15,1980.97356,1981.70861,1980.62137,1981.11269,100,20.0
2024.01.24 06:30,1980.06965,1980.15038,1979.16952,1979.45673,100,20.0
2024.01.24 06:45,1980.08160,1981.41708,1979.80914,1981.19912,100,20.0
2024.01.24 07:00,1981.02362,1981.29332,1980.22686,1980.82180,100,20.0
2024.01.24 07:15,1980.72340,1981.74032,1980.42281,1981.20277,100,20.0
2024.01.24 07:30,1981.78443,1981.98518,1981.19292,1981.58459,100,20.0
2024.01.24 07:45,1981.24352,1981.40953,1981.14943,1981.18580,100,20.0
2024.01.24 08:00,1981.23591,1982.66310,1981.07856,1981.84644,100,20.0
2024.01.24 08:15,1981.51362,1981.70215,1981.28861,1981.33302,100,20.0
2024.01.24 08:30,1981.27223,1982.85178,1981.05984,1982.52557,100,20.0
2024.01.24 08:45,1981.85182,1982.15439,1981.46675,1981.55791,100,20.0
2024.01.24 09:00,1980.55028,1981.37130,1979.54149,1980.06824,100,20.0
2024.01.24 09:15,1980.32419,1980.40348,1979.20596,1979.47359,100,20.0
2024.01.24 09:30,1979.26904,1979.99071,1978.80583,1978.95055,100,20.0
2024.01.24 09:45,1978.45552,1978.46779,1977.90131,1978.31442,100,20.0
2024.01.24 10:00,1977.18676,1977.69276,1976.02913,1977.21480,100,20.0
2024.01.24 10:15,1978.45071,1979.21250,1978.29029,1978.81936,100,20.0
2024.01.24 10:30,1979.06885,1979.11610,1979.02413,1979.02590,100,20.0
2024.01.24 10:45,1979.07705,1979.50241,1978.27144,1978.86234,100,20.0
2024.01.24 11:00,1978.34691,1978.39918,1978.00318,1978.07193,100,20.0
2024.01.24 11:15,1977.99292,1978.60014,1977.77591,1978.19221,100,20.0
2024.01.24 11:30,1977.54242,1977.66409,1976.36896,1976.66735,100,20.0
2024.01.24 11:45,1975.83714,1975.84792,1975.06158,1975.33558,100,20.0
2024.01.24 12:00,1975.18008,1975.37906,1974.17347,1974.85444,100,20.0
2024.01.24 12:15,1975.15836,1975.51890,1974.79016,1975.35517,100,20.0
2024.01.24 12:30,1974.54858,1974.73824,1973.93019,1973.98676,100,20.0
2024.01.24 12:45,1974.59193,1975.40222,1973.98943,1974.12948,100,20.0
2024.01.24 13:00,1974.30828,1974.94984,1973.93998,1974.61144,100,20.0
2024.01.24 13:15,1974.91180,1975.22326,1974.50762,1974.63135,100,20.0
2024.01.24 13:30,1975.16837,1975.59864,1974.70819,1974.83257,100,20.0
2024.01.24 13:45,1974.87628,1975.65507,1974.49452,1975.35281,100,20.0
2024.01.24 14:00,1975.01050,1975.47081,1974.87175,1975.22289,100,20.0
2024.01.24 14:15,1975.44877,1976.00070,1975.09292,1975.96119,100,20.0
2024.01.24 14:30,1975.43725,1975.71287,1974.63766,1974.81086,100,20.0
2024.01.24 14:45,1974.40374,1974.73485,1974.01874,1974.21731,100,20.0
2024.01.24 15:00,1974.84407,1976.63332,1974.82271,1976.20680,100,20.0
2024.01.24 15:15,1976.93793,1977.67149,1976.43129,1977.52443,100,20.0
2024.01.24 15:30,1977.20060,1977.63166,1976.88026,1977.29388,100,20.0
2024.01.24 15:45,1977.37297,1978.19576,1977.29676,1977.91986,100,20.0
2024.01.24 16:00,1977.96020,1978.52120,1977.27626,1977.50509,100,20.0
2024.01.24 16:15,1978.42878,1978.70617,1977.65644,1977.87832,100,20.0
2024.01.24 16:30,1977.51169,1977.61345,1976.69748,1977.29047,100,20.0
2024.01.24 16:45,1976.56831,1976.59963,1975.70710,1976.20590,100,20.0
2024.01.24 17:00,1977.38514,1977.74750,1977.30217,1977.33491,100,20.0
2024.01.24 17:15,1977.55733,1977.60631,1976.26307,1976.98740,100,20.0
2024.01.24 17:30,1977.49870,1978.02191,1977.11013,1977.63993,100,20.0
2024.01.24 17:45,1978.42320,1979.05870,1977.98781,1978.14098,100,20.0
2024.01.24 18:00,1978.78058,1979.32618,1977.72005,1978.17507,100,20.0
2024.01.24 18:15,1978.06405,1978.25428,1977.20543,1977.73243,100,20.0
2024.01.24 18:30,1977.74572,1978.04845,1977.62563,1977.66340,100,20.0
2024.01.24 18:45,1977.86520,1978.63836,1977.77097,1978.46679,100,20.0
2024.01.24 19:00,1978.94465,1979.18669,1978.58061,1978.66747,100,20.0
2024.01.24 19:15,1977.86160,1978.82932,1977.48434,1978.65966,100,20.0
2024.01.24 19:30,1979.04050,1979.07143,1978.04818,1978.93601,100,20.0
2024.01.24 19:45,1979.54787,1980.44531,1979.20169,1980.43706,100,20.0
2024.01.24 20:00,1981.21351,1981.67277,1980.79508,1980.87069,100,20.0
2024.01.24 20:15,1980.29211,1981.05618,1979.50479,1980.02854,100,20.0
2024.01.24 20:30,1980.32565,1980.42841,1979.97985,1980.17460,100,20.0
2024.01.24 20:45,1980.56656,1980.61667,1979.48169,1979.61279,100,20.0
2024.01.24 21:00,1979.26485,1979.30183,1978.72841,1979.24195,100,20.0
2024.01.24 21:15,1979.06824,1979.41795,1978.43349,1978.58121,100,20.0
2024.01.24 21:30,1978.76245,1979.48030,1978.50135,1979.14268,100,20.0
2024.01.24 21:45,1979.51644,1979.60731,1979.39873,1979.51196,100,20.0
2024.01.24 22:00,1979.81201,1980.01269,1979.69616,1979.95138,100,20.0
2024.01.24 22:15,1979.93727,1980.52727,1979.65605,1980.14842,100,20.0
2024.01.24 22:30,1979.67316,1979.77596,1978.68092,1979.08423,100,20.0
2024.01.24 22:45,1978.74508,1978.99148,1977.97629,1978.42560,100,20.0
2024.01.24 23:00,1978.22675,1978.76030,1977.85482,1978.37362,100,20.0
2024.01.24 23:15,1977.79658,1978.16025,1977.67651,1978.01942,100,20.0
2024.01.24 23:30,1978.51591,1978.98005,1978.29974,1978.33296,100,20.0
2024.01.24 23:45,1978.04782,1978.15670,1977.68917,1977.82063,100,20.0
2024.01.25 00:00,1977.69936,1977.77892,1977.60018,1977.67143,100,20.0
2024.01.25 00:15,1976.37015,1976.88145,1976.35461,1976.87113,100,20.0
2024.01.25 00:30,1977.17524,1978.13000,1977.05614,1977.49250,100,20.0
2024.01.25 00:45,1976.99354,1977.14639,1976.49987,1976.63926,100,20.0
2024.01.25 01:00,1977.03270,1977.12002,1976.89384,1976.97882,100,20.0
2024.01.25 01:15,1976.56508,1976.77785,1975.04277,1975.66212,100,20.0
2024.01.25 01:30,1976.59514,1977.47560,1976.46156,1977.07287,100,20.0
2024.01.25 01:45,1978.02481,1979.09869,1977.71435,1978.54625,100,20.0
2024.01.25 02:00,1978.57438,1979.18604,1978.02175,1978.79523,100,20.0
2024.01.25 02:15,1978.09288,1978.77566,1977.39324,1977.81588,100,20.0
2024.01.25 02:30,1977.57184,1977.71216,1977.43333,1977.70199,100,20.0
2024.01.25 02:45,1977.57171,1978.75259,1976.75132,1978.49525,100,20.0
2024.01.25 03:00,1978.77251,1979.13856,1978.29737,1979.06558,100,20.0
2024.01.25 03:15,1980.05925,1980.60579,1979.80291,1980.53854,100,20.0
2024.01.25 03:30,1981.92818,1981.93978,1981.52578,1981.81151,100,20.0
2024.01.25 03:45,1981.36957,1982.48790,1981.12360,1981.86826,100,20.0
2024.01.25 04:00,1981.55817,1981.65570,1979.96251,1980.77967,100,20.0
2024.01.25 04:15,1981.53832,1981.97751,1981.19069,1981.93695,100,20.0
2024.01.25 04:30,1981.93252,1982.62839,1981.41982,1981.80787,100,20.0
2024.01.25 04:45,1981.75445,1982.01035,1981.48507,1981.53234,100,20.0
2024.01.25 05:00,1981.76330,1982.02476,1981.07317,1981.22581,100,20.0
2024.01.25 05:15,1981.84273,1982.84254,1981.80855,1982.16051,100,20.0
2024.01.25 05:30,1982.07402,1982.36773,1981.99232,1982.17073,100,20.0
2024.01.25 05:45,1982.18985,1982.22613,1981.73995,1981.74176,100,20.0
2024.01.25 06:00,1981.93622,1982.16661,1981.11669,1981.45135,100,20.0
2024.01.25 06:15,1980.54380,1980.72434,1978.73248,1979.23202,100,20.0
2024.01.25 06:30,1978.54920,1979.10655,1977.99208,1978.45936,100,20.0
2024.01.25 06:45,1978.74447,1978.93862,1978.42328,1978.42459,100,20.0
2024.01.25 07:00,1977.77970,1978.49509,1977.54391,1978.34486,100,20.0
2024.01.25 07:15,1977.43445,1978.52549,1977.15226,1978.43062,100,20.0
2024.01.25 07:30,1978.26008,1978.28535,1978.04127,1978.07807,100,20.0
2024.01.25 07:45,1977.80032,1977.87346,1977.62066,1977.74598,100,20.0
2024.01.25 08:00,1978.38496,1978.41084,1978.21966,1978.29795,100,20.0
2024.01.25 08:15,1978.16655,1979.29827,1976.94941,1977.31296,100,20.0
2024.01.25 08:30,1976.67482,1977.44422,1976.08384,1977.02811,100,20.0
2024.01.25 08:45,1977.04003,1977.04246,1976.36411,1976.57162,100,20.0
2024.01.25 09:00,1976.38106,1977.58615,1976.28559,1977.07901,100,20.0
2024.01.25 09:15,1976.33491,1976.76153,1975.80687,1976.66902,100,20.0
2024.01.25 09:30,1975.99818,1976.22594,1975.84811,1976.05199,100,20.0
2024.01.25 09:45,1975.64938,1976.36570,1975.52612,1976.08965,100,20.0
2024.01.25 10:00,1976.81906,1977.15698,1976.56640,1977.12101,100,20.0
2024.01.25 10:15,1977.99443,1979.41001,1977.74861,1978.76520,100,20.0
2024.01.25 10:30,1980.39010,1980.71115,1979.61320,1980.40679,100,20.0
2024.01.25 10:45,1980.45628,1980.58554,1979.75328,1979.90550,100,20.0
2024.01.25 11:00,1979.50325,1980.09435,1978.94455,1980.01089,100,20.0
2024.01.25 11:15,1979.68593,1979.91058,1979.17489,1979.49532,100,20.0
2024.01.25 11:30,1979.09625,1979.25890,1978.51304,1978.63649,100,20.0
2024.01.25 11:45,1978.65624,1978.82623,1977.58409,1977.78710,100,20.0
2024.01.25 12:00,1977.25261,1977.52901,1976.60850,1976.99586,100,20.0
2024.01.25 12:15,1976.47192,1976.60515,1976.13238,1976.56791,100,20.0
2024.01.25 12:30,1976.86791,1977.07209,1976.54370,1976.59539,100,20.0
2024.01.25 12:45,1976.53555,1976.69453,1976.16456,1976.54010,100,20.0
2024.01.25 13:00,1977.01397,1977.02356,1976.63454,1976.88008,100,20.0
2024.01.25 13:15,1974.73769,1975.10551,1974.53278,1974.99155,100,20.0
2024.01.25 13:30,1974.70967,1974.89789,1973.92505,1974.50513,100,20.0
2024.01.25 13:45,1974.54747,1976.00745,1974.26698,1975.83460,100,20.0
2024.01.25 14:00,1976.45008,1977.38031,1975.85591,1977.16575,100,20.0
2024.01.25 14:15,1977.82614,1977.91765,1977.43780,1977.67514,100,20.0
2024.01.25 14:30,1977.75342,1978.43522,1977.60573,1978.23733,100,20.0
2024.01.25 14:45,1976.80895,1976.88612,1975.61434,1976.42849,100,20.0
2024.01.25 15:00,1976.18082,1976.53235,1976.01025,1976.16167,100,20.0
2024.01.25 15:15,1975.71193,1976.26644,1975.36648,1975.82896,100,20.0
2024.01.25 15:30,1975.49893,1975.60241,1975.37483,1975.38100,100,20.0
2024.01.25 15:45,1974.41353,1974.46751,1973.30073,1974.09068,100,20.0
2024.01.25 16:00,1974.11313,1974.87003,1974.06662,1974.57874,100,20.0
2024.01.25 16:15,1976.36171,1976.79453,1976.01715,1976.10102,100,20.0
2024.01.25 16:30,1976.11905,1976.15538,1975.91176,1976.09753,100,20.0
2024.01.25 16:45,1975.15818,1975.42897,1974.57572,1974.82842,100,20.0
2024.01.25 17:00,1974.53381,1974.65563,1974.02712,1974.63701,100,20.0
2024.01.25 17:15,1974.93520,1975.12729,1974.44686,1974.84197,100,20.0
2024.01.25 17:30,1975.08474,1975.65619,1974.69134,1975.41406,100,20.0
2024.01.25 17:45,1975.28231,1975.52518,1974.28717,1974.87731,100,20.0
2024.01.25 18:00,1974.95689,1975.51162,1974.82731,1975.34429,100,20.0
2024.01.25 18:15,1975.98293,1976.25957,1975.89759,1976.10035,100,20.0
2024.01.25 18:30,1975.65235,1975.70611,1975.41671,1975.53018,100,20.0
2024.01.25 18:45,1976.61737,1977.66622,1976.54775,1976.99842,100,20.0
2024.01.25 19:00,1976.47036,1976.77524,1975.78402,1976.11558,100,20.0
2024.01.25 19:15,1975.89306,1976.03025,1973.71828,1974.32405,100,20.0
2024.01.25 19:30,1973.34196,1973.88315,1972.57829,1972.95862,100,20.0
2024.01.25 19:45,1973.73008,1974.36263,1973.54268,1973.80294,100,20.0
2024.01.25 20:00,1973.64825,1974.35476,1973.40566,1973.43374,100,20.0
2024.01.25 20:15,1973.93744,1974.22180,1973.81108,1974.18481,100,20.0
2024.01.25 20:30,1973.33377,1973.95087,1973.01610,1973.12425,100,20.0
2024.01.25 20:45,1972.26377,1972.97818,1971.97749,1972.57450,100,20.0
2024.01.25 21:00,1973.35445,1974.02341,1972.63262,1973.49029,100,20.0
2024.01.25 21:15,1973.60026,1973.94921,1972.22379,1972.51689,100,20.0
2024.01.25 21:30,1973.87829,1974.66122,1973.26312,1974.52996,100,20.0
2024.01.25 21:45,1973.73889,1974.05331,1973.29310,1974.01298,100,20.0
2024.01.25 22:00,1973.53545,1973.56675,1972.89556,1973.14389,100,20.0
2024.01.25 22:15,1973.01044,1973.33249,1972.83691,1972.88293,100,20.0
2024.01.25 22:30,1972.44837,1972.78821,1971.92407,1972.08495,100,20.0
2024.01.25 22:45,1972.30858,1972.40227,1971.00879,1971.46040,100,20.0
2024.01.25 23:00,1970.54439,1971.01802,1969.35060,1969.53145,100,20.0
2024.01.25 23:15,1969.70048,1969.99561,1969.24994,1969.52050,100,20.0
2024.01.25 23:30,1970.73723,1970.77448,1970.63710,1970.66273,100,20.0
2024.01.25 23:45,1970.51260,1970.69914,1969.49653,1970.15211,100,20.0
2024.01.26 00:00,1969.89195,1970.15232,1969.33883,1969.57504,100,20.0
2024.01.26 00:15,1970.07931,1970.63668,1969.17874,1969.36868,100,20.0
2024.01.26 00:30,1969.33056,1970.17657,1968.98050,1970.14435,100,20.0
2024.01.26 00:45,1970.37101,1970.59436,1969.38836,1969.79466,100,20.0
2024.01.26 01:00,1970.75567,1971.32743,1970.68235,1970.85707,100,20.0
2024.01.26 01:15,1971.32332,1971.39032,1971.22102,1971.26423,100,20.0
2024.01.26 01:30,1971.83277,1973.25234,1971.60010,1972.45921,100,20.0
2024.01.26 01:45,1971.23628,1972.06794,1970.80353,1970.87878,100,20.0
2024.01.26 02:00,1970.94168,1971.36149,1970.27732,1971.30601,100,20.0
2024.01.26 02:15,1971.47250,1971.84221,1970.64716,1971.58829,100,20.0
2024.01.26 02:30,1971.50546,1971.59102,1971.45171,1971.52850,100,20.0
2024.01.26 02:45,1971.63470,1972.13213,1971.06468,1971.41370,100,20.0
2024.01.26 03:00,1971.58936,1972.57473,1971.54234,1972.19665,100,20.0
2024.01.26 03:15,1972.80014,1973.63322,1972.60657,1973.06763,100,20.0
2024.01.26 03:30,1972.51319,1973.14622,1972.49660,1972.79538,100,20.0
2024.01.26 03:45,1972.76413,1973.47492,1972.42240,1972.94548,100,20.0
2024.01.26 04:00,1972.80380,1973.10374,1971.65344,1972.38654,100,20.0
2024.01.26 04:15,1972.85533,1973.55748,1972.78127,1972.95145,100,20.0
2024.01.26 04:30,1972.50327,1973.28762,1972.01395,1973.17425,100,20.0
2024.01.26 04:45,1973.09490,1974.04562,1972.87449,1972.95919,100,20.0
2024.01.26 05:00,1972.03094,1972.09278,1971.31518,1971.42467,100,20.0
2024.01.26 05:15,1971.20781,1971.38122,1971.17058,1971.33156,100,20.0
2024.01.26 05:30,1970.79956,1970.98534,1970.19184,1970.51766,100,20.0
2024.01.26 05:45,1971.16401,1972.76573,1970.85367,1972.21328,100,20.0
2024.01.26 06:00,1971.61153,1971.88310,1970.90567,1970.95110,100,20.0
2024.01.26 06:15,1970.78596,1971.70156,1970.48028,1971.50224,100,20.0
2024.01.26 06:30,1971.54191,1971.74589,1971.13517,1971.19021,100,20.0
2024.01.26 06:45,1971.10453,1972.40882,1970.82097,1971.71458,100,20.0
2024.01.26 07:00,1971.91701,1972.73853,1971.91002,1971.94455,100,20.0
2024.01.26 07:15,1971.91207,1972.12784,1971.73916,1971.95449,100,20.0
2024.01.26 07:30,1971.70267,1971.80411,1971.40419,1971.45997,100,20.0
2024.01.26 07:45,1972.57842,1973.52253,1972.27947,1973.21536,100,20.0
2024.01.26 08:00,1972.12307,1973.13385,1971.44125,1972.67550,100,20.0
2024.01.26 08:15,1972.40297,1973.00812,1971.51064,1972.53339,100,20.0
2024.01.26 08:30,1972.24518,1972.61363,1971.42357,1972.05008,100,20.0
2024.01.26 08:45,1971.87731,1972.27373,1971.59031,1971.90728,100,20.0
2024.01.26 09:00,1971.26397,1972.05328,1971.22218,1971.80611,100,20.0
2024.01.26 09:15,1972.29256,1973.50275,1971.58358,1973.08795,100,20.0
2024.01.26 09:30,1973.99660,1974.04818,1973.71210,1973.78392,100,20.0
2024.01.26 09:45,1974.37116,1974.69911,1973.52143,1973.67945,100,20.0
2024.01.26 10:00,1973.84825,1974.39207,1973.51531,1974.09617,100,20.0
2024.01.26 10:15,1974.83914,1974.96359,1974.58088,1974.60105,100,20.0
2024.01.26 10:30,1974.20565,1974.22562,1973.20667,1973.57969,100,20.0
2024.01.26 10:45,1973.28592,1973.54669,1972.60740,1973.12007,100,20.0
2024.01.26 11:00,1972.98248,1973.96476,1972.74337,1973.92320,100,20.0
2024.01.26 11:15,1974.79954,1975.82133,1974.73045,1975.03997,100,20.0
2024.01.26 11:30,1975.46964,1975.76312,1974.92937,1975.70276,100,20.0
2024.01.26 11:45,1976.54365,1977.04788,1975.63148,1976.15565,100,20.0
2024.01.26 12:00,1976.28728,1976.77792,1976.05543,1976.34721,100,20.0
2024.01.26 12:15,1976.79727,1977.41757,1976.14964,1976.86731,100,20.0
2024.01.26 12:30,1976.88720,1978.09580,1976.60120,1977.24289,100,20.0
2024.01.26 12:45,1976.47845,1976.69280,1975.86849,1975.87831,100,20.0
2024.01.26 13:00,1976.00616,1976.06516,1975.70706,1975.81818,100,20.0
2024.01.26 13:15,1975.81781,1976.00961,1975.11163,1975.38854,100,20.0
2024.01.26 13:30,1974.67480,1975.19836,1974.10537,1974.83114,100,20.0
2024.01.26 13:45,1975.17976,1975.82984,1974.01343,1974.04132,100,20.0
2024.01.26 14:00,1972.89451,1973.30356,1972.86905,1973.17500,100,20.0
2024.01.26 14:15,1973.45246,1974.00386,1972.98552,1973.65900,100,20.0
2024.01.26 14:30,1973.04252,1973.40497,1972.89192,1973.15362,100,20.0
2024.01.26 14:45,1972.58437,1972.90363,1971.61162,1972.04791,100,20.0
2024.01.26 15:00,1972.48774,1972.95251,1972.39900,1972.89350,100,20.0
2024.01.26 15:15,1973.50814,1974.28629,1972.76566,1974.22223,100,20.0
2024.01.26 15:30,1973.66100,1974.15855,1972.71503,1973.34110,100,20.0
2024.01.26 15:45,1974.01899,1974.64102,1973.83824,1973.94011,100,20.0
2024.01.26 16:00,1974.14830,1974.61876,1973.65185,1974.33725,100,20.0
2024.01.26 16:15,1975.40856,1976.20322,1975.20439,1975.57864,100,20.0
2024.01.26 16:30,1975.05249,1975.33050,1974.65693,1974.78844,100,20.0
2024.01.26 16:45,1974.69942,1975.07779,1974.63367,1974.72708,100,20.0
2024.01.26 17:00,1974.42433,1974.60315,1973.69051,1973.96691,100,20.0
2024.01.26 17:15,1973.79289,1974.15999,1973.56081,1973.67033,100,20.0
2024.01.26 17:30,1974.17655,1974.17959,1973.17438,1973.71896,100,20.0
2024.01.26 17:45,1973.27931,1973.33937,1972.08988,1972.35976,100,20.0
2024.01.26 18:00,1972.21287,1972.42718,1972.02702,1972.21106,100,20.0
2024.01.26 18:15,1972.57525,1973.48560,1972.33473,1973.33741,100,20.0
2024.01.26 18:30,1973.53033,1973.62534,1973.26900,1973.44158,100,20.0
2024.01.26 18:45,1974.66698,1975.29900,1974.21710,1974.62442,100,20.0
2024.01.26 19:00,1975.47322,1975.56020,1975.21399,1975.42848,100,20.0
2024.01.26 19:15,1976.26593,1977.51725,1976.26340,1977.42171,100,20.0
2024.01.26 19:30,1977.69118,1977.73004,1976.76449,1976.77692,100,20.0
2024.01.26 19:45,1976.70527,1977.09472,1975.95465,1976.56315,100,20.0
2024.01.26 20:00,1976.02411,1976.51660,1975.27238,1975.60131,100,20.0
2024.01.26 20:15,1975.81642,1976.09661,1974.71957,1975.41639,100,20.0
2024.01.26 20:30,1975.68111,1975.81977,1975.36738,1975.63922,100,20.0
2024.01.26 20:45,1977.15144,1977.49175,1977.06157,1977.27369,100,20.0
2024.01.26 21:00,1976.45662,1976.89272,1975.99386,1976.87929,100,20.0
2024.01.26 21:15,1977.54175,1978.36794,1977.03674,1978.02722,100,20.0
2024.01.26 21:30,1978.36978,1979.40473,1978.12400,1979.04546,100,20.0
2024.01.26 21:45,1978.38533,1979.07838,1978.20194,1978.91937,100,20.0
2024.01.26 22:00,1978.76718,1979.13739,1978.38072,1978.39944,100,20.0
2024.01.26 22:15,1978.21815,1978.52896,1977.79269,1978.48132,100,20.0
2024.01.26 22:30,1977.95012,1979.49773,1977.86549,1979.18087,100,20.0
2024.01.26 22:45,1978.98232,1980.12449,1978.92320,1979.64494,100,20.0
2024.01.26 23:00,1979.67340,1980.20739,1979.66609,1979.76601,100,20.0
2024.01.26 23:15,1979.57546,1980.57369,1978.88938,1980.09497,100,20.0
2024.01.26 23:30,1980.09669,1980.28050,1979.98064,1980.26914,100,20.0
2024.01.26 23:45,1978.98889,1979.33492,1977.72517,1978.37614,100,20.0
2024.01.27 00:00,1978.38787,1978.64996,1977.37290,1977.72811,100,20.0
2024.01.27 00:15,1978.01683,1978.12291,1977.44824,1977.90739,100,20.0
2024.01.27 00:30,1978.40183,1980.28698,1978.11006,1979.47849,100,20.0
2024.01.27 00:45,1979.33953,1979.97811,1979.05356,1979.20605,100,20.0
2024.01.27 01:00,1980.10231,1980.25153,1979.58693,1980.03947,100,20.0
2024.01.27 01:15,1980.89620,1981.61497,1980.37400,1981.33382,100,20.0
2024.01.27 01:30,1981.65578,1982.06199,1981.27032,1981.35911,100,20.0
2024.01.27 01:45,1980.90959,1981.28093,1979.85779,1980.37537,100,20.0
2024.01.27 02:00,1980.05149,1980.62065,1979.68844,1980.60122,100,20.0
2024.01.27 02:15,1980.78604,1980.96228,1979.78773,1980.18914,100,20.0
2024.01.27 02:30,1980.39318,1981.13919,1980.14902,1980.76642,100,20.0
2024.01.27 02:45,1980.02366,1980.17302,1979.43525,1979.46527,100,20.0
2024.01.27 03:00,1978.91354,1979.08175,1978.63593,1978.70548,100,20.0
2024.01.27 03:15,1978.17824,1978.28768,1978.09884,1978.12243,100,20.0
2024.01.27 03:30,1977.61794,1978.30759,1976.98759,1977.17317,100,20.0
2024.01.27 03:45,1977.01093,1977.94014,1976.88011,1976.97986,100,20.0
2024.01.27 04:00,1977.95007,1978.06679,1977.46346,1977.58899,100,20.0
2024.01.27 04:15,1976.93168,1977.11153,1976.29202,1976.56215,100,20.0
2024.01.27 04:30,1976.64819,1976.85310,1976.13757,1976.62957,100,20.0
2024.01.27 04:45,1976.62373,1978.34406,1976.36360,1977.92708,100,20.0
2024.01.27 05:00,1978.00386,1978.29804,1976.63808,1977.35445,100,20.0
2024.01.27 05:15,1977.40699,1977.76600,1977.14631,1977.29001,100,20.0
2024.01.27 05:30,1977.49964,1978.83285,1977.36812,1978.57038,100,20.0
2024.01.27 05:45,1978.81170,1979.29201,1978.57562,1979.27862,100,20.0
2024.01.27 06:00,1979.75985,1980.05272,1979.41511,1979.94950,100,20.0
2024.01.27 06:15,1980.01339,1980.44376,1979.39110,1979.97899,100,20.0
2024.01.27 06:30,1979.19207,1979.69368,1979.05105,1979.31676,100,20.0
2024.01.27 06:45,1979.31796,1979.41570,1978.52266,1978.89848,100,20.0
2024.01.27 07:00,1978.72095,1979.07860,1977.77256,1977.99783,100,20.0
2024.01.27 07:15,1977.87103,1978.68566,1977.86445,1978.32493,100,20.0
2024.01.27 07:30,1978.21977,1978.57969,1978.06176,1978.42590,100,20.0
2024.01.27 07:45,1977.85431,1977.96904,1976.97757,1977.13975,100,20.0
2024.01.27 08:00,1977.41164,1979.12253,1977.16379,1978.73396,100,20.0
2024.01.27 08:15,1978.32181,1978.65263,1978.19508,1978.24048,100,20.0
2024.01.27 08:30,1978.01736,1978.63070,1977.84936,1978.32163,100,20.0
2024.01.27 08:45,1978.59415,1979.49464,1978.55963,1978.83454,100,20.0
2024.01.27 09:00,1979.23949,1979.85747,1979.06981,1979.46812,100,20.0
2024.01.27 09:15,1979.91181,1980.14986,1979.57044,1979.58873,100,20.0
2024.01.27 09:30,1979.75458,1979.77317,1979.39483,1979.68041,100,20.0
2024.01.27 09:45,1979.47659,1979.82253,1978.80833,1979.15095,100,20.0
2024.01.27 10:00,1979.34637,1979.79752,1978.49226,1978.67506,100,20.0
2024.01.27 10:15,1978.31681,1978.78878,1978.07825,1978.74699,100,20.0
2024.01.27 10:30,1978.61776,1978.65673,1977.67570,1977.73765,100,20.0
2024.01.27 10:45,1977.52665,1978.57417,1977.41479,1977.92556,100,20.0
2024.01.27 11:00,1977.86406,1978.12652,1977.18798,1977.77083,100,20.0
2024.01.27 11:15,1977.06888,1977.23150,1976.53752,1977.08324,100,20.0
2024.01.27 11:30,1976.71385,1977.04665,1976.03426,1976.28141,100,20.0
2024.01.27 11:45,1976.89488,1977.64501,1976.21123,1976.42483,100,20.0
2024.01.27 12:00,1976.17420,1976.75086,1975.28450,1976.38555,100,20.0
2024.01.27 12:15,1977.00904,1978.12664,1976.69993,1977.86278,100,20.0
2024.01.27 12:30,1977.50253,1977.65134,1976.92466,1976.95261,100,20.0
2024.01.27 12:45,1976.76443,1977.06970,1976.14533,1976.80120,100,20.0
2024.01.27 13:00,1976.96390,1977.00414,1976.10053,1976.35942,100,20.0
2024.01.27 13:15,1977.27542,1977.31286,1976.97023,1977.08769,100,20.0
2024.01.27 13:30,1976.28407,1976.76141,1975.14833,1975.44590,100,20.0
2024.01.27 13:45,1976.19448,1976.81118,1976.06761,1976.59824,100,20.0
2024.01.27 14:00,1976.72259,1977.07549,1975.91720,1976.10162,100,20.0
2024.01.27 14:15,1975.73055,1976.07438,1975.50722,1975.61500,100,20.0
2024.01.27 14:30,1975.34646,1975.36138,1975.16849,1975.32975,100,20.0
2024.01.27 14:45,1975.69461,1975.80448,1975.65923,1975.72955,100,20.0
2024.01.27 15:00,1975.55278,1975.63681,1974.89071,1975.42388,100,20.0
2024.01.27 15:15,1976.81089,1977.22631,1975.95300,1976.69308,100,20.0
2024.01.27 15:30,1976.55021,1977.29322,1976.32006,1977.21817,100,20.0
2024.01.27 15:45,1977.29752,1977.45966,1976.93588,1977.35806,100,20.0
2024.01.27 16:00,1977.28119,1978.62435,1977.21488,1978.11965,100,20.0
2024.01.27 16:15,1977.97720,1978.00354,1977.70955,1977.85579,100,20.0
2024.01.27 16:30,1978.65601,1978.68209,1977.87984,1978.48511,100,20.0
2024.01.27 16:45,1978.41283,1978.54232,1977.85943,1978.42068,100,20.0
2024.01.27 17:00,1977.99284,1978.82513,1977.18186,1977.98873,100,20.0
2024.01.27 17:15,1979.14034,1979.39256,1978.24330,1978.41659,100,20.0
2024.01.27 17:30,1978.61583,1979.06325,1978.55911,1978.64391,100,20.0
2024.01.27 17:45,1977.67567,1977.86794,1976.66778,1977.12449,100,20.0
2024.01.27 18:00,1976.30482,1977.65175,1975.48701,1976.85055,100,20.0
2024.01.27 18:15,1976.90354,1977.78400,1976.83204,1977.64981,100,20.0
2024.01.27 18:30,1978.13679,1978.23745,1977.14081,1977.87067,100,20.0
2024.01.27 18:45,1978.60863,1979.32602,1978.50820,1978.92500,100,20.0
2024.01.27 19:00,1978.15780,1978.82129,1978.07946,1978.10669,100,20.0
2024.01.27 19:15,1977.88107,1978.28504,1977.30305,1978.12012,100,20.0
2024.01.27 19:30,1978.62315,1979.06705,1978.34589,1978.88978,100,20.0
2024.01.27 19:45,1978.24285,1978.57134,1978.17108,1978.48901,100,20.0
2024.01.27 20:00,1978.92380,1980.19425,1978.43200,1980.13857,100,20.0
2024.01.27 20:15,1980.58455,1981.10181,1980.45025,1981.08589,100,20.0
2024.01.27 20:30,1982.12217,1982.83266,1981.92756,1982.12224,100,20.0
2024.01.27 20:45,1982.18555,1982.49225,1981.29659,1981.42384,100,20.0
2024.01.27 21:00,1980.31126,1980.39081,1979.69261,1980.26504,100,20.0
2024.01.27 21:15,1980.28304,1980.86357,1980.00046,1980.64835,100,20.0
2024.01.27 21:30,1980.80989,1980.95416,1979.46663,1979.69124,100,20.0
2024.01.27 21:45,1980.37366,1980.68994,1979.84653,1979.86873,100,20.0
2024.01.27 22:00,1980.19562,1980.50060,1979.50628,1980.43003,100,20.0
2024.01.27 22:15,1979.90018,1980.33821,1979.02173,1979.75395,100,20.0
2024.01.27 22:30,1980.10883,1980.73177,1979.93001,1980.40751,100,20.0
2024.01.27 22:45,1980.02411,1980.30167,1980.00406,1980.16454,100,20.0
2024.01.27 23:00,1979.73073,1980.39637,1979.37436,1979.79033,100,20.0
2024.01.27 23:15,1979.92603,1980.30159,1979.49650,1980.23017,100,20.0
2024.01.27 23:30,1978.41440,1978.50981,1977.58324,1977.65886,100,20.0
2024.01.27 23:45,1977.96980,1978.14425,1977.51688,1978.03534,100,20.0
2024.01.28 00:00,1978.41274,1978.78180,1978.30727,1978.51109,100,20.0
2024.01.28 00:15,1978.75303,1979.04627,1978.74309,1978.90648,100,20.0
2024.01.28 00:30,1977.86585,1977.94798,1976.98966,1977.38016,100,20.0
2024.01.28 00:45,1976.13121,1976.66710,1975.97749,1976.34207,100,20.0
2024.01.28 01:00,1976.41635,1976.48298,1976.20804,1976.24549,100,20.0
2024.01.28 01:15,1976.06217,1976.50831,1975.40541,1976.12754,100,20.0
2024.01.28 01:30,1976.33588,1977.16058,1976.00180,1976.66227,100,20.0
2024.01.28 01:45,1975.79648,1975.92099,1975.13052,1975.34120,100,20.0
2024.01.28 02:00,1974.59159,1975.42474,1974.53689,1974.80120,100,20.0
2024.01.28 02:15,1974.75143,1975.91593,1974.36158,1975.58617,100,20.0
2024.01.28 02:30,1975.49901,1976.08301,1974.93964,1975.32065,100,20.0
2024.01.28 02:45,1975.60817,1975.83288,1975.01471,1975.75181,100,20.0
2024.01.28 03:00,1976.08352,1976.40665,1975.60944,1975.99621,100,20.0
2024.01.28 03:15,1976.90733,1978.26952,1976.86462,1977.34780,100,20.0
2024.01.28 03:30,1976.58630,1976.66557,1976.45924,1976.52220,100,20.0
2024.01.28 03:45,1976.60442,1977.60808,1976.27680,1977.39428,100,20.0
2024.01.28 04:00,1977.77208,1978.93722,1977.26619,1978.63063,100,20.0
2024.01.28 04:15,1979.46508,1979.78840,1979.39081,1979.48676,100,20.0
2024.01.28 04:30,1978.55361,1978.80665,1978.00946,1978.06578,100,20.0
2024.01.28 04:45,1978.07072,1978.39364,1977.73569,1978.38095,100,20.0
2024.01.28 05:00,1977.81838,1978.99270,1977.49937,1978.57405,100,20.0
2024.01.28 05:15,1978.85303,1979.16413,1978.61777,1978.78489,100,20.0
2024.01.28 05:30,1978.37935,1979.64992,1978.25525,1979.32250,100,20.0
2024.01.28 05:45,1980.69327,1982.24520,1980.40960,1981.61309,100,20.0
2024.01.28 06:00,1982.17403,1982.88331,1981.76655,1982.55003,100,20.0
2024.01.28 06:15,1982.67941,1983.23425,1982.19704,1982.83693,100,20.0
2024.01.28 06:30,1983.26518,1984.33229,1982.87520,1984.08388,100,20.0
2024.01.28 06:45,1983.73440,1984.91293,1983.22169,1984.51858,100,20.0
2024.01.28 07:00,1984.65774,1984.77211,1984.56390,1984.65318,100,20.0
2024.01.28 07:15,1985.26690,1985.95525,1984.87655,1985.62074,100,20.0
2024.01.28 07:30,1986.46753,1987.27820,1986.45584,1987.25971,100,20.0
2024.01.28 07:45,1986.86364,1987.20905,1986.64365,1986.86643,100,20.0
2024.01.28 08:00,1987.06913,1987.10011,1986.68526,1986.78323,100,20.0
2024.01.28 08:15,1986.61946,1988.49396,1986.01003,1987.99393,100,20.0
2024.01.28 08:30,1987.27810,1988.26707,1987.21244,1987.36869,100,20.0
2024.01.28 08:45,1986.83335,1987.46676,1986.10497,1986.35422,100,20.0
2024.01.28 09:00,1985.73183,1985.83442,1985.49897,1985.52478,100,20.0
2024.01.28 09:15,1985.72554,1986.12454,1985.33511,1985.97944,100,20.0
2024.01.28 09:30,1985.74253,1986.14019,1985.40273,1985.40364,100,20.0
2024.01.28 09:45,1985.25083,1985.42882,1984.74603,1984.84030,100,20.0
2024.01.28 10:00,1984.56329,1984.69317,1983.86271,1984.13880,100,20.0
2024.01.28 10:15,1984.02932,1985.01683,1983.49197,1984.94257,100,20.0
2024.01.28 10:30,1985.13024,1985.43311,1984.81834,1985.35026,100,20.0
2024.01.28 10:45,1985.43656,1985.91537,1985.24226,1985.88791,100,20.0
2024.01.28 11:00,1985.26514,1985.63147,1985.18265,1985.57593,100,20.0
2024.01.28 11:15,1984.87310,1985.01190,1984.54621,1984.59819,100,20.0
2024.01.28 11:30,1984.25257,1984.65558,1983.99649,1984.59158,100,20.0
2024.01.28 11:45,1984.59453,1984.75128,1984.31652,1984.38448,100,20.0
2024.01.28 12:00,1983.93295,1984.20203,1983.53358,1983.88952,100,20.0
2024.01.28 12:15,1983.68005,1984.52235,1983.16719,1983.58378,100,20.0
2024.01.28 12:30,1985.02134,1985.10609,1984.33640,1984.39209,100,20.0
2024.01.28 12:45,1984.75313,1985.18898,1984.51670,1985.08802,100,20.0
2024.01.28 13:00,1984.81728,1985.06053,1984.17464,1984.79224,100,20.0
2024.01.28 13:15,1984.80042,1984.98530,1984.43430,1984.88919,100,20.0
2024.01.28 13:30,1985.82566,1986.30504,1985.69157,1986.19738,100,20.0
2024.01.28 13:45,1985.91747,1986.40074,1985.85429,1986.04696,100,20.0
2024.01.28 14:00,1986.77557,1986.82079,1985.91938,1986.16457,100,20.0
2024.01.28 14:15,1986.40756,1987.02284,1985.98148,1986.84367,100,20.0
2024.01.28 14:30,1986.57321,1987.17021,1985.35278,1987.01351,100,20.0
2024.01.28 14:45,1986.34043,1986.74807,1984.87596,1985.20734,100,20.0
2024.01.28 15:00,1986.18469,1986.33128,1985.95953,1986.08739,100,20.0
2024.01.28 15:15,1985.33287,1985.70995,1984.69684,1985.16935,100,20.0
2024.01.28 15:30,1985.66324,1986.06968,1985.40498,1985.86006,100,20.0
2024.01.28 15:45,1984.83623,1985.13190,1984.24446,1984.51278,100,20.0
2024.01.28 16:00,1984.48992,1984.73850,1983.70254,1984.19536,100,20.0
2024.01.28 16:15,1983.98432,1984.63003,1983.85069,1983.96791,100,20.0
2024.01.28 16:30,1983.91914,1984.56646,1983.13600,1983.66245,100,20.0
2024.01.28 16:45,1982.47751,1982.95515,1982.18713,1982.73312,100,20.0
2024.01.28 17:00,1982.48234,1983.24458,1982.41202,1983.19305,100,20.0
2024.01.28 17:15,1982.76996,1983.31263,1982.56444,1983.22691,100,20.0
2024.01.28 17:30,1982.96340,1983.12886,1982.62986,1982.66679,100,20.0
2024.01.28 17:45,1981.02700,1982.03500,1980.83132,1981.29058,100,20.0
2024.01.28 18:00,1980.62123,1981.32412,1980.61721,1980.81459,100,20.0
2024.01.28 18:15,1980.44634,1981.02821,1980.08683,1980.82094,100,20.0
2024.01.28 18:30,1981.23409,1981.43421,1980.20183,1980.62349,100,20.0
2024.01.28 18:45,1981.58686,1981.76547,1980.97097,1981.42633,100,20.0
2024.01.28 19:00,1981.21836,1981.40089,1980.55403,1980.81194,100,20.0
2024.01.28 19:15,1981.18094,1981.54642,1980.72149,1980.89034,100,20.0
2024.01.28 19:30,1980.96721,1981.09062,1980.71446,1980.73079,100,20.0
2024.01.28 19:45,1980.03773,1980.92072,1979.69636,1980.64889,100,20.0
2024.01.28 20:00,1979.78611,1980.11888,1978.96200,1979.21349,100,20.0
2024.01.28 20:15,1979.09778,1979.20974,1978.80879,1979.05905,100,20.0
2024.01.28 20:30,1979.68102,1980.33315,1979.55421,1980.00544,100,20.0
2024.01.28 20:45,1980.97166,1981.54960,1980.43463,1981.06284,100,20.0
2024.01.28 21:00,1979.84432,1980.21883,1979.73734,1979.76280,100,20.0
2024.01.28 21:15,1980.64077,1981.27804,1979.19025,1979.69968,100,20.0
2024.01.28 21:30,1980.16963,1980.77446,1979.78212,1980.35085,100,20.0
2024.01.28 21:45,1980.38102,1980.63862,1979.81492,1979.95160,100,20.0
2024.01.28 22:00,1980.29570,1980.56711,1979.57159,1980.56157,100,20.0
2024.01.28 22:15,1980.38260,1980.69709,1978.86591,1979.02823,100,20.0
2024.01.28 22:30,1977.80360,1978.31304,1976.79047,1976.97496,100,20.0
2024.01.28 22:45,1978.16490,1978.29298,1977.30838,1978.03866,100,20.0
2024.01.28 23:00,1977.43007,1977.51671,1976.50291,1976.78563,100,20.0
2024.01.28 23:15,1977.01592,1977.74103,1976.60238,1977.72988,100,20.0
2024.01.28 23:30,1977.71197,1977.77402,1976.47677,1976.94884,100,20.0
2024.01.28 23:45,1977.12235,1977.31145,1976.71694,1976.94743,100,20.0
2024.01.29 00:00,1976.29464,1976.71901,1975.94597,1976.38625,100,20.0
2024.01.29 00:15,1976.03503,1976.16261,1975.36833,1975.39947,100,20.0
2024.01.29 00:30,1976.82053,1977.26204,1976.73543,1976.81449,100,20.0
2024.01.29 00:45,1977.97107,1978.64859,1976.72141,1977.55493,100,20.0
2024.01.29 01:00,1977.62310,1978.82432,1977.46948,1978.32543,100,20.0
2024.01.29 01:15,1978.95142,1978.98530,1978.32973,1978.64124,100,20.0
2024.01.29 01:30,1979.11235,1979.81286,1978.09193,1978.28647,100,20.0
2024.01.29 01:45,1977.77967,1978.33729,1977.19578,1978.03831,100,20.0
2024.01.29 02:00,1978.18862,1978.85445,1977.61155,1977.82557,100,20.0
2024.01.29 02:15,1977.27991,1977.96488,1976.80992,1977.10968,100,20.0
2024.01.29 02:30,1976.19193,1976.43095,1974.83917,1975.21414,100,20.0
2024.01.29 02:45,1975.35770,1975.81435,1974.85376,1975.07880,100,20.0
2024.01.29 03:00,1975.53462,1975.78561,1975.08138,1975.76184,100,20.0
2024.01.29 03:15,1976.04353,1976.13112,1974.97954,1975.36546,100,20.0
2024.01.29 03:30,1975.57466,1975.95262,1975.12587,1975.72178,100,20.0
2024.01.29 03:45,1975.01421,1975.65693,1974.76320,1975.45365,100,20.0
2024.01.29 04:00,1975.08824,1975.43719,1974.22797,1974.77369,100,20.0
2024.01.29 04:15,1975.03013,1975.56976,1974.74179,1975.29068,100,20.0
2024.01.29 04:30,1974.67534,1974.87025,1973.22026,1973.81210,100,20.0
2024.01.29 04:45,1974.72862,1974.92761,1974.71643,1974.90525,100,20.0
2024.01.29 05:00,1975.06800,1975.38211,1974.82337,1974.88224,100,20.0
2024.01.29 05:15,1975.12148,1975.49588,1974.89918,1975.41693,100,20.0
2024.01.29 05:30,1976.30729,1976.39598,1975.58577,1975.79229,100,20.0
2024.01.29 05:45,1976.15638,1977.09941,1975.82856,1976.76569,100,20.0
2024.01.29 06:00,1978.15114,1978.37630,1976.42683,1977.11952,100,20.0
2024.01.29 06:15,1977.88951,1978.07014,1977.74949,1978.00186,100,20.0
2024.01.29 06:30,1977.70267,1978.01364,1977.51758,1977.73185,100,20.0
2024.01.29 06:45,1977.11469,1977.40719,1977.06090,1977.13335,100,20.0
2024.01.29 07:00,1976.40403,1976.51505,1975.33866,1975.38565,100,20.0
2024.01.29 07:15,1976.13670,1976.26071,1974.77638,1974.91472,100,20.0
2024.01.29 07:30,1974.82207,1974.85889,1974.12130,1974.40895,100,20.0
2024.01.29 07:45,1973.81320,1973.96453,1973.26666,1973.46756,100,20.0
2024.01.29 08:00,1973.61881,1974.14404,1973.21447,1973.59697,100,20.0
2024.01.29 08:15,1973.91768,1974.56487,1973.68444,1974.39748,100,20.0
2024.01.29 08:30,1974.03215,1974.39292,1973.82037,1974.05046,100,20.0
2024.01.29 08:45,1974.12881,1974.70902,1973.88548,1974.35750,100,20.0
2024.01.29 09:00,1974.37730,1974.51085,1973.09596,1973.29185,100,20.0
2024.01.29 09:15,1973.19823,1973.40498,1972.14128,1972.15085,100,20.0
2024.01.29 09:30,1972.76281,1973.55618,1972.71633,1973.04203,100,20.0
2024.01.29 09:45,1972.82876,1973.12008,1972.67001,1972.67453,100,20.0
2024.01.29 10:00,1972.63641,1972.93657,1971.80029,1972.48185,100,20.0
2024.01.29 10:15,1973.12672,1973.53716,1972.36744,1972.66520,100,20.0
2024.01.29 10:30,1972.02738,1972.90110,1971.74092,1972.63904,100,20.0
2024.01.29 10:45,1973.17232,1973.47254,1972.94199,1972.95290,100,20.0
2024.01.29 11:00,1972.77079,1972.79733,1972.16387,1972.46448,100,20.0
2024.01.29 11:15,1973.20331,1973.67908,1972.37783,1972.52942,100,20.0
2024.01.29 11:30,1972.29603,1972.32841,1971.66107,1971.88106,100,20.0
2024.01.29 11:45,1971.22491,1971.32090,1970.75386,1971.00527,100,20.0
2024.01.29 12:00,1971.20452,1972.05310,1971.17759,1971.86330,100,20.0
2024.01.29 12:15,1971.45389,1972.19305,1971.36095,1971.78069,100,20.0
2024.01.29 12:30,1971.33891,1972.50800,1971.33522,1972.20099,100,20.0
2024.01.29 12:45,1972.41084,1973.03027,1972.39106,1972.39949,100,20.0
2024.01.29 13:00,1971.84754,1971.90711,1971.61189,1971.82091,100,20.0
2024.01.29 13:15,1971.58369,1972.12555,1971.18469,1971.88184,100,20.0
2024.01.29 13:30,1971.61261,1972.32839,1971.56812,1971.69513,100,20.0
2024.01.29 13:45,1971.47485,1971.59672,1971.25132,1971.51591,100,20.0
2024.01.29 14:00,1970.81724,1971.38609,1970.65684,1970.68461,100,20.0
2024.01.29 14:15,1971.69125,1972.44210,1971.20828,1971.57468,100,20.0
2024.01.29 14:30,1971.60585,1972.17016,1971.46074,1971.49421,100,20.0
2024.01.29 14:45,1972.78939,1972.94535,1972.20890,1972.45600,100,20.0
2024.01.29 15:00,1971.98148,1972.51181,1971.81475,1972.16261,100,20.0
2024.01.29 15:15,1972.93849,1973.67697,1972.80688,1973.12939,100,20.0
2024.01.29 15:30,1973.10946,1973.41023,1972.35851,1972.87514,100,20.0
2024.01.29 15:45,1973.18067,1973.49290,1972.72112,1973.47340,100,20.0
2024.01.29 16:00,1974.65715,1975.26886,1974.62631,1975.20120,100,20.0
2024.01.29 16:15,1975.05649,1975.39820,1974.63628,1974.92590,100,20.0
2024.01.29 16:30,1975.56246,1976.06320,1974.81065,1975.07797,100,20.0
2024.01.29 16:45,1974.62974,1974.72033,1973.00886,1973.92341,100,20.0
2024.01.29 17:00,1973.14236,1973.21948,1972.74528,1973.20023,100,20.0
2024.01.29 17:15,1973.22322,1974.12590,1972.67023,1972.76837,100,20.0
2024.01.29 17:30,1972.95898,1973.78311,1972.49509,1973.19730,100,20.0
2024.01.29 17:45,1973.06758,1973.18186,1972.68960,1972.93199,100,20.0
2024.01.29 18:00,1972.53350,1973.51073,1972.51434,1972.84993,100,20.0
2024.01.29 18:15,1973.45525,1974.37886,1973.34182,1974.14324,100,20.0
2024.01.29 18:30,1973.83186,1974.32897,1973.51213,1974.30302,100,20.0
2024.01.29 18:45,1973.40341,1973.51888,1972.60206,1973.21790,100,20.0
2024.01.29 19:00,1973.96919,1974.30258,1973.25161,1973.41975,100,20.0
2024.01.29 19:15,1974.53175,1974.73653,1973.79174,1973.84164,100,20.0
2024.01.29 19:30,1973.53958,1973.75105,1972.14788,1972.56498,100,20.0
2024.01.29 19:45,1972.82781,1973.11210,1972.50001,1972.59662,100,20.0
2024.01.29 20:00,1972.29032,1972.52913,1971.57780,1972.26569,100,20.0
2024.01.29 20:15,1972.13440,1972.58127,1971.70465,1972.30233,100,20.0
2024.01.29 20:30,1972.63291,1972.99152,1971.57213,1971.92129,100,20.0
2024.01.29 20:45,1971.84128,1973.02724,1971.73403,1972.89280,100,20.0
2024.01.29 21:00,1972.63310,1973.14281,1972.58846,1972.69101,100,20.0
2024.01.29 21:15,1972.60351,1972.90894,1972.16074,1972.50848,100,20.0
2024.01.29 21:30,1972.57337,1973.51499,1972.44091,1973.34260,100,20.0
2024.01.29 21:45,1973.06805,1973.68529,1972.58162,1973.22115,100,20.0
2024.01.29 22:00,1972.39952,1972.43442,1971.26485,1971.34241,100,20.0
2024.01.29 22:15,1971.55004,1971.88104,1970.33574,1970.92481,100,20.0
2024.01.29 22:30,1970.40773,1970.43360,1970.07095,1970.28183,100,20.0
2024.01.29 22:45,1969.64323,1969.97625,1969.07644,1969.95832,100,20.0
2024.01.29 23:00,1968.90279,1969.41434,1968.75674,1968.78590,100,20.0
2024.01.29 23:15,1968.76514,1969.04359,1968.52566,1968.67912,100,20.0
2024.01.29 23:30,1969.06406,1969.19005,1967.87969,1967.98507,100,20.0
2024.01.29 23:45,1967.41503,1968.23950,1967.06710,1967.83587,100,20.0
2024.01.30 00:00,1967.72129,1967.73382,1966.95029,1967.17138,100,20.0
2024.01.30 00:15,1966.95364,1967.24423,1966.84674,1966.85398,100,20.0
2024.01.30 00:30,1965.37895,1965.65263,1964.75663,1965.12619,100,20.0
2024.01.30 00:45,1965.74282,1967.06196,1965.30878,1966.18373,100,20.0
2024.01.30 01:00,1966.46952,1966.64281,1966.44132,1966.59636,100,20.0
2024.01.30 01:15,1967.23268,1967.76480,1966.24640,1966.52193,100,20.0
2024.01.30 01:30,1965.93010,1966.29444,1965.31199,1965.53728,100,20.0
2024.01.30 01:45,1964.43702,1964.43978,1963.52361,1964.15701,100,20.0
2024.01.30 02:00,1963.68920,1963.79596,1963.54552,1963.70903,100,20.0
2024.01.30 02:15,1964.17212,1964.49787,1963.55412,1963.81447,100,20.0
2024.01.30 02:30,1963.64725,1964.66638,1963.47668,1964.44261,100,20.0
2024.01.30 02:45,1964.34589,1964.88343,1964.26909,1964.77127,100,20.0
2024.01.30 03:00,1964.88130,1965.04085,1964.18001,1964.44268,100,20.0
2024.01.30 03:15,1963.78182,1964.43377,1963.48878,1964.36520,100,20.0
2024.01.30 03:30,1964.73418,1965.31320,1964.15474,1964.61333,100,20.0
2024.01.30 03:45,1963.57892,1963.84373,1963.49308,1963.82859,100,20.0
2024.01.30 04:00,1965.43565,1966.16286,1965.00904,1965.96501,100,20.0
2024.01.30 04:15,1966.48315,1967.79619,1966.46143,1967.25469,100,20.0
2024.01.30 04:30,1966.79581,1967.05842,1966.47168,1966.88616,100,20.0
2024.01.30 04:45,1966.57517,1966.97975,1965.41308,1965.65618,100,20.0
2024.01.30 05:00,1966.24995,1966.53616,1965.58905,1965.70091,100,20.0
2024.01.30 05:15,1966.08475,1966.42150,1965.92477,1966.18011,100,20.0
2024.01.30 05:30,1966.67204,1967.46967,1966.60480,1966.78108,100,20.0
2024.01.30 05:45,1966.89667,1967.04561,1966.14012,1966.15436,100,20.0
2024.01.30 06:00,1966.75101,1967.16357,1966.22598,1966.63998,100,20.0
2024.01.30 06:15,1966.08791,1966.44216,1965.80735,1966.26331,100,20.0
2024.01.30 06:30,1966.51693,1966.96119,1965.37065,1965.97628,100,20.0
2024.01.30 06:45,1966.59506,1966.88127,1965.57703,1965.78216,100,20.0
2024.01.30 07:00,1965.10639,1965.64160,1964.61792,1965.22648,100,20.0
2024.01.30 07:15,1965.74882,1965.77756,1964.66115,1965.17440,100,20.0
2024.01.30 07:30,1965.35606,1965.44259,1964.43106,1964.96991,100,20.0
2024.01.30 07:45,1964.41381,1965.80988,1964.36252,1965.01297,100,20.0
2024.01.30 08:00,1964.52812,1965.49093,1964.33312,1965.43063,100,20.0
2024.01.30 08:15,1965.19421,1966.10744,1964.97622,1965.65494,100,20.0
2024.01.30 08:30,1965.90745,1966.25747,1964.91726,1965.32121,100,20.0
2024.01.30 08:45,1964.95035,1964.96682,1964.56673,1964.89059,100,20.0
2024.01.30 09:00,1964.69700,1965.04200,1964.25929,1964.26021,100,20.0
2024.01.30 09:15,1963.26878,1964.09389,1962.39112,1962.44494,100,20.0
2024.01.30 09:30,1962.73806,1962.92841,1962.62243,1962.84925,100,20.0
2024.01.30 09:45,1963.49637,1964.53666,1963.46710,1964.09183,100,20.0
2024.01.30 10:00,1964.41271,1964.88886,1964.12412,1964.84568,100,20.0
2024.01.30 10:15,1965.17970,1965.95073,1965.05948,1965.62975,100,20.0
2024.01.30 10:30,1964.93929,1965.14078,1964.18884,1964.72463,100,20.0
2024.01.30 10:45,1965.62014,1965.89180,1964.45464,1964.57251,100,20.0
2024.01.30 11:00,1965.05668,1965.70136,1964.78467,1965.44880,100,20.0
2024.01.30 11:15,1965.71952,1965.97051,1965.57956,1965.62565,100,20.0
2024.01.30 11:30,1965.55106,1965.63335,1965.23203,1965.41435,100,20.0
2024.01.30 11:45,1965.37582,1965.57915,1965.32421,1965.44150,100,20.0
2024.01.30 12:00,1966.38263,1966.58568,1965.54981,1966.51492,100,20.0
2024.01.30 12:15,1966.29436,1966.55915,1964.90594,1964.95288,100,20.0
2024.01.30 12:30,1965.30919,1965.51070,1964.94487,1964.97753,100,20.0
2024.01.30 12:45,1963.24327,1964.49617,1963.17146,1963.69941,100,20.0
2024.01.30 13:00,1964.47893,1965.01577,1964.28016,1964.88300,100,20.0
2024.01.30 13:15,1966.58691,1967.43057,1966.30324,1967.13708,100,20.0
2024.01.30 13:30,1966.77276,1967.26881,1966.31811,1966.67461,100,20.0
2024.01.30 13:45,1965.84997,1966.47983,1965.47406,1966.22341,100,20.0
2024.01.30 14:00,1966.18345,1966.75425,1965.54746,1966.11499,100,20.0
2024.01.30 14:15,1966.21848,1966.82547,1966.19661,1966.69635,100,20.0
2024.01.30 14:30,1966.26681,1966.37223,1965.65866,1965.90062,100,20.0
2024.01.30 14:45,1966.45911,1966.97576,1966.28398,1966.87200,100,20.0
2024.01.30 15:00,1966.85061,1967.04111,1966.58677,1966.94082,100,20.0
2024.01.30 15:15,1967.63070,1968.27054,1966.86780,1967.15763,100,20.0
2024.01.30 15:30,1967.87198,1968.32681,1967.38725,1967.85761,100,20.0
2024.01.30 15:45,1968.36732,1969.52655,1967.67511,1969.20134,100,20.0
2024.01.30 16:00,1968.05697,1968.13656,1967.66469,1967.85783,100,20.0
2024.01.30 16:15,1967.67586,1968.86431,1967.34665,1968.70727,100,20.0
2024.01.30 16:30,1968.15215,1968.94113,1967.57954,1968.39726,100,20.0
2024.01.30 16:45,1968.33973,1968.50584,1967.77637,1967.83876,100,20.0
2024.01.30 17:00,1967.81708,1968.04602,1967.72970,1968.02519,100,20.0
2024.01.30 17:15,1967.97980,1968.12331,1967.76995,1967.84144,100,20.0
2024.01.30 17:30,1968.31881,1969.18782,1968.13856,1969.10629,100,20.0
2024.01.30 17:45,1970.17205,1970.18256,1969.19528,1969.64222,100,20.0
2024.01.30 18:00,1969.17995,1969.69903,1967.58691,1968.29061,100,20.0
2024.01.30 18:15,1968.25787,1969.28126,1968.07523,1968.81656,100,20.0
2024.01.30 18:30,1968.11620,1968.52134,1968.07003,1968.46624,100,20.0
2024.01.30 18:45,1968.15859,1968.65699,1967.73765,1968.59388,100,20.0
2024.01.30 19:00,1969.22556,1969.89430,1968.75373,1969.64466,100,20.0
2024.01.30 19:15,1969.04335,1969.04479,1968.19479,1968.35197,100,20.0
2024.01.30 19:30,1968.88433,1968.97455,1968.15782,1968.29917,100,20.0
2024.01.30 19:45,1969.53573,1969.53581,1968.40632,1968.52126,100,20.0
2024.01.30 20:00,1968.45635,1968.96860,1967.70440,1968.02798,100,20.0
2024.01.30 20:15,1968.45116,1970.02340,1967.91186,1969.73158,100,20.0
2024.01.30 20:30,1969.90875,1970.63497,1969.82626,1970.29707,100,20.0
2024.01.30 20:45,1970.64765,1971.31459,1970.57944,1971.02323,100,20.0
2024.01.30 21:00,1970.11116,1971.35700,1969.96075,1970.69049,100,20.0
2024.01.30 21:15,1970.04567,1970.91065,1969.54211,1970.59302,100,20.0
2024.01.30 21:30,1971.27910,1971.67371,1970.46827,1970.62851,100,20.0
2024.01.30 21:45,1970.95702,1971.21786,1970.44370,1970.88290,100,20.0
2024.01.30 22:00,1971.56541,1972.36981,1971.26815,1972.11782,100,20.0
2024.01.30 22:15,1971.32862,1972.27085,1971.22023,1971.26172,100,20.0
2024.01.30 22:30,1970.80310,1970.84837,1970.50320,1970.61629,100,20.0
2024.01.30 22:45,1970.19071,1971.03775,1969.74831,1970.30179,100,20.0
2024.01.30 23:00,1970.71634,1970.97792,1970.35769,1970.79400,100,20.0
2024.01.30 23:15,1970.66573,1970.66585,1969.51656,1970.00239,100,20.0
2024.01.30 23:30,1969.33040,1969.53901,1968.80683,1969.46186,100,20.0
2024.01.30 23:45,1970.25064,1971.19642,1970.22604,1970.61164,100,20.0
2024.01.31 00:00,1971.55655,1971.74521,1971.54531,1971.56975,100,20.0
2024.01.31 00:15,1971.83067,1971.92478,1971.04027,1971.07029,100,20.0
2024.01.31 00:30,1970.55134,1971.19426,1970.15478,1971.01860,100,20.0
2024.01.31 00:45,1971.42140,1972.15167,1971.26938,1971.28914,100,20.0
2024.01.31 01:00,1971.33331,1971.79464,1971.30618,1971.56349,100,20.0
2024.01.31 01:15,1971.43757,1971.77995,1971.29839,1971.71893,100,20.0
2024.01.31 01:30,1971.28615,1971.67853,1970.32223,1970.63980,100,20.0
2024.01.31 01:45,1971.40395,1971.90703,1970.99685,1971.32362,100,20.0
2024.01.31 02:00,1970.87793,1971.13903,1970.08686,1970.20339,100,20.0
2024.01.31 02:15,1970.10204,1971.25473,1969.32432,1971.10713,100,20.0
2024.01.31 02:30,1970.08991,1970.52479,1970.02467,1970.37111,100,20.0
2024.01.31 02:45,1970.18756,1971.49710,1969.78530,1971.41675,100,20.0
2024.01.31 03:00,1970.75398,1971.26807,1970.74374,1971.04056,100,20.0
2024.01.31 03:15,1971.42259,1972.18939,1970.93735,1971.29737,100,20.0
2024.01.31 03:30,1970.37054,1970.99646,1969.91694,1970.66114,100,20.0
2024.01.31 03:45,1970.01728,1970.17046,1969.85401,1970.00805,100,20.0
2024.01.31 04:00,1970.09041,1970.15167,1969.47992,1970.01961,100,20.0
2024.01.31 04:15,1970.46710,1971.27880,1970.22516,1971.20254,100,20.0
2024.01.31 04:30,1970.37280,1970.80209,1969.99432,1970.39377,100,20.0
2024.01.31 04:45,1969.97956,1970.96191,1969.75816,1970.80899,100,20.0
2024.01.31 05:00,1971.33651,1971.37164,1970.48763,1971.00322,100,20.0
2024.01.31 05:15,1970.49476,1970.63510,1970.14369,1970.21769,100,20.0
2024.01.31 05:30,1970.05026,1970.89804,1969.35950,1969.90232,100,20.0
2024.01.31 05:45,1969.49585,1969.78752,1968.94155,1969.01460,100,20.0
2024.01.31 06:00,1970.05567,1970.16910,1969.14312,1969.80177,100,20.0
2024.01.31 06:15,1969.67205,1971.00410,1969.15887,1970.68903,100,20.0
2024.01.31 06:30,1970.19561,1971.29788,1969.95922,1970.96895,100,20.0
2024.01.31 06:45,1970.91182,1971.01783,1970.72036,1970.80863,100,20.0
2024.01.31 07:00,1969.83323,1969.90295,1968.54439,1969.15003,100,20.0
2024.01.31 07:15,1968.82597,1969.27775,1968.46094,1969.24343,100,20.0
2024.01.31 07:30,1969.33350,1969.70312,1968.93032,1969.07174,100,20.0
2024.01.31 07:45,1969.86180,1970.26821,1969.82222,1970.09767,100,20.0
2024.01.31 08:00,1969.71573,1969.81573,1968.33955,1969.04338,100,20.0
2024.01.31 08:15,1969.22823,1969.23780,1968.81243,1968.87411,100,20.0
2024.01.31 08:30,1969.67287,1970.28803,1969.59594,1970.01223,100,20.0
2024.01.31 08:45,1970.05031,1970.54295,1969.52511,1970.19754,100,20.0
2024.01.31 09:00,1970.33449,1970.80346,1969.89011,1970.67635,100,20.0
2024.01.31 09:15,1970.96810,1971.10502,1969.83857,1970.17198,100,20.0
2024.01.31 09:30,1970.10022,1970.18287,1969.61237,1969.93741,100,20.0
2024.01.31 09:45,1969.96713,1970.30728,1969.83096,1970.25463,100,20.0
2024.01.31 10:00,1970.56552,1971.04442,1969.62447,1969.87229,100,20.0
2024.01.31 10:15,1970.06625,1970.62419,1969.14316,1969.54760,100,20.0
2024.01.31 10:30,1968.97237,1969.09211,1968.55420,1968.76078,100,20.0
2024.01.31 10:45,1968.66659,1969.61890,1968.44107,1969.15435,100,20.0
2024.01.31 11:00,1970.15769,1970.36689,1968.83616,1969.16748,100,20.0
2024.01.31 11:15,1968.81554,1968.86186,1968.11932,1968.24215,100,20.0
2024.01.31 11:30,1967.65656,1968.07583,1967.40641,1967.99218,100,20.0
2024.01.31 11:45,1967.98013,1968.62001,1967.86177,1968.40391,100,20.0
2024.01.31 12:00,1968.03679,1968.94751,1967.89688,1967.96194,100,20.0
2024.01.31 12:15,1968.14258,1968.22169,1968.01077,1968.21879,100,20.0
2024.01.31 12:30,1967.41842,1968.30621,1967.36508,1968.18761,100,20.0
2024.01.31 12:45,1968.47331,1969.55643,1968.18912,1968.74161,100,20.0
2024.01.31 13:00,1968.44890,1968.53668,1967.63461,1967.83034,100,20.0
2024.01.31 13:15,1968.13067,1968.68099,1967.95713,1968.22569,100,20.0
2024.01.31 13:30,1968.54871,1969.05846,1968.19920,1969.05817,100,20.0
2024.01.31 13:45,1968.05543,1968.35157,1967.93808,1968.00803,100,20.0
2024.01.31 14:00,1967.59950,1968.23731,1967.32611,1967.62325,100,20.0
2024.01.31 14:15,1968.66079,1969.68028,1967.66213,1968.02558,100,20.0
2024.01.31 14:30,1968.08972,1968.13219,1966.70627,1967.27199,100,20.0
2024.01.31 14:45,1967.20404,1967.39461,1967.14559,1967.31177,100,20.0
2024.01.31 15:00,1967.23858,1967.44062,1966.33307,1966.50865,100,20.0
2024.01.31 15:15,1965.64737,1966.22061,1965.25486,1966.06264,100,20.0
2024.01.31 15:30,1965.95123,1966.34248,1964.83292,1965.72717,100,20.0
2024.01.31 15:45,1965.59966,1965.61274,1964.87622,1964.98314,100,20.0
2024.01.31 16:00,1965.58323,1965.62796,1964.40397,1965.14459,100,20.0
2024.01.31 16:15,1964.97167,1965.12591,1963.86440,1964.50216,100,20.0
2024.01.31 16:30,1964.93972,1965.17930,1963.98395,1964.81724,100,20.0
2024.01.31 16:45,1965.53124,1966.90131,1965.40413,1966.59938,100,20.0
2024.01.31 17:00,1965.84672,1966.60922,1965.42768,1966.42933,100,20.0
2024.01.31 17:15,1966.82661,1967.62230,1966.55434,1967.60239,100,20.0
2024.01.31 17:30,1968.20216,1969.02685,1968.01163,1968.70838,100,20.0
2024.01.31 17:45,1969.14840,1969.71247,1967.85601,1968.15432,100,20.0
2024.01.31 18:00,1968.79119,1968.86925,1968.17907,1968.23878,100,20.0
2024.01.31 18:15,1967.84123,1967.93653,1967.21671,1967.45451,100,20.0
2024.01.31 18:30,1966.81978,1967.83599,1966.65395,1967.47205,100,20.0
2024.01.31 18:45,1967.80613,1967.84367,1967.51186,1967.61622,100,20.0
2024.01.31 19:00,1967.30246,1967.33632,1966.30590,1967.10560,100,20.0
2024.01.31 19:15,1967.17754,1967.80737,1966.89521,1967.32330,100,20.0
2024.01.31 19:30,1966.52441,1966.73053,1966.46096,1966.70357,100,20.0
2024.01.31 19:45,1966.15691,1966.44359,1965.45384,1965.83025,100,20.0
2024.01.31 20:00,1966.07231,1966.21837,1965.26233,1965.43486,100,20.0
2024.01.31 20:15,1966.08744,1966.27415,1965.60410,1965.76089,100,20.0
2024.01.31 20:30,1966.43961,1966.94159,1966.03268,1966.03881,100,20.0
2024.01.31 20:45,1966.80644,1966.84623,1966.29852,1966.30921,100,20.0
2024.01.31 21:00,1966.34583,1967.10475,1965.99380,1966.83554,100,20.0
2024.01.31 21:15,1965.71584,1965.78554,1965.33824,1965.76946,100,20.0
2024.01.31 21:30,1965.30208,1966.04077,1965.13354,1965.92848,100,20.0
2024.01.31 21:45,1965.59382,1967.21840,1965.10973,1966.96336,100,20.0
2024.01.31 22:00,1966.36529,1966.71889,1965.82361,1966.16996,100,20.0
2024.01.31 22:15,1966.17597,1967.11025,1965.96174,1966.91098,100,20.0
2024.01.31 22:30,1966.57866,1966.86898,1966.49334,1966.52075,100,20.0
2024.01.31 22:45,1965.89603,1966.03909,1965.69078,1965.79212,100,20.0
2024.01.31 23:00,1965.59245,1965.85201,1965.56415,1965.63155,100,20.0
2024.01.31 23:15,1965.21102,1965.57133,1965.02922,1965.48452,100,20.0
2024.01.31 23:30,1964.83935,1964.91416,1964.15580,1964.57336,100,20.0
2024.01.31 23:45,1964.29997,1964.44788,1963.64693,1964.29663,100,20.0
2024.02.01 00:00,1964.77355,1965.32921,1964.68758,1965.11970,100,20.0
2024.02.01 00:15,1964.84845,1965.40814,1964.42889,1964.51726,100,20.0
2024.02.01 00:30,1964.37197,1965.69747,1964.27269,1965.35240,100,20.0
2024.02.01 00:45,1964.87783,1965.98519,1964.73552,1965.26209,100,20.0
2024.02.01 01:00,1965.43659,1965.54549,1964.80569,1964.97016,100,20.0
2024.02.01 01:15,1964.34661,1965.38036,1964.20716,1964.88535,100,20.0
2024.02.01 01:30,1964.36221,1964.86056,1964.23606,1964.70108,100,20.0
2024.02.01 01:45,1964.32746,1964.90397,1963.98811,1964.56144,100,20.0
2024.02.01 02:00,1963.63908,1964.24467,1963.09098,1963.15776,100,20.0
2024.02.01 02:15,1963.25503,1963.37612,1962.57598,1963.09534,100,20.0
2024.02.01 02:30,1961.04074,1961.35337,1959.79606,1960.15166,100,20.0
2024.02.01 02:45,1960.54332,1961.21817,1960.50852,1960.58497,100,20.0
2024.02.01 03:00,1960.62074,1961.64329,1960.32624,1960.44732,100,20.0
2024.02.01 03:15,1960.44514,1961.01872,1959.38753,1960.16836,100,20.0
2024.02.01 03:30,1960.49338,1960.60405,1958.51840,1959.13754,100,20.0
2024.02.01 03:45,1959.07858,1959.63511,1958.96693,1959.50416,100,20.0
2024.02.01 04:00,1960.59299,1961.45034,1960.58468,1961.12141,100,20.0
2024.02.01 04:15,1961.60788,1962.25349,1960.67138,1960.69072,100,20.0
2024.02.01 04:30,1960.67698,1961.11995,1960.49486,1960.51185,100,20.0
2024.02.01 04:45,1961.01034,1961.71885,1960.86666,1961.24016,100,20.0
2024.02.01 05:00,1961.40826,1961.79740,1960.84432,1961.19479,100,20.0
2024.02.01 05:15,1960.90396,1961.78886,1960.38325,1961.11217,100,20.0
2024.02.01 05:30,1961.98257,1962.28936,1961.07919,1961.68706,100,20.0
2024.02.01 05:45,1960.97294,1961.30231,1960.41383,1960.60752,100,20.0
2024.02.01 06:00,1960.77169,1961.14614,1960.39486,1960.94267,100,20.0
2024.02.01 06:15,1960.33473,1961.40449,1960.06280,1961.02581,100,20.0
2024.02.01 06:30,1960.76466,1961.03227,1960.74985,1960.75537,100,20.0
2024.02.01 06:45,1960.39054,1960.43598,1960.22055,1960.42596,100,20.0
2024.02.01 07:00,1960.40626,1960.77043,1960.18413,1960.48529,100,20.0
2024.02.01 07:15,1959.78271,1959.84311,1959.10190,1959.65980,100,20.0
2024.02.01 07:30,1960.08248,1960.30778,1959.26105,1959.70979,100,20.0
2024.02.01 07:45,1959.87540,1960.78317,1959.75063,1960.43046,100,20.0
2024.02.01 08:00,1959.94901,1960.68725,1959.76835,1960.52021,100,20.0
2024.02.01 08:15,1960.56726,1961.47174,1959.91960,1961.26433,100,20.0
2024.02.01 08:30,1961.18326,1961.38753,1961.14058,1961.25353,100,20.0
2024.02.01 08:45,1961.06494,1961.20021,1959.93279,1960.47484,100,20.0
2024.02.01 09:00,1961.00508,1961.52845,1960.91987,1960.98302,100,20.0
2024.02.01 09:15,1960.69890,1961.19153,1960.43732,1960.80957,100,20.0
2024.02.01 09:30,1961.61317,1961.79656,1961.38010,1961.45192,100,20.0
2024.02.01 09:45,1960.93957,1961.31130,1959.80364,1960.31826,100,20.0
2024.02.01 10:00,1959.75271,1960.75943,1958.59584,1959.15384,100,20.0
2024.02.01 10:15,1959.01728,1959.04927,1958.61410,1958.62245,100,20.0
2024.02.01 10:30,1958.16251,1959.46174,1957.56682,1959.04898,100,20.0
2024.02.01 10:45,1959.53120,1959.91457,1958.56728,1958.95757,100,20.0
2024.02.01 11:00,1958.99482,1959.07899,1958.61891,1958.73843,100,20.0
2024.02.01 11:15,1958.40211,1959.30526,1958.10779,1959.04320,100,20.0
2024.02.01 11:30,1959.48014,1960.03997,1959.41875,1959.80882,100,20.0
2024.02.01 11:45,1959.21600,1959.25549,1958.63415,1959.06876,100,20.0
2024.02.01 12:00,1959.27377,1959.40073,1958.99616,1959.23277,100,20.0
2024.02.01 12:15,1958.04310,1958.62180,1957.98495,1958.42821,100,20.0
2024.02.01 12:30,1958.80800,1958.82244,1958.11205,1958.30630,100,20.0
2024.02.01 12:45,1957.93776,1958.24101,1957.17229,1957.89477,100,20.0
2024.02.01 13:00,1958.61078,1958.99585,1958.26741,1958.69052,100,20.0
2024.02.01 13:15,1959.68921,1960.15866,1959.68527,1959.70454,100,20.0
2024.02.01 13:30,1958.58926,1959.38698,1958.29570,1958.73452,100,20.0
2024.02.01 13:45,1959.03901,1959.36858,1958.34203,1958.38345,100,20.0
2024.02.01 14:00,1959.33210,1959.45765,1958.48510,1959.09793,100,20.0
2024.02.01 14:15,1959.11979,1959.97076,1958.88092,1959.48126,100,20.0
2024.02.01 14:30,1960.09529,1960.24568,1959.71223,1959.87400,100,20.0
2024.02.01 14:45,1959.73779,1960.40501,1959.66177,1960.32528,100,20.0
2024.02.01 15:00,1960.02363,1960.21964,1959.98984,1960.14586,100,20.0
2024.02.01 15:15,1959.83426,1959.89556,1959.29249,1959.70882,100,20.0
2024.02.01 15:30,1960.45576,1962.00814,1960.35945,1961.29861,100,20.0
2024.02.01 15:45,1960.88683,1961.15476,1960.54038,1960.57748,100,20.0
2024.02.01 16:00,1960.93935,1962.16994,1960.91706,1961.82619,100,20.0
2024.02.01 16:15,1961.81585,1961.86609,1961.41992,1961.74775,100,20.0
2024.02.01 16:30,1961.49996,1961.90267,1960.97353,1961.12122,100,20.0
2024.02.01 16:45,1960.17714,1960.46357,1959.92203,1959.99561,100,20.0
2024.02.01 17:00,1960.10318,1960.16836,1959.22658,1959.89223,100,20.0
2024.02.01 17:15,1959.24952,1960.49219,1959.11014,1960.31609,100,20.0
2024.02.01 17:30,1960.74455,1961.58141,1960.18953,1961.58123,100,20.0
2024.02.01 17:45,1961.11579,1961.66220,1960.54893,1960.77422,100,20.0
2024.02.01 18:00,1960.55205,1960.91519,1960.07334,1960.80679,100,20.0
2024.02.01 18:15,1961.05693,1961.23439,1960.84180,1961.01633,100,20.0
2024.02.01 18:30,1961.16275,1961.92840,1960.86807,1961.53278,100,20.0
2024.02.01 18:45,1962.40730,1963.12653,1961.23623,1961.47242,100,20.0
2024.02.01 19:00,1961.44731,1961.71384,1961.10257,1961.16879,100,20.0
2024.02.01 19:15,1962.45720,1963.05635,1962.36162,1962.82331,100,20.0
2024.02.01 19:30,1963.76624,1964.36081,1963.58163,1964.16449,100,20.0
2024.02.01 19:45,1964.88326,1965.03515,1963.80346,1964.27548,100,20.0
2024.02.01 20:00,1965.35949,1965.89501,1964.98453,1965.29836,100,20.0
2024.02.01 20:15,1965.20118,1965.67164,1965.19396,1965.50601,100,20.0
2024.02.01 20:30,1965.39801,1965.70402,1965.31556,1965.32157,100,20.0
2024.02.01 20:45,1964.67038,1964.89922,1964.42401,1964.64011,100,20.0
2024.02.01 21:00,1965.49136,1965.80781,1965.11797,1965.69507,100,20.0
2024.02.01 21:15,1965.91957,1966.35471,1964.84393,1965.13468,100,20.0
2024.02.01 21:30,1965.80595,1966.27266,1964.51723,1964.54098,100,20.0
2024.02.01 21:45,1965.48975,1966.68726,1965.24154,1966.24387,100,20.0
2024.02.01 22:00,1965.68969,1965.94919,1965.27041,1965.64505,100,20.0
2024.02.01 22:15,1966.18121,1966.69295,1966.09154,1966.23705,100,20.0
2024.02.01 22:30,1965.89758,1966.19947,1965.23912,1965.41572,100,20.0
2024.02.01 22:45,1965.07807,1965.37844,1964.95439,1965.29575,100,20.0
2024.02.01 23:00,1965.52599,1966.46378,1965.26034,1966.42021,100,20.0
2024.02.01 23:15,1966.85973,1968.04551,1966.39570,1967.89942,100,20.0
2024.02.01 23:30,1967.29352,1967.73595,1966.41447,1967.63773,100,20.0
2024.02.01 23:45,1967.28683,1968.16571,1966.97414,1967.71409,100,20.0
2024.02.02 00:00,1968.39835,1968.73567,1967.33717,1967.70073,100,20.0
2024.02.02 00:15,1967.56420,1968.04113,1966.51387,1966.84196,100,20.0
2024.02.02 00:30,1967.96232,1968.50825,1967.69981,1968.32469,100,20.0
2024.02.02 00:45,1969.80561,1970.37955,1969.72592,1969.82602,100,20.0
2024.02.02 01:00,1969.27098,1969.66363,1968.97104,1969.40593,100,20.0
2024.02.02 01:15,1969.75684,1970.20538,1969.54141,1969.72725,100,20.0
2024.02.02 01:30,1970.09853,1970.45383,1969.25726,1969.54333,100,20.0
2024.02.02 01:45,1968.49058,1968.71970,1968.46373,1968.54789,100,20.0
2024.02.02 02:00,1968.81548,1968.89074,1968.67312,1968.84174,100,20.0
2024.02.02 02:15,1969.22250,1969.60844,1968.06839,1968.25870,100,20.0
2024.02.02 02:30,1968.25478,1969.19302,1967.91775,1968.95144,100,20.0
2024.02.02 02:45,1969.50995,1969.71413,1968.64095,1969.19556,100,20.0
2024.02.02 03:00,1969.05266,1969.62929,1968.35130,1968.44565,100,20.0
2024.02.02 03:15,1967.55478,1967.60086,1966.97879,1967.09389,100,20.0
2024.02.02 03:30,1967.79786,1967.84528,1966.94101,1967.60633,100,20.0
2024.02.02 03:45,1966.67189,1966.69833,1965.89961,1966.49407,100,20.0
2024.02.02 04:00,1967.02850,1967.76460,1966.97601,1967.41531,100,20.0
2024.02.02 04:15,1967.27789,1967.93403,1967.07677,1967.79679,100,20.0
2024.02.02 04:30,1968.11195,1968.11619,1967.37615,1967.81370,100,20.0
2024.02.02 04:45,1966.84861,1967.54141,1966.79929,1967.32980,100,20.0
2024.02.02 05:00,1966.74756,1967.06411,1966.51885,1966.57794,100,20.0
2024.02.02 05:15,1966.72250,1966.95900,1966.46123,1966.50715,100,20.0
2024.02.02 05:30,1965.76148,1965.98334,1964.52591,1964.71213,100,20.0
2024.02.02 05:45,1963.88035,1964.19987,1963.80562,1964.04343,100,20.0
2024.02.02 06:00,1964.34241,1964.84683,1963.79914,1963.90799,100,20.0
2024.02.02 06:15,1964.05024,1964.94637,1964.01085,1964.53995,100,20.0
2024.02.02 06:30,1964.76722,1964.79129,1964.19423,1964.53877,100,20.0
2024.02.02 06:45,1964.67606,1965.18900,1964.53662,1965.00276,100,20.0
2024.02.02 07:00,1965.12916,1965.49962,1963.77125,1963.89886,100,20.0
2024.02.02 07:15,1964.01819,1964.04954,1963.23504,1963.61250,100,20.0
2024.02.02 07:30,1963.89856,1964.39982,1963.03203,1963.08492,100,20.0
2024.02.02 07:45,1962.71264,1963.05282,1962.28688,1962.35417,100,20.0
2024.02.02 08:00,1962.74972,1963.68386,1962.68481,1963.20322,100,20.0
2024.02.02 08:15,1963.48440,1964.28914,1963.38299,1963.70330,100,20.0
2024.02.02 08:30,1963.82184,1964.70479,1963.63867,1964.23930,100,20.0
2024.02.02 08:45,1963.89027,1964.18310,1962.52840,1962.74692,100,20.0
2024.02.02 09:00,1962.83511,1963.66067,1961.21122,1962.22139,100,20.0
2024.02.02 09:15,1963.14882,1963.85784,1963.00546,1963.69430,100,20.0
2024.02.02 09:30,1963.32344,1963.34810,1962.64678,1962.69119,100,20.0
2024.02.02 09:45,1962.68553,1963.22683,1961.25159,1961.91691,100,20.0
2024.02.02 10:00,1962.67009,1962.78579,1962.47379,1962.61098,100,20.0
2024.02.02 10:15,1962.37761,1963.12670,1962.04044,1962.12233,100,20.0
2024.02.02 10:30,1962.72937,1962.73355,1962.49250,1962.61697,100,20.0
2024.02.02 10:45,1964.05617,1964.26932,1963.67450,1963.73078,100,20.0
2024.02.02 11:00,1963.99534,1964.82158,1963.84342,1964.50459,100,20.0
2024.02.02 11:15,1964.56546,1964.73937,1964.34489,1964.49584,100,20.0
2024.02.02 11:30,1963.63700,1964.58360,1963.54752,1964.08130,100,20.0
2024.02.02 11:45,1964.34836,1964.82388,1964.18897,1964.32356,100,20.0
2024.02.02 12:00,1964.31826,1964.59537,1964.11799,1964.57064,100,20.0
2024.02.02 12:15,1964.98462,1965.29499,1964.57566,1965.20206,100,20.0
2024.02.02 12:30,1964.41113,1964.98210,1963.71403,1963.79058,100,20.0
2024.02.02 12:45,1963.90732,1964.17265,1963.21817,1963.47165,100,20.0
2024.02.02 13:00,1963.38918,1964.34178,1963.14833,1964.19089,100,20.0
2024.02.02 13:15,1963.25438,1963.97097,1962.88907,1963.46537,100,20.0
2024.02.02 13:30,1963.33559,1963.62522,1962.20251,1962.46939,100,20.0
2024.02.02 13:45,1963.04252,1963.34661,1962.41051,1962.54501,100,20.0
2024.02.02 14:00,1961.96910,1962.27943,1961.28231,1961.36523,100,20.0
2024.02.02 14:15,1962.17824,1962.66038,1961.43656,1962.01852,100,20.0
2024.02.02 14:30,1963.30913,1963.95613,1962.96706,1963.92810,100,20.0
2024.02.02 14:45,1964.29978,1964.36655,1963.74091,1964.08285,100,20.0
2024.02.02 15:00,1964.24682,1965.63577,1964.00612,1964.98475,100,20.0
2024.02.02 15:15,1965.76834,1966.82948,1964.98564,1966.43409,100,20.0
2024.02.02 15:30,1965.33118,1965.66101,1964.69008,1964.92426,100,20.0
2024.02.02 15:45,1964.86898,1965.84346,1964.40433,1965.63294,100,20.0
2024.02.02 16:00,1966.29537,1966.61393,1966.06573,1966.22468,100,20.0
2024.02.02 16:15,1966.49946,1967.21320,1965.96167,1967.21113,100,20.0
2024.02.02 16:30,1966.89784,1967.50068,1966.62479,1967.40743,100,20.0
2024.02.02 16:45,1967.08354,1967.31020,1965.87525,1966.34483,100,20.0
2024.02.02 17:00,1965.86760,1966.70827,1965.77847,1966.58007,100,20.0
2024.02.02 17:15,1965.77553,1965.84708,1965.40398,1965.74935,100,20.0
2024.02.02 17:30,1966.32855,1967.60223,1965.77374,1966.82841,100,20.0
2024.02.02 17:45,1967.79824,1968.82402,1967.51161,1967.94147,100,20.0
2024.02.02 18:00,1967.85733,1968.38309,1967.57899,1967.61598,100,20.0
2024.02.02 18:15,1969.02322,1969.24411,1968.41611,1968.58784,100,20.0
2024.02.02 18:30,1968.11481,1969.30285,1967.84452,1969.09750,100,20.0
2024.02.02 18:45,1969.47722,1970.49922,1969.19602,1970.02393,100,20.0
2024.02.02 19:00,1971.12661,1972.51455,1971.05656,1972.14073,100,20.0
2024.02.02 19:15,1971.12993,1971.17637,1970.12395,1970.18742,100,20.0
2024.02.02 19:30,1970.96657,1971.45616,1970.10332,1970.97190,100,20.0
2024.02.02 19:45,1971.07244,1971.98691,1971.03347,1971.60135,100,20.0
2024.02.02 20:00,1971.77304,1971.86464,1970.69191,1971.20773,100,20.0
2024.02.02 20:15,1972.64809,1973.09961,1972.09654,1972.13299,100,20.0
2024.02.02 20:30,1972.23080,1973.73372,1972.11032,1973.16016,100,20.0
2024.02.02 20:45,1973.31787,1973.37360,1972.12527,1972.80056,100,20.0
2024.02.02 21:00,1972.88581,1972.99495,1972.23804,1972.57883,100,20.0
2024.02.02 21:15,1973.12782,1973.99781,1972.87499,1973.86707,100,20.0
2024.02.02 21:30,1974.52015,1974.59362,1974.36507,1974.57020,100,20.0
2024.02.02 21:45,1975.18971,1975.33699,1974.58970,1974.69899,100,20.0
2024.02.02 22:00,1974.87150,1974.89784,1974.55095,1974.61060,100,20.0
2024.02.02 22:15,1975.09080,1975.64909,1974.93838,1975.10068,100,20.0
2024.02.02 22:30,1974.67967,1975.40815,1974.60352,1974.88347,100,20.0
2024.02.02 22:45,1973.96767,1974.07289,1972.83216,1973.48046,100,20.0
2024.02.02 23:00,1972.26948,1973.03886,1971.36001,1971.89395,100,20.0
2024.02.02 23:15,1972.03334,1972.90037,1971.32853,1972.78502,100,20.0
2024.02.02 23:30,1972.52970,1973.05166,1971.93681,1972.97220,100,20.0
2024.02.02 23:45,1973.42278,1973.63725,1973.14036,1973.54358,100,20.0
2024.02.03 00:00,1974.26081,1974.37901,1973.38822,1973.41525,100,20.0
2024.02.03 00:15,1973.65676,1974.44731,1973.07536,1973.85559,100,20.0
2024.02.03 00:30,1973.65485,1973.99003,1973.11487,1973.55155,100,20.0
2024.02.03 00:45,1972.80141,1973.25469,1972.64885,1973.06614,100,20.0
2024.02.03 01:00,1972.68626,1973.42702,1972.55642,1972.76562,100,20.0
2024.02.03 01:15,1972.61737,1972.68613,1972.37026,1972.53662,100,20.0
2024.02.03 01:30,1971.72856,1972.31698,1971.69498,1971.84682,100,20.0
2024.02.03 01:45,1972.45951,1972.57675,1971.47817,1971.50998,100,20.0
2024.02.03 02:00,1971.69322,1971.86935,1971.00703,1971.43679,100,20.0
2024.02.03 02:15,1971.37166,1971.79468,1970.95333,1971.21619,100,20.0
2024.02.03 02:30,1971.36265,1972.11226,1971.31444,1971.99073,100,20.0
2024.02.03 02:45,1972.12642,1972.90653,1971.80467,1972.55246,100,20.0
2024.02.03 03:00,1973.17810,1973.36807,1972.28471,1972.31185,100,20.0
2024.02.03 03:15,1972.94163,1973.75465,1972.62089,1973.69401,100,20.0
2024.02.03 03:30,1972.72425,1972.92820,1972.43617,1972.81372,100,20.0
2024.02.03 03:45,1971.27202,1972.05622,1970.57598,1971.93566,100,20.0
2024.02.03 04:00,1972.58015,1972.72649,1971.92863,1972.20229,100,20.0
2024.02.03 04:15,1972.90670,1973.23859,1972.81738,1972.89985,100,20.0
2024.02.03 04:30,1973.68959,1975.30987,1973.50579,1974.79575,100,20.0
2024.02.03 04:45,1973.61682,1974.34182,1973.29930,1974.20700,100,20.0
2024.02.03 05:00,1973.94609,1973.95484,1973.62526,1973.64578,100,20.0
2024.02.03 05:15,1972.24221,1972.51309,1972.13313,1972.45332,100,20.0
2024.02.03 05:30,1973.32985,1974.08157,1973.12290,1973.45020,100,20.0
2024.02.03 05:45,1973.58547,1973.72086,1972.70346,1972.88068,100,20.0
2024.02.03 06:00,1972.41915,1972.60322,1970.31186,1970.96126,100,20.0
2024.02.03 06:15,1971.73319,1971.87351,1970.80207,1971.11790,100,20.0
2024.02.03 06:30,1971.27447,1971.36700,1971.20401,1971.23853,100,20.0
2024.02.03 06:45,1971.79176,1972.35259,1971.68826,1972.24959,100,20.0
2024.02.03 07:00,1971.57944,1972.43349,1971.15829,1971.74791,100,20.0
2024.02.03 07:15,1972.29803,1972.93652,1971.92364,1972.91987,100,20.0
2024.02.03 07:30,1973.03208,1973.21253,1972.58457,1972.99500,100,20.0
2024.02.03 07:45,1972.58166,1973.16115,1972.15730,1972.90390,100,20.0
2024.02.03 08:00,1973.32068,1973.93335,1973.10919,1973.11654,100,20.0
2024.02.03 08:15,1973.66404,1974.57245,1973.62214,1974.45199,100,20.0
2024.02.03 08:30,1975.28509,1975.56375,1975.02894,1975.27758,100,20.0
2024.02.03 08:45,1975.97361,1976.89725,1975.75201,1976.77601,100,20.0
2024.02.03 09:00,1976.73500,1977.45602,1976.63068,1977.32731,100,20.0
2024.02.03 09:15,1976.22703,1976.39467,1975.61178,1975.81431,100,20.0
2024.02.03 09:30,1974.61127,1974.81982,1973.78696,1974.42450,100,20.0
2024.02.03 09:45,1973.41019,1974.02813,1973.16757,1973.85879,100,20.0
2024.02.03 10:00,1973.23263,1973.54126,1972.85983,1973.27509,100,20.0
2024.02.03 10:15,1972.99648,1973.30700,1972.94979,1972.97830,100,20.0
2024.02.03 10:30,1972.35716,1972.65498,1971.86633,1972.56527,100,20.0
2024.02.03 10:45,1972.84123,1973.94488,1972.28938,1973.15538,100,20.0
2024.02.03 11:00,1973.28926,1974.27987,1973.18187,1973.64254,100,20.0
2024.02.03 11:15,1973.00711,1973.40156,1972.22808,1972.55325,100,20.0
2024.02.03 11:30,1971.75505,1971.75555,1971.14958,1971.14972,100,20.0
2024.02.03 11:45,1971.04901,1971.41189,1970.49869,1971.11028,100,20.0
2024.02.03 12:00,1970.63128,1971.27153,1970.59983,1971.08079,100,20.0
2024.02.03 12:15,1971.18976,1971.38142,1970.50437,1971.04967,100,20.0
2024.02.03 12:30,1970.36319,1970.67838,1969.85535,1970.11634,100,20.0
2024.02.03 12:45,1969.69171,1970.32150,1969.63434,1970.29000,100,20.0
2024.02.03 13:00,1970.20872,1970.91679,1969.93346,1970.45622,100,20.0
2024.02.03 13:15,1969.06728,1969.32900,1968.84384,1969.08630,100,20.0
2024.02.03 13:30,1968.64767,1969.35782,1968.42202,1968.73907,100,20.0
2024.02.03 13:45,1967.59180,1968.59442,1967.04140,1967.74098,100,20.0
2024.02.03 14:00,1966.83317,1966.91579,1966.13767,1966.43599,100,20.0
2024.02.03 14:15,1966.46023,1966.80247,1966.34681,1966.55429,100,20.0
2024.02.03 14:30,1965.55988,1965.87678,1964.25262,1964.51357,100,20.0
2024.02.03 14:45,1964.45062,1964.75957,1964.40198,1964.70601,100,20.0
2024.02.03 15:00,1964.91342,1965.62019,1964.47431,1965.20445,100,20.0
2024.02.03 15:15,1966.50639,1967.03745,1966.31569,1966.72780,100,20.0
2024.02.03 15:30,1966.67493,1966.79457,1966.61141,1966.65997,100,20.0
2024.02.03 15:45,1966.41177,1966.78359,1965.37936,1965.96563,100,20.0
2024.02.03 16:00,1966.36426,1966.81760,1966.17421,1966.68975,100,20.0
2024.02.03 16:15,1967.97433,1968.89402,1967.95205,1968.27403,100,20.0
2024.02.03 16:30,1967.41176,1968.16244,1967.22471,1968.08298,100,20.0
2024.02.03 16:45,1968.04580,1968.46127,1967.92218,1968.28201,100,20.0
2024.02.03 17:00,1968.42704,1969.09136,1968.01395,1968.41209,100,20.0
2024.02.03 17:15,1967.16164,1967.84281,1966.78791,1967.56852,100,20.0
2024.02.03 17:30,1967.51372,1967.62078,1967.48532,1967.57085,100,20.0
2024.02.03 17:45,1967.03039,1967.81427,1966.64560,1967.42407,100,20.0
2024.02.03 18:00,1967.91407,1968.01522,1966.98089,1967.72374,100,20.0
2024.02.03 18:15,1967.77538,1967.99411,1967.39142,1967.42176,100,20.0
2024.02.03 18:30,1966.48572,1967.11820,1965.76955,1966.18743,100,20.0
2024.02.03 18:45,1965.95221,1966.10453,1965.19240,1966.07787,100,20.0
2024.02.03 19:00,1965.77842,1966.23809,1965.74706,1966.08518,100,20.0
2024.02.03 19:15,1966.14791,1966.69058,1965.96373,1966.40551,100,20.0
2024.02.03 19:30,1965.69668,1966.80397,1965.14892,1966.70208,100,20.0
2024.02.03 19:45,1967.05501,1967.32769,1964.88716,1965.39731,100,20.0
2024.02.03 20:00,1965.89790,1965.95394,1965.33836,1965.39894,100,20.0
2024.02.03 20:15,1965.17942,1965.41947,1964.81103,1965.31666,100,20.0
2024.02.03 20:30,1964.03852,1964.24360,1963.36216,1963.48768,100,20.0
2024.02.03 20:45,1963.05750,1963.46066,1962.97712,1963.39358,100,20.0
2024.02.03 21:00,1963.74453,1964.14577,1963.21912,1963.67052,100,20.0
2024.02.03 21:15,1964.62147,1964.68132,1964.14774,1964.52391,100,20.0
2024.02.03 21:30,1964.62986,1965.02520,1964.62945,1964.95104,100,20.0
2024.02.03 21:45,1965.95867,1966.56968,1964.68315,1965.38485,100,20.0
2024.02.03 22:00,1964.88315,1965.79836,1964.62353,1965.45780,100,20.0
2024.02.03 22:15,1966.46272,1966.71553,1966.21651,1966.37322,100,20.0
2024.02.03 22:30,1966.13549,1966.20008,1965.61444,1965.73252,100,20.0
2024.02.03 22:45,1965.48884,1966.38026,1965.46855,1965.96179,100,20.0
2024.02.03 23:00,1965.54319,1965.72995,1965.25614,1965.46226,100,20.0
2024.02.03 23:15,1965.73266,1966.22885,1965.64604,1966.17771,100,20.0
2024.02.03 23:30,1966.38819,1966.68608,1966.18133,1966.25976,100,20.0
2024.02.03 23:45,1964.89878,1964.91742,1964.67390,1964.71549,100,20.0
2024.02.04 00:00,1964.21995,1964.31390,1963.86301,1964.29806,100,20.0
2024.02.04 00:15,1964.82234,1965.11176,1963.46746,1963.92214,100,20.0
2024.02.04 00:30,1963.48507,1963.77924,1962.35855,1962.53698,100,20.0
2024.02.04 00:45,1962.75126,1963.15257,1962.65443,1963.13654,100,20.0
2024.02.04 01:00,1963.27911,1964.00648,1963.01524,1963.53872,100,20.0
2024.02.04 01:15,1964.07021,1964.69614,1963.73210,1964.51116,100,20.0
2024.02.04 01:30,1963.87797,1963.92623,1963.03866,1963.11043,100,20.0
2024.02.04 01:45,1963.36303,1963.67424,1961.26755,1961.98338,100,20.0
2024.02.04 02:00,1962.69748,1963.18095,1962.66363,1962.96962,100,20.0
2024.02.04 02:15,1962.76822,1963.98171,1962.66285,1963.11489,100,20.0
2024.02.04 02:30,1962.86038,1963.88912,1962.84737,1963.38313,100,20.0
2024.02.04 02:45,1963.16647,1963.25970,1961.82535,1962.46577,100,20.0
2024.02.04 03:00,1963.47932,1963.51962,1962.76596,1963.11289,100,20.0
2024.02.04 03:15,1964.38274,1964.87512,1963.48037,1963.60902,100,20.0
2024.02.04 03:30,1964.41258,1964.50049,1964.01680,1964.22032,100,20.0
2024.02.04 03:45,1963.28393,1963.85485,1963.08772,1963.34808,100,20.0
2024.02.04 04:00,1962.93676,1963.09711,1962.03644,1962.52745,100,20.0
2024.02.04 04:15,1962.90532,1963.16417,1962.45324,1962.82549,100,20.0
2024.02.04 04:30,1963.94975,1963.95017,1963.25883,1963.75869,100,20.0
2024.02.04 04:45,1963.41781,1964.52638,1962.93938,1963.40822,100,20.0
2024.02.04 05:00,1964.16461,1964.25383,1963.97250,1964.12538,100,20.0
2024.02.04 05:15,1964.07063,1964.33919,1964.00492,1964.27966,100,20.0
2024.02.04 05:30,1964.68522,1965.45951,1964.44885,1965.15014,100,20.0
2024.02.04 05:45,1965.65349,1965.80912,1964.93107,1965.65661,100,20.0
2024.02.04 06:00,1966.56454,1968.35159,1966.44953,1967.48599,100,20.0
2024.02.04 06:15,1967.57775,1967.64234,1966.96454,1967.23711,100,20.0
2024.02.04 06:30,1967.39642,1967.40590,1967.25851,1967.26171,100,20.0
2024.02.04 06:45,1968.48450,1968.50029,1967.70358,1968.09097,100,20.0
2024.02.04 07:00,1968.01804,1968.52115,1967.53912,1967.69620,100,20.0
2024.02.04 07:15,1968.81237,1968.92361,1968.37725,1968.61449,100,20.0
2024.02.04 07:30,1967.82092,1968.04295,1967.22090,1967.56909,100,20.0
2024.02.04 07:45,1967.52156,1967.66813,1967.14243,1967.37120,100,20.0
2024.02.04 08:00,1966.23163,1966.65970,1965.83387,1966.47503,100,20.0
2024.02.04 08:15,1966.87899,1967.22383,1966.21614,1966.56500,100,20.0
2024.02.04 08:30,1966.93805,1967.49669,1966.32872,1966.55619,100,20.0
2024.02.04 08:45,1967.65539,1967.96561,1967.23939,1967.91394,100,20.0
2024.02.04 09:00,1967.76085,1968.01923,1967.27128,1967.47968,100,20.0
2024.02.04 09:15,1968.05283,1968.25370,1966.82664,1967.07479,100,20.0
2024.02.04 09:30,1967.57083,1968.03786,1966.73181,1967.00590,100,20.0
2024.02.04 09:45,1967.00984,1967.37682,1966.25957,1966.92801,100,20.0
2024.02.04 10:00,1966.98009,1967.62069,1966.39573,1967.48050,100,20.0
2024.02.04 10:15,1967.63139,1968.61658,1967.38049,1968.26415,100,20.0
2024.02.04 10:30,1969.09985,1969.24629,1968.21162,1968.62238,100,20.0
2024.02.04 10:45,1968.96695,1969.34822,1968.80239,1969.06561,100,20.0
2024.02.04 11:00,1968.50982,1968.55211,1968.44944,1968.54567,100,20.0
2024.02.04 11:15,1967.70620,1967.91071,1967.36380,1967.90139,100,20.0
2024.02.04 11:30,1967.55189,1968.02912,1966.84233,1967.71646,100,20.0
2024.02.04 11:45,1968.26791,1968.92167,1967.87648,1968.78066,100,20.0
2024.02.04 12:00,1968.12237,1969.12572,1968.07140,1968.78520,100,20.0
2024.02.04 12:15,1969.30327,1970.00392,1969.28108,1969.67585,100,20.0
2024.02.04 12:30,1969.44301,1969.61984,1968.10711,1968.62706,100,20.0
2024.02.04 12:45,1967.85784,1968.06096,1967.82189,1968.05071,100,20.0
2024.02.04 13:00,1968.17120,1968.44921,1968.04575,1968.34025,100,20.0
2024.02.04 13:15,1968.00519,1968.64005,1967.60297,1968.22463,100,20.0
2024.02.04 13:30,1969.15727,1969.61922,1968.70723,1969.51171,100,20.0
2024.02.04 13:45,1970.48062,1971.06787,1970.46095,1970.77307,100,20.0
2024.02.04 14:00,1970.83461,1971.65336,1970.14252,1970.50228,100,20.0
2024.02.04 14:15,1970.68053,1970.94288,1969.68102,1970.06416,100,20.0
2024.02.04 14:30,1969.10316,1969.28212,1968.78089,1968.84587,100,20.0
2024.02.04 14:45,1967.76500,1968.27275,1967.07331,1968.10991,100,20.0
2024.02.04 15:00,1968.31321,1968.58937,1968.19479,1968.25946,100,20.0
2024.02.04 15:15,1969.04592,1969.66708,1967.96321,1968.06592,100,20.0
2024.02.04 15:30,1968.82803,1969.18159,1968.77708,1969.15198,100,20.0
2024.02.04 15:45,1969.10126,1969.48422,1968.26891,1968.41604,100,20.0
2024.02.04 16:00,1968.29103,1968.29306,1967.27584,1967.33599,100,20.0
2024.02.04 16:15,1966.55685,1966.81470,1965.97417,1966.38537,100,20.0
2024.02.04 16:30,1966.58642,1967.10873,1965.53131,1966.03274,100,20.0
2024.02.04 16:45,1967.52845,1968.32431,1967.34125,1968.27155,100,20.0
2024.02.04 17:00,1968.29782,1968.51226,1967.72315,1968.48753,100,20.0
2024.02.04 17:15,1967.51360,1968.13338,1966.56618,1967.16166,100,20.0
2024.02.04 17:30,1966.71999,1967.59294,1966.63692,1967.56419,100,20.0
2024.02.04 17:45,1966.71034,1968.20561,1966.66881,1967.93089,100,20.0
2024.02.04 18:00,1967.94139,1968.29852,1967.37982,1967.45365,100,20.0
2024.02.04 18:15,1967.74551,1967.94530,1966.70183,1966.97483,100,20.0
2024.02.04 18:30,1966.25853,1966.26688,1965.12321,1965.74052,100,20.0
2024.02.04 18:45,1966.02609,1966.69629,1965.61157,1966.53658,100,20.0
2024.02.04 19:00,1967.72932,1968.59903,1967.39712,1968.18411,100,20.0
2024.02.04 19:15,1967.90034,1968.59425,1967.33962,1968.22527,100,20.0
2024.02.04 19:30,1968.99248,1969.43232,1968.70135,1969.31456,100,20.0
2024.02.04 19:45,1969.66764,1970.32524,1969.51149,1969.79014,100,20.0
2024.02.04 20:00,1969.94213,1971.45092,1969.21893,1970.93712,100,20.0
2024.02.04 20:15,1970.05314,1970.37173,1969.03480,1969.44219,100,20.0
2024.02.04 20:30,1969.00358,1969.29094,1967.68685,1968.65858,100,20.0
2024.02.04 20:45,1968.40912,1969.92460,1968.19400,1969.16151,100,20.0
2024.02.04 21:00,1969.37223,1969.62792,1969.07966,1969.34332,100,20.0
2024.02.04 21:15,1969.15131,1969.49841,1968.07307,1968.33618,100,20.0
2024.02.04 21:30,1968.78104,1969.04570,1968.72983,1968.86177,100,20.0
2024.02.04 21:45,1969.35284,1970.38886,1969.17052,1970.37101,100,20.0
2024.02.04 22:00,1970.62305,1971.51390,1970.15199,1971.32801,100,20.0
2024.02.04 22:15,1971.12563,1971.46241,1970.33736,1970.72247,100,20.0
2024.02.04 22:30,1971.33210,1972.51194,1971.00387,1972.31191,100,20.0
2024.02.04 22:45,1972.15921,1972.43527,1971.65503,1971.86936,100,20.0
2024.02.04 23:00,1971.40417,1972.41519,1971.19704,1971.76717,100,20.0
2024.02.04 23:15,1971.75951,1971.80750,1970.28887,1971.06160,100,20.0
2024.02.04 23:30,1971.25088,1971.31514,1970.72943,1971.23102,100,20.0
2024.02.04 23:45,1970.74832,1971.06300,1970.28875,1970.48931,100,20.0
2024.02.05 00:00,1971.41746,1971.77718,1971.12480,1971.37349,100,20.0
2024.02.05 00:15,1970.51433,1970.71241,1970.32592,1970.67222,100,20.0
2024.02.05 00:30,1971.04452,1972.00718,1970.46840,1971.84463,100,20.0
2024.02.05 00:45,1972.45365,1972.81145,1971.80790,1972.70330,100,20.0
2024.02.05 01:00,1973.76434,1974.87383,1973.43811,1974.83083,100,20.0
2024.02.05 01:15,1974.63360,1974.69458,1974.51892,1974.69084,100,20.0
2024.02.05 01:30,1974.38239,1974.41336,1974.19195,1974.24635,100,20.0
2024.02.05 01:45,1974.38436,1974.44861,1973.99918,1974.25193,100,20.0
2024.02.05 02:00,1974.38437,1975.20215,1973.98566,1975.18658,100,20.0
2024.02.05 02:15,1974.75474,1975.13248,1974.07201,1974.15058,100,20.0
2024.02.05 02:30,1974.33721,1974.73954,1974.22489,1974.63265,100,20.0
2024.02.05 02:45,1974.49200,1974.92306,1974.42723,1974.90980,100,20.0
2024.02.05 03:00,1974.69200,1975.66059,1974.48106,1975.15346,100,20.0
2024.02.05 03:15,1975.48184,1975.77906,1974.75072,1974.93646,100,20.0
2024.02.05 03:30,1974.74625,1974.75668,1974.19227,1974.42211,100,20.0
2024.02.05 03:45,1974.00885,1975.22238,1973.93064,1975.00115,100,20.0
2024.02.05 04:00,1975.70973,1975.75078,1975.30926,1975.41342,100,20.0
2024.02.05 04:15,1975.07208,1975.87870,1974.75112,1975.64928,100,20.0
2024.02.05 04:30,1975.42336,1975.69256,1974.83269,1975.20396,100,20.0
2024.02.05 04:45,1974.92693,1975.64671,1974.34048,1974.70637,100,20.0
2024.02.05 05:00,1975.43558,1975.53093,1974.72133,1975.28246,100,20.0
2024.02.05 05:15,1975.04768,1975.24421,1974.44056,1974.71072,100,20.0
2024.02.05 05:30,1974.29713,1974.37397,1973.78840,1974.00045,100,20.0
2024.02.05 05:45,1974.11505,1974.68754,1973.92513,1974.53815,100,20.0
2024.02.05 06:00,1975.03709,1976.33775,1974.45368,1975.70148,100,20.0
2024.02.05 06:15,1975.54568,1975.66281,1974.93937,1975.58675,100,20.0
2024.02.05 06:30,1975.35677,1976.00694,1975.29890,1975.64442,100,20.0
2024.02.05 06:45,1975.39166,1976.18762,1974.64829,1975.89823,100,20.0
2024.02.05 07:00,1976.84544,1977.59897,1976.17703,1976.40351,100,20.0
2024.02.05 07:15,1976.77365,1977.15470,1976.06432,1977.01034,100,20.0
2024.02.05 07:30,1975.96295,1976.89534,1975.95245,1976.61153,100,20.0
2024.02.05 07:45,1976.17391,1976.23458,1975.80150,1976.21032,100,20.0
2024.02.05 08:00,1977.13598,1977.41426,1976.80024,1977.22100,100,20.0
2024.02.05 08:15,1976.82163,1977.42891,1976.41334,1976.47746,100,20.0
2024.02.05 08:30,1975.61341,1976.11151,1974.86053,1975.92219,100,20.0
2024.02.05 08:45,1975.92747,1976.88160,1975.48328,1976.44995,100,20.0
2024.02.05 09:00,1976.51398,1976.65395,1976.26072,1976.27690,100,20.0
2024.02.05 09:15,1976.74869,1977.54486,1976.62214,1976.68995,100,20.0
2024.02.05 09:30,1976.84475,1976.84846,1976.16040,1976.59112,100,20.0
2024.02.05 09:45,1976.74709,1977.21153,1976.12083,1976.82464,100,20.0
2024.02.05 10:00,1976.45838,1977.10128,1976.18633,1976.85589,100,20.0
2024.02.05 10:15,1977.16643,1977.90784,1977.04498,1977.30543,100,20.0
2024.02.05 10:30,1977.75687,1978.09912,1977.38548,1978.07222,100,20.0
2024.02.05 10:45,1978.67043,1979.71765,1978.50004,1978.83974,100,20.0
2024.02.05 11:00,1978.71008,1978.89268,1977.99653,1978.04097,100,20.0
2024.02.05 11:15,1978.02570,1978.33872,1977.49525,1977.68083,100,20.0
2024.02.05 11:30,1978.33078,1978.42852,1977.02973,1977.67622,100,20.0
2024.02.05 11:45,1977.72872,1978.84374,1977.04285,1977.92471,100,20.0
2024.02.05 12:00,1978.14401,1978.76824,1977.65332,1978.72267,100,20.0
2024.02.05 12:15,1977.57507,1977.70239,1977.08993,1977.09662,100,20.0
2024.02.05 12:30,1977.87677,1978.71189,1977.60109,1978.10828,100,20.0
2024.02.05 12:45,1977.62520,1977.78980,1976.32684,1977.01926,100,20.0
2024.02.05 13:00,1976.80935,1977.18893,1976.18913,1976.66656,100,20.0
2024.02.05 13:15,1976.92692,1977.42812,1976.78526,1977.02613,100,20.0
2024.02.05 13:30,1976.92270,1977.37638,1976.65843,1976.78346,100,20.0
2024.02.05 13:45,1977.10508,1977.37369,1976.80672,1977.23190,100,20.0
2024.02.05 14:00,1977.36804,1977.50652,1975.12265,1975.60049,100,20.0
2024.02.05 14:15,1976.67695,1976.73035,1976.60797,1976.70906,100,20.0
2024.02.05 14:30,1978.07434,1978.08370,1977.63006,1977.71465,100,20.0
2024.02.05 14:45,1978.30136,1978.64636,1978.17802,1978.42060,100,20.0
2024.02.05 15:00,1977.32511,1977.98349,1977.22351,1977.38497,100,20.0
2024.02.05 15:15,1977.70314,1977.83175,1976.70166,1977.10160,100,20.0
2024.02.05 15:30,1977.79510,1978.80673,1977.59942,1978.65115,100,20.0
2024.02.05 15:45,1977.86990,1978.60444,1977.77272,1978.08744,100,20.0
2024.02.05 16:00,1977.90407,1978.21845,1977.55864,1977.70787,100,20.0
2024.02.05 16:15,1977.94639,1978.41786,1977.70086,1978.39619,100,20.0
2024.02.05 16:30,1978.75904,1979.21168,1978.65104,1979.19302,100,20.0
2024.02.05 16:45,1978.56396,1979.25929,1978.19024,1978.44411,100,20.0
2024.02.05 17:00,1977.11862,1977.15602,1976.75202,1977.03488,100,20.0
2024.02.05 17:15,1977.07879,1978.01076,1976.94022,1977.59621,100,20.0
2024.02.05 17:30,1977.00280,1977.80712,1976.39865,1976.68897,100,20.0
2024.02.05 17:45,1976.84437,1977.03238,1976.78357,1976.79163,100,20.0
2024.02.05 18:00,1975.68527,1976.10030,1975.56615,1975.83504,100,20.0
2024.02.05 18:15,1974.83713,1975.60629,1974.61043,1975.34795,100,20.0
2024.02.05 18:30,1975.34273,1976.07733,1974.69323,1975.85416,100,20.0
2024.02.05 18:45,1975.48695,1976.29480,1975.24483,1975.76394,100,20.0
2024.02.05 19:00,1975.51929,1976.44966,1975.42288,1976.00190,100,20.0
2024.02.05 19:15,1976.34644,1977.12504,1976.15071,1976.17641,100,20.0
2024.02.05 19:30,1976.31068,1976.67388,1975.98594,1976.54202,100,20.0
2024.02.05 19:45,1976.58872,1977.10803,1976.11730,1976.79593,100,20.0
2024.02.05 20:00,1976.52394,1976.64847,1976.31765,1976.54595,100,20.0
2024.02.05 20:15,1977.13843,1977.56152,1976.98480,1977.47869,100,20.0
2024.02.05 20:30,1977.30724,1978.11179,1976.89124,1977.44975,100,20.0
2024.02.05 20:45,1977.37936,1977.81915,1976.42771,1976.98330,100,20.0
2024.02.05 21:00,1977.40370,1977.70655,1976.98045,1977.23969,100,20.0
2024.02.05 21:15,1977.86076,1977.92202,1977.15936,1977.38044,100,20.0
2024.02.05 21:30,1976.95885,1977.19612,1976.66311,1976.72958,100,20.0
2024.02.05 21:45,1976.54161,1976.64974,1976.07658,1976.40767,100,20.0
2024.02.05 22:00,1975.64407,1975.75412,1975.48121,1975.56700,100,20.0
2024.02.05 22:15,1976.17764,1976.60033,1975.88093,1976.40154,100,20.0
2024.02.05 22:30,1976.39838,1976.95625,1976.11846,1976.91967,100,20.0
2024.02.05 22:45,1977.38482,1977.82697,1977.28712,1977.77712,100,20.0
2024.02.05 23:00,1978.35224,1978.91138,1978.23022,1978.63601,100,20.0
2024.02.05 23:15,1978.70934,1979.55574,1978.25440,1978.88508,100,20.0
2024.02.05 23:30,1979.12839,1979.76349,1978.72722,1979.08549,100,20.0
2024.02.05 23:45,1980.23332,1980.37250,1979.95534,1980.32267,100,20.0
2024.02.06 00:00,1979.27192,1979.28644,1978.78863,1979.19895,100,20.0
2024.02.06 00:15,1978.60115,1978.62965,1977.84711,1978.21583,100,20.0
2024.02.06 00:30,1977.58824,1978.45900,1976.83256,1977.68618,100,20.0
2024.02.06 00:45,1976.76754,1977.68798,1975.84929,1975.85859,100,20.0
2024.02.06 01:00,1976.19497,1976.43563,1975.93905,1976.02695,100,20.0
2024.02.06 01:15,1976.07234,1977.06363,1975.91404,1976.89231,100,20.0
2024.02.06 01:30,1976.50908,1976.62170,1976.14518,1976.39401,100,20.0
2024.02.06 01:45,1976.50991,1976.54890,1975.36744,1975.43712,100,20.0
2024.02.06 02:00,1976.19302,1976.66360,1975.93892,1976.21170,100,20.0
2024.02.06 02:15,1976.80751,1976.99404,1976.78103,1976.86421,100,20.0
2024.02.06 02:30,1977.38206,1977.54849,1977.11756,1977.39587,100,20.0
2024.02.06 02:45,1976.85848,1977.97534,1976.46923,1977.58175,100,20.0
2024.02.06 03:00,1977.97569,1978.02591,1977.16273,1977.23781,100,20.0
2024.02.06 03:15,1975.95990,1977.13820,1975.74989,1976.65727,100,20.0
2024.02.06 03:30,1977.05568,1977.39286,1976.08687,1976.09898,100,20.0
2024.02.06 03:45,1975.67646,1976.13357,1975.59971,1975.87173,100,20.0
2024.02.06 04:00,1975.38616,1976.15570,1974.68971,1975.26433,100,20.0
2024.02.06 04:15,1975.20579,1975.40056,1975.19663,1975.20116,100,20.0
2024.02.06 04:30,1975.50889,1975.68173,1974.74604,1975.01123,100,20.0
2024.02.06 04:45,1975.72114,1976.39890,1975.00635,1975.27046,100,20.0
2024.02.06 05:00,1974.57217,1974.61924,1973.63756,1973.97986,100,20.0
2024.02.06 05:15,1974.69826,1975.28478,1974.00451,1974.06375,100,20.0
2024.02.06 05:30,1974.44494,1974.60108,1974.06409,1974.51214,100,20.0
2024.02.06 05:45,1975.44472,1975.50876,1975.09735,1975.49858,100,20.0
2024.02.06 06:00,1975.48615,1975.93817,1975.39054,1975.71241,100,20.0
2024.02.06 06:15,1974.86096,1975.53881,1974.64433,1975.51360,100,20.0
2024.02.06 06:30,1976.52842,1976.60017,1976.28063,1976.37892,100,20.0
2024.02.06 06:45,1976.42741,1976.46572,1975.98247,1976.25488,100,20.0
2024.02.06 07:00,1975.16621,1975.81218,1974.81095,1975.45388,100,20.0
2024.02.06 07:15,1975.98558,1976.43857,1975.84512,1976.02908,100,20.0
2024.02.06 07:30,1975.78131,1976.23664,1974.69715,1975.21578,100,20.0
2024.02.06 07:45,1974.98829,1975.30140,1974.61619,1974.90256,100,20.0
2024.02.06 08:00,1975.02211,1975.58877,1974.85944,1975.15360,100,20.0
2024.02.06 08:15,1975.81961,1976.25598,1975.48816,1975.99009,100,20.0
2024.02.06 08:30,1974.92208,1975.07235,1973.73452,1974.20012,100,20.0
2024.02.06 08:45,1974.04128,1974.41704,1973.82969,1974.26097,100,20.0
2024.02.06 09:00,1973.76980,1974.20406,1973.33259,1973.43275,100,20.0
2024.02.06 09:15,1973.16010,1973.86530,1972.96275,1973.66814,100,20.0
2024.02.06 09:30,1973.13565,1973.90188,1972.89238,1973.66614,100,20.0
2024.02.06 09:45,1973.71778,1974.26355,1973.38071,1973.81624,100,20.0
2024.02.06 10:00,1974.69761,1975.09588,1973.79884,1974.31660,100,20.0
2024.02.06 10:15,1973.39971,1973.75321,1972.97428,1973.63101,100,20.0
2024.02.06 10:30,1973.41711,1973.73459,1973.30637,1973.31282,100,20.0
2024.02.06 10:45,1974.13711,1975.04664,1973.86887,1974.99099,100,20.0
2024.02.06 11:00,1975.28457,1975.70809,1975.26113,1975.40385,100,20.0
2024.02.06 11:15,1976.42494,1976.71840,1976.38476,1976.44233,100,20.0
2024.02.06 11:30,1976.82510,1977.74505,1976.37280,1976.46127,100,20.0
2024.02.06 11:45,1976.19863,1977.84734,1975.44793,1977.24231,100,20.0
2024.02.06 12:00,1977.49437,1977.88994,1976.94692,1977.27264,100,20.0
2024.02.06 12:15,1977.34220,1977.47931,1976.69068,1977.04119,100,20.0
2024.02.06 12:30,1977.98919,1979.50248,1977.20696,1978.90206,100,20.0
2024.02.06 12:45,1978.65219,1978.86294,1977.59520,1977.61938,100,20.0
2024.02.06 13:00,1977.28097,1978.73401,1977.22242,1977.79807,100,20.0
2024.02.06 13:15,1977.67285,1978.06854,1977.02856,1977.58567,100,20.0
2024.02.06 13:30,1978.60815,1978.63955,1977.42785,1978.07109,100,20.0
2024.02.06 13:45,1977.73104,1978.44710,1976.46446,1977.06024,100,20.0
2024.02.06 14:00,1976.66690,1977.19943,1976.21068,1976.30007,100,20.0
2024.02.06 14:15,1975.33097,1975.97062,1974.97628,1975.78716,100,20.0
2024.02.06 14:30,1975.70480,1976.08859,1975.64401,1975.77497,100,20.0
2024.02.06 14:45,1974.84908,1975.20577,1974.80210,1975.05975,100,20.0
2024.02.06 15:00,1974.27612,1974.57834,1972.86104,1973.71291,100,20.0
2024.02.06 15:15,1972.99865,1973.02451,1972.44879,1972.86840,100,20.0
2024.02.06 15:30,1973.24338,1973.74995,1972.28128,1973.01936,100,20.0
2024.02.06 15:45,1973.80574,1974.54563,1973.22117,1973.60206,100,20.0
2024.02.06 16:00,1974.01393,1974.83615,1973.82323,1974.30857,100,20.0
2024.02.06 16:15,1974.83074,1975.27657,1973.94648,1974.34610,100,20.0
2024.02.06 16:30,1973.98871,1974.20093,1973.43475,1973.44122,100,20.0
2024.02.06 16:45,1973.69383,1973.99105,1972.99712,1973.53737,100,20.0
2024.02.06 17:00,1973.30258,1973.48439,1972.95942,1973.12996,100,20.0
2024.02.06 17:15,1972.48112,1972.59388,1972.03480,1972.41667,100,20.0
2024.02.06 17:30,1973.46584,1974.04284,1973.40863,1973.98431,100,20.0
2024.02.06 17:45,1974.51529,1975.20060,1974.27715,1975.05333,100,20.0
2024.02.06 18:00,1975.02897,1975.45627,1973.92975,1973.96977,100,20.0
2024.02.06 18:15,1975.05720,1975.53270,1974.91129,1975.19377,100,20.0
2024.02.06 18:30,1974.94302,1975.91313,1974.64524,1975.43082,100,20.0
2024.02.06 18:45,1976.11033,1976.14927,1976.00720,1976.03553,100,20.0
2024.02.06 19:00,1975.59158,1975.96696,1974.89423,1975.16751,100,20.0
2024.02.06 19:15,1974.70459,1975.28277,1974.48699,1974.71303,100,20.0
2024.02.06 19:30,1973.98756,1974.49825,1973.25736,1974.40950,100,20.0
2024.02.06 19:45,1975.21097,1975.75925,1975.09387,1975.42027,100,20.0
2024.02.06 20:00,1974.91426,1975.01720,1973.71849,1973.91719,100,20.0
2024.02.06 20:15,1974.16873,1974.25880,1973.63842,1974.03206,100,20.0
2024.02.06 20:30,1974.93060,1975.37450,1973.52540,1974.45294,100,20.0
2024.02.06 20:45,1975.08377,1976.94103,1974.38600,1976.17386,100,20.0
2024.02.06 21:00,1976.40762,1978.37234,1976.14602,1978.33227,100,20.0
2024.02.06 21:15,1979.08812,1979.58167,1978.98607,1979.31447,100,20.0
2024.02.06 21:30,1978.14334,1978.17573,1977.09697,1977.09932,100,20.0
2024.02.06 21:45,1976.57886,1977.33484,1976.44206,1977.01282,100,20.0
2024.02.06 22:00,1976.84755,1977.37042,1976.45317,1977.30815,100,20.0
2024.02.06 22:15,1976.89385,1977.89242,1976.80857,1977.57060,100,20.0
2024.02.06 22:30,1978.41641,1979.41976,1978.32411,1978.93137,100,20.0
2024.02.06 22:45,1979.46720,1980.13304,1979.15542,1979.45398,100,20.0
2024.02.06 23:00,1979.73580,1980.54706,1979.59120,1980.21623,100,20.0
2024.02.06 23:15,1980.00219,1980.85251,1979.36530,1979.47401,100,20.0
2024.02.06 23:30,1979.12809,1980.03386,1978.90723,1979.94095,100,20.0
2024.02.06 23:45,1980.49134,1982.35269,1980.37534,1981.49993,100,20.0
2024.02.07 00:00,1981.70506,1982.12232,1981.20934,1982.06056,100,20.0
2024.02.07 00:15,1981.46000,1982.01607,1981.30839,1981.80279,100,20.0
2024.02.07 00:30,1982.20530,1982.44325,1981.33792,1981.63862,100,20.0
2024.02.07 00:45,1983.45688,1984.94437,1983.20012,1984.88289,100,20.0
2024.02.07 01:00,1985.47957,1986.47463,1985.32468,1985.57838,100,20.0
2024.02.07 01:15,1985.06076,1985.24453,1984.64891,1984.77184,100,20.0
2024.02.07 01:30,1985.09858,1985.47988,1984.44933,1985.19694,100,20.0
2024.02.07 01:45,1984.68131,1984.97310,1984.02264,1984.20518,100,20.0
2024.02.07 02:00,1984.09281,1984.26205,1983.14404,1983.26418,100,20.0
2024.02.07 02:15,1983.89553,1984.12894,1983.65057,1983.74680,100,20.0
2024.02.07 02:30,1983.76807,1984.13681,1982.41703,1982.47344,100,20.0
2024.02.07 02:45,1982.92719,1983.05850,1982.42144,1982.93090,100,20.0
2024.02.07 03:00,1982.66218,1983.13960,1981.68659,1982.35813,100,20.0
2024.02.07 03:15,1982.25387,1982.67941,1981.95763,1981.99032,100,20.0
2024.02.07 03:30,1981.69404,1982.56353,1981.65508,1982.09295,100,20.0
2024.02.07 03:45,1983.63793,1984.22500,1983.52106,1983.86589,100,20.0
2024.02.07 04:00,1984.12846,1984.74613,1983.66267,1984.31929,100,20.0
2024.02.07 04:15,1983.20008,1984.00785,1982.87253,1983.60594,100,20.0
2024.02.07 04:30,1983.60227,1983.86440,1983.27716,1983.31467,100,20.0
2024.02.07 04:45,1983.40262,1983.89764,1982.97143,1983.24929,100,20.0
2024.02.07 05:00,1983.07985,1983.17329,1982.84022,1982.84772,100,20.0
2024.02.07 05:15,1981.07131,1981.99933,1980.64163,1981.97652,100,20.0
2024.02.07 05:30,1980.62878,1980.70970,1980.01542,1980.51299,100,20.0
2024.02.07 05:45,1980.51600,1981.25649,1980.27052,1980.99111,100,20.0
2024.02.07 06:00,1980.64920,1981.00715,1979.50050,1979.82917,100,20.0
2024.02.07 06:15,1980.70725,1980.92553,1980.53271,1980.66780,100,20.0
2024.02.07 06:30,1980.37790,1981.45438,1980.30272,1980.64812,100,20.0
2024.02.07 06:45,1981.38883,1982.02789,1980.77711,1981.42106,100,20.0
2024.02.07 07:00,1981.26949,1981.96524,1981.15452,1981.70443,100,20.0
2024.02.07 07:15,1982.03393,1982.03697,1981.13962,1981.75997,100,20.0
2024.02.07 07:30,1981.89782,1982.63704,1981.45196,1982.27139,100,20.0
2024.02.07 07:45,1981.33457,1982.20289,1980.79677,1981.77925,100,20.0
2024.02.07 08:00,1981.18086,1981.63413,1980.89922,1981.44072,100,20.0
2024.02.07 08:15,1981.08764,1981.23336,1980.70554,1981.06385,100,20.0
2024.02.07 08:30,1980.66033,1980.71868,1980.15032,1980.69170,100,20.0
2024.02.07 08:45,1980.84555,1980.89039,1979.60786,1979.86013,100,20.0
2024.02.07 09:00,1980.16516,1980.20194,1979.84078,1979.88944,100,20.0
2024.02.07 09:15,1980.78676,1981.36080,1980.16497,1981.29005,100,20.0
2024.02.07 09:30,1981.94938,1982.63122,1981.13607,1981.32695,100,20.0
2024.02.07 09:45,1982.08161,1982.57219,1980.92011,1981.60279,100,20.0
2024.02.07 10:00,1982.09456,1982.90215,1982.04790,1982.44049,100,20.0
2024.02.07 10:15,1982.83181,1983.07881,1981.69258,1982.43220,100,20.0
2024.02.07 10:30,1983.31043,1983.86494,1983.22244,1983.39407,100,20.0
2024.02.07 10:45,1983.91620,1984.64004,1983.41152,1983.69873,100,20.0
2024.02.07 11:00,1984.02239,1985.00566,1983.36635,1984.11711,100,20.0
2024.02.07 11:15,1983.61460,1984.63349,1983.49473,1983.85479,100,20.0
2024.02.07 11:30,1982.46007,1983.00810,1982.39232,1982.93332,100,20.0
2024.02.07 11:45,1983.35602,1983.62753,1983.22753,1983.39181,100,20.0
2024.02.07 12:00,1983.93192,1984.29021,1983.65790,1983.76347,100,20.0
2024.02.07 12:15,1983.84609,1984.00975,1983.15050,1983.24857,100,20.0
2024.02.07 12:30,1983.05063,1983.30860,1982.37082,1982.42771,100,20.0
2024.02.07 12:45,1982.15630,1982.87735,1981.56452,1981.99426,100,20.0
2024.02.07 13:00,1981.93850,1982.18238,1980.70042,1981.32020,100,20.0
2024.02.07 13:15,1981.68183,1981.79851,1981.59469,1981.69156,100,20.0
2024.02.07 13:30,1982.40722,1982.63195,1981.69626,1982.24744,100,20.0
2024.02.07 13:45,1983.26997,1983.95270,1982.38553,1982.64931,100,20.0
2024.02.07 14:00,1982.81442,1983.32427,1982.67717,1983.26570,100,20.0
2024.02.07 14:15,1982.60990,1983.23500,1982.57454,1983.08878,100,20.0
2024.02.07 14:30,1983.14675,1983.27594,1982.20793,1982.45319,100,20.0
2024.02.07 14:45,1981.49516,1981.85441,1981.00338,1981.58877,100,20.0
2024.02.07 15:00,1981.38193,1981.61486,1981.08162,1981.54754,100,20.0
2024.02.07 15:15,1982.72227,1982.77299,1982.21685,1982.29772,100,20.0
2024.02.07 15:30,1981.81810,1981.97693,1981.17803,1981.38682,100,20.0
2024.02.07 15:45,1982.10271,1983.53644,1981.52413,1983.02391,100,20.0
2024.02.07 16:00,1982.29013,1982.52253,1982.10922,1982.31795,100,20.0
2024.02.07 16:15,1981.83018,1982.16521,1981.21483,1981.69831,100,20.0
2024.02.07 16:30,1982.21937,1982.23162,1981.98029,1982.18164,100,20.0
2024.02.07 16:45,1982.78151,1984.37616,1982.64531,1984.01044,100,20.0
2024.02.07 17:00,1983.66063,1984.03859,1983.08264,1983.29894,100,20.0
2024.02.07 17:15,1982.42699,1982.62979,1982.18214,1982.28601,100,20.0
2024.02.07 17:30,1982.74642,1983.57303,1982.65489,1982.91448,100,20.0
2024.02.07 17:45,1983.55001,1983.78960,1983.44040,1983.67412,100,20.0
2024.02.07 18:00,1983.66220,1984.11698,1983.37828,1983.83742,100,20.0
2024.02.07 18:15,1984.89049,1985.17246,1984.78296,1984.92412,100,20.0
2024.02.07 18:30,1984.43648,1984.94765,1984.36742,1984.47900,100,20.0
2024.02.07 18:45,1985.03227,1985.21508,1983.30490,1983.96838,100,20.0
2024.02.07 19:00,1984.27097,1985.07833,1984.23519,1984.56012,100,20.0
2024.02.07 19:15,1983.68385,1983.97822,1983.28436,1983.74685,100,20.0
2024.02.07 19:30,1982.60916,1983.09902,1981.58886,1982.24694,100,20.0
2024.02.07 19:45,1981.95685,1982.68022,1981.90264,1982.36766,100,20.0
2024.02.07 20:00,1983.29432,1983.47982,1982.83676,1983.00946,100,20.0
2024.02.07 20:15,1982.48693,1982.71089,1982.01713,1982.19695,100,20.0
2024.02.07 20:30,1982.64694,1983.55948,1982.46765,1983.26386,100,20.0
2024.02.07 20:45,1983.23729,1983.79539,1982.95623,1983.35163,100,20.0
2024.02.07 21:00,1983.09189,1983.98902,1982.96937,1983.93755,100,20.0
2024.02.07 21:15,1983.81854,1984.11549,1983.77110,1983.87246,100,20.0
2024.02.07 21:30,1984.87847,1985.12524,1984.41478,1984.77341,100,20.0
2024.02.07 21:45,1985.09991,1985.40653,1984.38083,1984.72548,100,20.0
2024.02.07 22:00,1984.19249,1984.45859,1983.64413,1983.95194,100,20.0
2024.02.07 22:15,1984.10272,1984.17073,1984.08095,1984.12511,100,20.0
2024.02.07 22:30,1982.64538,1982.78335,1982.43668,1982.51102,100,20.0
2024.02.07 22:45,1982.99425,1983.62027,1982.96629,1983.35187,100,20.0
2024.02.07 23:00,1983.83292,1983.86935,1983.71520,1983.80853,100,20.0
2024.02.07 23:15,1984.14000,1985.55992,1983.59788,1985.29379,100,20.0
2024.02.07 23:30,1985.33177,1985.36049,1984.90496,1985.23340,100,20.0
2024.02.07 23:45,1985.52746,1985.94638,1985.23935,1985.61551,100,20.0
2024.02.08 00:00,1985.99747,1986.46762,1985.64447,1986.07436,100,20.0
2024.02.08 00:15,1985.66104,1986.40582,1985.52566,1986.28032,100,20.0
2024.02.08 00:30,1987.12644,1987.22430,1986.16223,1986.62563,100,20.0
2024.02.08 00:45,1987.01687,1987.27949,1986.14084,1986.78208,100,20.0
2024.02.08 01:00,1985.51281,1985.53843,1984.85488,1985.09627,100,20.0
2024.02.08 01:15,1985.68402,1986.05083,1985.46941,1985.59513,100,20.0
2024.02.08 01:30,1985.83421,1986.93358,1985.78219,1986.45077,100,20.0
2024.02.08 01:45,1985.66739,1986.45038,1985.57784,1986.16544,100,20.0
2024.02.08 02:00,1985.76654,1986.10006,1985.16152,1985.69180,100,20.0
2024.02.08 02:15,1985.55043,1985.83411,1984.90499,1985.58630,100,20.0
2024.02.08 02:30,1986.15691,1986.36706,1985.81114,1986.26270,100,20.0
2024.02.08 02:45,1985.80778,1985.88743,1985.59743,1985.75812,100,20.0
2024.02.08 03:00,1985.66721,1986.11999,1985.50846,1985.82955,100,20.0
2024.02.08 03:15,1985.86919,1986.22359,1985.11943,1985.16594,100,20.0
2024.02.08 03:30,1985.81329,1985.82846,1984.41486,1984.53925,100,20.0
2024.02.08 03:45,1984.59839,1984.93878,1984.50462,1984.54375,100,20.0
2024.02.08 04:00,1985.70097,1986.30298,1985.46403,1986.11081,100,20.0
2024.02.08 04:15,1985.42593,1985.53401,1984.86011,1985.14518,100,20.0
2024.02.08 04:30,1985.82086,1986.39531,1985.29026,1986.23198,100,20.0
2024.02.08 04:45,1986.05577,1987.13839,1985.76549,1986.79148,100,20.0
2024.02.08 05:00,1987.24953,1988.00351,1986.55711,1987.32250,100,20.0
2024.02.08 05:15,1987.49302,1987.50578,1986.57166,1987.07639,100,20.0
2024.02.08 05:30,1985.91495,1986.48466,1985.55078,1985.71168,100,20.0
2024.02.08 05:45,1985.65341,1986.32753,1984.88565,1984.97590,100,20.0
2024.02.08 06:00,1983.48848,1983.53761,1983.33498,1983.53102,100,20.0
2024.02.08 06:15,1983.32120,1983.94504,1983.16752,1983.46981,100,20.0
2024.02.08 06:30,1984.39289,1985.44787,1984.28413,1985.31301,100,20.0
2024.02.08 06:45,1984.74689,1984.97820,1984.19942,1984.66028,100,20.0
2024.02.08 07:00,1985.62126,1986.10043,1985.33478,1985.51968,100,20.0
2024.02.08 07:15,1986.05792,1986.34569,1985.49369,1985.82766,100,20.0
2024.02.08 07:30,1986.30820,1986.77869,1985.76136,1986.45371,100,20.0
2024.02.08 07:45,1986.95761,1987.84729,1986.89114,1987.06997,100,20.0
2024.02.08 08:00,1987.46388,1987.67609,1987.17954,1987.20057,100,20.0
2024.02.08 08:15,1986.78876,1987.06722,1986.22674,1986.51034,100,20.0
2024.02.08 08:30,1985.75351,1985.97387,1985.17254,1985.40719,100,20.0
2024.02.08 08:45,1985.16366,1985.86414,1984.84821,1985.63897,100,20.0
2024.02.08 09:00,1986.16743,1986.59952,1985.32772,1986.05364,100,20.0
2024.02.08 09:15,1985.64806,1985.81460,1985.10957,1985.24189,100,20.0
2024.02.08 09:30,1984.50905,1984.76283,1982.82410,1983.50859,100,20.0
2024.02.08 09:45,1984.29427,1984.59406,1983.52580,1984.15736,100,20.0
2024.02.08 10:00,1985.08129,1985.15320,1984.07032,1984.52778,100,20.0
2024.02.08 10:15,1983.55128,1984.67012,1983.04280,1984.14654,100,20.0
2024.02.08 10:30,1984.58732,1985.04794,1983.63751,1983.68650,100,20.0
2024.02.08 10:45,1983.58903,1983.98464,1983.47324,1983.70154,100,20.0
2024.02.08 11:00,1985.03926,1985.37539,1984.72231,1984.85316,100,20.0
2024.02.08 11:15,1984.95390,1986.61129,1984.94145,1985.58414,100,20.0
2024.02.08 11:30,1984.96815,1985.92656,1984.60709,1985.75540,100,20.0
2024.02.08 11:45,1986.14269,1986.64245,1986.04209,1986.25487,100,20.0
2024.02.08 12:00,1986.98183,1987.13357,1986.96374,1987.08646,100,20.0
2024.02.08 12:15,1986.38220,1986.68729,1985.77535,1986.14993,100,20.0
2024.02.08 12:30,1985.93378,1986.63587,1985.67587,1986.31503,100,20.0
2024.02.08 12:45,1986.44951,1986.49222,1985.83566,1986.00669,100,20.0
2024.02.08 13:00,1986.08942,1986.18317,1985.21912,1985.38437,100,20.0
2024.02.08 13:15,1986.31802,1986.69607,1985.17328,1985.78840,100,20.0
2024.02.08 13:30,1986.30702,1986.56672,1985.88545,1986.10791,100,20.0
2024.02.08 13:45,1986.53846,1987.08173,1986.32089,1987.06637,100,20.0
2024.02.08 14:00,1986.95259,1987.89359,1986.85418,1987.64672,100,20.0
2024.02.08 14:15,1987.53839,1988.32918,1987.13849,1987.63636,100,20.0
2024.02.08 14:30,1988.17925,1988.72467,1987.75072,1988.70464,100,20.0
2024.02.08 14:45,1988.07817,1989.18843,1987.71467,1988.55323,100,20.0
2024.02.08 15:00,1988.38136,1988.41300,1987.63482,1988.17265,100,20.0
2024.02.08 15:15,1988.19330,1988.36241,1986.11672,1986.67467,100,20.0
2024.02.08 15:30,1987.96999,1988.01087,1987.41358,1987.79583,100,20.0
2024.02.08 15:45,1987.85423,1988.16833,1987.47908,1988.02720,100,20.0
2024.02.08 16:00,1988.14655,1988.23773,1987.40511,1987.49714,100,20.0
2024.02.08 16:15,1987.23011,1988.05285,1987.17297,1987.24982,100,20.0
2024.02.08 16:30,1987.19327,1987.45571,1986.89777,1987.40063,100,20.0
2024.02.08 16:45,1987.69103,1988.35880,1987.64987,1987.94422,100,20.0
2024.02.08 17:00,1988.25641,1989.33748,1987.86865,1989.05702,100,20.0
2024.02.08 17:15,1988.91770,1989.29096,1988.78888,1988.89204,100,20.0
2024.02.08 17:30,1988.38163,1989.32074,1988.15878,1989.16623,100,20.0
2024.02.08 17:45,1988.49456,1988.56258,1987.91796,1987.91924,100,20.0
2024.02.08 18:00,1987.99051,1988.39112,1987.97213,1988.17166,100,20.0
2024.02.08 18:15,1988.33406,1988.73345,1986.97550,1987.26780,100,20.0
2024.02.08 18:30,1986.80173,1987.22390,1986.65104,1986.88914,100,20.0
2024.02.08 18:45,1985.80059,1986.48144,1985.32554,1985.68689,100,20.0
2024.02.08 19:00,1984.56238,1985.10615,1984.31632,1985.03309,100,20.0
2024.02.08 19:15,1986.52435,1986.91193,1985.95922,1986.03170,100,20.0
2024.02.08 19:30,1985.29343,1985.62417,1983.72722,1984.49902,100,20.0
2024.02.08 19:45,1983.95402,1984.34079,1983.40256,1983.41434,100,20.0
2024.02.08 20:00,1983.93610,1983.97209,1983.34190,1983.64322,100,20.0
2024.02.08 20:15,1983.74015,1983.87670,1983.50337,1983.56708,100,20.0
2024.02.08 20:30,1984.22444,1984.30727,1983.49534,1983.89214,100,20.0
2024.02.08 20:45,1983.83493,1983.98159,1983.01676,1983.33115,100,20.0
2024.02.08 21:00,1983.00107,1983.06282,1982.47626,1982.50965,100,20.0
2024.02.08 21:15,1983.19546,1984.19539,1982.95086,1984.12618,100,20.0
2024.02.08 21:30,1983.83226,1984.64873,1983.42394,1984.07783,100,20.0
2024.02.08 21:45,1984.70834,1985.36040,1984.19074,1984.19106,100,20.0
2024.02.08 22:00,1984.64073,1984.96912,1983.73558,1984.25564,100,20.0
2024.02.08 22:15,1984.47816,1985.05807,1983.98732,1984.17059,100,20.0
2024.02.08 22:30,1983.32975,1983.89520,1981.98157,1982.61409,100,20.0
2024.02.08 22:45,1982.27821,1982.40883,1982.16145,1982.38094,100,20.0
2024.02.08 23:00,1982.16974,1982.44974,1981.33468,1982.41017,100,20.0
2024.02.08 23:15,1982.35224,1982.96817,1982.14522,1982.82357,100,20.0
2024.02.08 23:30,1983.23066,1983.63408,1981.87071,1982.08712,100,20.0
2024.02.08 23:45,1981.83592,1982.34437,1981.50978,1982.30140,100,20.0
2024.02.09 00:00,1982.27816,1982.46768,1982.08714,1982.40889,100,20.0
2024.02.09 00:15,1982.82675,1983.57499,1982.72105,1983.09413,100,20.0
2024.02.09 00:30,1982.90054,1983.77243,1982.20005,1982.98985,100,20.0
2024.02.09 00:45,1982.90589,1983.02771,1982.67222,1982.97837,100,20.0
2024.02.09 01:00,1983.18087,1983.36371,1982.39378,1982.51639,100,20.0
2024.02.09 01:15,1982.01098,1982.36980,1981.22775,1981.45328,100,20.0
2024.02.09 01:30,1981.97624,1982.12977,1981.74036,1982.12281,100,20.0
2024.02.09 01:45,1982.50356,1982.74563,1981.13074,1981.49836,100,20.0
2024.02.09 02:00,1981.26681,1981.60023,1980.94700,1981.07614,100,20.0
2024.02.09 02:15,1981.03191,1981.30241,1980.14108,1980.51432,100,20.0
2024.02.09 02:30,1980.22739,1980.50424,1979.13967,1979.84323,100,20.0
2024.02.09 02:45,1979.16163,1979.17164,1978.44480,1978.56674,100,20.0
2024.02.09 03:00,1979.10665,1979.27766,1978.90254,1979.13998,100,20.0
2024.02.09 03:15,1978.46816,1978.93702,1978.17196,1978.66539,100,20.0
2024.02.09 03:30,1978.83413,1979.90735,1978.20277,1979.71972,100,20.0
2024.02.09 03:45,1979.11080,1979.52855,1977.52267,1978.42858,100,20.0
2024.02.09 04:00,1978.53926,1978.88971,1978.40068,1978.71251,100,20.0
2024.02.09 04:15,1979.66551,1980.01781,1979.12905,1979.82580,100,20.0
2024.02.09 04:30,1980.41412,1980.48618,1980.08870,1980.34938,100,20.0
2024.02.09 04:45,1980.87213,1981.23147,1980.12442,1980.62637,100,20.0
2024.02.09 05:00,1980.25021,1980.65127,1980.06297,1980.39057,100,20.0
2024.02.09 05:15,1980.50823,1981.32346,1980.07080,1980.16363,100,20.0
2024.02.09 05:30,1979.97087,1979.99250,1979.10730,1979.20630,100,20.0
2024.02.09 05:45,1978.81063,1979.62573,1978.68098,1979.41603,100,20.0
2024.02.09 06:00,1979.76999,1979.99642,1979.52469,1979.82514,100,20.0
2024.02.09 06:15,1980.52567,1980.88127,1980.25554,1980.69220,100,20.0
2024.02.09 06:30,1980.58802,1981.23492,1980.49988,1981.21975,100,20.0
2024.02.09 06:45,1981.88659,1982.00766,1981.82946,1981.97856,100,20.0
2024.02.09 07:00,1981.90471,1982.09035,1981.18218,1981.40675,100,20.0
2024.02.09 07:15,1982.54805,1982.72765,1981.89194,1982.24478,100,20.0
2024.02.09 07:30,1982.14845,1982.24151,1981.37718,1981.78177,100,20.0
2024.02.09 07:45,1981.26431,1981.87005,1981.19230,1981.45434,100,20.0
2024.02.09 08:00,1981.05694,1981.22911,1980.30483,1980.68341,100,20.0
2024.02.09 08:15,1979.73867,1980.52170,1979.28182,1980.14643,100,20.0
2024.02.09 08:30,1980.20622,1980.34050,1980.03357,1980.28657,100,20.0
2024.02.09 08:45,1979.62611,1979.98198,1979.34335,1979.78059,100,20.0
2024.02.09 09:00,1980.33381,1980.99553,1980.20929,1980.89746,100,20.0
2024.02.09 09:15,1981.12089,1981.43001,1980.29255,1980.56739,100,20.0
2024.02.09 09:30,1979.62510,1980.29064,1979.26130,1980.16670,100,20.0
2024.02.09 09:45,1979.61941,1980.55914,1979.26768,1980.03746,100,20.0
2024.02.09 10:00,1980.18390,1980.25347,1979.51588,1979.82678,100,20.0
2024.02.09 10:15,1980.55811,1980.97040,1980.38103,1980.65984,100,20.0
2024.02.09 10:30,1980.21420,1980.99585,1979.72070,1979.78783,100,20.0
2024.02.09 10:45,1981.98923,1982.93070,1981.42596,1982.81366,100,20.0
2024.02.09 11:00,1983.04933,1983.80311,1982.96625,1983.45289,100,20.0
2024.02.09 11:15,1984.85280,1985.21200,1984.43736,1985.14278,100,20.0
2024.02.09 11:30,1986.44546,1987.47657,1985.98450,1987.12929,100,20.0
2024.02.09 11:45,1986.46888,1986.66058,1985.95155,1986.29247,100,20.0
2024.02.09 12:00,1985.35794,1985.40841,1984.69717,1984.93792,100,20.0
2024.02.09 12:15,1984.72958,1986.19074,1984.67087,1985.62567,100,20.0
2024.02.09 12:30,1985.12624,1985.57879,1984.46287,1984.65760,100,20.0
2024.02.09 12:45,1984.34656,1985.47580,1984.07093,1984.89680,100,20.0
2024.02.09 13:00,1985.08245,1985.27203,1984.41672,1985.22303,100,20.0
2024.02.09 13:15,1985.66394,1985.78290,1984.83065,1985.21323,100,20.0
2024.02.09 13:30,1985.59096,1986.28923,1985.40927,1985.95336,100,20.0
2024.02.09 13:45,1985.93905,1986.52979,1985.24032,1986.32560,100,20.0
2024.02.09 14:00,1986.62880,1987.69122,1985.94260,1987.19081,100,20.0
2024.02.09 14:15,1986.63464,1986.73578,1986.58048,1986.72295,100,20.0
2024.02.09 14:30,1986.20881,1987.10695,1986.11953,1986.82936,100,20.0
2024.02.09 14:45,1988.56280,1990.16946,1987.99110,1989.83708,100,20.0
2024.02.09 15:00,1990.14663,1990.59829,1989.90864,1990.25455,100,20.0
2024.02.09 15:15,1990.85845,1991.01136,1989.35614,1989.98100,100,20.0
2024.02.09 15:30,1989.97637,1990.42898,1988.50914,1988.62230,100,20.0
2024.02.09 15:45,1988.06169,1988.45817,1987.76774,1987.90937,100,20.0
2024.02.09 16:00,1988.14482,1988.42558,1988.06583,1988.38075,100,20.0
2024.02.09 16:15,1987.78274,1988.02923,1987.40434,1988.02847,100,20.0
2024.02.09 16:30,1988.06870,1988.72901,1987.80811,1987.90603,100,20.0
2024.02.09 16:45,1986.69966,1986.82322,1986.10297,1986.42708,100,20.0
2024.02.09 17:00,1986.30261,1986.49218,1985.31517,1985.89426,100,20.0
2024.02.09 17:15,1986.11458,1986.62906,1985.89139,1986.56519,100,20.0
2024.02.09 17:30,1986.39950,1987.29259,1985.95605,1986.96316,100,20.0
2024.02.09 17:45,1986.77987,1986.96528,1986.44322,1986.76771,100,20.0
2024.02.09 18:00,1986.55610,1986.79369,1986.46318,1986.61380,100,20.0
2024.02.09 18:15,1986.86823,1987.63319,1985.96898,1986.91505,100,20.0
2024.02.09 18:30,1987.54244,1987.61120,1986.99587,1987.27428,100,20.0
2024.02.09 18:45,1987.62512,1987.63191,1986.90911,1987.03593,100,20.0
2024.02.09 19:00,1986.98352,1987.35712,1986.69632,1987.26836,100,20.0
2024.02.09 19:15,1986.39679,1986.58177,1985.60025,1985.76546,100,20.0
2024.02.09 19:30,1984.83955,1985.22281,1984.21158,1984.63703,100,20.0
2024.02.09 19:45,1984.84740,1985.13676,1984.34490,1984.38289,100,20.0
2024.02.09 20:00,1984.89402,1985.32428,1983.77496,1984.13707,100,20.0
2024.02.09 20:15,1984.66847,1985.61347,1984.44553,1985.49464,100,20.0
2024.02.09 20:30,1985.00314,1985.12522,1984.73599,1985.05256,100,20.0
2024.02.09 20:45,1985.01614,1985.07524,1984.64903,1985.01313,100,20.0
2024.02.09 21:00,1984.96777,1985.09276,1983.99659,1984.35027,100,20.0
2024.02.09 21:15,1983.65925,1984.43311,1983.51241,1984.37742,100,20.0
2024.02.09 21:30,1983.28057,1983.53474,1982.62273,1983.48987,100,20.0
2024.02.09 21:45,1983.39774,1983.68382,1983.38166,1983.55013,100,20.0
2024.02.09 22:00,1983.04206,1983.19438,1982.34932,1982.75220,100,20.0
2024.02.09 22:15,1982.66924,1982.70932,1981.67458,1981.78064,100,20.0
2024.02.09 22:30,1981.10993,1981.78665,1981.10301,1981.58434,100,20.0
2024.02.09 22:45,1981.78202,1982.24223,1981.70483,1982.11032,100,20.0
2024.02.09 23:00,1982.48649,1982.84418,1981.79768,1982.48833,100,20.0
2024.02.09 23:15,1982.62397,1983.77830,1982.57491,1983.24676,100,20.0
2024.02.09 23:30,1982.81201,1982.88671,1982.67574,1982.83470,100,20.0
2024.02.09 23:45,1984.12278,1984.40702,1983.67529,1984.17196,100,20.0
2024.02.10 00:00,1984.60141,1985.62054,1984.52385,1985.31163,100,20.0
2024.02.10 00:15,1985.16538,1985.41737,1984.65605,1984.77088,100,20.0
2024.02.10 00:30,1984.82308,1985.02577,1984.68317,1984.82656,100,20.0
2024.02.10 00:45,1984.42379,1984.85321,1984.20353,1984.36608,100,20.0
2024.02.10 01:00,1984.00746,1984.67022,1983.75988,1984.45694,100,20.0
2024.02.10 01:15,1984.74182,1985.04365,1984.25096,1984.35224,100,20.0
2024.02.10 01:30,1983.26513,1983.50303,1982.96833,1983.04026,100,20.0
2024.02.10 01:45,1983.36522,1985.00124,1983.20627,1984.57072,100,20.0
2024.02.10 02:00,1984.60371,1984.66921,1984.38975,1984.58593,100,20.0
2024.02.10 02:15,1985.19529,1985.36939,1984.61117,1984.63119,100,20.0
2024.02.10 02:30,1983.25484,1983.78877,1982.66516,1983.04036,100,20.0
2024.02.10 02:45,1982.77126,1983.15838,1982.74606,1982.75215,100,20.0
2024.02.10 03:00,1983.26734,1984.01642,1983.24914,1983.91102,100,20.0
2024.02.10 03:15,1983.55367,1983.71584,1982.83276,1983.53973,100,20.0
2024.02.10 03:30,1983.38903,1983.80979,1982.94555,1982.96287,100,20.0
2024.02.10 03:45,1981.70661,1981.86828,1981.24305,1981.71655,100,20.0
2024.02.10 04:00,1981.40352,1981.82578,1981.25853,1981.64092,100,20.0
2024.02.10 04:15,1981.37862,1982.09761,1980.13848,1980.32144,100,20.0
2024.02.10 04:30,1980.11214,1981.38245,1979.81386,1981.28091,100,20.0
2024.02.10 04:45,1980.86332,1981.22519,1980.74978,1981.11943,100,20.0
2024.02.10 05:00,1980.60978,1980.62024,1980.19907,1980.28766,100,20.0
2024.02.10 05:15,1979.97952,1979.99005,1979.64680,1979.83726,100,20.0
2024.02.10 05:30,1979.73418,1980.41626,1979.72237,1979.75198,100,20.0
2024.02.10 05:45,1978.62722,1979.22459,1978.56434,1979.01009,100,20.0
2024.02.10 06:00,1979.59499,1980.76627,1979.39633,1980.30832,100,20.0
2024.02.10 06:15,1979.63421,1980.02021,1978.93642,1979.27499,100,20.0
2024.02.10 06:30,1979.16969,1979.37753,1978.99801,1979.34317,100,20.0
2024.02.10 06:45,1978.71797,1979.45186,1978.38931,1979.19597,100,20.0
2024.02.10 07:00,1978.94661,1979.69469,1978.17593,1978.35710,100,20.0
2024.02.10 07:15,1978.85360,1979.04797,1977.95678,1978.20408,100,20.0
2024.02.10 07:30,1977.85077,1977.88943,1976.76787,1977.31227,100,20.0
2024.02.10 07:45,1977.77593,1978.38842,1977.41062,1978.23338,100,20.0
2024.02.10 08:00,1978.37591,1978.64640,1978.14317,1978.49580,100,20.0
2024.02.10 08:15,1978.68127,1978.72067,1978.51604,1978.60841,100,20.0
2024.02.10 08:30,1978.77078,1979.35553,1978.51240,1978.94781,100,20.0
2024.02.10 08:45,1979.14171,1979.53444,1978.67558,1978.74574,100,20.0
2024.02.10 09:00,1978.53360,1978.69531,1978.14591,1978.62942,100,20.0
2024.02.10 09:15,1978.60361,1978.68994,1977.84458,1978.24022,100,20.0
2024.02.10 09:30,1977.38797,1978.74453,1977.11448,1978.70314,100,20.0
2024.02.10 09:45,1978.58218,1978.66322,1978.01687,1978.44511,100,20.0
2024.02.10 10:00,1978.64767,1979.37674,1978.31289,1979.17703,100,20.0
2024.02.10 10:15,1978.76540,1979.10951,1978.22069,1978.61918,100,20.0
2024.02.10 10:30,1977.89660,1978.07254,1977.60890,1977.67394,100,20.0
2024.02.10 10:45,1977.29366,1977.47830,1977.05001,1977.43483,100,20.0
2024.02.10 11:00,1977.69802,1978.46460,1977.64681,1978.42857,100,20.0
2024.02.10 11:15,1978.64437,1979.68220,1978.39483,1979.50101,100,20.0
2024.02.10 11:30,1979.98964,1980.51005,1979.97195,1980.10374,100,20.0
2024.02.10 11:45,1980.31425,1980.95019,1979.57714,1980.13813,100,20.0
2024.02.10 12:00,1980.46585,1980.54897,1979.54963,1979.79679,100,20.0
2024.02.10 12:15,1980.00888,1980.03360,1979.47657,1979.70367,100,20.0
2024.02.10 12:30,1979.39455,1979.84865,1977.75375,1978.63235,100,20.0
2024.02.10 12:45,1979.56509,1979.68487,1978.21689,1978.76034,100,20.0
2024.02.10 13:00,1978.79098,1978.80231,1978.54203,1978.75385,100,20.0
2024.02.10 13:15,1978.32188,1978.97630,1978.17205,1978.77794,100,20.0
2024.02.10 13:30,1978.73794,1978.98895,1978.35637,1978.67747,100,20.0
2024.02.10 13:45,1979.04388,1980.12397,1978.97233,1980.11443,100,20.0
2024.02.10 14:00,1980.09573,1980.82050,1979.97904,1980.69946,100,20.0
2024.02.10 14:15,1981.21205,1981.41671,1980.21110,1980.65508,100,20.0
2024.02.10 14:30,1979.74322,1980.63291,1979.70704,1980.18865,100,20.0
2024.02.10 14:45,1980.39132,1981.96498,1980.21549,1980.95908,100,20.0
2024.02.10 15:00,1981.45545,1982.09716,1981.34689,1982.01631,100,20.0
2024.02.10 15:15,1982.57073,1983.54521,1982.38499,1982.73193,100,20.0
2024.02.10 15:30,1982.81269,1983.23084,1982.19153,1982.69546,100,20.0
2024.02.10 15:45,1982.78630,1983.01159,1982.59973,1982.83183,100,20.0
2024.02.10 16:00,1983.45935,1983.72214,1982.96237,1983.01583,100,20.0
2024.02.10 16:15,1982.78040,1982.98474,1982.46702,1982.62489,100,20.0
2024.02.10 16:30,1982.33242,1982.50752,1981.78871,1982.09716,100,20.0
2024.02.10 16:45,1982.33996,1982.76620,1981.56136,1982.27260,100,20.0
2024.02.10 17:00,1981.19085,1981.95020,1981.18730,1981.77429,100,20.0
2024.02.10 17:15,1980.95736,1981.26203,1980.12870,1980.31992,100,20.0
2024.02.10 17:30,1979.99359,1980.28871,1979.54089,1980.00395,100,20.0
2024.02.10 17:45,1979.87577,1979.97616,1979.68144,1979.81007,100,20.0
2024.02.10 18:00,1979.83854,1980.06405,1978.30782,1978.51833,100,20.0
2024.02.10 18:15,1976.78178,1976.81313,1976.32018,1976.54157,100,20.0
2024.02.10 18:30,1977.77950,1977.94894,1977.77247,1977.84979,100,20.0
2024.02.10 18:45,1977.43401,1977.61140,1976.84216,1977.50000,100,20.0
2024.02.10 19:00,1977.75502,1978.23435,1977.42415,1977.73659,100,20.0
2024.02.10 19:15,1977.51892,1978.02271,1977.13680,1977.18857,100,20.0
2024.02.10 19:30,1978.21038,1978.24880,1977.95480,1978.21503,100,20.0
2024.02.10 19:45,1977.01284,1977.87696,1976.86839,1977.78839,100,20.0
2024.02.10 20:00,1978.93445,1979.69082,1978.80243,1979.50522,100,20.0
2024.02.10 20:15,1980.23395,1980.27195,1979.90619,1979.92234,100,20.0
2024.02.10 20:30,1979.65896,1980.20108,1979.38664,1979.98214,100,20.0
2024.02.10 20:45,1980.04852,1980.79200,1979.98632,1980.78105,100,20.0
2024.02.10 21:00,1980.25847,1980.81596,1980.13868,1980.31770,100,20.0
2024.02.10 21:15,1980.37077,1980.83591,1979.70304,1979.88244,100,20.0
2024.02.10 21:30,1981.05297,1981.16872,1980.13093,1981.10299,100,20.0
2024.02.10 21:45,1981.80463,1982.90345,1981.64861,1982.41234,100,20.0
2024.02.10 22:00,1982.24338,1982.31062,1980.48104,1981.04275,100,20.0
2024.02.10 22:15,1981.48153,1981.78425,1981.20624,1981.43718,100,20.0
2024.02.10 22:30,1980.66121,1981.67219,1980.64762,1981.46581,100,20.0
2024.02.10 22:45,1980.90877,1981.33067,1980.87159,1980.99932,100,20.0
2024.02.10 23:00,1980.96645,1981.34883,1980.92529,1981.18520,100,20.0
2024.02.10 23:15,1981.20996,1981.95725,1980.86153,1981.61304,100,20.0
2024.02.10 23:30,1980.97837,1981.79695,1980.87192,1981.35386,100,20.0
2024.02.10 23:45,1981.13072,1982.13310,1980.98844,1981.59478,100,20.0
2024.02.11 00:00,1982.16343,1982.75393,1981.59125,1982.36447,100,20.0
2024.02.11 00:15,1982.99144,1983.04351,1981.60720,1982.34804,100,20.0
2024.02.11 00:30,1981.70612,1982.27961,1981.34598,1981.91271,100,20.0
2024.02.11 00:45,1982.08097,1982.15901,1981.63888,1981.86293,100,20.0
2024.02.11 01:00,1981.18760,1981.97583,1981.15515,1981.71785,100,20.0
2024.02.11 01:15,1982.01515,1982.41082,1981.76303,1981.79242,100,20.0
2024.02.11 01:30,1981.95613,1982.05956,1981.72242,1981.89827,100,20.0
2024.02.11 01:45,1982.16047,1982.72412,1981.88993,1982.50534,100,20.0
2024.02.11 02:00,1982.86215,1983.11612,1982.06253,1982.47304,100,20.0
2024.02.11 02:15,1982.49564,1982.71123,1982.37027,1982.44318,100,20.0
2024.02.11 02:30,1982.27683,1982.55533,1981.71494,1981.81135,100,20.0
2024.02.11 02:45,1981.66585,1981.66828,1980.36785,1980.96630,100,20.0
2024.02.11 03:00,1981.44207,1981.76481,1981.05697,1981.06441,100,20.0
2024.02.11 03:15,1980.70583,1981.43209,1979.80511,1980.90720,100,20.0
2024.02.11 03:30,1979.89035,1980.10947,1979.37484,1980.08485,100,20.0
2024.02.11 03:45,1981.02947,1981.33660,1980.36717,1980.57219,100,20.0
2024.02.11 04:00,1981.18425,1982.16537,1981.06960,1981.97962,100,20.0
2024.02.11 04:15,1982.77598,1983.16225,1982.05685,1982.67840,100,20.0
2024.02.11 04:30,1982.49583,1982.90475,1981.89244,1982.56357,100,20.0
2024.02.11 04:45,1982.62970,1982.94920,1981.85397,1982.23494,100,20.0
2024.02.11 05:00,1982.74796,1983.65667,1981.56718,1981.89298,100,20.0
2024.02.11 05:15,1982.27105,1982.97339,1982.11453,1982.86903,100,20.0
2024.02.11 05:30,1982.11585,1982.13966,1980.84284,1981.07618,100,20.0
2024.02.11 05:45,1981.28768,1981.64496,1981.00085,1981.41266,100,20.0
2024.02.11 06:00,1982.04742,1982.36092,1981.19597,1981.42655,100,20.0
2024.02.11 06:15,1980.88430,1981.96412,1979.99389,1981.61735,100,20.0
2024.02.11 06:30,1981.84472,1982.49073,1981.61603,1982.21479,100,20.0
2024.02.11 06:45,1982.91290,1983.00587,1982.26078,1982.40427,100,20.0
2024.02.11 07:00,1982.11558,1982.58378,1981.48819,1982.43303,100,20.0
2024.02.11 07:15,1983.55045,1983.97446,1983.11180,1983.71258,100,20.0
2024.02.11 07:30,1984.19686,1985.41014,1983.46529,1985.39008,100,20.0
2024.02.11 07:45,1984.90175,1985.62642,1984.89856,1985.13554,100,20.0
2024.02.11 08:00,1984.93105,1985.69817,1984.66608,1984.79020,100,20.0
2024.02.11 08:15,1984.37916,1984.59073,1983.92913,1983.98154,100,20.0
2024.02.11 08:30,1984.13443,1984.46233,1982.91361,1983.54986,100,20.0
2024.02.11 08:45,1983.68028,1984.05849,1983.42804,1983.60223,100,20.0
2024.02.11 09:00,1983.32934,1984.15350,1983.23392,1984.08602,100,20.0
2024.02.11 09:15,1984.08252,1984.64950,1983.17668,1983.23194,100,20.0
2024.02.11 09:30,1982.71705,1982.87944,1982.03663,1982.79060,100,20.0
2024.02.11 09:45,1982.78306,1982.97773,1982.40123,1982.53353,100,20.0
2024.02.11 10:00,1982.92351,1982.97649,1982.35920,1982.56997,100,20.0
2024.02.11 10:15,1982.35686,1982.79186,1980.96772,1981.46404,100,20.0
2024.02.11 10:30,1981.86858,1982.39829,1981.25548,1982.11367,100,20.0
2024.02.11 10:45,1982.48676,1982.75605,1981.57710,1982.02646,100,20.0
2024.02.11 11:00,1982.28474,1982.67966,1981.58735,1982.12554,100,20.0
2024.02.11 11:15,1982.42175,1982.86979,1982.09560,1982.66746,100,20.0
2024.02.11 11:30,1982.49620,1983.51665,1982.38613,1983.41446,100,20.0
2024.02.11 11:45,1983.63798,1984.58076,1983.37474,1983.84940,100,20.0
2024.02.11 12:00,1982.57946,1983.67764,1982.51981,1983.52678,100,20.0
2024.02.11 12:15,1983.48271,1984.78597,1983.20516,1984.49137,100,20.0
2024.02.11 12:30,1985.10920,1985.23222,1984.82783,1984.96271,100,20.0
2024.02.11 12:45,1984.55690,1984.67452,1984.16880,1984.55874,100,20.0
2024.02.11 13:00,1984.51649,1984.81139,1984.36057,1984.53772,100,20.0
2024.02.11 13:15,1985.52535,1986.78038,1985.18913,1986.29281,100,20.0
2024.02.11 13:30,1985.19879,1985.54131,1985.12514,1985.37033,100,20.0
2024.02.11 13:45,1985.44939,1985.74611,1984.95931,1985.49992,100,20.0
2024.02.11 14:00,1985.47424,1986.13403,1985.33725,1986.01262,100,20.0
2024.02.11 14:15,1986.52085,1986.57447,1986.13698,1986.45700,100,20.0
2024.02.11 14:30,1986.12934,1986.22563,1985.78913,1985.89363,100,20.0
2024.02.11 14:45,1985.89192,1986.70306,1985.79832,1986.58832,100,20.0
2024.02.11 15:00,1986.97028,1987.44959,1986.43251,1987.34587,100,20.0
2024.02.11 15:15,1987.56523,1988.47394,1987.31258,1988.05924,100,20.0
2024.02.11 15:30,1987.40012,1988.68341,1987.28077,1988.16031,100,20.0
2024.02.11 15:45,1988.70263,1989.38655,1988.24795,1988.95320,100,20.0
