time,open,high,low,close,volume,spread
2024.01.01 00:00,2000.84510,2000.88555,2000.61950,2000.86777,100,20.0
2024.01.01 00:15,2000.52514,2001.41606,2000.41579,2001.24846,100,20.0
2024.01.01 00:30,2000.54253,2001.33720,2000.28172,2001.27524,100,20.0
2024.01.01 00:45,2002.18188,2002.74979,2001.71867,2002.52744,100,20.0
2024.01.01 01:00,2002.71497,2002.88038,2002.56828,2002.79741,100,20.0
2024.01.01 01:15,2003.03477,2003.32451,2002.28411,2003.18309,100,20.0
2024.01.01 01:30,2002.52104,2002.79785,2001.96890,2002.16068,100,20.0
2024.01.01 01:45,2002.37152,2002.70146,2002.27322,2002.64776,100,20.0
2024.01.01 02:00,2003.22154,2003.38231,2002.71912,2003.07800,100,20.0
2024.01.01 02:15,2003.43217,2004.64595,2003.04145,2003.81324,100,20.0
2024.01.01 02:30,2002.82381,2003.41571,2002.51589,2002.53914,100,20.0
2024.01.01 02:45,2003.26657,2003.28669,2002.99319,2003.09612,100,20.0
2024.01.01 03:00,2003.98833,2004.82258,2003.96821,2004.72552,100,20.0
2024.01.01 03:15,2005.61063,2005.75358,2005.51881,2005.66967,100,20.0
2024.01.01 03:30,2006.36084,2006.74668,2004.87750,2004.88209,100,20.0
2024.01.01 03:45,2005.49777,2006.38049,2005.47788,2005.87606,100,20.0
2024.01.01 04:00,2005.89163,2005.91685,2004.68061,2004.92252,100,20.0
2024.01.01 04:15,2004.75910,2005.38178,2004.50811,2004.93346,100,20.0
2024.01.01 04:30,2003.98778,2004.46791,2003.52551,2004.39018,100,20.0
2024.01.01 04:45,2004.06213,2004.70188,2002.93341,2003.38623,100,20.0
2024.01.01 05:00,2003.05964,2003.34099,2002.88585,2003.18951,100,20.0
2024.01.01 05:15,2003.04050,2003.45153,2000.95661,2001.44887,100,20.0
2024.01.01 05:30,2001.95099,2001.99168,2001.62837,2001.64679,100,20.0
2024.01.01 05:45,2001.57835,2001.92618,2001.54081,2001.71014,100,20.0
2024.01.01 06:00,2001.46047,2001.72871,2000.44679,2001.04632,100,20.0
2024.01.01 06:15,2000.85845,2001.49867,2000.49855,2001.27996,100,20.0
2024.01.01 06:30,2001.10806,2001.28718,2001.04165,2001.23075,100,20.0
2024.01.01 06:45,2001.61350,2001.65973,1999.88507,2000.54155,100,20.0
2024.01.01 07:00,1999.53874,1999.64428,1998.86918,1998.93969,100,20.0
2024.01.01 07:15,1999.13332,1999.93073,1999.03265,1999.54164,100,20.0
2024.01.01 07:30,1999.04232,1999.36572,1998.74974,1998.89463,100,20.0
2024.01.01 07:45,1997.80585,1999.07617,1997.70458,1998.78203,100,20.0
2024.01.01 08:00,1999.30542,1999.96274,1999.11773,1999.82375,100,20.0
2024.01.01 08:15,2000.51160,2001.22034,2000.25776,2000.84643,100,20.0
2024.01.01 08:30,2000.54714,2001.00797,1999.28926,1999.50186,100,20.0
2024.01.01 08:45,1999.06616,1999.70779,1998.45240,1998.55519,100,20.0
2024.01.01 09:00,1998.51755,1998.75896,1997.94994,1998.01489,100,20.0
2024.01.01 09:15,1998.22461,1998.30875,1996.86435,1997.44607,100,20.0
2024.01.01 09:30,1998.11869,1998.63796,1997.62686,1998.34151,100,20.0
2024.01.01 09:45,1998.33113,1998.74481,1997.13683,1997.62969,100,20.0
2024.01.01 10:00,1997.79662,1998.73637,1997.43191,1998.64688,100,20.0
2024.01.01 10:15,1999.05167,1999.37284,1998.32711,1998.66841,100,20.0
2024.01.01 10:30,1999.41409,1999.88542,1999.10056,1999.74718,100,20.0
2024.01.01 10:45,1999.86408,1999.99614,1999.37499,1999.39606,100,20.0
2024.01.01 11:00,1999.16127,1999.74626,1999.09542,1999.71321,100,20.0
2024.01.01 11:15,2000.48933,2001.07823,1999.92724,2000.14704,100,20.0
2024.01.01 11:30,1999.95182,2000.16744,1998.97797,1999.26201,100,20.0
2024.01.01 11:45,1999.01050,1999.51547,1998.70826,1998.80765,100,20.0
2024.01.01 12:00,1999.52656,2000.17728,1998.86546,1999.77637,100,20.0
2024.01.01 12:15,2000.86882,2001.48377,2000.75168,2001.40789,100,20.0
2024.01.01 12:30,2000.93509,2001.24476,2000.75995,2001.08999,100,20.0
2024.01.01 12:45,2001.47396,2001.72538,2001.05789,2001.12986,100,20.0
2024.01.01 13:00,1999.95095,2000.06388,1999.65999,1999.77265,100,20.0
2024.01.01 13:15,1999.63305,2000.67183,1999.51431,2000.24774,100,20.0
2024.01.01 13:30,1999.64594,2000.14931,1999.37871,1999.41112,100,20.0
2024.01.01 13:45,1999.41855,1999.71914,1999.04704,1999.70592,100,20.0
2024.01.01 14:00,2001.18919,2002.01010,2000.83880,2001.94064,100,20.0
2024.01.01 14:15,2001.89546,2002.49247,2001.10503,2001.40691,100,20.0
2024.01.01 14:30,2000.46475,2001.58318,2000.15311,2001.48081,100,20.0
2024.01.01 14:45,2000.34175,2000.69378,2000.01864,2000.54915,100,20.0
2024.01.01 15:00,1999.99319,2000.45809,1999.71113,2000.03972,100,20.0
2024.01.01 15:15,1999.31575,1999.78664,1999.08870,1999.36279,100,20.0
2024.01.01 15:30,1999.41084,2000.11971,1999.34355,1999.91028,100,20.0
2024.01.01 15:45,1999.53614,1999.68716,1998.48286,1998.66724,100,20.0
2024.01.01 16:00,1998.85625,1999.10893,1998.70654,1998.75754,100,20.0
2024.01.01 16:15,1998.26149,1998.40092,1997.38131,1998.03046,100,20.0
2024.01.01 16:30,1998.17493,1998.68648,1997.78477,1998.01783,100,20.0
2024.01.01 16:45,1998.54725,1999.16004,1998.50484,1998.94057,100,20.0
2024.01.01 17:00,1999.01301,1999.74602,1998.50507,1998.73865,100,20.0
2024.01.01 17:15,1998.24056,1999.38580,1997.95914,1999.08790,100,20.0
2024.01.01 17:30,1999.53796,1999.79497,1998.66290,1998.96513,100,20.0
2024.01.01 17:45,1998.49316,1998.58910,1998.36089,1998.44620,100,20.0
2024.01.01 18:00,1999.42387,1999.73874,1998.28998,1999.14537,100,20.0
2024.01.01 18:15,1999.46202,2000.08755,1998.68492,1998.90660,100,20.0
2024.01.01 18:30,1997.82640,1999.00875,1997.58870,1998.44522,100,20.0
2024.01.01 18:45,1998.49587,1998.64724,1997.73022,1997.84820,100,20.0
2024.01.01 19:00,1998.25794,1998.53939,1997.01859,1997.87666,100,20.0
2024.01.01 19:15,1997.50691,1997.93551,1997.17009,1997.68652,100,20.0
2024.01.01 19:30,1997.95396,1998.10956,1997.84864,1997.91571,100,20.0
2024.01.01 19:45,1997.90256,1998.19044,1997.38055,1997.67116,100,20.0
2024.01.01 20:00,1998.38882,1999.26466,1997.65914,1998.33465,100,20.0
2024.01.01 20:15,1998.54072,1999.45431,1997.23086,1997.90698,100,20.0
2024.01.01 20:30,1996.95277,1997.18821,1996.76320,1996.81193,100,20.0
2024.01.01 20:45,1995.95681,1996.36864,1995.68280,1996.07421,100,20.0
2024.01.01 21:00,1996.13545,1996.23307,1995.56891,1996.15679,100,20.0
2024.01.01 21:15,1996.21043,1996.53464,1995.48417,1995.67912,100,20.0
2024.01.01 21:30,1995.76485,1997.05149,1995.40742,1996.53943,100,20.0
2024.01.01 21:45,1995.72205,1995.73508,1994.87215,1995.45137,100,20.0
2024.01.01 22:00,1995.65172,1995.69769,1994.80635,1994.84976,100,20.0
2024.01.01 22:15,1995.30644,1995.77685,1995.01160,1995.50179,100,20.0
2024.01.01 22:30,1995.23757,1995.77973,1994.18029,1994.66007,100,20.0
2024.01.01 22:45,1995.28112,1995.52375,1994.80262,1995.29733,100,20.0
2024.01.01 23:00,1995.44641,1996.11515,1995.22523,1995.91995,100,20.0
2024.01.01 23:15,1995.74116,1995.89150,1995.32415,1995.75746,100,20.0
2024.01.01 23:30,1996.18292,1996.30739,1995.70049,1995.70344,100,20.0
2024.01.01 23:45,1995.10214,1996.26262,1994.97625,1995.99225,100,20.0
2024.01.02 00:00,1996.27066,1996.91677,1996.16602,1996.28873,100,20.0
2024.01.02 00:15,1996.41200,1996.73401,1995.89983,1996.08542,100,20.0
2024.01.02 00:30,1996.88114,1997.01144,1995.96757,1996.41508,100,20.0
2024.01.02 00:45,1997.15312,1997.49381,1996.27361,1996.48837,100,20.0
2024.01.02 01:00,1997.43485,1997.98744,1996.99716,1997.05897,100,20.0
2024.01.02 01:15,1997.28026,1997.32340,1996.52215,1996.80515,100,20.0
2024.01.02 01:30,1997.38711,1997.48754,1996.92470,1996.97285,100,20.0
2024.01.02 01:45,1998.11545,1998.59001,1997.96819,1998.01627,100,20.0
2024.01.02 02:00,1998.21239,1998.65698,1998.01082,1998.27431,100,20.0
2024.01.02 02:15,1997.60484,1997.72917,1997.55548,1997.66705,100,20.0
2024.01.02 02:30,1997.41930,1997.87985,1996.82531,1996.95463,100,20.0
2024.01.02 02:45,1996.59462,1996.86521,1995.82873,1996.10652,100,20.0
2024.01.02 03:00,1996.87368,1997.09622,1995.14765,1995.78183,100,20.0
2024.01.02 03:15,1995.25868,1996.38974,1995.15418,1995.91346,100,20.0
2024.01.02 03:30,1996.41121,1997.93234,1996.30641,1997.19599,100,20.0
2024.01.02 03:45,1997.15408,1998.06336,1996.59984,1998.00542,100,20.0
2024.01.02 04:00,1998.14425,1998.96019,1998.00681,1998.90140,100,20.0
2024.01.02 04:15,1999.04586,1999.05470,1998.67791,1998.84092,100,20.0
2024.01.02 04:30,1998.43791,1998.56657,1997.93217,1998.27796,100,20.0
2024.01.02 04:45,1996.98612,1997.34277,1996.88375,1997.24842,100,20.0
2024.01.02 05:00,1997.21226,1997.21270,1996.90476,1997.09182,100,20.0
2024.01.02 05:15,1997.84918,1998.83919,1997.70889,1998.31725,100,20.0
2024.01.02 05:30,1998.68130,1999.15947,1998.50395,1998.98592,100,20.0
2024.01.02 05:45,1998.89232,1999.27493,1998.64037,1999.10268,100,20.0
2024.01.02 06:00,1997.95499,1998.65777,1997.33435,1998.60185,100,20.0
2024.01.02 06:15,1997.73684,1997.96665,1996.87739,1997.34332,100,20.0
2024.01.02 06:30,1997.32446,1998.34211,1997.06144,1998.07291,100,20.0
2024.01.02 06:45,1997.33501,1997.68191,1996.85038,1997.29694,100,20.0
2024.01.02 07:00,1996.15061,1996.25572,1995.05225,1995.28552,100,20.0
2024.01.02 07:15,1996.22073,1996.53739,1995.91210,1995.96639,100,20.0
2024.01.02 07:30,1996.07466,1996.71946,1995.99786,1996.59713,100,20.0
2024.01.02 07:45,1996.55749,1997.35429,1996.31611,1996.39898,100,20.0
2024.01.02 08:00,1995.50493,1996.11587,1994.91348,1994.93374,100,20.0
2024.01.02 08:15,1995.14309,1995.72715,1994.68841,1995.57766,100,20.0
2024.01.02 08:30,1995.82603,1996.17373,1995.42044,1995.60224,100,20.0
2024.01.02 08:45,1995.25438,1996.65984,1995.20093,1996.03668,100,20.0
2024.01.02 09:00,1995.34743,1996.26374,1994.78482,1996.00085,100,20.0
2024.01.02 09:15,1995.28428,1995.83267,1995.08814,1995.60885,100,20.0
2024.01.02 09:30,1996.42525,1997.36754,1995.72925,1997.04858,100,20.0
2024.01.02 09:45,1997.32931,1998.00184,1997.02023,1997.80817,100,20.0
2024.01.02 10:00,1998.55319,1999.33463,1998.34221,1998.89098,100,20.0
2024.01.02 10:15,1998.82053,1999.16023,1998.75560,1998.97682,100,20.0
2024.01.02 10:30,1998.65804,1999.43920,1998.32533,1998.88829,100,20.0
2024.01.02 10:45,1998.61420,2000.23659,1998.52074,1999.85885,100,20.0
2024.01.02 11:00,2000.33733,2000.40241,1999.37784,1999.95313,100,20.0
2024.01.02 11:15,2000.78842,2000.81765,2000.31439,2000.79127,100,20.0
2024.01.02 11:30,2000.13055,2000.23257,1999.71476,2000.19828,100,20.0
2024.01.02 11:45,1999.66750,2000.60659,1999.40756,2000.33014,100,20.0
2024.01.02 12:00,1999.96923,2000.03302,1999.00072,1999.72717,100,20.0
2024.01.02 12:15,1999.08919,1999.31946,1998.88600,1999.29628,100,20.0
2024.01.02 12:30,1999.43798,2000.00277,1998.16586,1999.20875,100,20.0
2024.01.02 12:45,1999.73432,2000.58167,1999.10178,2000.46831,100,20.0
2024.01.02 13:00,2000.65692,2001.19502,1999.86249,2000.07382,100,20.0
2024.01.02 13:15,2000.43313,2000.80282,2000.43235,2000.65891,100,20.0
2024.01.02 13:30,2000.30657,2000.55100,1999.87337,2000.06801,100,20.0
2024.01.02 13:45,2001.24082,2001.28980,2000.44320,2001.06747,100,20.0
2024.01.02 14:00,2002.33254,2002.57407,2001.72030,2002.03277,100,20.0
2024.01.02 14:15,2001.99265,2002.78616,2001.83296,2002.75323,100,20.0
2024.01.02 14:30,2002.96751,2002.97875,2001.74043,2002.52997,100,20.0
2024.01.02 14:45,2002.39848,2003.68692,2002.26840,2003.51727,100,20.0
2024.01.02 15:00,2003.28088,2004.02752,2002.33995,2003.93598,100,20.0
2024.01.02 15:15,2004.18301,2004.52196,2003.62146,2003.75007,100,20.0
2024.01.02 15:30,2004.71263,2005.56597,2004.36421,2005.06574,100,20.0
2024.01.02 15:45,2004.71387,2005.05567,2003.19121,2003.28336,100,20.0
2024.01.02 16:00,2003.99492,2004.42146,2003.56738,2004.06259,100,20.0
2024.01.02 16:15,2004.23631,2004.50942,2003.28642,2003.79738,100,20.0
2024.01.02 16:30,2004.99336,2005.24492,2004.72529,2004.80768,100,20.0
2024.01.02 16:45,2004.34003,2005.13789,2004.26226,2004.81922,100,20.0
2024.01.02 17:00,2004.95822,2005.44071,2004.94637,2005.04809,100,20.0
2024.01.02 17:15,2006.56417,2007.36211,2006.25844,2006.93005,100,20.0
2024.01.02 17:30,2006.78364,2006.88052,2006.17587,2006.41832,100,20.0
2024.01.02 17:45,2006.11977,2006.96507,2005.49346,2006.89175,100,20.0
2024.01.02 18:00,2007.25845,2008.11391,2007.24220,2008.00688,100,20.0
2024.01.02 18:15,2009.03278,2009.84530,2008.98929,2009.77869,100,20.0
2024.01.02 18:30,2010.66227,2011.11262,2010.49557,2010.81895,100,20.0
2024.01.02 18:45,2011.17816,2011.39597,2010.69086,2010.85124,100,20.0
2024.01.02 19:00,2010.84470,2011.18744,2009.68146,2010.55683,100,20.0
2024.01.02 19:15,2010.20482,2010.49343,2009.95044,2010.28756,100,20.0
2024.01.02 19:30,2009.71670,2010.14047,2009.54849,2010.02152,100,20.0
2024.01.02 19:45,2010.76306,2010.91085,2010.14183,2010.41397,100,20.0
2024.01.02 20:00,2009.58443,2010.23702,2009.01205,2009.20502,100,20.0
2024.01.02 20:15,2010.71786,2010.86844,2009.93745,2010.11479,100,20.0
2024.01.02 20:30,2010.83343,2010.84392,2010.60957,2010.71039,100,20.0
2024.01.02 20:45,2010.98547,2011.23778,2010.57331,2010.64925,100,20.0
2024.01.02 21:00,2010.33100,2011.35235,2010.19959,2010.38544,100,20.0
2024.01.02 21:15,2010.66894,2011.26583,2010.00232,2010.82078,100,20.0
2024.01.02 21:30,2010.89902,2011.70508,2010.20073,2010.83044,100,20.0
2024.01.02 21:45,2011.07662,2011.53228,2010.60759,2011.27409,100,20.0
2024.01.02 22:00,2012.15630,2012.59097,2010.93815,2011.39836,100,20.0
2024.01.02 22:15,2011.70430,2011.70856,2010.58938,2011.22118,100,20.0
2024.01.02 22:30,2010.84670,2011.26977,2009.59429,2009.60255,100,20.0
2024.01.02 22:45,2010.77549,2010.91513,2010.48962,2010.59230,100,20.0
2024.01.02 23:00,2010.66147,2010.77911,2010.36081,2010.76696,100,20.0
2024.01.02 23:15,2010.80289,2011.07126,2010.48256,2010.95688,100,20.0
2024.01.02 23:30,2010.76778,2010.79461,2009.97627,2010.30801,100,20.0
2024.01.02 23:45,2010.77901,2010.89707,2010.43409,2010.49095,100,20.0
2024.01.03 00:00,2009.55834,2009.85589,2009.35535,2009.54424,100,20.0
2024.01.03 00:15,2009.35594,2009.76353,2007.80584,2008.39244,100,20.0
2024.01.03 00:30,2007.82274,2008.02003,2007.36719,2007.97824,100,20.0
2024.01.03 00:45,2006.62730,2006.97136,2006.13730,2006.49650,100,20.0
2024.01.03 01:00,2006.01671,2006.02100,2004.72593,2005.27064,100,20.0
2024.01.03 01:15,2005.24866,2005.73214,2004.48064,2004.88377,100,20.0
2024.01.03 01:30,2005.34290,2005.99026,2004.87098,2005.67772,100,20.0
2024.01.03 01:45,2006.24105,2006.51980,2005.69994,2006.04134,100,20.0
2024.01.03 02:00,2006.11728,2006.28471,2004.66902,2005.03685,100,20.0
2024.01.03 02:15,2004.57767,2004.75868,2003.80774,2004.23606,100,20.0
2024.01.03 02:30,2003.82678,2003.98023,2003.02221,2003.05446,100,20.0
2024.01.03 02:45,2002.58421,2002.77633,2002.52783,2002.67629,100,20.0
2024.01.03 03:00,2002.48554,2002.53849,2001.54325,2002.27041,100,20.0
2024.01.03 03:15,2003.05883,2003.20182,2002.48868,2002.74088,100,20.0
2024.01.03 03:30,2002.82432,2002.97259,2002.35523,2002.45016,100,20.0
2024.01.03 03:45,2002.65038,2002.85322,2001.90247,2002.77554,100,20.0
2024.01.03 04:00,2003.21628,2003.66443,2003.14172,2003.37359,100,20.0
2024.01.03 04:15,2003.59415,2004.06802,2003.57894,2004.00234,100,20.0
2024.01.03 04:30,2004.88439,2005.15438,2004.48597,2004.60945,100,20.0
2024.01.03 04:45,2004.20041,2004.47420,2003.61026,2003.85684,100,20.0
2024.01.03 05:00,2004.48912,2004.95625,2004.27598,2004.34775,100,20.0
2024.01.03 05:15,2004.47944,2004.75965,2003.74507,2004.04543,100,20.0
2024.01.03 05:30,2004.30935,2004.66225,2003.52493,2003.54979,100,20.0
2024.01.03 05:45,2003.72288,2004.31187,2003.39730,2004.18405,100,20.0
2024.01.03 06:00,2003.91597,2004.52677,2003.83943,2004.12601,100,20.0
2024.01.03 06:15,2004.01209,2005.37451,2003.45761,2004.86083,100,20.0
2024.01.03 06:30,2003.97345,2004.47584,2003.94220,2004.30754,100,20.0
2024.01.03 06:45,2004.42748,2004.95099,2003.92210,2004.48178,100,20.0
2024.01.03 07:00,2005.16037,2005.87703,2004.74315,2005.48656,100,20.0
2024.01.03 07:15,2005.44880,2005.96332,2004.91616,2005.31800,100,20.0
2024.01.03 07:30,2006.25156,2006.59423,2005.59139,2005.89931,100,20.0
2024.01.03 07:45,2005.74378,2006.86701,2005.55639,2006.53503,100,20.0
2024.01.03 08:00,2006.62121,2008.28235,2006.14460,2007.51412,100,20.0
2024.01.03 08:15,2006.05833,2006.21765,2005.63863,2005.97402,100,20.0
2024.01.03 08:30,2006.33077,2006.78380,2005.34571,2005.82601,100,20.0
2024.01.03 08:45,2005.30120,2005.93683,2005.00469,2005.68419,100,20.0
2024.01.03 09:00,2006.20580,2006.89956,2006.01533,2006.40413,100,20.0
2024.01.03 09:15,2006.15921,2006.22277,2005.67629,2006.10880,100,20.0
2024.01.03 09:30,2005.92150,2006.04615,2005.83378,2006.04239,100,20.0
2024.01.03 09:45,2005.93018,2006.07969,2005.26043,2005.40146,100,20.0
2024.01.03 10:00,2006.53101,2006.56537,2004.97765,2005.26485,100,20.0
2024.01.03 10:15,2004.77715,2005.88024,2004.41396,2005.75158,100,20.0
2024.01.03 10:30,2005.26660,2005.99268,2005.08272,2005.94992,100,20.0
2024.01.03 10:45,2005.64849,2006.79613,2005.54491,2006.61332,100,20.0
2024.01.03 11:00,2006.85567,2007.23016,2006.46395,2007.13087,100,20.0
2024.01.03 11:15,2007.43034,2007.91401,2006.96883,2007.08720,100,20.0
2024.01.03 11:30,2006.17067,2006.99586,2005.96616,2006.53974,100,20.0
2024.01.03 11:45,2007.16261,2007.56514,2006.67449,2007.03851,100,20.0
2024.01.03 12:00,2007.26672,2007.30832,2006.84747,2006.88477,100,20.0
2024.01.03 12:15,2006.33965,2006.37123,2005.62761,2006.04814,100,20.0
2024.01.03 12:30,2007.45963,2007.46409,2007.24828,2007.37210,100,20.0
2024.01.03 12:45,2008.02459,2008.19882,2007.27340,2007.32134,100,20.0
2024.01.03 13:00,2007.32340,2007.78229,2006.31777,2006.45308,100,20.0
2024.01.03 13:15,2006.45974,2007.69163,2005.99464,2007.22830,100,20.0
2024.01.03 13:30,2007.45107,2008.85157,2007.11923,2007.72941,100,20.0
2024.01.03 13:45,2007.95284,2008.77515,2007.78231,2008.65790,100,20.0
2024.01.03 14:00,2009.19105,2010.57367,2008.73758,2009.75277,100,20.0
2024.01.03 14:15,2009.28136,2009.91094,2008.18967,2009.23015,100,20.0
2024.01.03 14:30,2008.81915,2008.84041,2008.10218,2008.49681,100,20.0
2024.01.03 14:45,2008.16716,2008.53537,2007.79233,2008.25041,100,20.0
2024.01.03 15:00,2007.71733,2007.86380,2007.03014,2007.03856,100,20.0
2024.01.03 15:15,2007.11377,2007.59057,2006.98219,2007.03992,100,20.0
2024.01.03 15:30,2006.73996,2006.93994,2005.93935,2006.09714,100,20.0
2024.01.03 15:45,2005.78778,2006.79375,2005.66208,2006.68071,100,20.0
2024.01.03 16:00,2006.29697,2007.19184,2006.09577,2006.86139,100,20.0
2024.01.03 16:15,2006.95974,2007.12484,2006.01318,2006.48443,100,20.0
2024.01.03 16:30,2006.92062,2007.25992,2006.45656,2006.89064,100,20.0
2024.01.03 16:45,2006.90717,2007.02301,2006.51305,2006.54575,100,20.0
2024.01.03 17:00,2006.29379,2006.63224,2006.27394,2006.51735,100,20.0
2024.01.03 17:15,2006.11334,2006.96453,2005.98671,2006.81852,100,20.0
2024.01.03 17:30,2007.28083,2007.62508,2006.73170,2007.56210,100,20.0
2024.01.03 17:45,2007.42513,2007.65689,2007.13141,2007.52314,100,20.0
2024.01.03 18:00,2007.67475,2007.74013,2007.38384,2007.50969,100,20.0
2024.01.03 18:15,2007.37536,2007.64824,2007.32827,2007.42730,100,20.0
2024.01.03 18:30,2006.45039,2007.22917,2005.62759,2006.77606,100,20.0
2024.01.03 18:45,2006.89442,2006.94281,2006.70650,2006.79737,100,20.0
2024.01.03 19:00,2007.23872,2007.63755,2006.73763,2007.07811,100,20.0
2024.01.03 19:15,2007.32598,2007.70128,2006.46419,2006.84838,100,20.0
2024.01.03 19:30,2006.68869,2006.90238,2006.16987,2006.46414,100,20.0
2024.01.03 19:45,2006.72687,2007.24486,2005.87056,2006.46753,100,20.0
2024.01.03 20:00,2006.72928,2008.49038,2006.21086,2007.81821,100,20.0
2024.01.03 20:15,2007.30828,2008.13580,2006.74617,2006.75123,100,20.0
2024.01.03 20:30,2005.67295,2005.88496,2005.18839,2005.26304,100,20.0
2024.01.03 20:45,2005.61679,2006.68826,2004.61717,2005.95739,100,20.0
2024.01.03 21:00,2005.56938,2006.64516,2005.44396,2005.90574,100,20.0
2024.01.03 21:15,2006.47046,2007.24470,2006.35532,2007.10114,100,20.0
2024.01.03 21:30,2007.86866,2007.93706,2006.27401,2006.84678,100,20.0
2024.01.03 21:45,2006.19017,2006.81441,2005.83748,2006.32315,100,20.0
2024.01.03 22:00,2007.40823,2008.30174,2007.18730,2007.93796,100,20.0
2024.01.03 22:15,2007.58133,2007.62052,2006.45491,2006.90619,100,20.0
2024.01.03 22:30,2007.14306,2007.76249,2006.74117,2007.33525,100,20.0
2024.01.03 22:45,2007.38281,2008.16284,2007.29945,2008.02035,100,20.0
2024.01.03 23:00,2007.67398,2008.02876,2007.20153,2007.79877,100,20.0
2024.01.03 23:15,2008.35622,2008.67472,2008.25415,2008.51847,100,20.0
2024.01.03 23:30,2007.61656,2008.20113,2007.10712,2007.42448,100,20.0
2024.01.03 23:45,2007.50237,2008.06314,2007.11123,2007.99485,100,20.0
2024.01.04 00:00,2008.74683,2008.95487,2008.16042,2008.65157,100,20.0
2024.01.04 00:15,2007.85054,2007.94383,2006.49545,2006.96135,100,20.0
2024.01.04 00:30,2007.35589,2008.17968,2007.21130,2007.83106,100,20.0
2024.01.04 00:45,2007.18750,2008.09149,2007.11895,2007.65438,100,20.0
2024.01.04 01:00,2007.56537,2008.00306,2007.17834,2007.61997,100,20.0
2024.01.04 01:15,2008.05959,2008.21381,2007.98557,2008.08068,100,20.0
2024.01.04 01:30,2008.95709,2009.17395,2008.20743,2008.35244,100,20.0
2024.01.04 01:45,2007.89020,2008.40995,2007.82262,2008.09597,100,20.0
2024.01.04 02:00,2008.16464,2008.63026,2007.86784,2008.02745,100,20.0
2024.01.04 02:15,2008.52528,2008.81739,2008.12001,2008.12359,100,20.0
2024.01.04 02:30,2009.45891,2009.55875,2008.59821,2009.16172,100,20.0
2024.01.04 02:45,2009.51443,2009.52265,2009.04952,2009.40806,100,20.0
2024.01.04 03:00,2009.58740,2010.00569,2009.15447,2009.96626,100,20.0
2024.01.04 03:15,2011.12034,2011.20377,2009.64532,2010.12377,100,20.0
2024.01.04 03:30,2010.01007,2010.58297,2009.57820,2010.25817,100,20.0
2024.01.04 03:45,2010.14377,2010.38026,2009.05545,2009.61846,100,20.0
2024.01.04 04:00,2008.74994,2009.17551,2008.56801,2008.90459,100,20.0
2024.01.04 04:15,2008.74889,2009.35111,2008.26679,2008.27767,100,20.0
2024.01.04 04:30,2009.64186,2009.96147,2009.36984,2009.72366,100,20.0
2024.01.04 04:45,2010.29651,2010.66962,2009.60841,2009.96438,100,20.0
2024.01.04 05:00,2011.01122,2011.87835,2010.48281,2011.66373,100,20.0
2024.01.04 05:15,2012.25331,2012.37862,2012.11339,2012.36432,100,20.0
2024.01.04 05:30,2012.96876,2013.54465,2012.75900,2013.38141,100,20.0
2024.01.04 05:45,2014.38206,2015.28949,2014.24443,2015.21817,100,20.0
2024.01.04 06:00,2016.02864,2016.14544,2015.02252,2015.27328,100,20.0
2024.01.04 06:15,2014.86288,2016.31780,2014.69064,2015.95240,100,20.0
2024.01.04 06:30,2016.43359,2017.20875,2015.59101,2017.11130,100,20.0
2024.01.04 06:45,2016.36754,2016.40248,2015.72666,2015.83035,100,20.0
2024.01.04 07:00,2016.11796,2017.26098,2015.50896,2017.10149,100,20.0
2024.01.04 07:15,2017.95617,2018.80482,2017.81561,2018.38006,100,20.0
2024.01.04 07:30,2018.72019,2019.98951,2018.50590,2019.54481,100,20.0
2024.01.04 07:45,2020.90095,2021.35432,2020.74962,2020.87468,100,20.0
2024.01.04 08:00,2020.29716,2021.39414,2019.63291,2021.02764,100,20.0
2024.01.04 08:15,2020.82189,2020.94723,2020.64265,2020.90115,100,20.0
2024.01.04 08:30,2020.94240,2021.70754,2020.54316,2021.22833,100,20.0
2024.01.04 08:45,2020.64640,2021.16844,2020.51013,2020.52217,100,20.0
2024.01.04 09:00,2020.04997,2020.48001,2019.33577,2019.99936,100,20.0
2024.01.04 09:15,2020.68338,2021.55741,2020.47971,2021.55146,100,20.0
2024.01.04 09:30,2021.25171,2021.65517,2020.13905,2020.58985,100,20.0
2024.01.04 09:45,2020.96844,2022.21342,2020.46721,2021.65431,100,20.0
2024.01.04 10:00,2022.07467,2023.32744,2022.03503,2023.01648,100,20.0
2024.01.04 10:15,2022.63194,2023.75765,2022.50732,2022.78649,100,20.0
2024.01.04 10:30,2021.98358,2022.44575,2021.46344,2021.54434,100,20.0
2024.01.04 10:45,2022.15870,2022.50552,2022.04269,2022.17080,100,20.0
2024.01.04 11:00,2022.65238,2022.90758,2021.97970,2022.45538,100,20.0
2024.01.04 11:15,2022.22186,2022.75254,2022.12999,2022.35387,100,20.0
2024.01.04 11:30,2022.92380,2023.18265,2022.37522,2022.50362,100,20.0
2024.01.04 11:45,2023.55919,2023.85497,2023.31002,2023.31916,100,20.0
2024.01.04 12:00,2023.33078,2023.72985,2022.98840,2023.12979,100,20.0
2024.01.04 12:15,2023.09656,2023.26830,2022.99512,2023.16912,100,20.0
2024.01.04 12:30,2023.09498,2023.89612,2023.09244,2023.78253,100,20.0
2024.01.04 12:45,2023.55083,2024.17365,2023.20610,2023.79901,100,20.0
2024.01.04 13:00,2024.21899,2024.54847,2024.14785,2024.51931,100,20.0
2024.01.04 13:15,2025.06922,2025.94845,2024.82970,2025.73363,100,20.0
2024.01.04 13:30,2025.26195,2025.57159,2024.71493,2025.16372,100,20.0
2024.01.04 13:45,2024.17835,2025.72792,2023.47741,2025.34673,100,20.0
2024.01.04 14:00,2025.48239,2026.08018,2025.39690,2025.99363,100,20.0
2024.01.04 14:15,2026.65481,2027.39859,2026.52584,2027.23465,100,20.0
2024.01.04 14:30,2026.98247,2027.84982,2026.88755,2027.15973,100,20.0
2024.01.04 14:45,2026.80354,2026.95048,2025.85433,2026.04093,100,20.0
2024.01.04 15:00,2026.22861,2027.09921,2026.07842,2026.64667,100,20.0
2024.01.04 15:15,2026.68599,2026.84814,2025.76845,2025.97922,100,20.0
2024.01.04 15:30,2025.60691,2026.00748,2025.28230,2025.43796,100,20.0
2024.01.04 15:45,2024.25708,2024.81006,2024.22825,2024.49361,100,20.0
2024.01.04 16:00,2024.37674,2024.71639,2023.49749,2023.72055,100,20.0
2024.01.04 16:15,2023.95847,2024.14368,2023.69193,2023.77954,100,20.0
2024.01.04 16:30,2024.25854,2024.88380,2024.06684,2024.54053,100,20.0
2024.01.04 16:45,2024.66294,2025.08735,2024.34269,2024.78431,100,20.0
2024.01.04 17:00,2024.19324,2024.87741,2023.87916,2024.69690,100,20.0
2024.01.04 17:15,2025.15240,2025.22640,2025.05714,2025.06501,100,20.0
2024.01.04 17:30,2025.03604,2025.36165,2024.25653,2024.66003,100,20.0
2024.01.04 17:45,2026.04061,2026.62260,2025.70560,2026.05652,100,20.0
2024.01.04 18:00,2025.39220,2026.45692,2025.09884,2026.39110,100,20.0
2024.01.04 18:15,2026.51063,2026.74845,2025.72188,2026.54604,100,20.0
2024.01.04 18:30,2027.27016,2027.55909,2026.49152,2027.09659,100,20.0
2024.01.04 18:45,2027.80033,2027.80107,2027.45090,2027.71795,100,20.0
2024.01.04 19:00,2027.30302,2027.84224,2026.84467,2027.37569,100,20.0
2024.01.04 19:15,2028.28286,2028.96504,2027.66472,2028.63255,100,20.0
2024.01.04 19:30,2028.37637,2028.38343,2028.19873,2028.35711,100,20.0
2024.01.04 19:45,2028.42685,2029.66312,2028.14951,2029.29490,100,20.0
2024.01.04 20:00,2029.49070,2029.71119,2029.33929,2029.42267,100,20.0
2024.01.04 20:15,2029.45007,2029.86466,2028.25122,2028.72830,100,20.0
2024.01.04 20:30,2029.15163,2029.23612,2029.02789,2029.08384,100,20.0
2024.01.04 20:45,2029.62976,2029.76059,2028.75216,2029.06058,100,20.0
2024.01.04 21:00,2029.25391,2029.92302,2029.12646,2029.13179,100,20.0
2024.01.04 21:15,2030.23597,2030.47753,2029.61892,2030.07833,100,20.0
2024.01.04 21:30,2030.18621,2030.83412,2030.07464,2030.53691,100,20.0
2024.01.04 21:45,2029.67050,2029.74625,2028.45022,2028.67499,100,20.0
2024.01.04 22:00,2027.80512,2028.05493,2027.36609,2028.02443,100,20.0
2024.01.04 22:15,2027.52639,2028.83830,2027.21502,2028.46008,100,20.0
2024.01.04 22:30,2028.89615,2028.95274,2028.68397,2028.70377,100,20.0
2024.01.04 22:45,2029.58499,2030.38604,2029.29681,2030.27921,100,20.0
2024.01.04 23:00,2029.00715,2029.15233,2028.74004,2029.03053,100,20.0
2024.01.04 23:15,2029.30121,2030.14827,2029.11255,2029.97938,100,20.0
2024.01.04 23:30,2031.59524,2031.60103,2030.61430,2030.87793,100,20.0
2024.01.04 23:45,2031.39535,2031.68885,2030.94042,2030.94663,100,20.0
2024.01.05 00:00,2030.66715,2031.85343,2030.08245,2031.47257,100,20.0
2024.01.05 00:15,2031.98910,2032.04338,2031.59859,2031.87786,100,20.0
2024.01.05 00:30,2032.05641,2032.37373,2031.61163,2032.24879,100,20.0
2024.01.05 00:45,2032.00522,2032.53598,2031.25942,2032.22282,100,20.0
2024.01.05 01:00,2032.99477,2033.50195,2032.86956,2033.35781,100,20.0
2024.01.05 01:15,2033.12197,2033.85702,2032.96016,2033.60879,100,20.0
2024.01.05 01:30,2033.89654,2034.14107,2033.71786,2034.12813,100,20.0
2024.01.05 01:45,2034.51884,2034.96831,2034.31791,2034.89532,100,20.0
2024.01.05 02:00,2035.24196,2035.43884,2035.14127,2035.36032,100,20.0
2024.01.05 02:15,2035.54094,2036.56137,2034.55572,2034.80677,100,20.0
2024.01.05 02:30,2034.76111,2035.15093,2034.36473,2034.57945,100,20.0
2024.01.05 02:45,2033.90677,2033.98013,2033.02877,2033.43464,100,20.0
2024.01.05 03:00,2034.32769,2034.56333,2033.71710,2033.87026,100,20.0
2024.01.05 03:15,2033.87638,2035.09305,2033.55793,2034.91425,100,20.0
2024.01.05 03:30,2033.96406,2034.64624,2033.48433,2034.51570,100,20.0
2024.01.05 03:45,2035.15948,2035.32768,2034.95475,2035.00780,100,20.0
2024.01.05 04:00,2034.28351,2035.09327,2033.81387,2035.06804,100,20.0
2024.01.05 04:15,2036.15561,2036.87301,2035.05997,2035.60331,100,20.0
2024.01.05 04:30,2035.85616,2036.47421,2035.64027,2036.03292,100,20.0
2024.01.05 04:45,2035.66245,2036.19830,2035.39515,2035.95914,100,20.0
2024.01.05 05:00,2036.94551,2037.34466,2036.61242,2037.13519,100,20.0
2024.01.05 05:15,2037.45551,2037.60544,2036.43633,2037.05104,100,20.0
2024.01.05 05:30,2038.13823,2038.30630,2036.86821,2037.56386,100,20.0
2024.01.05 05:45,2038.04838,2038.35876,2037.56021,2038.04283,100,20.0
2024.01.05 06:00,2038.83578,2039.10488,2037.69408,2038.34067,100,20.0
2024.01.05 06:15,2038.09536,2038.29460,2037.08338,2037.25339,100,20.0
2024.01.05 06:30,2038.24341,2038.44231,2038.01271,2038.14411,100,20.0
2024.01.05 06:45,2037.95139,2039.00718,2037.85328,2038.28869,100,20.0
2024.01.05 07:00,2038.99021,2039.20132,2038.19227,2038.66896,100,20.0
2024.01.05 07:15,2038.37077,2038.83787,2037.67711,2038.60038,100,20.0
2024.01.05 07:30,2037.91750,2038.33015,2036.99024,2037.30561,100,20.0
2024.01.05 07:45,2037.25414,2038.26187,2036.85209,2038.05549,100,20.0
2024.01.05 08:00,2037.40863,2037.46441,2037.20502,2037.41648,100,20.0
2024.01.05 08:15,2037.47276,2037.79362,2037.35467,2037.35913,100,20.0
2024.01.05 08:30,2037.79907,2038.45537,2037.64908,2038.03491,100,20.0
2024.01.05 08:45,2038.60728,2038.74992,2037.96429,2038.02973,100,20.0
2024.01.05 09:00,2038.31008,2038.84659,2038.10093,2038.51189,100,20.0
2024.01.05 09:15,2038.69702,2038.82682,2038.23848,2038.51244,100,20.0
2024.01.05 09:30,2039.63313,2039.88722,2038.48632,2038.71255,100,20.0
2024.01.05 09:45,2038.65767,2038.91830,2037.13571,2038.10332,100,20.0
2024.01.05 10:00,2037.89383,2038.87937,2037.67604,2038.43083,100,20.0
2024.01.05 10:15,2038.64227,2039.15170,2038.01372,2038.08043,100,20.0
2024.01.05 10:30,2037.70613,2038.37217,2037.22998,2037.35797,100,20.0
2024.01.05 10:45,2038.23224,2038.30120,2037.45643,2037.61430,100,20.0
2024.01.05 11:00,2037.74970,2038.01494,2037.73148,2037.96114,100,20.0
2024.01.05 11:15,2037.60579,2038.09835,2037.42416,2037.87938,100,20.0
2024.01.05 11:30,2037.43587,2038.18877,2037.13657,2038.01865,100,20.0
2024.01.05 11:45,2039.45729,2039.85232,2038.66867,2039.07884,100,20.0
2024.01.05 12:00,2038.42612,2038.45802,2037.38280,2037.57518,100,20.0
2024.01.05 12:15,2037.25191,2037.31262,2036.77680,2037.22210,100,20.0
2024.01.05 12:30,2037.72547,2037.80021,2037.49010,2037.75929,100,20.0
2024.01.05 12:45,2037.11638,2038.01706,2036.90727,2037.82623,100,20.0
2024.01.05 13:00,2037.22248,2037.58100,2037.01535,2037.46607,100,20.0
2024.01.05 13:15,2037.95979,2038.43771,2037.48848,2037.85092,100,20.0
2024.01.05 13:30,2038.20878,2038.80627,2038.05409,2038.67869,100,20.0
2024.01.05 13:45,2038.72465,2038.93812,2038.31372,2038.59897,100,20.0
2024.01.05 14:00,2039.19565,2039.67835,2038.94322,2039.49833,100,20.0
2024.01.05 14:15,2038.72949,2039.43809,2037.37687,2038.28050,100,20.0
2024.01.05 14:30,2038.52563,2038.97633,2037.85393,2038.05154,100,20.0
2024.01.05 14:45,2039.24338,2039.53008,2038.82428,2039.01483,100,20.0
2024.01.05 15:00,2039.61272,2041.00790,2039.55591,2040.41622,100,20.0
2024.01.05 15:15,2040.12226,2040.36013,2039.49228,2039.79590,100,20.0
2024.01.05 15:30,2039.17921,2039.59965,2038.79863,2038.86698,100,20.0
2024.01.05 15:45,2038.28196,2038.37819,2037.95438,2038.17775,100,20.0
2024.01.05 16:00,2037.58315,2038.03134,2037.16994,2037.97601,100,20.0
2024.01.05 16:15,2038.04644,2038.09188,2037.66925,2037.86779,100,20.0
2024.01.05 16:30,2037.51872,2037.88271,2036.10117,2036.66320,100,20.0
2024.01.05 16:45,2036.55839,2036.62994,2036.13426,2036.22643,100,20.0
2024.01.05 17:00,2036.26943,2037.09278,2035.95110,2036.67808,100,20.0
2024.01.05 17:15,2036.46940,2036.66986,2035.90173,2036.12865,100,20.0
2024.01.05 17:30,2036.08098,2036.45719,2035.71018,2035.82603,100,20.0
2024.01.05 17:45,2034.73846,2035.08914,2033.39753,2033.81081,100,20.0
2024.01.05 18:00,2034.18778,2034.25642,2033.30502,2033.90904,100,20.0
2024.01.05 18:15,2034.59014,2035.14500,2034.06515,2034.72266,100,20.0
2024.01.05 18:30,2035.11388,2035.89078,2034.60377,2035.63110,100,20.0
2024.01.05 18:45,2036.32440,2036.75548,2036.25010,2036.53690,100,20.0
2024.01.05 19:00,2036.84687,2037.11678,2036.09072,2036.61305,100,20.0
2024.01.05 19:15,2037.11027,2037.57824,2036.92632,2037.22685,100,20.0
2024.01.05 19:30,2037.63230,2038.02542,2037.56473,2037.92039,100,20.0
2024.01.05 19:45,2037.69860,2037.80839,2037.30397,2037.76451,100,20.0
2024.01.05 20:00,2037.91621,2038.60328,2037.82555,2038.48715,100,20.0
2024.01.05 20:15,2039.41158,2039.90841,2038.90657,2039.84371,100,20.0
2024.01.05 20:30,2040.78312,2040.99322,2040.33612,2040.95476,100,20.0
2024.01.05 20:45,2040.72204,2041.23155,2040.35121,2040.36633,100,20.0
2024.01.05 21:00,2040.18844,2040.21710,2039.66107,2040.16118,100,20.0
2024.01.05 21:15,2039.52033,2040.17523,2039.36502,2039.57998,100,20.0
2024.01.05 21:30,2039.57908,2040.42139,2039.23725,2039.79310,100,20.0
2024.01.05 21:45,2039.73673,2039.83182,2039.22613,2039.75209,100,20.0
2024.01.05 22:00,2040.10746,2040.39128,2039.57388,2039.75871,100,20.0
2024.01.05 22:15,2039.59740,2039.72683,2038.80271,2039.17996,100,20.0
2024.01.05 22:30,2039.46738,2040.00954,2038.65221,2038.75348,100,20.0
2024.01.05 22:45,2037.61237,2038.58665,2037.46938,2038.24340,100,20.0
2024.01.05 23:00,2038.56230,2038.92355,2037.81535,2038.20592,100,20.0
2024.01.05 23:15,2038.59090,2039.20379,2038.51794,2038.91430,100,20.0
2024.01.05 23:30,2038.52681,2039.20025,2038.34511,2038.97760,100,20.0
2024.01.05 23:45,2039.05033,2040.02642,2038.36928,2039.79383,100,20.0
2024.01.06 00:00,2039.03735,2039.60224,2038.24687,2038.62229,100,20.0
2024.01.06 00:15,2038.97017,2039.30766,2038.57258,2038.67109,100,20.0
2024.01.06 00:30,2038.89086,2039.56967,2038.52329,2039.28657,100,20.0
2024.01.06 00:45,2039.18223,2039.66455,2039.07277,2039.26101,100,20.0
2024.01.06 01:00,2040.02995,2040.30606,2038.94177,2039.12553,100,20.0
2024.01.06 01:15,2039.40759,2041.08426,2039.04886,2040.53377,100,20.0
2024.01.06 01:30,2039.91076,2040.00087,2038.64451,2038.90266,100,20.0
2024.01.06 01:45,2039.74293,2039.81370,2038.53138,2038.87536,100,20.0
2024.01.06 02:00,2038.08332,2038.37572,2037.75387,2038.23344,100,20.0
2024.01.06 02:15,2038.22307,2038.29070,2037.47637,2037.48545,100,20.0
2024.01.06 02:30,2036.60212,2037.39606,2036.56516,2037.01279,100,20.0
2024.01.06 02:45,2036.79306,2037.87305,2036.51534,2037.48755,100,20.0
2024.01.06 03:00,2036.95883,2037.67792,2035.80384,2036.08879,100,20.0
2024.01.06 03:15,2034.22539,2034.37832,2033.18349,2033.33160,100,20.0
2024.01.06 03:30,2033.85481,2034.11862,2033.35172,2033.60402,100,20.0
2024.01.06 03:45,2032.64530,2033.09824,2032.27429,2033.04537,100,20.0
2024.01.06 04:00,2032.06093,2032.22736,2030.97921,2031.65419,100,20.0
2024.01.06 04:15,2031.56472,2032.22373,2031.14401,2032.04710,100,20.0
2024.01.06 04:30,2032.16827,2032.72050,2032.07884,2032.43969,100,20.0
2024.01.06 04:45,2032.86176,2033.00222,2032.52341,2032.69576,100,20.0
2024.01.06 05:00,2033.55642,2033.97619,2033.34628,2033.46323,100,20.0
2024.01.06 05:15,2033.23000,2033.47865,2032.84849,2033.30217,100,20.0
2024.01.06 05:30,2033.63794,2033.71789,2033.12407,2033.43947,100,20.0
2024.01.06 05:45,2033.89022,2034.33731,2033.49266,2034.23979,100,20.0
2024.01.06 06:00,2034.38649,2035.41795,2034.20092,2034.92687,100,20.0
2024.01.06 06:15,2035.55448,2035.87560,2034.85777,2035.44306,100,20.0
2024.01.06 06:30,2035.29547,2036.25995,2034.93760,2035.70216,100,20.0
2024.01.06 06:45,2035.69243,2036.20496,2035.46745,2035.90940,100,20.0
2024.01.06 07:00,2036.27887,2037.45456,2035.64277,2037.02938,100,20.0
2024.01.06 07:15,2037.33048,2038.11805,2037.03191,2037.77900,100,20.0
2024.01.06 07:30,2037.59218,2038.29369,2036.87034,2037.50089,100,20.0
2024.01.06 07:45,2039.23642,2039.99446,2038.58275,2038.60548,100,20.0
2024.01.06 08:00,2039.16805,2039.83511,2038.23702,2038.23729,100,20.0
2024.01.06 08:15,2038.74881,2039.82237,2038.47217,2039.60364,100,20.0
2024.01.06 08:30,2039.69674,2040.25156,2038.44537,2038.54602,100,20.0
2024.01.06 08:45,2038.44549,2038.96478,2037.86816,2038.81372,100,20.0
2024.01.06 09:00,2038.77295,2040.32718,2038.59633,2039.36916,100,20.0
2024.01.06 09:15,2039.46207,2039.47288,2038.88775,2038.95012,100,20.0
2024.01.06 09:30,2039.36661,2039.97504,2038.92197,2039.46054,100,20.0
2024.01.06 09:45,2039.50210,2039.52733,2038.80342,2038.81678,100,20.0
2024.01.06 10:00,2038.84043,2039.35093,2038.64619,2038.97966,100,20.0
2024.01.06 10:15,2040.23726,2040.37926,2039.12243,2039.62907,100,20.0
2024.01.06 10:30,2040.79207,2040.79399,2040.33995,2040.64328,100,20.0
2024.01.06 10:45,2041.53515,2042.21607,2041.41528,2041.90834,100,20.0
2024.01.06 11:00,2042.19392,2042.40676,2041.50347,2042.20901,100,20.0
2024.01.06 11:15,2040.74517,2040.89722,2039.93499,2040.28474,100,20.0
2024.01.06 11:30,2040.86723,2041.34659,2040.29501,2041.04696,100,20.0
2024.01.06 11:45,2041.06835,2042.49289,2041.02394,2042.14266,100,20.0
2024.01.06 12:00,2043.22631,2043.87318,2043.02096,2043.46754,100,20.0
2024.01.06 12:15,2043.38263,2044.54758,2043.23851,2043.96470,100,20.0
2024.01.06 12:30,2044.66344,2044.84264,2043.17820,2044.09512,100,20.0
2024.01.06 12:45,2043.52294,2043.88345,2042.88719,2043.38443,100,20.0
2024.01.06 13:00,2043.05932,2043.24499,2042.61308,2042.98495,100,20.0
2024.01.06 13:15,2043.12433,2043.37844,2041.88037,2042.32809,100,20.0
2024.01.06 13:30,2042.05568,2043.35828,2041.74211,2043.20839,100,20.0
2024.01.06 13:45,2044.03870,2044.19846,2043.60851,2043.74650,100,20.0
2024.01.06 14:00,2044.21244,2044.58438,2043.40416,2043.55457,100,20.0
2024.01.06 14:15,2043.88405,2044.10344,2043.38554,2043.66774,100,20.0
2024.01.06 14:30,2043.84984,2043.86565,2042.87611,2043.09364,100,20.0
2024.01.06 14:45,2043.97479,2044.23874,2043.46056,2043.91952,100,20.0
2024.01.06 15:00,2043.83942,2044.66432,2043.36783,2043.66352,100,20.0
2024.01.06 15:15,2043.37355,2044.13451,2043.05425,2043.68359,100,20.0
2024.01.06 15:30,2044.33637,2044.98396,2044.26892,2044.88679,100,20.0
2024.01.06 15:45,2045.03322,2045.52617,2044.73986,2045.15447,100,20.0
2024.01.06 16:00,2046.23486,2047.16273,2046.20134,2046.72538,100,20.0
2024.01.06 16:15,2046.35676,2046.53801,2045.54179,2045.64354,100,20.0
2024.01.06 16:30,2044.72886,2045.40726,2044.28903,2045.00558,100,20.0
2024.01.06 16:45,2044.27841,2044.60405,2043.64119,2044.30499,100,20.0
2024.01.06 17:00,2043.94237,2044.34509,2043.59483,2043.74734,100,20.0
2024.01.06 17:15,2043.47238,2043.89373,2043.44977,2043.70833,100,20.0
2024.01.06 17:30,2042.90410,2044.69436,2042.65856,2044.01839,100,20.0
2024.01.06 17:45,2043.67284,2044.20658,2042.69713,2043.22502,100,20.0
2024.01.06 18:00,2042.70572,2043.26976,2041.90527,2042.37634,100,20.0
2024.01.06 18:15,2042.48839,2042.80090,2041.78476,2042.47822,100,20.0
2024.01.06 18:30,2041.92715,2042.00646,2041.61322,2041.76522,100,20.0
2024.01.06 18:45,2041.72318,2042.12615,2040.94045,2041.67421,100,20.0
2024.01.06 19:00,2043.04600,2043.33860,2042.06373,2043.29377,100,20.0
2024.01.06 19:15,2042.72612,2043.15358,2042.18439,2042.80377,100,20.0
2024.01.06 19:30,2041.80076,2042.53165,2041.30608,2042.10176,100,20.0
2024.01.06 19:45,2041.79628,2042.29292,2040.98536,2041.08801,100,20.0
2024.01.06 20:00,2040.81511,2041.03430,2040.13383,2040.77066,100,20.0
2024.01.06 20:15,2040.48079,2040.66172,2039.98210,2040.50120,100,20.0
2024.01.06 20:30,2040.50008,2040.50678,2039.81060,2040.00384,100,20.0
2024.01.06 20:45,2039.92610,2040.98092,2039.57338,2040.54781,100,20.0
2024.01.06 21:00,2040.90441,2041.08494,2040.40744,2040.53187,100,20.0
2024.01.06 21:15,2041.45844,2042.03240,2041.23413,2041.84973,100,20.0
2024.01.06 21:30,2042.18226,2042.23163,2041.63553,2041.85630,100,20.0
2024.01.06 21:45,2042.60628,2042.71119,2042.23044,2042.43601,100,20.0
2024.01.06 22:00,2042.70068,2043.57646,2042.56757,2042.90542,100,20.0
2024.01.06 22:15,2043.43952,2043.63994,2042.99240,2043.30590,100,20.0
2024.01.06 22:30,2043.43149,2043.67425,2042.55922,2043.27684,100,20.0
2024.01.06 22:45,2043.12056,2043.99243,2042.69818,2043.40655,100,20.0
2024.01.06 23:00,2043.78586,2043.99932,2043.31133,2043.90553,100,20.0
2024.01.06 23:15,2043.39881,2043.50843,2043.10723,2043.38017,100,20.0
2024.01.06 23:30,2043.34726,2043.40604,2042.44189,2042.47717,100,20.0
2024.01.06 23:45,2042.32093,2042.42350,2041.67776,2041.96734,100,20.0
2024.01.07 00:00,2042.05525,2042.08233,2041.77071,2042.05383,100,20.0
2024.01.07 00:15,2041.66063,2042.99305,2041.17359,2042.53972,100,20.0
2024.01.07 00:30,2042.53165,2043.21382,2041.96631,2043.00649,100,20.0
2024.01.07 00:45,2043.53320,2043.55603,2042.97895,2043.47487,100,20.0
2024.01.07 01:00,2042.39081,2042.87061,2042.07797,2042.09241,100,20.0
2024.01.07 01:15,2042.52068,2043.67161,2042.51182,2043.49469,100,20.0
2024.01.07 01:30,2043.44288,2043.95461,2042.86981,2043.87586,100,20.0
2024.01.07 01:45,2044.03507,2044.79249,2043.85300,2044.25299,100,20.0
2024.01.07 02:00,2043.97620,2044.73823,2043.39724,2044.68550,100,20.0
2024.01.07 02:15,2044.47621,2044.53529,2044.09403,2044.34416,100,20.0
2024.01.07 02:30,2045.41737,2046.40327,2044.90928,2046.26099,100,20.0
2024.01.07 02:45,2046.59293,2046.86879,2045.92310,2046.12131,100,20.0
2024.01.07 03:00,2045.89395,2046.58662,2045.53435,2046.12677,100,20.0
2024.01.07 03:15,2045.28245,2046.82829,2044.97698,2046.09120,100,20.0
2024.01.07 03:30,2045.38399,2046.53504,2044.99626,2046.36495,100,20.0
2024.01.07 03:45,2046.13339,2046.65021,2046.07317,2046.54026,100,20.0
2024.01.07 04:00,2047.96456,2048.02980,2047.22573,2047.59821,100,20.0
2024.01.07 04:15,2047.62001,2047.72192,2047.50973,2047.57453,100,20.0
2024.01.07 04:30,2048.00590,2048.88545,2047.19458,2047.21671,100,20.0
2024.01.07 04:45,2046.86192,2047.29123,2046.60643,2046.85363,100,20.0
2024.01.07 05:00,2046.04590,2046.39471,2045.93444,2046.16686,100,20.0
2024.01.07 05:15,2045.76753,2045.95412,2044.80054,2044.99441,100,20.0
2024.01.07 05:30,2044.99209,2045.21722,2044.08928,2044.41115,100,20.0
2024.01.07 05:45,2043.93926,2044.91740,2042.90858,2044.38009,100,20.0
2024.01.07 06:00,2043.39170,2043.62664,2042.67870,2043.45615,100,20.0
2024.01.07 06:15,2044.07466,2044.11931,2043.59337,2043.83987,100,20.0
2024.01.07 06:30,2043.41050,2044.48202,2043.18051,2044.02080,100,20.0
2024.01.07 06:45,2043.95845,2044.30756,2043.61835,2044.14777,100,20.0
2024.01.07 07:00,2044.32878,2044.71524,2044.01630,2044.03446,100,20.0
2024.01.07 07:15,2043.62721,2043.91521,2043.33151,2043.68108,100,20.0
2024.01.07 07:30,2044.37199,2044.94189,2043.83613,2044.70871,100,20.0
2024.01.07 07:45,2044.47313,2045.12001,2043.94599,2044.69961,100,20.0
2024.01.07 08:00,2045.64227,2046.28726,2044.87224,2045.14682,100,20.0
2024.01.07 08:15,2045.43594,2045.84312,2044.55316,2044.97638,100,20.0
2024.01.07 08:30,2045.46679,2047.05985,2045.11412,2046.33404,100,20.0
2024.01.07 08:45,2046.17134,2046.38579,2045.83864,2046.19618,100,20.0
2024.01.07 09:00,2046.92957,2047.14310,2046.81632,2047.12603,100,20.0
2024.01.07 09:15,2046.59230,2047.28057,2045.62471,2045.94958,100,20.0
2024.01.07 09:30,2046.49461,2047.33380,2046.37758,2047.22267,100,20.0
2024.01.07 09:45,2047.53072,2047.62109,2046.90384,2047.15371,100,20.0
2024.01.07 10:00,2048.06091,2048.62197,2048.05706,2048.38908,100,20.0
2024.01.07 10:15,2049.44268,2050.68497,2049.36575,2050.45792,100,20.0
2024.01.07 10:30,2050.71459,2051.62885,2050.68096,2051.11897,100,20.0
2024.01.07 10:45,2051.13036,2051.45915,2050.66055,2050.94739,100,20.0
2024.01.07 11:00,2050.41861,2050.89551,2050.00832,2050.86253,100,20.0
2024.01.07 11:15,2050.70649,2051.54762,2049.86624,2051.46609,100,20.0
2024.01.07 11:30,2051.82871,2052.10943,2051.66547,2051.99704,100,20.0
2024.01.07 11:45,2052.31042,2053.07336,2052.10596,2052.78890,100,20.0
2024.01.07 12:00,2053.02444,2053.34417,2052.76154,2052.79457,100,20.0
2024.01.07 12:15,2052.46267,2053.28700,2052.36061,2052.70391,100,20.0
2024.01.07 12:30,2051.38727,2051.49792,2050.76385,2051.13325,100,20.0
2024.01.07 12:45,2051.22450,2051.63609,2049.71595,2050.06967,100,20.0
2024.01.07 13:00,2050.53039,2050.95001,2050.09954,2050.54576,100,20.0
2024.01.07 13:15,2049.91841,2050.18175,2049.29033,2050.02576,100,20.0
2024.01.07 13:30,2050.98816,2051.43624,2049.82027,2049.88854,100,20.0
2024.01.07 13:45,2049.54246,2049.80796,2048.57116,2048.59581,100,20.0
2024.01.07 14:00,2049.32783,2049.82049,2048.49038,2049.02563,100,20.0
2024.01.07 14:15,2048.74303,2050.03207,2048.54311,2049.16994,100,20.0
2024.01.07 14:30,2050.88191,2051.26087,2050.78367,2050.97314,100,20.0
2024.01.07 14:45,2051.52405,2052.39054,2050.90972,2051.59234,100,20.0
2024.01.07 15:00,2052.02421,2052.41505,2050.85672,2050.93523,100,20.0
2024.01.07 15:15,2051.63653,2051.66954,2051.15479,2051.35417,100,20.0
2024.01.07 15:30,2051.74206,2052.78294,2051.35465,2052.21883,100,20.0
2024.01.07 15:45,2052.61066,2054.32695,2052.60676,2053.64627,100,20.0
2024.01.07 16:00,2052.99264,2053.46472,2052.02501,2052.50906,100,20.0
2024.01.07 16:15,2053.12362,2053.61444,2052.72768,2052.88357,100,20.0
2024.01.07 16:30,2053.27516,2053.66905,2052.79159,2053.56267,100,20.0
2024.01.07 16:45,2053.93596,2054.24256,2053.29463,2053.30572,100,20.0
2024.01.07 17:00,2053.06644,2053.47715,2052.35825,2053.36819,100,20.0
2024.01.07 17:15,2053.03227,2053.91494,2052.51632,2053.81482,100,20.0
2024.01.07 17:30,2053.83879,2054.53835,2053.33835,2053.72776,100,20.0
2024.01.07 17:45,2054.48363,2054.73135,2053.44356,2053.46401,100,20.0
2024.01.07 18:00,2052.83703,2053.09037,2052.06643,2052.40897,100,20.0
2024.01.07 18:15,2052.36283,2052.71764,2052.15119,2052.37009,100,20.0
2024.01.07 18:30,2052.19209,2052.41662,2051.69664,2052.05489,100,20.0
2024.01.07 18:45,2051.41548,2051.71615,2050.92327,2051.63298,100,20.0
2024.01.07 19:00,2050.75588,2051.37308,2050.56481,2050.92306,100,20.0
2024.01.07 19:15,2050.36132,2050.77451,2050.24450,2050.75718,100,20.0
2024.01.07 19:30,2050.06246,2050.26558,2049.77799,2050.18552,100,20.0
2024.01.07 19:45,2050.74962,2051.78972,2050.54425,2051.07915,100,20.0
2024.01.07 20:00,2051.21189,2051.47331,2049.85962,2050.51595,100,20.0
2024.01.07 20:15,2050.54040,2051.59659,2049.98783,2051.08507,100,20.0
2024.01.07 20:30,2051.48612,2051.63453,2051.02046,2051.20638,100,20.0
2024.01.07 20:45,2051.50691,2051.66360,2051.04835,2051.64103,100,20.0
2024.01.07 21:00,2051.52082,2051.99947,2050.68885,2050.78054,100,20.0
2024.01.07 21:15,2050.86103,2051.20961,2049.68370,2050.13373,100,20.0
2024.01.07 21:30,2050.56610,2050.69662,2049.84299,2050.40304,100,20.0
2024.01.07 21:45,2050.81732,2051.00963,2049.78753,2049.97818,100,20.0
2024.01.07 22:00,2050.24708,2051.96417,2050.19096,2051.68627,100,20.0
2024.01.07 22:15,2052.08530,2052.21658,2052.02975,2052.07461,100,20.0
2024.01.07 22:30,2051.12677,2051.39875,2049.97763,2050.12448,100,20.0
2024.01.07 22:45,2049.49513,2050.12964,2049.29506,2050.06837,100,20.0
2024.01.07 23:00,2050.58853,2050.96680,2050.23259,2050.79937,100,20.0
2024.01.07 23:15,2051.06057,2051.64307,2050.82885,2051.61692,100,20.0
2024.01.07 23:30,2050.61060,2051.34341,2050.45515,2050.86486,100,20.0
2024.01.07 23:45,2051.41176,2051.59170,2050.93083,2051.16651,100,20.0
2024.01.08 00:00,2051.62173,2052.28951,2051.40644,2051.88500,100,20.0
2024.01.08 00:15,2051.74672,2052.20529,2050.54615,2051.01817,100,20.0
2024.01.08 00:30,2050.80522,2052.10130,2050.45049,2051.53389,100,20.0
2024.01.08 00:45,2051.74321,2052.62813,2051.62112,2052.31856,100,20.0
2024.01.08 01:00,2053.03540,2053.20483,2052.85610,2052.88758,100,20.0
2024.01.08 01:15,2052.72953,2052.99109,2051.95745,2052.29983,100,20.0
2024.01.08 01:30,2052.31597,2052.81341,2052.04201,2052.64444,100,20.0
2024.01.08 01:45,2053.39278,2053.69307,2053.35979,2053.38327,100,20.0
2024.01.08 02:00,2053.36670,2054.30681,2052.64289,2054.08270,100,20.0
2024.01.08 02:15,2053.83337,2055.16694,2053.80861,2054.53118,100,20.0
2024.01.08 02:30,2055.96561,2056.06318,2055.87422,2055.88569,100,20.0
2024.01.08 02:45,2056.08447,2056.56280,2055.47900,2055.55802,100,20.0
2024.01.08 03:00,2055.91380,2056.27452,2055.28851,2056.11675,100,20.0
2024.01.08 03:15,2057.58981,2058.29575,2057.07605,2057.95462,100,20.0
2024.01.08 03:30,2057.97176,2058.15604,2057.61537,2057.66158,100,20.0
2024.01.08 03:45,2057.82832,2058.57393,2057.75129,2057.87748,100,20.0
2024.01.08 04:00,2056.81618,2056.89044,2055.81429,2056.17507,100,20.0
2024.01.08 04:15,2055.31512,2055.89269,2054.93127,2055.72639,100,20.0
2024.01.08 04:30,2055.54694,2056.86872,2055.48909,2056.11154,100,20.0
2024.01.08 04:45,2056.01984,2056.54778,2055.93447,2056.37695,100,20.0
2024.01.08 05:00,2056.86888,2057.63567,2056.49666,2057.09546,100,20.0
2024.01.08 05:15,2057.39681,2057.45417,2056.44457,2056.98848,100,20.0
2024.01.08 05:30,2057.47228,2058.11827,2056.68636,2056.78769,100,20.0
2024.01.08 05:45,2057.36797,2057.77959,2057.06703,2057.30244,100,20.0
2024.01.08 06:00,2058.34466,2058.50810,2057.54945,2057.91967,100,20.0
2024.01.08 06:15,2058.30035,2058.72754,2058.19893,2058.71752,100,20.0
2024.01.08 06:30,2058.34965,2058.57516,2056.68283,2056.83458,100,20.0
2024.01.08 06:45,2057.59351,2057.79290,2057.41592,2057.55451,100,20.0
2024.01.08 07:00,2057.52979,2057.67962,2056.87440,2057.54730,100,20.0
2024.01.08 07:15,2058.12529,2058.44127,2057.93024,2058.40224,100,20.0
2024.01.08 07:30,2058.51318,2058.80475,2057.88585,2058.64034,100,20.0
2024.01.08 07:45,2058.82222,2059.67672,2058.09891,2058.47137,100,20.0
2024.01.08 08:00,2057.65208,2059.03267,2057.14281,2058.75099,100,20.0
2024.01.08 08:15,2058.77220,2059.14990,2058.67756,2059.07469,100,20.0
2024.01.08 08:30,2058.49591,2059.27541,2057.66379,2059.25163,100,20.0
2024.01.08 08:45,2059.53353,2060.34411,2059.28466,2059.75979,100,20.0
2024.01.08 09:00,2059.77739,2059.77879,2058.84628,2059.39178,100,20.0
2024.01.08 09:15,2058.90114,2058.95543,2057.93437,2057.98912,100,20.0
2024.01.08 09:30,2057.30631,2057.93889,2056.46983,2056.88113,100,20.0
2024.01.08 09:45,2057.10495,2057.27990,2056.83730,2056.89136,100,20.0
2024.01.08 10:00,2056.48977,2056.85957,2055.68543,2055.72627,100,20.0
2024.01.08 10:15,2055.95242,2057.53545,2055.77209,2057.16620,100,20.0
2024.01.08 10:30,2057.08859,2058.10841,2056.82739,2057.60802,100,20.0
2024.01.08 10:45,2056.77680,2057.36141,2056.59530,2057.26389,100,20.0
2024.01.08 11:00,2057.73320,2058.06357,2057.11348,2058.01065,100,20.0
2024.01.08 11:15,2058.00140,2059.02997,2057.41343,2058.71280,100,20.0
2024.01.08 11:30,2058.06316,2058.54218,2056.28938,2057.02994,100,20.0
2024.01.08 11:45,2057.38605,2058.46531,2057.07739,2058.09658,100,20.0
2024.01.08 12:00,2058.37034,2059.17862,2058.24199,2058.82902,100,20.0
2024.01.08 12:15,2059.27432,2059.68088,2059.11718,2059.11837,100,20.0
2024.01.08 12:30,2059.41520,2059.72100,2059.12801,2059.55790,100,20.0
2024.01.08 12:45,2060.59201,2061.20973,2060.57022,2061.14120,100,20.0
2024.01.08 13:00,2061.89812,2062.57280,2061.89520,2062.30908,100,20.0
2024.01.08 13:15,2062.68741,2063.53132,2062.08862,2062.72712,100,20.0
2024.01.08 13:30,2063.19997,2064.21000,2062.80163,2063.68196,100,20.0
2024.01.08 13:45,2063.61908,2063.81234,2062.26824,2063.16536,100,20.0
2024.01.08 14:00,2062.94244,2063.27549,2061.52343,2062.07080,100,20.0
2024.01.08 14:15,2062.27813,2062.80163,2061.96231,2062.72966,100,20.0
2024.01.08 14:30,2063.27444,2063.82889,2063.02798,2063.61893,100,20.0
2024.01.08 14:45,2064.08161,2064.18439,2063.80786,2063.83918,100,20.0
2024.01.08 15:00,2063.47849,2063.60723,2062.59693,2062.72684,100,20.0
2024.01.08 15:15,2062.19148,2062.66402,2061.94254,2062.53928,100,20.0
2024.01.08 15:30,2062.74788,2064.34925,2062.70085,2063.63752,100,20.0
2024.01.08 15:45,2064.24697,2064.64367,2063.22280,2063.41063,100,20.0
2024.01.08 16:00,2062.90513,2063.62942,2062.61038,2063.15206,100,20.0
2024.01.08 16:15,2062.92871,2063.23583,2061.79673,2062.12376,100,20.0
2024.01.08 16:30,2062.85151,2062.89382,2062.49570,2062.88515,100,20.0
2024.01.08 16:45,2061.99224,2062.43392,2061.67811,2061.82654,100,20.0
2024.01.08 17:00,2062.10483,2062.30455,2061.89227,2062.06946,100,20.0
2024.01.08 17:15,2061.61010,2062.11096,2061.44417,2061.72095,100,20.0
2024.01.08 17:30,2061.17807,2061.45403,2060.93373,2061.16442,100,20.0
2024.01.08 17:45,2061.61984,2061.75402,2061.15592,2061.30527,100,20.0
2024.01.08 18:00,2062.10545,2062.70665,2061.93227,2062.69903,100,20.0
2024.01.08 18:15,2063.45580,2064.35991,2063.05325,2063.90279,100,20.0
2024.01.08 18:30,2063.22920,2063.77518,2062.92307,2063.58896,100,20.0
2024.01.08 18:45,2062.98844,2063.33357,2062.71943,2062.85584,100,20.0
2024.01.08 19:00,2063.11061,2064.80858,2063.04560,2064.23320,100,20.0
2024.01.08 19:15,2065.81192,2066.11053,2065.75151,2065.93640,100,20.0
2024.01.08 19:30,2065.39213,2065.54119,2064.99618,2065.46963,100,20.0
2024.01.08 19:45,2065.34571,2065.63093,2065.19983,2065.34421,100,20.0
2024.01.08 20:00,2065.14263,2065.68944,2064.52501,2064.91323,100,20.0
2024.01.08 20:15,2064.77809,2064.85051,2064.45298,2064.67628,100,20.0
2024.01.08 20:30,2065.45059,2065.74357,2064.83539,2065.04847,100,20.0
2024.01.08 20:45,2065.67426,2066.35715,2065.53827,2065.88532,100,20.0
2024.01.08 21:00,2065.61535,2066.05592,2065.57599,2065.99702,100,20.0
2024.01.08 21:15,2065.33272,2065.49795,2064.76707,2065.22912,100,20.0
2024.01.08 21:30,2065.09736,2065.66512,2064.44403,2065.36179,100,20.0
2024.01.08 21:45,2066.53273,2066.63490,2065.32486,2065.42355,100,20.0
2024.01.08 22:00,2065.08024,2065.46926,2064.56516,2064.97619,100,20.0
2024.01.08 22:15,2065.68659,2065.70003,2064.95439,2065.02262,100,20.0
2024.01.08 22:30,2065.52781,2066.75366,2065.16939,2066.11841,100,20.0
2024.01.08 22:45,2065.97509,2066.08245,2065.12668,2065.95862,100,20.0
2024.01.08 23:00,2066.21170,2066.71107,2065.81132,2066.55939,100,20.0
2024.01.08 23:15,2066.33570,2066.39418,2065.36688,2065.42289,100,20.0
2024.01.08 23:30,2066.01697,2066.52756,2065.77061,2066.15541,100,20.0
2024.01.08 23:45,2065.97660,2066.49143,2065.74179,2066.45835,100,20.0
2024.01.09 00:00,2066.87317,2067.43332,2066.82763,2067.20472,100,20.0
2024.01.09 00:15,2067.12024,2067.38852,2066.77616,2066.78850,100,20.0
2024.01.09 00:30,2067.49672,2068.16952,2066.77934,2067.92858,100,20.0
2024.01.09 00:45,2067.86475,2068.08152,2066.53225,2066.79768,100,20.0
2024.01.09 01:00,2067.02503,2067.03992,2066.52748,2066.54911,100,20.0
2024.01.09 01:15,2066.05248,2067.03105,2065.53117,2065.66963,100,20.0
2024.01.09 01:30,2065.91272,2066.53246,2065.30645,2065.49389,100,20.0
2024.01.09 01:45,2064.56781,2065.43156,2064.02850,2065.20835,100,20.0
2024.01.09 02:00,2064.89730,2065.82778,2064.67538,2065.11079,100,20.0
2024.01.09 02:15,2065.74431,2066.42599,2065.41800,2066.19632,100,20.0
2024.01.09 02:30,2067.22092,2067.72069,2066.33176,2067.11737,100,20.0
2024.01.09 02:45,2067.45970,2067.55957,2067.39751,2067.45084,100,20.0
2024.01.09 03:00,2067.96818,2068.91493,2067.68497,2068.80631,100,20.0
2024.01.09 03:15,2068.92445,2069.83050,2068.58982,2069.33049,100,20.0
2024.01.09 03:30,2069.18979,2069.21956,2068.99266,2068.99930,100,20.0
2024.01.09 03:45,2068.59181,2068.66591,2068.40553,2068.47690,100,20.0
2024.01.09 04:00,2067.89348,2068.45830,2067.71993,2067.97235,100,20.0
2024.01.09 04:15,2068.91563,2068.95913,2068.17686,2068.24944,100,20.0
2024.01.09 04:30,2068.16797,2069.53620,2067.91079,2068.52788,100,20.0
2024.01.09 04:45,2068.89762,2069.31717,2068.65126,2068.81001,100,20.0
2024.01.09 05:00,2069.00539,2069.52190,2068.18445,2069.37581,100,20.0
2024.01.09 05:15,2070.24583,2070.78817,2069.96871,2070.77115,100,20.0
2024.01.09 05:30,2071.05263,2071.13770,2070.80488,2071.01151,100,20.0
2024.01.09 05:45,2072.62094,2072.85744,2071.86053,2072.49927,100,20.0
2024.01.09 06:00,2072.14840,2072.25150,2071.96617,2072.15681,100,20.0
2024.01.09 06:15,2072.10225,2072.73587,2071.98553,2072.39520,100,20.0
2024.01.09 06:30,2072.66668,2072.86496,2071.99389,2072.65390,100,20.0
2024.01.09 06:45,2072.57786,2072.71236,2071.37542,2071.71434,100,20.0
2024.01.09 07:00,2071.60452,2072.02415,2070.66482,2071.79389,100,20.0
2024.01.09 07:15,2071.83817,2072.35472,2071.44149,2071.58847,100,20.0
2024.01.09 07:30,2071.91068,2073.28568,2071.74237,2072.44110,100,20.0
2024.01.09 07:45,2072.91157,2073.38200,2071.91632,2072.41594,100,20.0
2024.01.09 08:00,2072.25202,2072.58681,2071.91069,2072.31273,100,20.0
2024.01.09 08:15,2072.70680,2073.29410,2072.62651,2073.07160,100,20.0
2024.01.09 08:30,2072.93369,2073.22571,2071.94337,2072.83919,100,20.0
2024.01.09 08:45,2072.80943,2073.45051,2072.79270,2073.25738,100,20.0
2024.01.09 09:00,2073.22809,2073.82697,2073.12161,2073.16478,100,20.0
2024.01.09 09:15,2072.38142,2072.46451,2072.17637,2072.23304,100,20.0
2024.01.09 09:30,2072.45694,2072.54652,2072.08541,2072.54395,100,20.0
2024.01.09 09:45,2073.12475,2073.30038,2072.80300,2072.93734,100,20.0
2024.01.09 10:00,2073.78250,2074.14293,2071.83051,2072.53361,100,20.0
2024.01.09 10:15,2072.28645,2072.75125,2072.13702,2072.59424,100,20.0
2024.01.09 10:30,2072.85011,2073.14122,2071.30309,2071.58938,100,20.0
2024.01.09 10:45,2073.22805,2073.83762,2073.09614,2073.74781,100,20.0
2024.01.09 11:00,2073.46129,2074.12081,2072.39324,2073.16571,100,20.0
2024.01.09 11:15,2073.47698,2074.50621,2073.23872,2074.35192,100,20.0
2024.01.09 11:30,2075.07265,2075.62167,2074.91281,2075.45237,100,20.0
2024.01.09 11:45,2075.79945,2075.94220,2075.66681,2075.92306,100,20.0
2024.01.09 12:00,2077.22482,2077.80273,2077.02418,2077.75700,100,20.0
2024.01.09 12:15,2078.45434,2079.45326,2078.10578,2079.14431,100,20.0
2024.01.09 12:30,2078.72700,2079.13842,2078.25986,2078.58586,100,20.0
2024.01.09 12:45,2079.26732,2079.33471,2077.96689,2078.05593,100,20.0
2024.01.09 13:00,2077.57618,2078.96421,2077.23595,2078.81426,100,20.0
2024.01.09 13:15,2079.66490,2080.08159,2079.48083,2079.62866,100,20.0
2024.01.09 13:30,2079.90178,2080.80724,2079.44546,2079.52346,100,20.0
2024.01.09 13:45,2079.78538,2080.17169,2079.48377,2079.75984,100,20.0
2024.01.09 14:00,2079.10737,2079.94285,2078.59008,2078.87068,100,20.0
2024.01.09 14:15,2079.54003,2080.78568,2079.41964,2080.48776,100,20.0
2024.01.09 14:30,2080.89804,2081.48809,2080.20712,2081.10019,100,20.0
2024.01.09 14:45,2080.71053,2080.98092,2080.56816,2080.92303,100,20.0
2024.01.09 15:00,2080.93432,2081.36598,2080.86978,2081.10858,100,20.0
2024.01.09 15:15,2080.94789,2081.32677,2079.73199,2080.14636,100,20.0
2024.01.09 15:30,2080.71347,2080.81431,2079.86632,2079.90552,100,20.0
2024.01.09 15:45,2079.94833,2081.19239,2079.90919,2081.11146,100,20.0
2024.01.09 16:00,2081.86331,2082.36943,2081.51507,2082.17598,100,20.0
2024.01.09 16:15,2083.01874,2083.53543,2081.85880,2082.40721,100,20.0
2024.01.09 16:30,2082.10727,2082.57371,2081.95577,2082.36387,100,20.0
2024.01.09 16:45,2081.93070,2082.56250,2081.02110,2081.06493,100,20.0
2024.01.09 17:00,2081.54727,2081.75336,2081.53655,2081.75163,100,20.0
2024.01.09 17:15,2082.01899,2082.42450,2081.64540,2081.92353,100,20.0
2024.01.09 17:30,2082.70744,2083.07530,2082.33207,2082.40284,100,20.0
2024.01.09 17:45,2082.39799,2082.76565,2082.28056,2082.51094,100,20.0
2024.01.09 18:00,2082.45950,2082.73299,2081.83824,2082.57833,100,20.0
2024.01.09 18:15,2083.29963,2084.63223,2083.10043,2084.17414,100,20.0
2024.01.09 18:30,2085.85684,2086.38699,2085.16717,2085.54266,100,20.0
2024.01.09 18:45,2085.34058,2085.95679,2084.40108,2084.81867,100,20.0
2024.01.09 19:00,2085.78320,2086.46970,2084.65515,2085.37694,100,20.0
2024.01.09 19:15,2085.85761,2086.26507,2085.20107,2085.45745,100,20.0
2024.01.09 19:30,2085.82030,2086.03736,2085.40020,2085.77940,100,20.0
2024.01.09 19:45,2085.69919,2086.46493,2085.30602,2085.61853,100,20.0
2024.01.09 20:00,2085.08698,2085.29093,2084.30067,2084.46786,100,20.0
2024.01.09 20:15,2084.58780,2085.13222,2083.38160,2084.21530,100,20.0
2024.01.09 20:30,2084.14241,2084.68635,2083.26563,2083.82738,100,20.0
2024.01.09 20:45,2084.38927,2084.79713,2083.56771,2084.79301,100,20.0
2024.01.09 21:00,2084.83084,2085.42084,2084.80507,2085.10961,100,20.0
2024.01.09 21:15,2085.46195,2086.25172,2085.18685,2086.10046,100,20.0
2024.01.09 21:30,2085.58537,2085.93604,2084.59529,2084.87125,100,20.0
2024.01.09 21:45,2085.31199,2085.42944,2084.93579,2085.13581,100,20.0
2024.01.09 22:00,2085.63101,2086.13345,2085.21149,2085.26075,100,20.0
2024.01.09 22:15,2085.92951,2086.87685,2085.71323,2085.77200,100,20.0
2024.01.09 22:30,2085.67294,2085.68681,2084.86004,2085.05415,100,20.0
2024.01.09 22:45,2085.20531,2085.50466,2085.10846,2085.14640,100,20.0
2024.01.09 23:00,2086.48880,2086.84601,2086.03122,2086.17412,100,20.0
2024.01.09 23:15,2085.10058,2085.46729,2085.01740,2085.44036,100,20.0
2024.01.09 23:30,2085.07047,2086.40233,2084.77611,2085.89719,100,20.0
2024.01.09 23:45,2087.12625,2087.69184,2086.62117,2087.00269,100,20.0
2024.01.10 00:00,2086.85125,2087.31298,2086.73749,2086.96944,100,20.0
2024.01.10 00:15,2087.48085,2088.04708,2087.44010,2087.91787,100,20.0
2024.01.10 00:30,2088.07547,2088.44140,2086.97575,2087.81418,100,20.0
2024.01.10 00:45,2088.64041,2088.84945,2088.48365,2088.84100,100,20.0
2024.01.10 01:00,2089.30588,2090.02529,2089.24867,2089.75422,100,20.0
2024.01.10 01:15,2089.79184,2089.83813,2089.53749,2089.74841,100,20.0
2024.01.10 01:30,2089.32881,2089.90549,2089.27461,2089.85888,100,20.0
2024.01.10 01:45,2089.82034,2089.82476,2089.61685,2089.62713,100,20.0
2024.01.10 02:00,2090.46586,2090.78529,2089.72860,2089.95506,100,20.0
2024.01.10 02:15,2089.64311,2090.87635,2089.33793,2090.59733,100,20.0
2024.01.10 02:30,2090.37245,2091.41407,2090.23724,2091.19115,100,20.0
2024.01.10 02:45,2091.33204,2092.35258,2091.13994,2091.99351,100,20.0
2024.01.10 03:00,2092.83630,2092.94688,2092.58458,2092.76406,100,20.0
2024.01.10 03:15,2093.52799,2094.07339,2093.52554,2093.83809,100,20.0
2024.01.10 03:30,2092.96246,2093.54653,2092.56588,2092.91166,100,20.0
2024.01.10 03:45,2093.64753,2094.45960,2093.42312,2094.36587,100,20.0
2024.01.10 04:00,2094.63482,2094.64776,2093.75772,2094.08318,100,20.0
2024.01.10 04:15,2094.51132,2095.28648,2094.31319,2094.91505,100,20.0
2024.01.10 04:30,2094.49568,2095.75308,2094.29934,2095.08576,100,20.0
2024.01.10 04:45,2096.18043,2096.72271,2095.36577,2095.82709,100,20.0
2024.01.10 05:00,2094.87411,2096.18732,2094.26257,2095.82758,100,20.0
2024.01.10 05:15,2096.66571,2097.01292,2096.27892,2096.36445,100,20.0
2024.01.10 05:30,2097.28314,2097.72400,2096.66795,2097.19421,100,20.0
2024.01.10 05:45,2096.82158,2097.58339,2096.42490,2097.03405,100,20.0
2024.01.10 06:00,2097.97518,2098.26881,2096.83194,2097.48199,100,20.0
2024.01.10 06:15,2097.29663,2097.47996,2097.23848,2097.47030,100,20.0
2024.01.10 06:30,2097.16169,2097.37743,2096.71923,2097.07894,100,20.0
2024.01.10 06:45,2097.74264,2097.92244,2097.13322,2097.53745,100,20.0
2024.01.10 07:00,2098.79407,2098.88938,2097.97328,2098.71653,100,20.0
2024.01.10 07:15,2098.41140,2098.48669,2097.26431,2097.41519,100,20.0
2024.01.10 07:30,2098.15103,2098.63856,2096.90434,2097.11542,100,20.0
2024.01.10 07:45,2097.42827,2097.54426,2096.25240,2096.68640,100,20.0
2024.01.10 08:00,2095.99756,2096.73283,2095.99027,2096.17707,100,20.0
2024.01.10 08:15,2097.58636,2097.84191,2095.92113,2096.45169,100,20.0
2024.01.10 08:30,2096.75337,2097.10436,2096.25952,2096.99300,100,20.0
2024.01.10 08:45,2097.09018,2098.09664,2096.50765,2097.81325,100,20.0
2024.01.10 09:00,2097.80287,2098.11653,2097.46346,2097.92160,100,20.0
2024.01.10 09:15,2097.41607,2097.61103,2096.86591,2097.26584,100,20.0
2024.01.10 09:30,2097.08846,2097.75422,2096.40904,2097.72511,100,20.0
2024.01.10 09:45,2098.02145,2098.28741,2097.22441,2097.68914,100,20.0
2024.01.10 10:00,2097.61141,2098.82835,2097.60633,2098.35503,100,20.0
2024.01.10 10:15,2097.70994,2098.20357,2096.80891,2097.09703,100,20.0
2024.01.10 10:30,2096.16297,2096.19397,2095.82073,2096.00898,100,20.0
2024.01.10 10:45,2096.06992,2096.61871,2095.78074,2096.32785,100,20.0
2024.01.10 11:00,2095.54216,2095.92276,2094.95678,2095.62298,100,20.0
2024.01.10 11:15,2095.13462,2096.51322,2095.05241,2095.88176,100,20.0
2024.01.10 11:30,2096.11197,2096.22636,2095.90197,2095.98160,100,20.0
2024.01.10 11:45,2095.87373,2096.26743,2095.30891,2095.38483,100,20.0
2024.01.10 12:00,2095.75938,2096.02773,2095.46673,2095.86703,100,20.0
2024.01.10 12:15,2096.17183,2097.03727,2095.96828,2096.27534,100,20.0
2024.01.10 12:30,2095.91545,2096.45994,2095.58784,2095.59637,100,20.0
2024.01.10 12:45,2095.77731,2095.89779,2095.60641,2095.84502,100,20.0
2024.01.10 13:00,2095.67093,2096.19848,2095.43062,2095.78288,100,20.0
2024.01.10 13:15,2095.96327,2095.99740,2094.78713,2095.13626,100,20.0
2024.01.10 13:30,2095.88303,2096.97198,2095.87361,2096.88956,100,20.0
2024.01.10 13:45,2096.92823,2097.25598,2096.34994,2096.85950,100,20.0
2024.01.10 14:00,2096.97330,2097.87469,2096.65812,2097.75332,100,20.0
2024.01.10 14:15,2098.20163,2098.21387,2097.63186,2097.75555,100,20.0
2024.01.10 14:30,2097.76426,2098.00710,2097.55126,2097.83420,100,20.0
2024.01.10 14:45,2097.73351,2098.30349,2096.68080,2096.93836,100,20.0
2024.01.10 15:00,2095.92094,2096.91274,2095.42180,2096.72868,100,20.0
2024.01.10 15:15,2097.99941,2098.24678,2097.12921,2097.60634,100,20.0
2024.01.10 15:30,2097.79216,2097.79833,2096.79548,2097.46592,100,20.0
2024.01.10 15:45,2097.09730,2097.95119,2096.41526,2096.60784,100,20.0
2024.01.10 16:00,2096.70614,2097.79178,2096.07375,2097.09365,100,20.0
2024.01.10 16:15,2096.46939,2096.71278,2096.02964,2096.05973,100,20.0
2024.01.10 16:30,2096.34886,2097.04049,2096.18077,2096.73632,100,20.0
2024.01.10 16:45,2096.88659,2097.09895,2095.93794,2096.37460,100,20.0
2024.01.10 17:00,2097.16485,2097.49816,2096.73333,2097.05844,100,20.0
2024.01.10 17:15,2097.12159,2097.34697,2097.12033,2097.20326,100,20.0
2024.01.10 17:30,2096.78876,2096.84312,2095.01443,2095.63267,100,20.0
2024.01.10 17:45,2095.91341,2095.99873,2095.87081,2095.96245,100,20.0
2024.01.10 18:00,2095.67031,2095.72806,2094.82192,2095.48305,100,20.0
2024.01.10 18:15,2094.84283,2095.30969,2094.41370,2094.72224,100,20.0
2024.01.10 18:30,2095.01789,2095.42995,2094.75659,2094.82197,100,20.0
2024.01.10 18:45,2093.88891,2093.91298,2092.74536,2093.25184,100,20.0
2024.01.10 19:00,2092.39283,2092.54329,2092.06355,2092.17062,100,20.0
2024.01.10 19:15,2091.55371,2092.18918,2091.08049,2091.20792,100,20.0
2024.01.10 19:30,2090.95860,2092.23639,2090.85380,2091.94453,100,20.0
2024.01.10 19:45,2090.61111,2091.81637,2090.58697,2091.30819,100,20.0
2024.01.10 20:00,2092.31332,2092.93058,2092.02132,2092.35448,100,20.0
2024.01.10 20:15,2092.84942,2092.93449,2092.69648,2092.73191,100,20.0
2024.01.10 20:30,2091.65937,2091.89074,2091.38810,2091.63023,100,20.0
2024.01.10 20:45,2091.53597,2092.06804,2091.08274,2091.74754,100,20.0
2024.01.10 21:00,2092.31755,2092.56774,2092.30788,2092.38864,100,20.0
2024.01.10 21:15,2092.39495,2092.73290,2091.86047,2092.66152,100,20.0
2024.01.10 21:30,2092.87791,2093.72518,2092.67493,2093.71655,100,20.0
2024.01.10 21:45,2093.75598,2093.92010,2093.04288,2093.39867,100,20.0
2024.01.10 22:00,2093.83413,2094.43739,2093.12904,2093.78789,100,20.0
2024.01.10 22:15,2094.24736,2094.89875,2093.99448,2094.70938,100,20.0
2024.01.10 22:30,2095.20133,2095.39225,2094.74765,2094.77078,100,20.0
2024.01.10 22:45,2095.46222,2096.03593,2095.06551,2095.74358,100,20.0
2024.01.10 23:00,2095.28414,2095.55584,2095.19431,2095.37434,100,20.0
2024.01.10 23:15,2094.84872,2096.38018,2094.81622,2096.21566,100,20.0
2024.01.10 23:30,2096.36640,2096.47222,2095.83101,2096.14299,100,20.0
2024.01.10 23:45,2095.95205,2096.11567,2095.19800,2095.83981,100,20.0
2024.01.11 00:00,2094.55410,2094.57649,2094.16958,2094.27619,100,20.0
2024.01.11 00:15,2094.93215,2095.10000,2094.29661,2094.72215,100,20.0
2024.01.11 00:30,2095.40231,2096.03204,2095.32121,2095.76149,100,20.0
2024.01.11 00:45,2095.27566,2096.19619,2095.18069,2095.80479,100,20.0
2024.01.11 01:00,2095.16319,2095.42381,2094.43139,2094.48002,100,20.0
2024.01.11 01:15,2095.12345,2095.38941,2094.53169,2094.65771,100,20.0
2024.01.11 01:30,2093.30859,2093.62048,2092.45374,2092.47473,100,20.0
2024.01.11 01:45,2091.63629,2092.49909,2090.90080,2092.25861,100,20.0
2024.01.11 02:00,2092.02519,2092.09689,2091.26332,2091.87185,100,20.0
2024.01.11 02:15,2091.22787,2091.86479,2090.60327,2091.14888,100,20.0
2024.01.11 02:30,2090.94560,2091.72178,2090.77433,2091.44854,100,20.0
2024.01.11 02:45,2090.48649,2090.72025,2089.83213,2090.30009,100,20.0
2024.01.11 03:00,2090.57698,2090.87445,2090.43183,2090.65884,100,20.0
2024.01.11 03:15,2091.11171,2091.68014,2090.81620,2091.10483,100,20.0
2024.01.11 03:30,2090.19875,2090.23132,2089.73199,2089.84626,100,20.0
2024.01.11 03:45,2089.56734,2089.71426,2089.27406,2089.51255,100,20.0
2024.01.11 04:00,2089.77288,2090.83703,2089.29548,2090.69374,100,20.0
2024.01.11 04:15,2090.01696,2091.13439,2089.84216,2090.76406,100,20.0
2024.01.11 04:30,2091.11364,2092.18298,2090.81007,2091.92465,100,20.0
2024.01.11 04:45,2091.88729,2092.40579,2091.43070,2092.10011,100,20.0
2024.01.11 05:00,2093.08954,2093.40017,2092.53544,2093.14015,100,20.0
2024.01.11 05:15,2092.92756,2093.28491,2092.40065,2092.70681,100,20.0
2024.01.11 05:30,2093.36747,2093.45047,2092.82183,2093.23629,100,20.0
2024.01.11 05:45,2091.87992,2092.55774,2091.44636,2091.67441,100,20.0
2024.01.11 06:00,2091.54924,2091.55376,2090.94657,2091.24573,100,20.0
2024.01.11 06:15,2090.86255,2090.92285,2089.91079,2090.36057,100,20.0
2024.01.11 06:30,2090.73337,2091.44454,2090.16926,2091.40707,100,20.0
2024.01.11 06:45,2092.04288,2092.26920,2091.82544,2091.90168,100,20.0
2024.01.11 07:00,2091.73023,2092.40793,2090.83215,2090.88120,100,20.0
2024.01.11 07:15,2090.81798,2090.86080,2089.76486,2090.18083,100,20.0
2024.01.11 07:30,2090.10845,2090.79026,2088.84896,2089.12045,100,20.0
2024.01.11 07:45,2089.07413,2089.60354,2088.85886,2089.58736,100,20.0
2024.01.11 08:00,2089.47611,2089.73764,2088.44923,2088.52928,100,20.0
2024.01.11 08:15,2088.29452,2088.59208,2088.18833,2088.28236,100,20.0
2024.01.11 08:30,2088.43110,2088.44074,2087.35947,2087.55734,100,20.0
2024.01.11 08:45,2086.88009,2087.77021,2086.65737,2087.54652,100,20.0
2024.01.11 09:00,2088.33557,2088.56423,2087.93177,2087.96062,100,20.0
2024.01.11 09:15,2087.20518,2087.81027,2087.12409,2087.68295,100,20.0
2024.01.11 09:30,2087.73310,2088.58245,2087.37791,2088.32314,100,20.0
2024.01.11 09:45,2088.04483,2088.10067,2086.45981,2086.98762,100,20.0
2024.01.11 10:00,2087.22476,2087.48361,2085.99258,2086.30670,100,20.0
2024.01.11 10:15,2086.50487,2087.40069,2086.18093,2087.19844,100,20.0
2024.01.11 10:30,2087.76974,2087.98122,2087.07881,2087.25312,100,20.0
2024.01.11 10:45,2088.14725,2088.14750,2086.69405,2087.31656,100,20.0
2024.01.11 11:00,2086.42422,2087.11159,2085.96276,2086.31494,100,20.0
2024.01.11 11:15,2087.26810,2087.49288,2087.22085,2087.26444,100,20.0
2024.01.11 11:30,2086.74608,2086.89854,2086.23800,2086.24751,100,20.0
2024.01.11 11:45,2086.93140,2087.17895,2086.79110,2086.92860,100,20.0
2024.01.11 12:00,2087.34242,2088.10727,2087.18093,2087.75714,100,20.0
2024.01.11 12:15,2086.63608,2087.03357,2085.40756,2085.64943,100,20.0
2024.01.11 12:30,2085.11572,2085.69673,2084.94789,2085.67581,100,20.0
2024.01.11 12:45,2084.80143,2085.24908,2083.91315,2084.47977,100,20.0
2024.01.11 13:00,2083.80609,2084.45944,2083.25930,2083.70138,100,20.0
2024.01.11 13:15,2083.29876,2083.49702,2082.90761,2083.24994,100,20.0
2024.01.11 13:30,2083.14861,2084.42855,2083.11708,2084.00142,100,20.0
2024.01.11 13:45,2084.03004,2084.92717,2083.66149,2084.81174,100,20.0
2024.01.11 14:00,2084.20260,2084.59239,2084.18128,2084.50399,100,20.0
2024.01.11 14:15,2084.78873,2085.30251,2084.27627,2084.81177,100,20.0
2024.01.11 14:30,2084.78330,2084.88884,2084.59443,2084.76177,100,20.0
2024.01.11 14:45,2085.10918,2085.62758,2084.80463,2085.11740,100,20.0
2024.01.11 15:00,2085.46443,2086.76915,2085.00769,2086.45931,100,20.0
2024.01.11 15:15,2086.49328,2086.98789,2086.48275,2086.90358,100,20.0
2024.01.11 15:30,2087.33592,2088.31493,2086.77384,2088.22320,100,20.0
2024.01.11 15:45,2088.50539,2088.83209,2088.40375,2088.57571,100,20.0
2024.01.11 16:00,2088.55445,2089.68595,2088.27509,2089.67157,100,20.0
2024.01.11 16:15,2090.04545,2090.21183,2089.84663,2090.11413,100,20.0
2024.01.11 16:30,2091.19020,2091.90902,2090.73998,2090.80611,100,20.0
2024.01.11 16:45,2090.03641,2090.40199,2089.95536,2090.25026,100,20.0
2024.01.11 17:00,2091.09894,2092.29732,2091.07044,2092.29336,100,20.0
2024.01.11 17:15,2093.55262,2093.58782,2092.97610,2093.51203,100,20.0
2024.01.11 17:30,2093.64525,2094.13341,2093.47334,2093.87887,100,20.0
2024.01.11 17:45,2094.24407,2095.01481,2092.80033,2092.96661,100,20.0
2024.01.11 18:00,2093.02983,2093.49705,2092.50917,2093.21740,100,20.0
2024.01.11 18:15,2091.67841,2091.92235,2090.79467,2091.36532,100,20.0
2024.01.11 18:30,2091.72646,2091.82616,2091.01833,2091.32293,100,20.0
2024.01.11 18:45,2091.59833,2092.04909,2091.04233,2091.73839,100,20.0
2024.01.11 19:00,2092.06119,2092.57798,2091.92920,2092.02298,100,20.0
2024.01.11 19:15,2091.19301,2091.48586,2091.04896,2091.33200,100,20.0
2024.01.11 19:30,2091.68759,2092.20794,2090.67122,2090.72105,100,20.0
2024.01.11 19:45,2090.46099,2092.24887,2089.99719,2091.50271,100,20.0
2024.01.11 20:00,2091.14486,2091.33184,2089.63707,2089.86493,100,20.0
2024.01.11 20:15,2090.87401,2091.30658,2090.48520,2090.98685,100,20.0
2024.01.11 20:30,2091.61391,2091.80876,2091.29054,2091.73142,100,20.0
2024.01.11 20:45,2091.98602,2092.65787,2091.69371,2091.86420,100,20.0
2024.01.11 21:00,2091.90039,2092.00800,2091.26934,2091.80354,100,20.0
2024.01.11 21:15,2091.33555,2091.35818,2091.16698,2091.33263,100,20.0
2024.01.11 21:30,2090.35901,2090.43593,2089.90471,2090.06797,100,20.0
2024.01.11 21:45,2090.97840,2091.85247,2090.93479,2091.46703,100,20.0
2024.01.11 22:00,2091.80947,2092.35532,2091.33829,2091.44680,100,20.0
2024.01.11 22:15,2090.58200,2091.50736,2089.85198,2091.30739,100,20.0
2024.01.11 22:30,2091.01042,2091.28383,2090.52046,2090.95156,100,20.0
2024.01.11 22:45,2091.29494,2091.92625,2090.53791,2091.60084,100,20.0
2024.01.11 23:00,2091.62964,2092.31652,2091.37859,2092.20264,100,20.0
2024.01.11 23:15,2091.06049,2091.26520,2090.64278,2090.70256,100,20.0
2024.01.11 23:30,2090.25226,2090.38396,2089.01193,2089.63554,100,20.0
2024.01.11 23:45,2089.66088,2089.84182,2088.94573,2089.21968,100,20.0
2024.01.12 00:00,2090.05122,2090.74874,2089.85263,2090.48248,100,20.0
2024.01.12 00:15,2090.11477,2090.62014,2089.86904,2090.48165,100,20.0
2024.01.12 00:30,2091.55095,2092.32185,2091.52260,2091.65095,100,20.0
2024.01.12 00:45,2091.84384,2092.17929,2091.70703,2092.12563,100,20.0
2024.01.12 01:00,2092.82611,2093.17849,2092.12602,2092.54498,100,20.0
2024.01.12 01:15,2093.05475,2093.31667,2091.97692,2093.29737,100,20.0
2024.01.12 01:30,2093.84927,2094.44306,2093.72034,2094.04392,100,20.0
2024.01.12 01:45,2094.86168,2095.84617,2094.29724,2094.76520,100,20.0
2024.01.12 02:00,2095.39411,2096.18675,2094.91756,2096.00438,100,20.0
2024.01.12 02:15,2096.57940,2096.83787,2096.33098,2096.52296,100,20.0
2024.01.12 02:30,2096.40065,2097.85738,2096.09991,2097.20072,100,20.0
2024.01.12 02:45,2097.66719,2098.79389,2097.53658,2098.15036,100,20.0
2024.01.12 03:00,2097.89756,2098.66289,2097.54516,2098.24370,100,20.0
2024.01.12 03:15,2098.94150,2099.73287,2098.87807,2099.64499,100,20.0
2024.01.12 03:30,2099.87728,2101.37060,2099.69332,2100.37538,100,20.0
2024.01.12 03:45,2101.48727,2101.81650,2101.16560,2101.49521,100,20.0
2024.01.12 04:00,2100.79919,2100.82046,2100.46338,2100.81040,100,20.0
2024.01.12 04:15,2100.93078,2101.22375,2100.16168,2100.74430,100,20.0
2024.01.12 04:30,2100.19813,2100.57130,2099.18006,2099.45250,100,20.0
2024.01.12 04:45,2098.42997,2098.65593,2098.19955,2098.30675,100,20.0
2024.01.12 05:00,2099.89321,2100.54002,2099.85171,2100.15563,100,20.0
2024.01.12 05:15,2100.52176,2101.34063,2100.48727,2100.99565,100,20.0
2024.01.12 05:30,2101.02448,2101.67482,2100.51215,2101.11232,100,20.0
2024.01.12 05:45,2100.44807,2100.74758,2100.30996,2100.45511,100,20.0
2024.01.12 06:00,2100.33597,2100.35966,2099.73747,2099.85555,100,20.0
2024.01.12 06:15,2099.73416,2099.84507,2099.41082,2099.43057,100,20.0
2024.01.12 06:30,2098.82770,2098.85173,2098.20102,2098.49932,100,20.0
2024.01.12 06:45,2097.82278,2098.66694,2097.70768,2098.11238,100,20.0
2024.01.12 07:00,2098.35173,2098.52604,2097.44382,2097.91446,100,20.0
2024.01.12 07:15,2098.18319,2098.88200,2097.16411,2097.97073,100,20.0
2024.01.12 07:30,2098.30464,2098.77824,2098.01921,2098.45405,100,20.0
2024.01.12 07:45,2098.56953,2098.94546,2098.53049,2098.75850,100,20.0
2024.01.12 08:00,2098.93770,2099.31883,2098.45014,2098.51845,100,20.0
2024.01.12 08:15,2097.42708,2097.80084,2097.21285,2097.61805,100,20.0
2024.01.12 08:30,2098.47410,2098.97293,2098.15063,2098.49767,100,20.0
2024.01.12 08:45,2098.17363,2098.57775,2097.76222,2098.23468,100,20.0
2024.01.12 09:00,2097.93079,2098.27262,2097.64580,2098.26560,100,20.0
2024.01.12 09:15,2097.72433,2098.69679,2097.38659,2098.19263,100,20.0
2024.01.12 09:30,2098.37014,2098.59422,2098.26213,2098.39380,100,20.0
2024.01.12 09:45,2098.32820,2098.38299,2097.59884,2098.08428,100,20.0
2024.01.12 10:00,2097.71790,2097.74306,2096.64562,2096.76761,100,20.0
2024.01.12 10:15,2096.47113,2097.13618,2095.99618,2097.00411,100,20.0
2024.01.12 10:30,2096.26576,2096.77896,2095.67346,2096.39984,100,20.0
2024.01.12 10:45,2096.06307,2096.30787,2095.01767,2095.58456,100,20.0
2024.01.12 11:00,2094.54108,2095.39477,2094.41117,2095.32049,100,20.0
2024.01.12 11:15,2095.51575,2095.80972,2095.19914,2095.25286,100,20.0
2024.01.12 11:30,2095.03929,2095.35350,2093.91016,2094.54759,100,20.0
2024.01.12 11:45,2094.07994,2094.69679,2093.69225,2094.30678,100,20.0
2024.01.12 12:00,2094.26082,2095.07462,2093.73609,2094.44036,100,20.0
2024.01.12 12:15,2094.82701,2094.98298,2094.49191,2094.51904,100,20.0
2024.01.12 12:30,2094.93773,2095.21370,2094.65918,2094.80293,100,20.0
2024.01.12 12:45,2093.96529,2094.89428,2093.52024,2094.34530,100,20.0
2024.01.12 13:00,2094.36151,2094.36398,2094.23829,2094.28910,100,20.0
2024.01.12 13:15,2094.87016,2095.88365,2094.81712,2095.40729,100,20.0
2024.01.12 13:30,2095.42349,2095.45849,2095.12581,2095.23991,100,20.0
2024.01.12 13:45,2096.00723,2096.50836,2095.79576,2095.91830,100,20.0
2024.01.12 14:00,2096.36796,2096.49763,2096.03498,2096.10271,100,20.0
2024.01.12 14:15,2096.51379,2096.77576,2096.13200,2096.20962,100,20.0
2024.01.12 14:30,2096.68232,2097.30338,2096.61631,2097.30179,100,20.0
2024.01.12 14:45,2097.57284,2098.37696,2097.47069,2097.95915,100,20.0
2024.01.12 15:00,2097.55046,2097.99579,2097.42707,2097.70456,100,20.0
2024.01.12 15:15,2097.37426,2097.45134,2096.87378,2097.21943,100,20.0
2024.01.12 15:30,2096.42039,2096.53741,2095.64250,2095.89619,100,20.0
2024.01.12 15:45,2096.25306,2096.53865,2095.49748,2095.61191,100,20.0
2024.01.12 16:00,2095.19547,2096.14898,2095.10922,2096.05858,100,20.0
2024.01.12 16:15,2096.26914,2096.78199,2096.04098,2096.61303,100,20.0
2024.01.12 16:30,2096.25720,2097.33272,2096.04427,2097.10848,100,20.0
2024.01.12 16:45,2096.35082,2096.70025,2095.56186,2095.85775,100,20.0
2024.01.12 17:00,2096.09669,2096.73365,2095.86776,2095.96732,100,20.0
2024.01.12 17:15,2095.63231,2096.17621,2095.01431,2095.98115,100,20.0
2024.01.12 17:30,2095.69799,2095.75220,2095.69046,2095.72915,100,20.0
2024.01.12 17:45,2095.68608,2095.81493,2095.46966,2095.53192,100,20.0
2024.01.12 18:00,2095.69826,2095.82242,2094.55343,2094.68277,100,20.0
2024.01.12 18:15,2093.51031,2094.09089,2093.14747,2094.02470,100,20.0
2024.01.12 18:30,2095.35842,2095.80070,2094.51454,2095.22999,100,20.0
2024.01.12 18:45,2094.85281,2096.01394,2094.49074,2095.21964,100,20.0
2024.01.12 19:00,2094.94265,2095.36067,2094.75655,2094.82013,100,20.0
2024.01.12 19:15,2095.41609,2096.35876,2095.38893,2096.31925,100,20.0
2024.01.12 19:30,2096.19644,2097.07145,2095.99907,2096.09021,100,20.0
2024.01.12 19:45,2096.81699,2098.32293,2096.72056,2097.53339,100,20.0
2024.01.12 20:00,2096.34263,2096.66178,2095.69798,2095.86750,100,20.0
2024.01.12 20:15,2095.77952,2096.41671,2095.29541,2095.59232,100,20.0
2024.01.12 20:30,2095.74689,2096.09690,2095.36210,2095.90090,100,20.0
2024.01.12 20:45,2096.37209,2097.53181,2096.20126,2097.20092,100,20.0
2024.01.12 21:00,2096.59270,2096.74165,2095.92526,2096.59966,100,20.0
2024.01.12 21:15,2096.94636,2097.24970,2096.25365,2096.66295,100,20.0
2024.01.12 21:30,2097.54308,2098.10022,2097.22156,2097.51077,100,20.0
2024.01.12 21:45,2097.63484,2097.64193,2096.57295,2096.58796,100,20.0
2024.01.12 22:00,2095.50385,2096.00036,2094.57149,2095.02665,100,20.0
2024.01.12 22:15,2096.33904,2096.63490,2096.09071,2096.58831,100,20.0
2024.01.12 22:30,2095.88818,2096.63629,2095.76867,2096.14121,100,20.0
2024.01.12 22:45,2096.21718,2096.45568,2095.14608,2095.44942,100,20.0
2024.01.12 23:00,2096.63066,2096.94247,2095.47371,2095.57563,100,20.0
2024.01.12 23:15,2094.69747,2094.91048,2094.35395,2094.62620,100,20.0
2024.01.12 23:30,2095.09017,2095.81990,2094.81501,2095.59921,100,20.0
2024.01.12 23:45,2094.77996,2095.55240,2093.99204,2094.78335,100,20.0
2024.01.13 00:00,2094.14350,2094.44734,2093.51105,2093.64428,100,20.0
2024.01.13 00:15,2094.61740,2095.23194,2093.37532,2093.38104,100,20.0
2024.01.13 00:30,2091.38570,2091.75910,2091.24787,2091.57859,100,20.0
2024.01.13 00:45,2091.26217,2092.02688,2091.01604,2091.53745,100,20.0
2024.01.13 01:00,2091.20875,2091.71031,2090.22010,2090.78483,100,20.0
2024.01.13 01:15,2091.31665,2092.23019,2090.46691,2092.13063,100,20.0
2024.01.13 01:30,2092.61739,2092.82851,2092.16876,2092.62746,100,20.0
2024.01.13 01:45,2092.85798,2093.53849,2092.85233,2093.33020,100,20.0
2024.01.13 02:00,2093.21333,2093.25285,2092.20308,2092.71015,100,20.0
2024.01.13 02:15,2092.34780,2093.71637,2092.27538,2093.10100,100,20.0
2024.01.13 02:30,2092.60860,2093.40372,2092.24302,2093.16499,100,20.0
2024.01.13 02:45,2092.98742,2094.55222,2092.94096,2094.06338,100,20.0
2024.01.13 03:00,2094.44424,2094.53424,2094.27847,2094.45055,100,20.0
2024.01.13 03:15,2094.45661,2094.96322,2094.24486,2094.63249,100,20.0
2024.01.13 03:30,2094.17854,2094.30497,2093.30888,2094.22001,100,20.0
2024.01.13 03:45,2094.31068,2094.55488,2093.33778,2093.62057,100,20.0
2024.01.13 04:00,2094.28062,2094.71708,2094.03010,2094.56429,100,20.0
2024.01.13 04:15,2093.73170,2094.13066,2093.69992,2093.79227,100,20.0
2024.01.13 04:30,2093.75575,2094.19877,2093.32459,2094.11857,100,20.0
2024.01.13 04:45,2094.49058,2095.08086,2093.56297,2093.81571,100,20.0
2024.01.13 05:00,2094.34280,2095.05601,2093.66306,2094.69049,100,20.0
2024.01.13 05:15,2094.97063,2095.35455,2094.76653,2095.18995,100,20.0
2024.01.13 05:30,2095.47886,2095.97770,2094.37565,2094.73290,100,20.0
2024.01.13 05:45,2095.09735,2095.31270,2094.06395,2094.43184,100,20.0
2024.01.13 06:00,2094.15935,2094.16121,2092.69859,2093.35261,100,20.0
2024.01.13 06:15,2093.65268,2093.78659,2093.43779,2093.63790,100,20.0
2024.01.13 06:30,2094.03994,2094.24134,2093.39404,2093.75491,100,20.0
2024.01.13 06:45,2094.13843,2094.76410,2093.70947,2093.97214,100,20.0
2024.01.13 07:00,2094.61316,2094.68906,2094.34606,2094.58243,100,20.0
2024.01.13 07:15,2095.16930,2096.09095,2094.73958,2094.74929,100,20.0
2024.01.13 07:30,2093.97505,2094.27953,2092.63200,2093.26261,100,20.0
2024.01.13 07:45,2093.48243,2095.07095,2093.12488,2094.55357,100,20.0
2024.01.13 08:00,2094.55667,2095.45897,2094.35498,2095.29376,100,20.0
2024.01.13 08:15,2096.05627,2096.44911,2094.87008,2095.31434,100,20.0
2024.01.13 08:30,2095.15276,2096.60548,2095.12678,2096.00693,100,20.0
2024.01.13 08:45,2096.39230,2096.84373,2095.90002,2096.15460,100,20.0
2024.01.13 09:00,2096.70331,2096.72113,2095.77060,2096.01686,100,20.0
2024.01.13 09:15,2096.23114,2096.63726,2095.94603,2096.15943,100,20.0
2024.01.13 09:30,2096.50691,2096.60619,2095.86870,2096.15479,100,20.0
2024.01.13 09:45,2095.63148,2095.83858,2095.44503,2095.50356,100,20.0
2024.01.13 10:00,2095.82806,2096.39819,2095.42902,2095.64261,100,20.0
2024.01.13 10:15,2096.10744,2096.57992,2094.72986,2095.63718,100,20.0
2024.01.13 10:30,2095.21284,2095.22804,2095.04312,2095.10292,100,20.0
2024.01.13 10:45,2096.14533,2097.08216,2095.90331,2096.74068,100,20.0
2024.01.13 11:00,2096.47404,2096.75869,2096.15374,2096.75621,100,20.0
2024.01.13 11:15,2096.31890,2096.81698,2096.26899,2096.65091,100,20.0
2024.01.13 11:30,2096.73675,2097.52244,2096.20124,2096.97190,100,20.0
2024.01.13 11:45,2098.21701,2098.23642,2097.82378,2098.13637,100,20.0
2024.01.13 12:00,2098.21961,2098.35621,2097.60307,2097.72346,100,20.0
2024.01.13 12:15,2097.74003,2097.82574,2096.53811,2096.85441,100,20.0
2024.01.13 12:30,2096.74448,2097.59197,2096.40320,2096.92552,100,20.0
2024.01.13 12:45,2097.58439,2098.51733,2096.86398,2098.18160,100,20.0
2024.01.13 13:00,2097.88355,2099.16323,2097.61379,2098.29018,100,20.0
2024.01.13 13:15,2098.55435,2099.39254,2098.25942,2098.77207,100,20.0
2024.01.13 13:30,2099.29396,2099.64904,2099.05663,2099.47167,100,20.0
2024.01.13 13:45,2099.45183,2099.57982,2098.42206,2098.92250,100,20.0
2024.01.13 14:00,2100.09826,2100.64324,2099.63527,2099.94975,100,20.0
2024.01.13 14:15,2099.61994,2100.67609,2099.20181,2100.26103,100,20.0
2024.01.13 14:30,2100.86520,2101.30868,2100.63260,2101.11109,100,20.0
2024.01.13 14:45,2101.32704,2101.93315,2100.72571,2101.11909,100,20.0
2024.01.13 15:00,2101.04289,2101.63402,2100.76233,2100.92509,100,20.0
2024.01.13 15:15,2100.99974,2101.77105,2100.94498,2101.30531,100,20.0
2024.01.13 15:30,2101.37679,2101.59620,2101.14981,2101.18909,100,20.0
2024.01.13 15:45,2102.04888,2102.72703,2102.04507,2102.12578,100,20.0
2024.01.13 16:00,2101.46530,2101.56264,2101.29920,2101.33072,100,20.0
2024.01.13 16:15,2101.35221,2101.56370,2100.81571,2101.11244,100,20.0
2024.01.13 16:30,2100.61357,2100.88525,2099.53255,2100.31572,100,20.0
2024.01.13 16:45,2100.77641,2102.04889,2100.72406,2101.52452,100,20.0
2024.01.13 17:00,2102.54469,2103.28297,2102.03942,2102.64269,100,20.0
2024.01.13 17:15,2103.29575,2104.36729,2102.98283,2104.00022,100,20.0
2024.01.13 17:30,2105.09563,2106.23397,2105.01304,2106.11250,100,20.0
2024.01.13 17:45,2106.45960,2106.85596,2106.09748,2106.59082,100,20.0
2024.01.13 18:00,2106.71478,2107.55253,2105.96534,2106.39289,100,20.0
2024.01.13 18:15,2107.35949,2108.33487,2107.31262,2107.93808,100,20.0
2024.01.13 18:30,2107.68312,2108.32043,2107.67999,2108.29230,100,20.0
2024.01.13 18:45,2108.49779,2109.13667,2108.32844,2108.92461,100,20.0
2024.01.13 19:00,2109.47771,2110.16816,2109.03242,2109.15047,100,20.0
2024.01.13 19:15,2110.07343,2110.96806,2109.52318,2110.83816,100,20.0
2024.01.13 19:30,2110.64214,2110.88608,2109.70757,2110.06937,100,20.0
2024.01.13 19:45,2109.57839,2109.59010,2108.83070,2109.17503,100,20.0
2024.01.13 20:00,2109.46882,2109.58091,2108.14554,2108.77893,100,20.0
2024.01.13 20:15,2108.89946,2109.77052,2108.69217,2109.11973,100,20.0
2024.01.13 20:30,2109.03799,2109.56132,2108.87664,2109.51620,100,20.0
2024.01.13 20:45,2108.99555,2109.08470,2108.52805,2108.81984,100,20.0
2024.01.13 21:00,2109.50929,2109.73175,2109.46239,2109.72260,100,20.0
2024.01.13 21:15,2110.55422,2111.03602,2109.94098,2110.23509,100,20.0
2024.01.13 21:30,2111.27148,2111.30992,2109.69545,2109.85243,100,20.0
2024.01.13 21:45,2110.33753,2110.88036,2108.58280,2109.31066,100,20.0
2024.01.13 22:00,2110.13565,2111.48792,2109.65688,2111.04712,100,20.0
2024.01.13 22:15,2111.30496,2111.56329,2111.08487,2111.45069,100,20.0
2024.01.13 22:30,2112.06237,2112.87908,2111.78746,2112.70749,100,20.0
2024.01.13 22:45,2113.10919,2113.30828,2112.61462,2112.99245,100,20.0
2024.01.13 23:00,2114.31328,2114.49709,2113.80748,2114.23690,100,20.0
2024.01.13 23:15,2114.12937,2114.52868,2113.48210,2113.83600,100,20.0
2024.01.13 23:30,2112.64680,2112.74790,2111.65237,2112.53293,100,20.0
2024.01.13 23:45,2113.70532,2113.88565,2113.52778,2113.53666,100,20.0
2024.01.14 00:00,2113.54640,2114.56591,2113.02997,2114.11321,100,20.0
2024.01.14 00:15,2113.96314,2114.03410,2113.09447,2113.60554,100,20.0
2024.01.14 00:30,2112.97825,2113.41161,2112.75073,2113.18885,100,20.0
2024.01.14 00:45,2113.15310,2113.43926,2112.02720,2112.82400,100,20.0
2024.01.14 01:00,2112.99267,2113.93986,2112.80414,2113.46213,100,20.0
2024.01.14 01:15,2112.58030,2113.06606,2111.33107,2111.47155,100,20.0
2024.01.14 01:30,2111.64360,2112.24328,2110.82034,2111.05549,100,20.0
2024.01.14 01:45,2111.33802,2111.73303,2111.10462,2111.24013,100,20.0
2024.01.14 02:00,2111.53324,2111.60000,2111.18481,2111.34386,100,20.0
2024.01.14 02:15,2110.50742,2110.76869,2110.43540,2110.47105,100,20.0
2024.01.14 02:30,2110.12281,2110.36043,2109.78224,2110.07252,100,20.0
2024.01.14 02:45,2109.61996,2109.85436,2108.66178,2108.73629,100,20.0
2024.01.14 03:00,2108.49024,2108.60403,2107.15754,2107.51115,100,20.0
2024.01.14 03:15,2107.81162,2108.24195,2107.07079,2107.55872,100,20.0
2024.01.14 03:30,2108.30553,2108.83086,2107.23920,2107.55892,100,20.0
2024.01.14 03:45,2108.24536,2108.82778,2107.51824,2108.73561,100,20.0
2024.01.14 04:00,2107.96848,2108.39043,2107.60473,2108.29473,100,20.0
2024.01.14 04:15,2108.36672,2108.90396,2108.23384,2108.48004,100,20.0
2024.01.14 04:30,2108.54315,2108.86327,2107.98262,2108.73809,100,20.0
2024.01.14 04:45,2109.23107,2109.74817,2108.84026,2108.98597,100,20.0
2024.01.14 05:00,2109.03778,2109.80573,2108.89505,2109.36042,100,20.0
2024.01.14 05:15,2109.76363,2110.17943,2109.53105,2109.72405,100,20.0
2024.01.14 05:30,2109.55801,2110.08795,2108.58777,2108.84474,100,20.0
2024.01.14 05:45,2108.93650,2108.94765,2108.50842,2108.80229,100,20.0
2024.01.14 06:00,2109.45663,2109.92347,2108.38804,2109.74646,100,20.0
2024.01.14 06:15,2109.83795,2110.38863,2109.54655,2110.12882,100,20.0
2024.01.14 06:30,2109.22077,2109.72647,2108.39588,2108.43954,100,20.0
2024.01.14 06:45,2107.54033,2108.15597,2107.27608,2107.62452,100,20.0
2024.01.14 07:00,2108.36503,2108.54570,2108.03472,2108.40520,100,20.0
2024.01.14 07:15,2108.38518,2108.68235,2108.15734,2108.49174,100,20.0
2024.01.14 07:30,2108.40475,2108.70099,2108.08933,2108.20756,100,20.0
2024.01.14 07:45,2108.04411,2108.19568,2107.65939,2107.97498,100,20.0
2024.01.14 08:00,2107.75702,2107.78776,2107.65087,2107.72540,100,20.0
2024.01.14 08:15,2107.79505,2108.05752,2107.10953,2107.34276,100,20.0
2024.01.14 08:30,2107.03867,2107.37299,2106.46042,2107.22108,100,20.0
2024.01.14 08:45,2107.05732,2108.36638,2106.66970,2107.85490,100,20.0
2024.01.14 09:00,2108.90034,2108.98436,2108.44334,2108.59411,100,20.0
2024.01.14 09:15,2108.09232,2109.18208,2107.99613,2108.78834,100,20.0
2024.01.14 09:30,2110.08220,2110.71815,2109.44854,2110.34853,100,20.0
2024.01.14 09:45,2110.73294,2111.45858,2110.20085,2110.56764,100,20.0
2024.01.14 10:00,2110.24337,2110.57954,2109.56152,2110.24320,100,20.0
2024.01.14 10:15,2110.42474,2110.48302,2109.65444,2110.29654,100,20.0
2024.01.14 10:30,2110.81679,2110.95029,2110.33877,2110.83639,100,20.0
2024.01.14 10:45,2112.30363,2112.41292,2111.73174,2112.02827,100,20.0
2024.01.14 11:00,2112.21317,2112.87236,2112.18676,2112.75533,100,20.0
2024.01.14 11:15,2112.95034,2113.01148,2112.65161,2112.67190,100,20.0
2024.01.14 11:30,2112.32658,2112.47994,2111.54063,2111.68072,100,20.0
2024.01.14 11:45,2111.46312,2112.39059,2110.84468,2111.98736,100,20.0
2024.01.14 12:00,2112.14562,2112.77752,2111.81009,2112.66361,100,20.0
2024.01.14 12:15,2111.86250,2111.88961,2110.72719,2110.99444,100,20.0
2024.01.14 12:30,2111.72376,2112.32258,2111.34928,2112.30896,100,20.0
2024.01.14 12:45,2111.69262,2111.96137,2111.39302,2111.62468,100,20.0
2024.01.14 13:00,2111.05239,2111.48175,2110.76543,2110.87809,100,20.0
2024.01.14 13:15,2110.73783,2111.23938,2110.09033,2111.23397,100,20.0
2024.01.14 13:30,2110.93700,2111.12521,2109.90288,2110.14303,100,20.0
2024.01.14 13:45,2110.60752,2111.62476,2110.46010,2111.07539,100,20.0
2024.01.14 14:00,2110.40527,2110.55864,2109.69094,2109.80210,100,20.0
2024.01.14 14:15,2111.04597,2111.51301,2110.56359,2110.83231,100,20.0
2024.01.14 14:30,2112.59387,2112.79458,2112.16665,2112.75611,100,20.0
2024.01.14 14:45,2112.11316,2112.19453,2111.41345,2111.53771,100,20.0
2024.01.14 15:00,2111.23152,2111.53516,2110.22169,2110.30644,100,20.0
2024.01.14 15:15,2110.86053,2110.93801,2110.25401,2110.30968,100,20.0
2024.01.14 15:30,2110.27015,2110.77709,2109.36359,2109.87450,100,20.0
2024.01.14 15:45,2110.46439,2111.08746,2110.04845,2110.86228,100,20.0
2024.01.14 16:00,2110.13925,2110.52699,2110.06928,2110.30963,100,20.0
2024.01.14 16:15,2110.63292,2111.08704,2110.12465,2110.48291,100,20.0
2024.01.14 16:30,2110.34287,2110.86535,2109.73441,2110.43189,100,20.0
2024.01.14 16:45,2110.49905,2110.61797,2109.83563,2109.98224,100,20.0
2024.01.14 17:00,2109.90756,2110.60438,2109.21776,2109.69755,100,20.0
2024.01.14 17:15,2109.42632,2111.33301,2108.93392,2110.46639,100,20.0
2024.01.14 17:30,2110.10369,2111.37164,2109.58420,2110.79487,100,20.0
2024.01.14 17:45,2110.09618,2110.26344,2109.84216,2109.84403,100,20.0
2024.01.14 18:00,2109.24923,2109.91902,2108.95218,2109.54869,100,20.0
2024.01.14 18:15,2110.54320,2111.34560,2110.41561,2110.78136,100,20.0
2024.01.14 18:30,2110.67114,2110.78161,2109.86025,2110.65775,100,20.0
2024.01.14 18:45,2110.52269,2110.84381,2110.38864,2110.52869,100,20.0
2024.01.14 19:00,2111.32665,2111.79313,2110.96270,2111.49900,100,20.0
2024.01.14 19:15,2111.44606,2111.86115,2111.22283,2111.85638,100,20.0
2024.01.14 19:30,2112.21442,2112.53906,2111.52270,2112.51685,100,20.0
2024.01.14 19:45,2112.38694,2113.25712,2111.87825,2112.44584,100,20.0
2024.01.14 20:00,2112.88372,2114.12432,2112.72906,2113.69828,100,20.0
2024.01.14 20:15,2114.25006,2114.66297,2113.93625,2114.17834,100,20.0
2024.01.14 20:30,2113.32906,2114.10726,2112.70425,2113.13466,100,20.0
2024.01.14 20:45,2113.20730,2113.99729,2113.13059,2113.53065,100,20.0
2024.01.14 21:00,2113.31981,2113.71318,2112.98425,2113.67392,100,20.0
2024.01.14 21:15,2112.94755,2113.20876,2112.34576,2112.58466,100,20.0
2024.01.14 21:30,2113.76379,2113.76543,2112.49841,2112.83507,100,20.0
2024.01.14 21:45,2113.74065,2114.32262,2113.06256,2113.33965,100,20.0
2024.01.14 22:00,2113.21979,2113.49377,2112.76356,2112.97266,100,20.0
2024.01.14 22:15,2112.94697,2113.55298,2112.66113,2113.27604,100,20.0
2024.01.14 22:30,2114.20775,2114.40263,2113.20372,2113.28238,100,20.0
2024.01.14 22:45,2114.56241,2115.31101,2114.26151,2114.96048,100,20.0
2024.01.14 23:00,2114.56596,2115.46074,2114.40201,2115.07531,100,20.0
2024.01.14 23:15,2115.75489,2116.48975,2115.70127,2116.21433,100,20.0
2024.01.14 23:30,2114.91575,2115.18250,2114.59614,2114.78386,100,20.0
2024.01.14 23:45,2115.23208,2116.33431,2114.99355,2116.22010,100,20.0
2024.01.15 00:00,2116.11805,2116.84764,2116.01036,2116.59914,100,20.0
2024.01.15 00:15,2115.46871,2116.00758,2115.05920,2115.80705,100,20.0
2024.01.15 00:30,2116.93607,2117.61517,2116.71942,2117.36925,100,20.0
2024.01.15 00:45,2118.13503,2118.62189,2117.79320,2118.35578,100,20.0
2024.01.15 01:00,2118.45983,2118.46921,2117.70256,2117.98455,100,20.0
2024.01.15 01:15,2116.77713,2117.07595,2116.04088,2116.52399,100,20.0
2024.01.15 01:30,2117.47364,2117.49701,2116.70205,2116.89928,100,20.0
2024.01.15 01:45,2117.28198,2118.42475,2117.14341,2118.21511,100,20.0
2024.01.15 02:00,2118.20208,2118.24576,2117.43455,2117.69172,100,20.0
2024.01.15 02:15,2118.45181,2119.09144,2117.87608,2118.19856,100,20.0
2024.01.15 02:30,2119.42609,2119.60837,2118.90230,2119.07824,100,20.0
2024.01.15 02:45,2118.86215,2118.90094,2117.67257,2118.27438,100,20.0
2024.01.15 03:00,2119.04240,2119.87861,2118.46668,2119.54262,100,20.0
2024.01.15 03:15,2119.51826,2120.35745,2119.51340,2120.25360,100,20.0
2024.01.15 03:30,2121.17473,2121.63249,2121.09513,2121.60427,100,20.0
2024.01.15 03:45,2121.55059,2121.73571,2119.86804,2120.55231,100,20.0
2024.01.15 04:00,2120.89369,2122.36065,2120.25865,2121.82374,100,20.0
2024.01.15 04:15,2121.38062,2121.64304,2120.90941,2121.13041,100,20.0
2024.01.15 04:30,2121.85382,2122.65081,2121.28552,2122.60915,100,20.0
2024.01.15 04:45,2123.34830,2124.55478,2123.26452,2123.97152,100,20.0
2024.01.15 05:00,2124.58698,2124.83291,2124.26234,2124.31403,100,20.0
2024.01.15 05:15,2125.01146,2125.47287,2124.55052,2124.73223,100,20.0
2024.01.15 05:30,2125.06306,2126.05827,2124.90222,2125.94460,100,20.0
2024.01.15 05:45,2124.37915,2125.14487,2123.66791,2125.03011,100,20.0
2024.01.15 06:00,2125.95560,2126.68416,2125.02219,2125.43144,100,20.0
2024.01.15 06:15,2125.18406,2125.48202,2124.04803,2124.41035,100,20.0
2024.01.15 06:30,2124.16743,2124.35901,2123.94914,2124.06669,100,20.0
2024.01.15 06:45,2124.78871,2124.96970,2124.56151,2124.86472,100,20.0
2024.01.15 07:00,2125.21916,2125.87609,2125.07450,2125.73845,100,20.0
2024.01.15 07:15,2126.67711,2127.72530,2126.42301,2127.36359,100,20.0
2024.01.15 07:30,2127.68235,2127.70456,2127.47352,2127.52256,100,20.0
2024.01.15 07:45,2126.61218,2126.66193,2125.49080,2125.75566,100,20.0
2024.01.15 08:00,2126.25272,2126.65274,2126.06067,2126.51331,100,20.0
2024.01.15 08:15,2125.98044,2126.25445,2125.64842,2125.70716,100,20.0
2024.01.15 08:30,2125.84829,2126.58080,2125.46212,2125.94026,100,20.0
2024.01.15 08:45,2125.98374,2126.45142,2125.62863,2125.93911,100,20.0
2024.01.15 09:00,2125.56246,2125.63950,2124.83667,2125.11422,100,20.0
2024.01.15 09:15,2124.96345,2125.08119,2124.56794,2124.87460,100,20.0
2024.01.15 09:30,2124.72992,2124.88574,2123.60532,2124.66383,100,20.0
2024.01.15 09:45,2123.98472,2124.77247,2123.57470,2124.12044,100,20.0
2024.01.15 10:00,2123.83926,2124.45236,2123.36863,2124.03790,100,20.0
2024.01.15 10:15,2124.10670,2124.81668,2123.49575,2124.50108,100,20.0
2024.01.15 10:30,2123.82856,2124.37404,2123.30691,2123.98210,100,20.0
2024.01.15 10:45,2123.53308,2124.34318,2123.49208,2124.24679,100,20.0
2024.01.15 11:00,2123.27288,2123.67797,2122.97100,2123.04782,100,20.0
2024.01.15 11:15,2122.37469,2122.64397,2121.94941,2122.13270,100,20.0
2024.01.15 11:30,2120.82903,2121.27381,2120.61326,2120.85686,100,20.0
2024.01.15 11:45,2120.80590,2121.93629,2120.67652,2121.78152,100,20.0
2024.01.15 12:00,2121.58472,2121.83119,2121.41046,2121.55033,100,20.0
2024.01.15 12:15,2121.14633,2121.85353,2119.83042,2120.34775,100,20.0
2024.01.15 12:30,2120.77277,2121.74109,2120.60206,2121.16770,100,20.0
2024.01.15 12:45,2121.30212,2121.48910,2121.06838,2121.42189,100,20.0
2024.01.15 13:00,2122.61136,2122.89477,2121.38657,2121.70314,100,20.0
2024.01.15 13:15,2122.12396,2122.49097,2121.31012,2121.49481,100,20.0
2024.01.15 13:30,2121.39827,2121.98876,2121.38932,2121.56571,100,20.0
2024.01.15 13:45,2122.28320,2122.67778,2121.70253,2121.82103,100,20.0
2024.01.15 14:00,2121.80084,2122.62952,2121.72054,2122.48047,100,20.0
2024.01.15 14:15,2123.56647,2123.68525,2123.16299,2123.33779,100,20.0
2024.01.15 14:30,2123.30616,2123.52725,2122.35676,2122.60013,100,20.0
2024.01.15 14:45,2121.33708,2121.56395,2120.68553,2121.30814,100,20.0
2024.01.15 15:00,2121.03733,2121.43931,2120.77856,2121.19318,100,20.0
2024.01.15 15:15,2121.04669,2121.32941,2120.93262,2121.31678,100,20.0
2024.01.15 15:30,2121.73337,2122.20691,2121.63523,2121.99694,100,20.0
2024.01.15 15:45,2121.90473,2122.07269,2121.43262,2121.84943,100,20.0
2024.01.15 16:00,2122.30321,2122.49579,2121.66593,2121.87367,100,20.0
2024.01.15 16:15,2122.97460,2123.19578,2122.73382,2122.75397,100,20.0
2024.01.15 16:30,2122.35533,2122.74427,2122.29387,2122.68347,100,20.0
2024.01.15 16:45,2123.97925,2124.59553,2123.45308,2124.22616,100,20.0
2024.01.15 17:00,2123.68221,2124.24061,2122.87064,2123.09640,100,20.0
2024.01.15 17:15,2123.11825,2123.75554,2122.53801,2123.72542,100,20.0
2024.01.15 17:30,2122.82533,2122.82539,2122.57466,2122.80620,100,20.0
2024.01.15 17:45,2121.01391,2121.37953,2120.92435,2121.26248,100,20.0
2024.01.15 18:00,2122.02664,2123.80194,2121.52347,2123.44184,100,20.0
2024.01.15 18:15,2122.92874,2123.38428,2122.66966,2123.21756,100,20.0
2024.01.15 18:30,2122.99020,2123.40131,2122.63136,2122.94726,100,20.0
2024.01.15 18:45,2122.46831,2122.81508,2122.32009,2122.57730,100,20.0
2024.01.15 19:00,2121.80420,2122.26390,2121.23312,2122.03220,100,20.0
2024.01.15 19:15,2122.56211,2124.06774,2122.08076,2123.80934,100,20.0
2024.01.15 19:30,2124.48901,2124.85436,2124.42019,2124.67482,100,20.0
2024.01.15 19:45,2124.31946,2125.13987,2124.31531,2124.55964,100,20.0
2024.01.15 20:00,2125.21162,2126.04827,2125.05682,2125.69867,100,20.0
2024.01.15 20:15,2126.16044,2126.96286,2125.75870,2126.49826,100,20.0
2024.01.15 20:30,2125.12002,2126.41685,2124.77840,2126.21121,100,20.0
2024.01.15 20:45,2126.76312,2126.89536,2125.01873,2125.42932,100,20.0
2024.01.15 21:00,2124.38700,2125.10765,2123.94114,2125.09253,100,20.0
2024.01.15 21:15,2125.74103,2126.55178,2125.50944,2126.24882,100,20.0
2024.01.15 21:30,2124.70191,2125.29807,2124.04626,2124.11063,100,20.0
2024.01.15 21:45,2123.59989,2124.06604,2123.28982,2123.63379,100,20.0
2024.01.15 22:00,2122.97813,2124.81094,2122.79964,2124.72328,100,20.0
2024.01.15 22:15,2123.76897,2124.85090,2122.83208,2124.13147,100,20.0
2024.01.15 22:30,2123.26110,2124.73897,2122.98931,2124.29338,100,20.0
2024.01.15 22:45,2125.12875,2125.89187,2123.56605,2124.27108,100,20.0
2024.01.15 23:00,2124.49019,2124.61373,2124.04534,2124.24105,100,20.0
2024.01.15 23:15,2124.06577,2124.30500,2123.20742,2123.66153,100,20.0
2024.01.15 23:30,2123.35691,2123.65418,2122.70673,2122.93547,100,20.0
2024.01.15 23:45,2122.49368,2123.47664,2122.26663,2123.32588,100,20.0
2024.01.16 00:00,2122.64022,2123.85986,2122.38100,2123.18955,100,20.0
2024.01.16 00:15,2122.14163,2122.41956,2121.42170,2121.59135,100,20.0
2024.01.16 00:30,2121.52085,2121.78361,2121.50105,2121.54273,100,20.0
2024.01.16 00:45,2121.92849,2123.05146,2121.64328,2122.83344,100,20.0
2024.01.16 01:00,2124.45075,2124.70983,2123.23331,2123.50827,100,20.0
2024.01.16 01:15,2124.55378,2126.25131,2123.81234,2125.19857,100,20.0
2024.01.16 01:30,2126.48727,2126.66334,2125.49524,2125.63125,100,20.0
2024.01.16 01:45,2125.48860,2125.77894,2125.33486,2125.73199,100,20.0
2024.01.16 02:00,2125.76599,2125.76693,2124.70997,2125.56189,100,20.0
2024.01.16 02:15,2126.27459,2127.36991,2126.22495,2127.23727,100,20.0
2024.01.16 02:30,2127.66789,2128.48823,2127.66574,2128.19231,100,20.0
2024.01.16 02:45,2128.15237,2129.04611,2128.05463,2128.74376,100,20.0
2024.01.16 03:00,2128.32547,2128.60362,2127.81320,2128.38639,100,20.0
2024.01.16 03:15,2127.92503,2128.27797,2127.38508,2127.54406,100,20.0
2024.01.16 03:30,2127.45086,2128.00757,2126.87766,2127.81001,100,20.0
2024.01.16 03:45,2127.99206,2128.40993,2127.63829,2128.28725,100,20.0
2024.01.16 04:00,2128.74689,2129.14523,2128.61417,2129.12425,100,20.0
2024.01.16 04:15,2128.78522,2129.36800,2127.80168,2128.93929,100,20.0
2024.01.16 04:30,2129.73773,2130.93539,2129.49030,2130.53812,100,20.0
2024.01.16 04:45,2131.40388,2131.80081,2130.55483,2131.55158,100,20.0
2024.01.16 05:00,2131.74504,2132.27193,2131.68599,2131.86921,100,20.0
2024.01.16 05:15,2133.05232,2133.69061,2132.79528,2133.32827,100,20.0
2024.01.16 05:30,2132.86891,2133.44215,2131.99549,2132.86698,100,20.0
2024.01.16 05:45,2134.17622,2134.27372,2133.46645,2133.72475,100,20.0
2024.01.16 06:00,2133.59468,2134.12508,2133.26230,2133.94684,100,20.0
2024.01.16 06:15,2133.80734,2134.41303,2133.71626,2134.17330,100,20.0
2024.01.16 06:30,2134.09214,2134.09341,2133.76491,2133.81387,100,20.0
2024.01.16 06:45,2133.48915,2135.03586,2133.35223,2134.53698,100,20.0
2024.01.16 07:00,2134.44142,2134.68685,2133.90148,2134.58890,100,20.0
2024.01.16 07:15,2133.98907,2134.10921,2133.42540,2133.88051,100,20.0
2024.01.16 07:30,2134.12428,2134.50459,2133.33209,2133.75068,100,20.0
2024.01.16 07:45,2133.10441,2133.29152,2132.84639,2132.95045,100,20.0
2024.01.16 08:00,2132.36315,2132.86085,2131.93319,2132.83694,100,20.0
2024.01.16 08:15,2132.63460,2133.39522,2132.18739,2133.19047,100,20.0
2024.01.16 08:30,2132.76195,2133.51663,2131.70162,2132.10016,100,20.0
2024.01.16 08:45,2132.35199,2132.97043,2132.27475,2132.53015,100,20.0
2024.01.16 09:00,2132.51104,2133.89091,2132.30347,2133.68499,100,20.0
2024.01.16 09:15,2133.86906,2134.46446,2133.66210,2133.88005,100,20.0
2024.01.16 09:30,2133.73401,2134.54493,2133.53880,2133.98003,100,20.0
2024.01.16 09:45,2134.77295,2134.77404,2134.37230,2134.41978,100,20.0
2024.01.16 10:00,2134.35994,2135.14698,2133.27243,2133.58666,100,20.0
2024.01.16 10:15,2133.36546,2133.69379,2132.87767,2132.98172,100,20.0
2024.01.16 10:30,2132.71407,2134.10220,2132.68326,2133.78953,100,20.0
2024.01.16 10:45,2133.30147,2133.47040,2132.67224,2133.05100,100,20.0
2024.01.16 11:00,2133.15859,2133.67010,2132.87820,2132.95629,100,20.0
2024.01.16 11:15,2133.94863,2134.51443,2133.58129,2134.38153,100,20.0
2024.01.16 11:30,2134.10317,2134.62763,2133.99179,2134.15031,100,20.0
2024.01.16 11:45,2134.47477,2134.70152,2134.37864,2134.67885,100,20.0
2024.01.16 12:00,2134.45317,2134.60321,2134.17501,2134.47267,100,20.0
2024.01.16 12:15,2134.53515,2135.36265,2134.40103,2134.64098,100,20.0
2024.01.16 12:30,2134.53228,2134.97588,2134.25793,2134.37928,100,20.0
2024.01.16 12:45,2134.36273,2134.76568,2134.26703,2134.31866,100,20.0
2024.01.16 13:00,2135.25863,2136.35372,2134.75874,2135.91810,100,20.0
2024.01.16 13:15,2136.80105,2137.92859,2136.27340,2137.50274,100,20.0
2024.01.16 13:30,2137.19697,2138.15177,2137.17050,2137.93930,100,20.0
2024.01.16 13:45,2138.82064,2139.10856,2137.44493,2138.06306,100,20.0
2024.01.16 14:00,2138.04591,2138.32871,2137.95322,2138.19213,100,20.0
2024.01.16 14:15,2138.49671,2139.22302,2138.23686,2138.71203,100,20.0
2024.01.16 14:30,2138.31847,2138.70639,2137.70309,2138.08024,100,20.0
2024.01.16 14:45,2137.80944,2138.21932,2137.49057,2138.04442,100,20.0
2024.01.16 15:00,2137.47147,2137.93227,2136.92165,2137.84329,100,20.0
2024.01.16 15:15,2137.91502,2138.18276,2137.81912,2137.83173,100,20.0
2024.01.16 15:30,2138.40640,2138.93760,2138.40453,2138.44271,100,20.0
2024.01.16 15:45,2138.24204,2138.83858,2137.37560,2138.60293,100,20.0
2024.01.16 16:00,2137.46038,2137.98143,2137.43399,2137.46360,100,20.0
2024.01.16 16:15,2137.49125,2137.94236,2137.20191,2137.88785,100,20.0
2024.01.16 16:30,2137.49095,2138.19076,2136.46868,2136.81879,100,20.0
2024.01.16 16:45,2135.88232,2135.97200,2135.30472,2135.43646,100,20.0
2024.01.16 17:00,2134.88893,2135.13450,2133.65260,2134.24771,100,20.0
2024.01.16 17:15,2133.80734,2134.65834,2133.36275,2134.15964,100,20.0
2024.01.16 17:30,2134.83702,2135.00919,2134.65963,2134.68793,100,20.0
2024.01.16 17:45,2135.34609,2135.83668,2134.49859,2134.56523,100,20.0
2024.01.16 18:00,2135.48463,2135.72429,2134.38618,2134.68322,100,20.0
2024.01.16 18:15,2135.22742,2135.36757,2134.85086,2135.15701,100,20.0
2024.01.16 18:30,2135.75621,2136.80508,2135.42595,2136.45606,100,20.0
2024.01.16 18:45,2136.75092,2136.97864,2136.42455,2136.62441,100,20.0
2024.01.16 19:00,2136.85809,2137.01516,2136.59766,2136.82506,100,20.0
2024.01.16 19:15,2137.28785,2138.59965,2136.40168,2137.96685,100,20.0
2024.01.16 19:30,2138.55364,2139.03773,2137.55204,2138.83510,100,20.0
2024.01.16 19:45,2138.34253,2138.44760,2137.93669,2138.43205,100,20.0
2024.01.16 20:00,2138.81214,2139.04298,2137.85550,2138.27056,100,20.0
2024.01.16 20:15,2137.98404,2138.05046,2136.81012,2137.02866,100,20.0
2024.01.16 20:30,2137.20363,2137.27010,2136.55827,2136.86853,100,20.0
2024.01.16 20:45,2136.55140,2136.90144,2136.32983,2136.89048,100,20.0
2024.01.16 21:00,2136.45829,2137.18578,2136.29936,2136.57199,100,20.0
2024.01.16 21:15,2136.05629,2136.10132,2135.97797,2136.05890,100,20.0
2024.01.16 21:30,2135.76762,2135.78844,2135.59237,2135.68449,100,20.0
2024.01.16 21:45,2135.69324,2136.02459,2135.31099,2135.59683,100,20.0
2024.01.16 22:00,2135.38534,2135.57106,2134.95067,2135.19223,100,20.0
2024.01.16 22:15,2135.84615,2136.19354,2135.40609,2136.19051,100,20.0
2024.01.16 22:30,2135.69233,2136.23295,2135.38867,2136.21026,100,20.0
2024.01.16 22:45,2137.53900,2137.84991,2136.76746,2137.30713,100,20.0
2024.01.16 23:00,2137.01622,2137.67821,2136.98432,2137.46863,100,20.0
2024.01.16 23:15,2136.46499,2136.72911,2135.80202,2136.27545,100,20.0
2024.01.16 23:30,2136.95064,2137.34095,2136.60693,2136.84465,100,20.0
2024.01.16 23:45,2137.75916,2138.13005,2137.12564,2137.80478,100,20.0
2024.01.17 00:00,2138.31922,2138.50411,2137.97759,2138.39916,100,20.0
2024.01.17 00:15,2138.73659,2138.87772,2137.52056,2137.87852,100,20.0
2024.01.17 00:30,2138.55089,2138.81363,2137.63931,2138.03149,100,20.0
2024.01.17 00:45,2138.12110,2138.83374,2137.74753,2138.10846,100,20.0
2024.01.17 01:00,2139.05370,2139.84803,2138.49199,2139.11814,100,20.0
2024.01.17 01:15,2138.76319,2138.97983,2138.06521,2138.47054,100,20.0
2024.01.17 01:30,2139.09891,2139.73054,2138.50532,2138.86661,100,20.0
2024.01.17 01:45,2139.24370,2139.48200,2137.98250,2138.03972,100,20.0
2024.01.17 02:00,2139.17089,2139.23189,2137.77470,2138.58652,100,20.0
2024.01.17 02:15,2138.09083,2138.97972,2137.49230,2138.77381,100,20.0
2024.01.17 02:30,2138.63821,2140.06930,2138.40699,2139.54598,100,20.0
2024.01.17 02:45,2139.09018,2140.05834,2138.37093,2138.89917,100,20.0
2024.01.17 03:00,2139.26539,2140.03940,2138.57548,2139.75255,100,20.0
2024.01.17 03:15,2139.68286,2140.01428,2139.47363,2139.99218,100,20.0
2024.01.17 03:30,2141.25507,2141.78948,2140.50755,2141.38190,100,20.0
2024.01.17 03:45,2142.06932,2142.12754,2141.42757,2141.50657,100,20.0
2024.01.17 04:00,2141.82532,2142.78532,2141.53342,2142.23372,100,20.0
2024.01.17 04:15,2141.24205,2141.57313,2140.46784,2140.53623,100,20.0
2024.01.17 04:30,2140.40552,2140.82067,2139.66092,2140.15362,100,20.0
2024.01.17 04:45,2139.70446,2140.12170,2139.37833,2139.74296,100,20.0
2024.01.17 05:00,2139.80700,2139.97512,2139.78105,2139.93497,100,20.0
2024.01.17 05:15,2140.21059,2141.25369,2139.90099,2140.72262,100,20.0
2024.01.17 05:30,2140.13689,2140.53941,2139.68024,2139.94159,100,20.0
2024.01.17 05:45,2141.05587,2141.60891,2140.86643,2141.23877,100,20.0
2024.01.17 06:00,2140.78050,2140.92364,2139.70590,2140.05861,100,20.0
2024.01.17 06:15,2139.55938,2140.21614,2138.85851,2139.87799,100,20.0
2024.01.17 06:30,2139.95299,2140.35778,2139.47176,2139.62582,100,20.0
2024.01.17 06:45,2139.68286,2140.55010,2139.50310,2139.96118,100,20.0
2024.01.17 07:00,2139.38336,2139.99983,2139.34951,2139.82828,100,20.0
2024.01.17 07:15,2139.49015,2139.82938,2139.29727,2139.31612,100,20.0
2024.01.17 07:30,2139.20376,2139.87697,2138.73781,2139.79505,100,20.0
2024.01.17 07:45,2138.99356,2139.49342,2138.83178,2139.36219,100,20.0
2024.01.17 08:00,2139.58058,2139.85868,2138.58197,2139.42370,100,20.0
2024.01.17 08:15,2139.88190,2141.40297,2139.79079,2140.91532,100,20.0
2024.01.17 08:30,2140.81762,2141.18781,2140.59300,2141.13508,100,20.0
2024.01.17 08:45,2142.07832,2142.11977,2141.19917,2141.45179,100,20.0
2024.01.17 09:00,2141.80563,2142.49904,2141.51599,2142.21337,100,20.0
2024.01.17 09:15,2143.05563,2143.75574,2142.60534,2143.56008,100,20.0
2024.01.17 09:30,2142.35180,2142.73903,2141.61059,2141.73243,100,20.0
2024.01.17 09:45,2141.18292,2141.37618,2140.75330,2140.85352,100,20.0
2024.01.17 10:00,2140.70875,2141.38956,2140.16194,2140.36644,100,20.0
2024.01.17 10:15,2140.49695,2140.54716,2140.21929,2140.42056,100,20.0
2024.01.17 10:30,2139.94932,2140.82607,2139.50820,2140.59344,100,20.0
2024.01.17 10:45,2140.89320,2141.13987,2140.80123,2140.98406,100,20.0
2024.01.17 11:00,2141.38554,2142.02988,2141.18860,2141.91351,100,20.0
2024.01.17 11:15,2141.76850,2142.38061,2141.44552,2142.26253,100,20.0
2024.01.17 11:30,2141.56797,2141.65414,2140.70731,2141.35342,100,20.0
2024.01.17 11:45,2140.47817,2140.68961,2139.41409,2139.57195,100,20.0
2024.01.17 12:00,2139.15851,2140.40357,2138.64402,2139.85256,100,20.0
2024.01.17 12:15,2139.98732,2140.18335,2139.61721,2139.93717,100,20.0
2024.01.17 12:30,2140.29708,2140.90056,2140.25090,2140.69078,100,20.0
2024.01.17 12:45,2140.90418,2142.09783,2140.76078,2141.50455,100,20.0
2024.01.17 13:00,2142.30411,2142.41998,2142.01495,2142.24017,100,20.0
2024.01.17 13:15,2143.30876,2143.34852,2142.56396,2142.57874,100,20.0
2024.01.17 13:30,2142.18380,2143.03092,2142.05693,2142.79585,100,20.0
2024.01.17 13:45,2141.36484,2142.01407,2141.15138,2141.32842,100,20.0
2024.01.17 14:00,2140.78425,2141.13404,2140.21594,2140.66898,100,20.0
2024.01.17 14:15,2140.35342,2140.59838,2140.34203,2140.53196,100,20.0
2024.01.17 14:30,2140.94476,2141.84256,2140.27201,2140.46130,100,20.0
2024.01.17 14:45,2141.40143,2141.44792,2140.05927,2140.10832,100,20.0
2024.01.17 15:00,2140.91428,2140.93641,2139.97274,2140.65367,100,20.0
2024.01.17 15:15,2140.99823,2141.55466,2140.93389,2141.50306,100,20.0
2024.01.17 15:30,2140.95732,2141.83365,2140.33391,2141.56464,100,20.0
2024.01.17 15:45,2141.45380,2142.13128,2141.41937,2141.95468,100,20.0
2024.01.17 16:00,2143.07705,2143.44031,2142.88665,2143.38630,100,20.0
2024.01.17 16:15,2143.10741,2143.25747,2142.71055,2142.72029,100,20.0
2024.01.17 16:30,2143.40730,2143.41981,2142.02798,2142.49535,100,20.0
2024.01.17 16:45,2142.42607,2143.42271,2142.32521,2143.19788,100,20.0
2024.01.17 17:00,2143.08467,2143.52459,2143.03716,2143.33984,100,20.0
2024.01.17 17:15,2143.77997,2144.45261,2143.73587,2144.37147,100,20.0
2024.01.17 17:30,2145.50154,2145.68236,2145.11340,2145.16690,100,20.0
2024.01.17 17:45,2146.21667,2146.44796,2145.89721,2146.31004,100,20.0
2024.01.17 18:00,2146.73429,2146.80514,2145.91025,2146.36145,100,20.0
2024.01.17 18:15,2146.21897,2146.30832,2145.18516,2145.42845,100,20.0
2024.01.17 18:30,2145.39832,2145.49435,2145.18278,2145.26877,100,20.0
2024.01.17 18:45,2145.75405,2146.15610,2145.50780,2145.61857,100,20.0
2024.01.17 19:00,2145.58366,2145.59890,2145.21662,2145.30224,100,20.0
2024.01.17 19:15,2144.91533,2145.48977,2144.01759,2144.46896,100,20.0
2024.01.17 19:30,2145.10718,2145.32733,2144.66627,2144.69708,100,20.0
2024.01.17 19:45,2144.58099,2145.15452,2143.73019,2144.90561,100,20.0
2024.01.17 20:00,2144.88833,2145.00916,2143.80732,2144.05609,100,20.0
2024.01.17 20:15,2143.82705,2144.18782,2143.05079,2143.43682,100,20.0
2024.01.17 20:30,2143.39267,2143.57898,2142.20675,2142.37752,100,20.0
2024.01.17 20:45,2142.59473,2142.69923,2141.75862,2142.19891,100,20.0
2024.01.17 21:00,2142.46993,2142.92128,2142.15028,2142.39692,100,20.0
2024.01.17 21:15,2142.43607,2142.50548,2142.29477,2142.41024,100,20.0
2024.01.17 21:30,2142.62188,2143.18851,2141.68325,2141.99531,100,20.0
2024.01.17 21:45,2142.35532,2142.68255,2141.97806,2142.14993,100,20.0
2024.01.17 22:00,2141.95260,2142.40477,2141.65616,2142.33756,100,20.0
2024.01.17 22:15,2142.28041,2143.12436,2141.69747,2142.71666,100,20.0
2024.01.17 22:30,2141.56292,2142.17080,2141.25826,2142.09972,100,20.0
2024.01.17 22:45,2141.86152,2142.40770,2141.83792,2142.34740,100,20.0
2024.01.17 23:00,2142.30310,2142.61505,2141.63830,2142.34542,100,20.0
2024.01.17 23:15,2142.39036,2142.46751,2141.79977,2142.32118,100,20.0
2024.01.17 23:30,2142.14834,2143.27084,2141.99103,2142.75454,100,20.0
2024.01.17 23:45,2141.94831,2142.01463,2141.26921,2141.59288,100,20.0
2024.01.18 00:00,2142.16788,2142.28282,2141.49562,2142.11666,100,20.0
2024.01.18 00:15,2141.53834,2142.37931,2141.09265,2142.31024,100,20.0
2024.01.18 00:30,2141.36304,2141.44619,2140.79011,2140.80433,100,20.0
2024.01.18 00:45,2141.87672,2141.97027,2141.30198,2141.54663,100,20.0
2024.01.18 01:00,2141.25625,2141.66757,2140.52401,2140.92837,100,20.0
2024.01.18 01:15,2140.37425,2140.84200,2140.04104,2140.43840,100,20.0
2024.01.18 01:30,2140.95954,2141.62638,2140.86478,2141.26665,100,20.0
2024.01.18 01:45,2140.04834,2140.50591,2139.72319,2140.05577,100,20.0
2024.01.18 02:00,2139.81056,2140.21481,2139.27800,2139.75740,100,20.0
2024.01.18 02:15,2140.80951,2141.15560,2140.08476,2140.31322,100,20.0
2024.01.18 02:30,2140.35730,2140.57078,2140.12262,2140.31413,100,20.0
2024.01.18 02:45,2140.16525,2140.74466,2139.76177,2140.30911,100,20.0
2024.01.18 03:00,2139.84313,2140.56109,2139.56570,2140.34537,100,20.0
2024.01.18 03:15,2139.84502,2140.72593,2139.74191,2140.62827,100,20.0
2024.01.18 03:30,2141.06300,2141.46432,2140.65989,2141.22773,100,20.0
2024.01.18 03:45,2140.03974,2140.22344,2139.60656,2140.07242,100,20.0
2024.01.18 04:00,2140.97178,2141.05413,2140.63085,2140.68614,100,20.0
2024.01.18 04:15,2141.08084,2142.04101,2141.03331,2141.44289,100,20.0
2024.01.18 04:30,2141.47194,2141.79526,2141.39077,2141.48572,100,20.0
2024.01.18 04:45,2140.66544,2140.74123,2140.41571,2140.65244,100,20.0
2024.01.18 05:00,2141.61842,2141.95264,2141.28569,2141.78936,100,20.0
2024.01.18 05:15,2142.21580,2142.54483,2141.63813,2141.84863,100,20.0
2024.01.18 05:30,2141.58403,2142.22304,2141.33808,2142.01473,100,20.0
2024.01.18 05:45,2142.65857,2142.77240,2142.35733,2142.39173,100,20.0
2024.01.18 06:00,2142.20155,2143.02683,2141.99753,2142.97622,100,20.0
2024.01.18 06:15,2143.57760,2143.71309,2143.41610,2143.52460,100,20.0
2024.01.18 06:30,2143.20196,2143.30665,2142.27165,2142.70095,100,20.0
2024.01.18 06:45,2142.52611,2142.65105,2142.17327,2142.28103,100,20.0
2024.01.18 07:00,2142.43544,2142.45226,2141.64607,2142.22004,100,20.0
2024.01.18 07:15,2142.47345,2143.42803,2142.01253,2142.76234,100,20.0
2024.01.18 07:30,2143.27261,2143.39869,2142.81097,2143.34546,100,20.0
2024.01.18 07:45,2142.29241,2142.77897,2141.98623,2142.51299,100,20.0
2024.01.18 08:00,2142.30343,2142.48605,2142.18086,2142.36467,100,20.0
2024.01.18 08:15,2142.16523,2142.81920,2141.68225,2142.61395,100,20.0
2024.01.18 08:30,2141.77953,2142.80881,2141.46085,2142.10721,100,20.0
2024.01.18 08:45,2142.33073,2143.65752,2142.15895,2142.46858,100,20.0
2024.01.18 09:00,2142.88308,2143.51832,2142.77726,2143.34432,100,20.0
2024.01.18 09:15,2143.77211,2144.39013,2143.06683,2143.25427,100,20.0
2024.01.18 09:30,2142.74262,2143.41849,2141.95756,2142.31457,100,20.0
2024.01.18 09:45,2142.09306,2142.53223,2141.16396,2141.77490,100,20.0
2024.01.18 10:00,2141.91069,2141.98541,2141.62805,2141.97053,100,20.0
2024.01.18 10:15,2143.09465,2143.87967,2142.94783,2143.17751,100,20.0
2024.01.18 10:30,2143.08086,2143.12364,2142.58137,2142.84257,100,20.0
2024.01.18 10:45,2142.53806,2142.71572,2142.05441,2142.71232,100,20.0
2024.01.18 11:00,2142.37817,2142.54764,2141.75341,2141.91469,100,20.0
2024.01.18 11:15,2142.27753,2142.98292,2142.19515,2142.83112,100,20.0
2024.01.18 11:30,2142.61759,2143.29057,2142.57647,2142.76415,100,20.0
2024.01.18 11:45,2143.09857,2143.35600,2142.98141,2143.05337,100,20.0
2024.01.18 12:00,2142.15691,2142.67823,2141.79539,2142.62151,100,20.0
2024.01.18 12:15,2142.69907,2142.90902,2142.16858,2142.90509,100,20.0
2024.01.18 12:30,2142.03923,2142.04554,2141.53038,2141.88220,100,20.0
2024.01.18 12:45,2141.07942,2141.36119,2140.39323,2140.66272,100,20.0
2024.01.18 13:00,2139.85738,2140.00733,2138.57325,2139.07794,100,20.0
2024.01.18 13:15,2140.05076,2140.61468,2139.77929,2139.94997,100,20.0
2024.01.18 13:30,2141.32159,2141.72329,2140.77510,2141.56631,100,20.0
2024.01.18 13:45,2141.85660,2142.00951,2140.91137,2141.21499,100,20.0
2024.01.18 14:00,2142.23038,2142.40068,2142.13801,2142.25621,100,20.0
2024.01.18 14:15,2142.35741,2142.96118,2142.21628,2142.74840,100,20.0
2024.01.18 14:30,2142.70941,2144.10507,2142.65614,2143.66523,100,20.0
2024.01.18 14:45,2143.47735,2143.47839,2142.12116,2142.24998,100,20.0
2024.01.18 15:00,2142.82372,2143.38298,2142.44219,2143.15405,100,20.0
2024.01.18 15:15,2143.13031,2143.95624,2143.03297,2143.54457,100,20.0
2024.01.18 15:30,2143.60245,2144.49610,2142.94056,2144.27053,100,20.0
2024.01.18 15:45,2145.07143,2146.04120,2145.04236,2145.76795,100,20.0
2024.01.18 16:00,2146.00334,2147.06235,2145.91098,2146.59797,100,20.0
2024.01.18 16:15,2146.37645,2147.04394,2146.17204,2146.66509,100,20.0
2024.01.18 16:30,2146.07988,2146.70442,2145.56704,2146.66800,100,20.0
2024.01.18 16:45,2147.97263,2148.98055,2147.56310,2148.57092,100,20.0
2024.01.18 17:00,2148.07127,2148.18720,2147.88590,2147.96827,100,20.0
2024.01.18 17:15,2147.07271,2147.32476,2146.76895,2147.28365,100,20.0
2024.01.18 17:30,2147.79802,2148.23773,2146.58581,2146.96466,100,20.0
2024.01.18 17:45,2145.29250,2145.79668,2144.29405,2145.50229,100,20.0
2024.01.18 18:00,2145.79996,2146.37630,2145.37878,2145.52537,100,20.0
2024.01.18 18:15,2146.06090,2146.11591,2145.46208,2145.83458,100,20.0
2024.01.18 18:30,2145.73050,2145.90878,2144.93578,2145.19784,100,20.0
2024.01.18 18:45,2145.82005,2146.24318,2144.97883,2145.71523,100,20.0
2024.01.18 19:00,2145.41856,2146.14338,2145.26705,2145.31814,100,20.0
2024.01.18 19:15,2145.29892,2145.51124,2144.35044,2145.04359,100,20.0
2024.01.18 19:30,2144.85316,2145.90889,2144.71931,2145.57573,100,20.0
2024.01.18 19:45,2146.30992,2147.02776,2146.03537,2146.70791,100,20.0
2024.01.18 20:00,2146.64210,2147.54145,2146.29322,2147.29625,100,20.0
2024.01.18 20:15,2148.12003,2149.21173,2147.77725,2148.71406,100,20.0
2024.01.18 20:30,2149.25394,2149.56417,2149.06305,2149.23692,100,20.0
2024.01.18 20:45,2149.44305,2149.63641,2148.52684,2148.72191,100,20.0
2024.01.18 21:00,2148.14423,2148.63778,2147.80043,2148.33984,100,20.0
2024.01.18 21:15,2148.23747,2148.62705,2147.39044,2147.80933,100,20.0
2024.01.18 21:30,2147.88467,2148.43439,2147.61808,2147.73166,100,20.0
2024.01.18 21:45,2147.70928,2148.59566,2147.25851,2148.34659,100,20.0
2024.01.18 22:00,2149.60473,2150.56657,2149.39258,2149.59353,100,20.0
2024.01.18 22:15,2149.14717,2149.46828,2148.47584,2148.58074,100,20.0
2024.01.18 22:30,2148.98735,2149.27792,2147.95365,2148.34616,100,20.0
2024.01.18 22:45,2148.56950,2148.91741,2148.15100,2148.42779,100,20.0
2024.01.18 23:00,2149.37277,2149.61534,2148.27915,2148.64893,100,20.0
2024.01.18 23:15,2149.07658,2149.78422,2149.00960,2149.65733,100,20.0
2024.01.18 23:30,2150.27506,2150.58109,2149.57745,2150.46642,100,20.0
2024.01.18 23:45,2150.75832,2151.37634,2150.74086,2151.06876,100,20.0
2024.01.19 00:00,2151.07880,2151.48737,2150.96222,2151.44259,100,20.0
2024.01.19 00:15,2150.66894,2151.83337,2150.35740,2151.72356,100,20.0
2024.01.19 00:30,2151.21919,2151.38581,2150.42826,2150.86395,100,20.0
2024.01.19 00:45,2151.10131,2151.31881,2150.84266,2151.03373,100,20.0
2024.01.19 01:00,2151.25319,2151.80592,2149.50418,2150.19104,100,20.0
2024.01.19 01:15,2150.24072,2151.06551,2150.03946,2150.72290,100,20.0
2024.01.19 01:30,2152.17408,2153.18447,2151.47677,2152.97518,100,20.0
2024.01.19 01:45,2153.61996,2154.25129,2152.46036,2152.85095,100,20.0
2024.01.19 02:00,2152.38469,2152.51836,2151.65528,2152.25699,100,20.0
2024.01.19 02:15,2151.67948,2151.84249,2151.54000,2151.68251,100,20.0
2024.01.19 02:30,2151.46854,2151.76062,2151.04698,2151.69800,100,20.0
2024.01.19 02:45,2153.10964,2153.16452,2152.45813,2152.75958,100,20.0
2024.01.19 03:00,2152.02270,2152.16300,2151.83528,2151.85973,100,20.0
2024.01.19 03:15,2151.92106,2152.34191,2151.48316,2152.17020,100,20.0
2024.01.19 03:30,2153.43830,2154.95048,2153.42465,2154.05408,100,20.0
2024.01.19 03:45,2153.53945,2153.63814,2153.00703,2153.50850,100,20.0
2024.01.19 04:00,2154.09820,2154.28762,2153.71257,2154.13714,100,20.0
2024.01.19 04:15,2154.50575,2155.05631,2153.57112,2153.80206,100,20.0
2024.01.19 04:30,2153.30965,2153.37924,2152.96046,2153.10728,100,20.0
2024.01.19 04:45,2152.56789,2153.23542,2152.39277,2152.44708,100,20.0
2024.01.19 05:00,2152.55407,2152.74267,2152.40315,2152.55328,100,20.0
2024.01.19 05:15,2152.78855,2152.81539,2152.14319,2152.63080,100,20.0
2024.01.19 05:30,2152.78438,2153.02940,2152.53385,2152.78582,100,20.0
2024.01.19 05:45,2153.71858,2153.77216,2152.95955,2153.07637,100,20.0
2024.01.19 06:00,2153.31247,2153.56068,2152.49972,2152.59685,100,20.0
2024.01.19 06:15,2152.13175,2153.15534,2152.12152,2152.48966,100,20.0
2024.01.19 06:30,2152.54550,2153.64727,2151.60339,2153.49387,100,20.0
2024.01.19 06:45,2153.71150,2153.78336,2153.54677,2153.62091,100,20.0
2024.01.19 07:00,2154.42935,2155.44093,2154.10361,2154.60933,100,20.0
2024.01.19 07:15,2154.11644,2154.29581,2152.80275,2153.07600,100,20.0
2024.01.19 07:30,2153.21170,2154.10566,2152.84008,2154.05369,100,20.0
2024.01.19 07:45,2154.06692,2154.40047,2152.78649,2153.07874,100,20.0
2024.01.19 08:00,2152.93442,2153.85060,2152.70526,2153.27668,100,20.0
2024.01.19 08:15,2152.75341,2153.58444,2152.50956,2153.52101,100,20.0
2024.01.19 08:30,2153.31153,2153.42296,2152.89885,2153.37162,100,20.0
2024.01.19 08:45,2153.54111,2153.89298,2153.36898,2153.48280,100,20.0
2024.01.19 09:00,2153.45336,2153.70498,2153.45001,2153.60808,100,20.0
2024.01.19 09:15,2151.93063,2152.04677,2151.78202,2151.93033,100,20.0
2024.01.19 09:30,2152.41925,2152.81256,2151.88582,2152.28646,100,20.0
2024.01.19 09:45,2152.65808,2153.71753,2152.47659,2153.06733,100,20.0
2024.01.19 10:00,2153.00055,2153.32133,2152.75068,2152.94225,100,20.0
2024.01.19 10:15,2152.22392,2152.60254,2151.71649,2152.43645,100,20.0
2024.01.19 10:30,2151.25228,2151.81632,2150.86729,2151.36659,100,20.0
2024.01.19 10:45,2152.78368,2153.64741,2152.39034,2152.92798,100,20.0
2024.01.19 11:00,2152.28534,2153.88898,2152.07111,2153.04611,100,20.0
2024.01.19 11:15,2153.32988,2153.34715,2153.04485,2153.24755,100,20.0
2024.01.19 11:30,2153.29906,2153.98477,2153.28840,2153.74362,100,20.0
2024.01.19 11:45,2152.78355,2153.64009,2152.61142,2153.30009,100,20.0
2024.01.19 12:00,2153.87740,2154.22961,2152.99173,2153.02360,100,20.0
2024.01.19 12:15,2152.65051,2152.88001,2152.07900,2152.56154,100,20.0
2024.01.19 12:30,2152.47621,2152.84008,2152.31550,2152.78106,100,20.0
2024.01.19 12:45,2153.70505,2153.84221,2153.23269,2153.45509,100,20.0
2024.01.19 13:00,2152.43637,2153.26724,2152.42690,2152.78390,100,20.0
2024.01.19 13:15,2152.04539,2152.35580,2151.84300,2152.05288,100,20.0
2024.01.19 13:30,2152.00565,2152.01858,2150.86922,2151.14654,100,20.0
2024.01.19 13:45,2150.73098,2151.45521,2150.50919,2151.24280,100,20.0
2024.01.19 14:00,2151.91463,2152.39448,2151.55634,2152.11196,100,20.0
2024.01.19 14:15,2151.70339,2151.71321,2151.46139,2151.54654,100,20.0
2024.01.19 14:30,2151.80885,2152.40460,2151.69921,2152.37078,100,20.0
2024.01.19 14:45,2151.63446,2152.49309,2151.37632,2152.14442,100,20.0
2024.01.19 15:00,2152.49530,2152.76163,2152.07665,2152.68428,100,20.0
2024.01.19 15:15,2152.19066,2152.79851,2151.44629,2152.00693,100,20.0
2024.01.19 15:30,2151.31348,2151.47075,2150.25320,2150.48714,100,20.0
2024.01.19 15:45,2150.60764,2150.76277,2150.42940,2150.73885,100,20.0
2024.01.19 16:00,2151.29378,2151.30488,2150.68005,2151.05546,100,20.0
2024.01.19 16:15,2151.27157,2151.40192,2150.80253,2150.95614,100,20.0
2024.01.19 16:30,2150.37887,2150.61454,2150.06106,2150.14495,100,20.0
2024.01.19 16:45,2149.57826,2150.30913,2148.96752,2150.00215,100,20.0
2024.01.19 17:00,2150.09202,2150.66575,2149.28379,2149.46390,100,20.0
2024.01.19 17:15,2149.26829,2150.44289,2149.08875,2150.11594,100,20.0
2024.01.19 17:30,2150.13347,2150.91942,2149.81071,2150.73527,100,20.0
2024.01.19 17:45,2150.83265,2151.18320,2150.38798,2150.45059,100,20.0
2024.01.19 18:00,2150.85287,2151.26631,2150.60624,2151.20649,100,20.0
2024.01.19 18:15,2151.58329,2152.38519,2150.68830,2150.71817,100,20.0
2024.01.19 18:30,2153.24946,2153.72095,2152.96852,2153.65924,100,20.0
2024.01.19 18:45,2154.40374,2154.67266,2154.16003,2154.39236,100,20.0
2024.01.19 19:00,2154.05925,2154.41687,2153.95512,2154.21249,100,20.0
2024.01.19 19:15,2153.67906,2154.23229,2153.39105,2154.11723,100,20.0
2024.01.19 19:30,2153.67268,2153.83497,2152.75069,2153.02749,100,20.0
2024.01.19 19:45,2152.13860,2152.41646,2152.12233,2152.30043,100,20.0
2024.01.19 20:00,2152.11419,2152.60414,2151.62364,2151.70148,100,20.0
2024.01.19 20:15,2153.71767,2154.25224,2153.25315,2153.61221,100,20.0
2024.01.19 20:30,2154.94929,2154.96797,2154.27448,2154.42360,100,20.0
2024.01.19 20:45,2155.62817,2156.61158,2155.45113,2155.48072,100,20.0
2024.01.19 21:00,2156.04191,2156.56499,2155.18856,2155.37184,100,20.0
2024.01.19 21:15,2155.02076,2155.26467,2154.66741,2154.98876,100,20.0
2024.01.19 21:30,2155.53894,2156.43198,2155.52009,2156.19008,100,20.0
2024.01.19 21:45,2156.77395,2157.60250,2156.08674,2157.42545,100,20.0
2024.01.19 22:00,2157.34352,2157.89519,2156.83200,2156.88889,100,20.0
2024.01.19 22:15,2156.95266,2157.07147,2155.86176,2156.21448,100,20.0
2024.01.19 22:30,2156.39417,2156.58740,2156.20307,2156.33584,100,20.0
2024.01.19 22:45,2156.54362,2156.58974,2156.07264,2156.38312,100,20.0
2024.01.19 23:00,2155.98809,2156.78787,2155.73952,2156.14438,100,20.0
2024.01.19 23:15,2156.23349,2156.64123,2156.13148,2156.52285,100,20.0
2024.01.19 23:30,2156.14901,2156.43365,2155.95967,2156.34918,100,20.0
2024.01.19 23:45,2155.18948,2155.72166,2155.05689,2155.26286,100,20.0
2024.01.20 00:00,2155.15483,2155.48612,2155.07497,2155.41601,100,20.0
2024.01.20 00:15,2155.71622,2156.02970,2155.08837,2155.57235,100,20.0
2024.01.20 00:30,2156.32106,2156.38657,2156.00114,2156.08550,100,20.0
2024.01.20 00:45,2155.91248,2156.03220,2155.10443,2155.36394,100,20.0
2024.01.20 01:00,2155.87917,2156.30165,2155.21090,2155.29183,100,20.0
2024.01.20 01:15,2155.54591,2156.01050,2155.11568,2155.50566,100,20.0
2024.01.20 01:30,2155.32357,2156.11876,2154.89941,2155.01461,100,20.0
2024.01.20 01:45,2154.82855,2155.08740,2154.71386,2154.71893,100,20.0
2024.01.20 02:00,2154.59578,2155.24701,2154.54246,2155.01807,100,20.0
2024.01.20 02:15,2155.77061,2155.80096,2154.69854,2155.36240,100,20.0
2024.01.20 02:30,2156.32798,2156.75855,2155.78922,2156.03758,100,20.0
2024.01.20 02:45,2156.30900,2156.74989,2155.38225,2156.03433,100,20.0
2024.01.20 03:00,2155.02289,2155.30392,2154.53827,2154.90095,100,20.0
2024.01.20 03:15,2154.24261,2154.82196,2153.86144,2154.74832,100,20.0
2024.01.20 03:30,2154.18343,2154.71652,2154.09700,2154.45874,100,20.0
2024.01.20 03:45,2155.39337,2156.00922,2154.33243,2154.56088,100,20.0
2024.01.20 04:00,2155.07393,2155.25400,2154.28282,2154.98005,100,20.0
2024.01.20 04:15,2155.04307,2156.54516,2154.55964,2156.12606,100,20.0
2024.01.20 04:30,2156.86574,2157.64805,2156.80676,2157.11654,100,20.0
2024.01.20 04:45,2157.13373,2157.46657,2156.82889,2157.04692,100,20.0
2024.01.20 05:00,2156.60634,2156.83802,2155.44431,2155.55967,100,20.0
2024.01.20 05:15,2155.00460,2156.06536,2154.42882,2155.48994,100,20.0
2024.01.20 05:30,2155.03698,2155.71402,2154.51935,2154.72859,100,20.0
2024.01.20 05:45,2155.37251,2155.79437,2154.35335,2154.67592,100,20.0
2024.01.20 06:00,2154.23735,2155.83015,2154.17497,2155.35453,100,20.0
2024.01.20 06:15,2155.56351,2156.87250,2154.91573,2156.41157,100,20.0
2024.01.20 06:30,2156.27548,2156.44989,2155.42149,2156.19607,100,20.0
2024.01.20 06:45,2156.43847,2156.95750,2156.02078,2156.02093,100,20.0
2024.01.20 07:00,2155.54289,2155.95958,2154.93164,2155.41248,100,20.0
2024.01.20 07:15,2154.92484,2155.67758,2153.95428,2154.34666,100,20.0
2024.01.20 07:30,2154.29207,2155.62787,2153.95960,2155.35742,100,20.0
2024.01.20 07:45,2155.41882,2156.68396,2155.09931,2156.01629,100,20.0
2024.01.20 08:00,2157.62033,2158.23087,2157.25368,2158.22389,100,20.0
2024.01.20 08:15,2156.90734,2157.71146,2156.80969,2157.14845,100,20.0
2024.01.20 08:30,2156.36787,2156.79136,2156.16079,2156.73343,100,20.0
2024.01.20 08:45,2156.40534,2156.68330,2156.35961,2156.58421,100,20.0
2024.01.20 09:00,2156.41103,2156.63932,2155.74840,2156.40993,100,20.0
2024.01.20 09:15,2157.17610,2158.03830,2157.04734,2157.71525,100,20.0
2024.01.20 09:30,2156.89151,2157.62307,2156.53555,2157.53502,100,20.0
2024.01.20 09:45,2157.93577,2158.08820,2157.87913,2158.07590,100,20.0
2024.01.20 10:00,2158.48594,2158.85234,2158.25598,2158.84331,100,20.0
2024.01.20 10:15,2157.70419,2158.65181,2157.42401,2158.44003,100,20.0
2024.01.20 10:30,2159.93804,2160.40320,2159.80531,2159.98565,100,20.0
2024.01.20 10:45,2160.08470,2160.36955,2159.46839,2159.82964,100,20.0
2024.01.20 11:00,2160.01019,2160.56056,2159.93728,2160.36397,100,20.0
2024.01.20 11:15,2159.89636,2161.42561,2159.62308,2161.08458,100,20.0
2024.01.20 11:30,2160.71772,2161.12991,2160.44416,2160.83361,100,20.0
2024.01.20 11:45,2160.50604,2161.09669,2160.04611,2160.28806,100,20.0
2024.01.20 12:00,2160.33847,2160.69138,2158.82298,2159.16888,100,20.0
2024.01.20 12:15,2158.76771,2158.93306,2158.44964,2158.86019,100,20.0
2024.01.20 12:30,2158.52017,2159.32671,2158.17911,2158.35449,100,20.0
2024.01.20 12:45,2158.03896,2158.41453,2157.79567,2157.87592,100,20.0
2024.01.20 13:00,2157.81769,2157.84867,2156.47340,2156.91492,100,20.0
2024.01.20 13:15,2157.79504,2158.20545,2157.36822,2158.06543,100,20.0
2024.01.20 13:30,2158.31417,2159.52915,2157.95161,2158.97532,100,20.0
2024.01.20 13:45,2158.31769,2159.06273,2157.99901,2158.89184,100,20.0
2024.01.20 14:00,2160.02280,2160.06372,2159.21346,2159.56915,100,20.0
2024.01.20 14:15,2160.18885,2160.43582,2159.64006,2159.94086,100,20.0
2024.01.20 14:30,2159.96769,2160.82859,2159.28649,2159.53577,100,20.0
2024.01.20 14:45,2158.28934,2159.40271,2157.97373,2158.96357,100,20.0
2024.01.20 15:00,2159.57901,2159.58715,2158.99897,2159.23123,100,20.0
2024.01.20 15:15,2160.27369,2160.38499,2160.17925,2160.31583,100,20.0
2024.01.20 15:30,2161.23470,2161.82373,2160.30766,2160.94559,100,20.0
2024.01.20 15:45,2159.75195,2160.15600,2159.35284,2159.90403,100,20.0
2024.01.20 16:00,2160.28815,2160.90567,2160.10720,2160.61276,100,20.0
2024.01.20 16:15,2161.45132,2161.55205,2160.83020,2161.49634,100,20.0
2024.01.20 16:30,2160.68290,2161.32856,2160.19844,2161.24977,100,20.0
2024.01.20 16:45,2161.63875,2162.90290,2161.34972,2162.73148,100,20.0
2024.01.20 17:00,2163.08437,2163.28861,2162.77455,2162.79678,100,20.0
2024.01.20 17:15,2162.83163,2162.99232,2161.83842,2161.97168,100,20.0
2024.01.20 17:30,2163.04315,2163.08106,2162.51146,2162.89889,100,20.0
2024.01.20 17:45,2162.72766,2162.99324,2162.24935,2162.42105,100,20.0
2024.01.20 18:00,2162.85636,2163.00529,2161.70685,2162.29741,100,20.0
2024.01.20 18:15,2161.47078,2161.88787,2160.74805,2160.77150,100,20.0
2024.01.20 18:30,2161.17045,2161.37633,2160.62650,2160.65496,100,20.0
2024.01.20 18:45,2159.71415,2160.79793,2159.30697,2159.78462,100,20.0
2024.01.20 19:00,2159.42653,2159.59786,2159.09316,2159.26493,100,20.0
2024.01.20 19:15,2159.81125,2161.20005,2159.69110,2160.74378,100,20.0
2024.01.20 19:30,2161.13664,2162.13709,2160.73260,2161.66190,100,20.0
2024.01.20 19:45,2161.13135,2161.68463,2160.98850,2161.26980,100,20.0
2024.01.20 20:00,2161.63078,2161.68453,2160.41713,2160.99932,100,20.0
2024.01.20 20:15,2160.10596,2160.57078,2159.24272,2159.37498,100,20.0
2024.01.20 20:30,2159.63876,2160.22034,2158.93645,2159.36855,100,20.0
2024.01.20 20:45,2159.37895,2159.78101,2159.05197,2159.21413,100,20.0
2024.01.20 21:00,2159.37983,2160.02996,2158.12280,2158.56166,100,20.0
2024.01.20 21:15,2158.03484,2158.31278,2157.91940,2158.10480,100,20.0
2024.01.20 21:30,2158.52189,2158.68905,2157.53161,2158.36077,100,20.0
2024.01.20 21:45,2158.29337,2158.59163,2157.55168,2157.93411,100,20.0
2024.01.20 22:00,2157.17182,2157.64940,2156.98199,2157.55994,100,20.0
2024.01.20 22:15,2157.82035,2158.22552,2157.42320,2157.69596,100,20.0
2024.01.20 22:30,2158.22017,2158.31100,2157.91381,2158.11403,100,20.0
2024.01.20 22:45,2157.77060,2158.06310,2156.93184,2157.13568,100,20.0
2024.01.20 23:00,2156.50155,2156.60800,2155.65596,2155.92361,100,20.0
2024.01.20 23:15,2156.49899,2157.05951,2156.05281,2156.87038,100,20.0
2024.01.20 23:30,2157.39549,2157.39831,2157.19205,2157.26015,100,20.0
2024.01.20 23:45,2158.13916,2158.26027,2157.65059,2158.04043,100,20.0
2024.01.21 00:00,2158.35853,2158.49769,2158.08085,2158.13996,100,20.0
2024.01.21 00:15,2157.72620,2158.01284,2157.70915,2157.75640,100,20.0
2024.01.21 00:30,2157.77030,2158.24173,2157.43624,2157.45469,100,20.0
2024.01.21 00:45,2156.95290,2157.23981,2156.21759,2156.70309,100,20.0
2024.01.21 01:00,2156.71637,2157.14662,2156.10792,2156.24676,100,20.0
2024.01.21 01:15,2156.05482,2156.25734,2154.69073,2154.84166,100,20.0
2024.01.21 01:30,2154.44074,2154.78248,2153.84066,2154.59484,100,20.0
2024.01.21 01:45,2154.30371,2155.07986,2154.28981,2154.63779,100,20.0
2024.01.21 02:00,2155.11698,2155.66227,2154.38586,2155.09138,100,20.0
2024.01.21 02:15,2154.83094,2154.94288,2154.39376,2154.61995,100,20.0
2024.01.21 02:30,2153.88117,2154.22461,2153.70571,2154.11132,100,20.0
2024.01.21 02:45,2154.31064,2155.01066,2153.29496,2153.67669,100,20.0
2024.01.21 03:00,2154.46490,2154.58125,2153.87308,2154.11382,100,20.0
2024.01.21 03:15,2154.20484,2154.85224,2154.14593,2154.72078,100,20.0
2024.01.21 03:30,2155.54349,2156.11429,2155.28311,2155.44361,100,20.0
2024.01.21 03:45,2155.68059,2156.85464,2155.49858,2156.32482,100,20.0
2024.01.21 04:00,2156.37036,2156.93964,2155.81491,2156.56612,100,20.0
2024.01.21 04:15,2157.27995,2157.80865,2156.92206,2157.36660,100,20.0
2024.01.21 04:30,2158.23104,2158.34603,2157.64802,2158.23149,100,20.0
2024.01.21 04:45,2157.77350,2157.98022,2157.27030,2157.59784,100,20.0
2024.01.21 05:00,2156.90656,2158.19336,2156.82895,2157.93037,100,20.0
2024.01.21 05:15,2158.50472,2158.69711,2158.14623,2158.61217,100,20.0
2024.01.21 05:30,2157.76911,2157.97084,2157.50257,2157.51532,100,20.0
2024.01.21 05:45,2157.59084,2157.79315,2156.94198,2157.53909,100,20.0
2024.01.21 06:00,2158.03724,2158.09441,2157.89689,2158.01541,100,20.0
2024.01.21 06:15,2158.63371,2159.66753,2158.37317,2159.19434,100,20.0
2024.01.21 06:30,2159.15727,2159.84260,2158.77137,2159.54624,100,20.0
2024.01.21 06:45,2159.61106,2160.66853,2159.28619,2160.24514,100,20.0
2024.01.21 07:00,2160.81708,2161.27845,2160.45462,2160.55774,100,20.0
2024.01.21 07:15,2161.21343,2162.14124,2161.05538,2161.86704,100,20.0
2024.01.21 07:30,2162.94634,2163.04222,2162.73713,2163.00741,100,20.0
2024.01.21 07:45,2163.48626,2163.91310,2163.18721,2163.24361,100,20.0
2024.01.21 08:00,2163.47607,2163.66919,2162.46009,2163.15924,100,20.0
2024.01.21 08:15,2163.17727,2163.71754,2162.80422,2163.44894,100,20.0
2024.01.21 08:30,2162.18271,2162.34018,2161.72276,2161.92161,100,20.0
2024.01.21 08:45,2161.06971,2161.68416,2160.95971,2161.43198,100,20.0
2024.01.21 09:00,2161.51764,2161.59444,2160.16266,2161.04371,100,20.0
2024.01.21 09:15,2161.71104,2162.62601,2161.39699,2162.57970,100,20.0
2024.01.21 09:30,2163.17546,2163.61921,2162.45048,2163.19542,100,20.0
2024.01.21 09:45,2163.99724,2164.17801,2163.78281,2164.08085,100,20.0
2024.01.21 10:00,2164.41187,2164.89797,2164.20192,2164.81233,100,20.0
2024.01.21 10:15,2164.86597,2164.92700,2163.92856,2164.11291,100,20.0
2024.01.21 10:30,2163.73500,2164.36420,2163.53067,2163.98046,100,20.0
2024.01.21 10:45,2164.47535,2165.13626,2164.42383,2164.85243,100,20.0
2024.01.21 11:00,2163.91495,2164.79433,2163.85858,2164.49323,100,20.0
2024.01.21 11:15,2165.25697,2165.34455,2164.74670,2164.85275,100,20.0
2024.01.21 11:30,2164.44403,2165.39076,2164.34037,2164.86221,100,20.0
2024.01.21 11:45,2164.26371,2165.26498,2164.24147,2164.48888,100,20.0
2024.01.21 12:00,2163.97589,2164.47135,2163.43474,2164.10216,100,20.0
2024.01.21 12:15,2164.86594,2165.96756,2164.82294,2165.85624,100,20.0
2024.01.21 12:30,2165.38527,2165.53944,2164.83867,2164.95565,100,20.0
2024.01.21 12:45,2165.14016,2166.13554,2165.09591,2166.07091,100,20.0
2024.01.21 13:00,2166.74768,2166.75218,2165.94833,2166.67383,100,20.0
2024.01.21 13:15,2167.81591,2168.61493,2167.70516,2167.98863,100,20.0
2024.01.21 13:30,2167.51395,2168.21019,2166.83547,2167.63762,100,20.0
2024.01.21 13:45,2167.52409,2168.69019,2167.43449,2168.16512,100,20.0
2024.01.21 14:00,2168.07251,2168.16045,2167.09108,2167.33245,100,20.0
2024.01.21 14:15,2166.34816,2166.86866,2165.90186,2166.48475,100,20.0
2024.01.21 14:30,2166.57291,2167.40424,2165.36173,2165.58168,100,20.0
2024.01.21 14:45,2165.66578,2166.15162,2165.15605,2165.93205,100,20.0
2024.01.21 15:00,2164.94138,2165.18845,2164.19533,2164.26531,100,20.0
2024.01.21 15:15,2165.50681,2166.87844,2164.88467,2166.33643,100,20.0
2024.01.21 15:30,2166.50676,2166.79018,2166.03293,2166.14630,100,20.0
2024.01.21 15:45,2166.53906,2167.04636,2166.20012,2166.46431,100,20.0
2024.01.21 16:00,2166.28658,2166.46516,2165.60589,2165.66435,100,20.0
2024.01.21 16:15,2165.97979,2166.20429,2165.70730,2165.92218,100,20.0
2024.01.21 16:30,2166.74077,2166.85956,2166.51761,2166.75590,100,20.0
2024.01.21 16:45,2166.11556,2166.34868,2164.74609,2165.22733,100,20.0
2024.01.21 17:00,2165.13774,2165.38698,2164.97069,2165.18465,100,20.0
2024.01.21 17:15,2166.38697,2166.54172,2166.03467,2166.44356,100,20.0
2024.01.21 17:30,2166.30619,2167.08796,2166.30414,2166.95229,100,20.0
2024.01.21 17:45,2167.98687,2168.06709,2167.84453,2167.90452,100,20.0
2024.01.21 18:00,2166.85600,2166.92886,2166.28508,2166.30706,100,20.0
2024.01.21 18:15,2166.54533,2166.86808,2166.16241,2166.60116,100,20.0
2024.01.21 18:30,2166.06838,2166.12451,2165.50899,2166.08037,100,20.0
2024.01.21 18:45,2164.87242,2164.94228,2164.58330,2164.91006,100,20.0
2024.01.21 19:00,2165.87979,2166.26853,2165.37052,2165.61892,100,20.0
2024.01.21 19:15,2166.15278,2167.23875,2166.10922,2166.60356,100,20.0
2024.01.21 19:30,2166.27312,2166.56922,2166.22242,2166.23622,100,20.0
2024.01.21 19:45,2167.30280,2168.10237,2167.01012,2167.15933,100,20.0
2024.01.21 20:00,2166.95726,2167.63546,2166.76374,2166.78855,100,20.0
2024.01.21 20:15,2166.94269,2167.27629,2166.09085,2166.69638,100,20.0
2024.01.21 20:30,2167.77857,2169.53516,2167.74117,2169.16518,100,20.0
2024.01.21 20:45,2168.15668,2168.37481,2168.00629,2168.07497,100,20.0
2024.01.21 21:00,2167.14834,2167.82039,2166.93958,2167.58794,100,20.0
2024.01.21 21:15,2167.07229,2167.18956,2166.19740,2166.76100,100,20.0
2024.01.21 21:30,2166.75719,2167.61365,2166.24799,2167.36709,100,20.0
2024.01.21 21:45,2166.83055,2167.07778,2166.21192,2166.68407,100,20.0
2024.01.21 22:00,2166.90969,2167.72722,2166.79111,2167.48588,100,20.0
2024.01.21 22:15,2167.51744,2167.57759,2166.97553,2167.15990,100,20.0
2024.01.21 22:30,2166.08956,2166.30119,2165.83430,2165.84911,100,20.0
2024.01.21 22:45,2164.77742,2165.34348,2164.14689,2164.31764,100,20.0
2024.01.21 23:00,2163.52679,2164.29085,2163.47541,2163.88110,100,20.0
2024.01.21 23:15,2164.13429,2164.89834,2164.06243,2164.80542,100,20.0
2024.01.21 23:30,2164.95475,2165.25217,2164.91496,2165.24534,100,20.0
2024.01.21 23:45,2165.17656,2166.12591,2165.01622,2166.09609,100,20.0
2024.01.22 00:00,2166.38130,2166.99959,2166.24663,2166.93461,100,20.0
2024.01.22 00:15,2167.32574,2168.06665,2167.20797,2167.85021,100,20.0
2024.01.22 00:30,2167.01432,2167.47968,2166.90224,2167.38167,100,20.0
2024.01.22 00:45,2167.18765,2167.49043,2166.80315,2167.46566,100,20.0
2024.01.22 01:00,2167.63164,2168.56735,2167.60822,2168.04194,100,20.0
2024.01.22 01:15,2167.33873,2168.31363,2166.70401,2168.21550,100,20.0
2024.01.22 01:30,2168.96327,2169.46839,2167.83798,2168.59075,100,20.0
2024.01.22 01:45,2168.92622,2169.52586,2168.68806,2168.75876,100,20.0
2024.01.22 02:00,2168.75729,2169.58940,2168.59707,2168.93884,100,20.0
2024.01.22 02:15,2168.52843,2168.87328,2167.17829,2167.57479,100,20.0
2024.01.22 02:30,2167.41062,2167.78051,2165.89865,2166.34071,100,20.0
2024.01.22 02:45,2166.64613,2166.80093,2166.01210,2166.72997,100,20.0
2024.01.22 03:00,2166.86424,2167.51766,2166.25038,2167.12069,100,20.0
2024.01.22 03:15,2166.68239,2166.90678,2166.36808,2166.40082,100,20.0
2024.01.22 03:30,2166.40705,2166.93225,2165.80293,2166.87227,100,20.0
2024.01.22 03:45,2166.60342,2167.41016,2166.13828,2167.07638,100,20.0
2024.01.22 04:00,2166.94683,2168.53000,2166.89919,2168.28399,100,20.0
2024.01.22 04:15,2168.18329,2168.66428,2168.07590,2168.13272,100,20.0
2024.01.22 04:30,2169.24414,2169.84505,2168.58200,2169.46925,100,20.0
2024.01.22 04:45,2170.46088,2170.69428,2170.25223,2170.34932,100,20.0
2024.01.22 05:00,2171.15838,2171.90803,2170.58454,2171.15227,100,20.0
2024.01.22 05:15,2172.31315,2172.46346,2171.78400,2172.32811,100,20.0
2024.01.22 05:30,2172.27100,2172.97647,2172.21948,2172.72482,100,20.0
2024.01.22 05:45,2172.99518,2173.39712,2172.86638,2172.90883,100,20.0
2024.01.22 06:00,2173.13278,2173.52757,2171.59106,2172.08178,100,20.0
2024.01.22 06:15,2171.73076,2171.86721,2170.26313,2170.90518,100,20.0
2024.01.22 06:30,2170.77020,2171.30658,2169.75376,2170.04439,100,20.0
2024.01.22 06:45,2169.77959,2169.87619,2169.30161,2169.81295,100,20.0
2024.01.22 07:00,2169.94380,2171.01950,2169.83262,2170.77488,100,20.0
2024.01.22 07:15,2169.11877,2169.38634,2168.47282,2168.59878,100,20.0
2024.01.22 07:30,2168.90735,2169.89367,2168.78349,2169.64138,100,20.0
2024.01.22 07:45,2168.90310,2169.19807,2168.63975,2168.80951,100,20.0
2024.01.22 08:00,2167.94531,2168.17652,2167.10269,2167.74319,100,20.0
2024.01.22 08:15,2168.82994,2169.58948,2168.55445,2169.14320,100,20.0
2024.01.22 08:30,2169.10348,2170.47857,2168.95090,2170.05323,100,20.0
2024.01.22 08:45,2170.83005,2171.29187,2170.08112,2170.54927,100,20.0
2024.01.22 09:00,2169.25750,2169.41823,2168.79910,2168.80239,100,20.0
2024.01.22 09:15,2168.26635,2169.39352,2168.16097,2168.80656,100,20.0
2024.01.22 09:30,2168.90107,2169.58835,2168.83652,2169.39259,100,20.0
2024.01.22 09:45,2169.53854,2169.85449,2169.32267,2169.47150,100,20.0
2024.01.22 10:00,2169.31091,2169.82734,2168.55562,2168.72550,100,20.0
2024.01.22 10:15,2170.01646,2170.21518,2169.55956,2170.07493,100,20.0
2024.01.22 10:30,2170.12022,2171.20429,2169.76533,2171.14103,100,20.0
2024.01.22 10:45,2171.26195,2171.83966,2170.88439,2171.67129,100,20.0
2024.01.22 11:00,2170.17440,2170.33542,2169.44698,2169.98232,100,20.0
2024.01.22 11:15,2170.08594,2171.64312,2169.96313,2170.83918,100,20.0
2024.01.22 11:30,2170.54803,2170.70868,2170.26909,2170.36027,100,20.0
2024.01.22 11:45,2170.18953,2170.56900,2170.14062,2170.33138,100,20.0
2024.01.22 12:00,2169.81000,2170.39898,2168.75966,2169.04483,100,20.0
2024.01.22 12:15,2168.55021,2168.92138,2168.20489,2168.78641,100,20.0
2024.01.22 12:30,2169.01693,2169.13110,2168.70539,2168.82291,100,20.0
2024.01.22 12:45,2168.72750,2168.80932,2167.98170,2167.99976,100,20.0
2024.01.22 13:00,2168.04237,2168.35604,2167.97758,2168.34935,100,20.0
2024.01.22 13:15,2168.30199,2168.70783,2167.98382,2168.21336,100,20.0
2024.01.22 13:30,2167.47928,2167.52426,2167.16944,2167.19231,100,20.0
2024.01.22 13:45,2166.94239,2167.31567,2166.38951,2166.80649,100,20.0
2024.01.22 14:00,2167.34310,2167.37757,2166.15766,2166.16830,100,20.0
2024.01.22 14:15,2165.35943,2166.47944,2164.97871,2166.46664,100,20.0
2024.01.22 14:30,2167.34084,2168.75387,2167.29856,2168.38447,100,20.0
2024.01.22 14:45,2168.28770,2169.06980,2168.13614,2168.85756,100,20.0
2024.01.22 15:00,2169.00722,2169.07443,2168.33461,2168.52053,100,20.0
2024.01.22 15:15,2168.58101,2168.95873,2168.33720,2168.90044,100,20.0
2024.01.22 15:30,2168.53762,2169.57246,2168.43643,2168.77033,100,20.0
2024.01.22 15:45,2169.27940,2169.98729,2169.18647,2169.41621,100,20.0
2024.01.22 16:00,2170.35452,2170.88230,2170.28869,2170.48619,100,20.0
2024.01.22 16:15,2170.99210,2171.66427,2170.41136,2170.81692,100,20.0
2024.01.22 16:30,2171.89697,2172.26911,2170.85648,2171.16242,100,20.0
2024.01.22 16:45,2170.09363,2170.43264,2169.62929,2169.64365,100,20.0
2024.01.22 17:00,2171.02395,2171.69921,2171.01697,2171.32908,100,20.0
2024.01.22 17:15,2171.99769,2172.96368,2171.43993,2172.66961,100,20.0
2024.01.22 17:30,2172.46883,2173.17435,2172.26951,2172.32869,100,20.0
2024.01.22 17:45,2170.48634,2171.51949,2170.08204,2171.49575,100,20.0
2024.01.22 18:00,2171.66381,2172.16264,2171.09986,2172.14861,100,20.0
2024.01.22 18:15,2171.21035,2171.37464,2170.10233,2170.80895,100,20.0
2024.01.22 18:30,2170.39037,2171.93984,2169.66469,2171.13320,100,20.0
2024.01.22 18:45,2171.08345,2171.87698,2170.90458,2171.38117,100,20.0
2024.01.22 19:00,2169.83423,2170.01005,2169.40866,2169.48893,100,20.0
2024.01.22 19:15,2169.51637,2169.84449,2169.33540,2169.38790,100,20.0
2024.01.22 19:30,2170.43811,2170.49577,2169.63698,2169.68414,100,20.0
2024.01.22 19:45,2169.51283,2170.04375,2169.31723,2169.79177,100,20.0
2024.01.22 20:00,2168.27903,2168.46506,2168.16862,2168.18811,100,20.0
2024.01.22 20:15,2169.25418,2170.14644,2169.17144,2169.70357,100,20.0
2024.01.22 20:30,2170.18756,2170.50332,2170.10492,2170.33480,100,20.0
2024.01.22 20:45,2169.08776,2170.13462,2169.07849,2169.50449,100,20.0
2024.01.22 21:00,2168.85970,2169.09895,2168.71111,2168.74646,100,20.0
2024.01.22 21:15,2168.38167,2168.78601,2167.56904,2167.93032,100,20.0
2024.01.22 21:30,2168.50282,2168.73532,2168.09560,2168.58962,100,20.0
2024.01.22 21:45,2168.40005,2169.20483,2168.35390,2168.96367,100,20.0
2024.01.22 22:00,2168.57271,2168.79415,2168.43746,2168.70560,100,20.0
2024.01.22 22:15,2169.03955,2169.51770,2168.17807,2168.45064,100,20.0
2024.01.22 22:30,2167.37285,2167.38614,2166.15651,2166.64476,100,20.0
2024.01.22 22:45,2166.11708,2166.98461,2165.95424,2166.50088,100,20.0
2024.01.22 23:00,2166.60237,2167.05590,2166.00331,2166.16753,100,20.0
2024.01.22 23:15,2165.74271,2166.14755,2165.50205,2166.11969,100,20.0
2024.01.22 23:30,2166.05429,2166.76227,2165.99816,2166.65541,100,20.0
2024.01.22 23:45,2166.22254,2167.48377,2166.12986,2166.59383,100,20.0
2024.01.23 00:00,2166.34443,2166.88921,2166.02718,2166.70062,100,20.0
2024.01.23 00:15,2166.54514,2166.89184,2166.15404,2166.67901,100,20.0
2024.01.23 00:30,2165.06384,2165.39515,2164.77009,2164.85140,100,20.0
2024.01.23 00:45,2164.89552,2165.29249,2164.45779,2165.28290,100,20.0
2024.01.23 01:00,2165.05480,2165.41682,2164.60460,2165.12241,100,20.0
2024.01.23 01:15,2165.60819,2166.00567,2165.02700,2165.60777,100,20.0
2024.01.23 01:30,2165.34561,2165.35590,2165.02234,2165.32805,100,20.0
2024.01.23 01:45,2165.47262,2165.68595,2164.73072,2164.97651,100,20.0
2024.01.23 02:00,2164.79389,2165.07910,2164.33221,2164.59974,100,20.0
2024.01.23 02:15,2164.15046,2164.97223,2163.90696,2164.02372,100,20.0
2024.01.23 02:30,2164.43888,2165.21881,2163.51872,2164.84807,100,20.0
2024.01.23 02:45,2164.12785,2165.20500,2163.76625,2164.99427,100,20.0
2024.01.23 03:00,2164.29681,2164.66370,2163.32430,2163.48382,100,20.0
2024.01.23 03:15,2163.07496,2163.17166,2162.13377,2162.65166,100,20.0
2024.01.23 03:30,2164.36645,2165.76138,2164.24083,2165.54287,100,20.0
2024.01.23 03:45,2164.87796,2165.55778,2164.83127,2165.49312,100,20.0
2024.01.23 04:00,2165.54626,2165.87094,2165.28982,2165.53245,100,20.0
2024.01.23 04:15,2164.43550,2164.57150,2163.99288,2164.44302,100,20.0
2024.01.23 04:30,2165.07019,2165.23233,2164.53966,2164.59830,100,20.0
2024.01.23 04:45,2164.85858,2165.29023,2164.57661,2164.81316,100,20.0
2024.01.23 05:00,2164.88020,2165.47232,2164.60957,2165.04016,100,20.0
2024.01.23 05:15,2164.38347,2164.65566,2162.84518,2163.75813,100,20.0
2024.01.23 05:30,2163.12120,2163.47645,2163.11697,2163.28243,100,20.0
2024.01.23 05:45,2163.16092,2163.59760,2163.04237,2163.08892,100,20.0
2024.01.23 06:00,2162.53779,2163.68025,2162.35349,2162.96624,100,20.0
2024.01.23 06:15,2164.34952,2165.51245,2163.78616,2164.81147,100,20.0
2024.01.23 06:30,2164.86086,2165.03559,2163.74204,2164.54986,100,20.0
2024.01.23 06:45,2164.58919,2164.94713,2164.25949,2164.27108,100,20.0
2024.01.23 07:00,2164.10842,2164.13554,2163.16777,2163.32531,100,20.0
2024.01.23 07:15,2162.85820,2163.29988,2162.48099,2162.78614,100,20.0
2024.01.23 07:30,2162.36764,2162.74204,2162.35317,2162.65792,100,20.0
2024.01.23 07:45,2162.51605,2162.97010,2161.73721,2162.09122,100,20.0
2024.01.23 08:00,2162.12822,2163.74245,2162.03647,2163.58980,100,20.0
2024.01.23 08:15,2164.31740,2164.56610,2163.76942,2163.84961,100,20.0
2024.01.23 08:30,2164.64282,2164.72607,2163.76660,2164.27286,100,20.0
2024.01.23 08:45,2164.19048,2164.78549,2164.14482,2164.48757,100,20.0
2024.01.23 09:00,2164.31631,2164.53297,2163.39211,2163.81955,100,20.0
2024.01.23 09:15,2163.57105,2163.85074,2163.54815,2163.71553,100,20.0
2024.01.23 09:30,2164.18067,2164.51102,2163.76586,2164.05053,100,20.0
2024.01.23 09:45,2163.91697,2164.33089,2163.21227,2163.26925,100,20.0
2024.01.23 10:00,2162.39656,2162.55095,2161.27133,2161.38788,100,20.0
2024.01.23 10:15,2160.71308,2161.39996,2160.43012,2160.65118,100,20.0
2024.01.23 10:30,2160.77456,2160.90483,2160.09079,2160.49737,100,20.0
2024.01.23 10:45,2160.24734,2160.64566,2158.75206,2159.16008,100,20.0
2024.01.23 11:00,2158.28679,2158.36487,2157.60635,2158.01463,100,20.0
2024.01.23 11:15,2158.37546,2158.42196,2157.79565,2157.88606,100,20.0
2024.01.23 11:30,2158.11145,2159.03909,2158.03427,2158.73237,100,20.0
2024.01.23 11:45,2157.92442,2158.18700,2156.98817,2157.18582,100,20.0
2024.01.23 12:00,2157.31431,2157.94218,2157.29332,2157.50537,100,20.0
2024.01.23 12:15,2157.59048,2158.68857,2157.11278,2158.36124,100,20.0
2024.01.23 12:30,2155.97912,2156.21712,2155.57917,2155.63453,100,20.0
2024.01.23 12:45,2155.44513,2155.84207,2155.25452,2155.79804,100,20.0
2024.01.23 13:00,2155.65379,2155.91820,2155.45082,2155.48912,100,20.0
2024.01.23 13:15,2156.02755,2156.96508,2155.68913,2155.97085,100,20.0
2024.01.23 13:30,2155.22415,2156.75752,2154.44537,2155.93106,100,20.0
2024.01.23 13:45,2156.29003,2157.02686,2155.78465,2156.73663,100,20.0
2024.01.23 14:00,2157.82074,2158.03117,2157.04198,2157.26844,100,20.0
2024.01.23 14:15,2157.19346,2157.74839,2156.86455,2157.55816,100,20.0
2024.01.23 14:30,2156.95532,2157.64413,2156.64532,2157.17064,100,20.0
2024.01.23 14:45,2156.57822,2157.90554,2156.19320,2157.58847,100,20.0
2024.01.23 15:00,2157.66654,2158.17507,2157.54784,2158.03956,100,20.0
2024.01.23 15:15,2158.55776,2158.92533,2158.46143,2158.71828,100,20.0
2024.01.23 15:30,2159.40319,2159.58586,2158.71626,2159.20440,100,20.0
2024.01.23 15:45,2159.07836,2159.10339,2158.26791,2158.72384,100,20.0
2024.01.23 16:00,2158.34576,2158.60811,2157.40225,2157.61553,100,20.0
2024.01.23 16:15,2157.22395,2157.55816,2156.95137,2157.50599,100,20.0
2024.01.23 16:30,2157.06736,2157.30556,2156.33852,2156.58334,100,20.0
2024.01.23 16:45,2156.62366,2156.79121,2156.00230,2156.26776,100,20.0
2024.01.23 17:00,2155.94697,2156.70174,2155.89430,2156.01916,100,20.0
2024.01.23 17:15,2155.58158,2156.09530,2155.14014,2155.81113,100,20.0
2024.01.23 17:30,2155.70390,2156.19116,2155.19293,2155.36307,100,20.0
2024.01.23 17:45,2155.91544,2156.19775,2155.62431,2156.07719,100,20.0
2024.01.23 18:00,2157.55434,2157.94574,2157.07561,2157.79186,100,20.0
2024.01.23 18:15,2157.08727,2157.22802,2156.78286,2157.07813,100,20.0
2024.01.23 18:30,2157.93514,2158.43457,2157.28788,2157.55091,100,20.0
2024.01.23 18:45,2159.15609,2159.35012,2158.52489,2158.71884,100,20.0
2024.01.23 19:00,2159.60550,2159.88331,2159.55052,2159.70977,100,20.0
2024.01.23 19:15,2159.11699,2159.82548,2158.66081,2159.63723,100,20.0
2024.01.23 19:30,2160.08670,2160.68555,2160.08034,2160.31825,100,20.0
2024.01.23 19:45,2160.51762,2160.98934,2160.24518,2160.81304,100,20.0
2024.01.23 20:00,2160.90681,2161.44424,2159.98503,2160.41039,100,20.0
2024.01.23 20:15,2159.69660,2159.84696,2159.36939,2159.78157,100,20.0
2024.01.23 20:30,2159.76674,2160.23415,2159.17779,2160.08180,100,20.0
2024.01.23 20:45,2160.36438,2160.71535,2160.01341,2160.60452,100,20.0
2024.01.23 21:00,2161.02513,2161.10070,2160.38481,2160.73693,100,20.0
2024.01.23 21:15,2161.11835,2161.14392,2160.50704,2161.05817,100,20.0
2024.01.23 21:30,2161.00423,2161.91369,2160.99454,2161.80285,100,20.0
2024.01.23 21:45,2162.32028,2162.86442,2161.74520,2162.72786,100,20.0
2024.01.23 22:00,2163.82940,2164.40204,2163.23519,2164.02205,100,20.0
2024.01.23 22:15,2163.65024,2164.00667,2162.79694,2163.36721,100,20.0
2024.01.23 22:30,2163.82391,2164.64174,2163.61627,2163.95876,100,20.0
2024.01.23 22:45,2163.93594,2164.03682,2163.68253,2163.77945,100,20.0
2024.01.23 23:00,2163.42089,2164.42446,2163.18714,2164.20995,100,20.0
2024.01.23 23:15,2163.15500,2163.55267,2162.99623,2163.30315,100,20.0
2024.01.23 23:30,2163.63726,2163.80454,2163.03959,2163.36405,100,20.0
2024.01.23 23:45,2162.52986,2162.73820,2162.04504,2162.66109,100,20.0
2024.01.24 00:00,2162.21194,2162.39351,2161.73529,2161.88471,100,20.0
2024.01.24 00:15,2160.87572,2160.90472,2160.19203,2160.36789,100,20.0
2024.01.24 00:30,2160.98664,2161.09342,2160.19594,2160.70622,100,20.0
2024.01.24 00:45,2161.02877,2161.17761,2160.33463,2160.41859,100,20.0
2024.01.24 01:00,2160.55928,2160.80612,2159.73300,2159.83844,100,20.0
2024.01.24 01:15,2160.22212,2160.70632,2160.10558,2160.53944,100,20.0
2024.01.24 01:30,2160.04383,2160.48134,2159.81818,2159.85698,100,20.0
2024.01.24 01:45,2160.08548,2160.21443,2159.14663,2159.58608,100,20.0
2024.01.24 02:00,2159.23024,2159.35258,2158.69252,2158.80067,100,20.0
2024.01.24 02:15,2159.31522,2160.10512,2158.83224,2159.23582,100,20.0
2024.01.24 02:30,2159.66668,2159.95776,2158.88886,2159.08051,100,20.0
2024.01.24 02:45,2159.09964,2159.64441,2158.76317,2159.07014,100,20.0
2024.01.24 03:00,2159.29705,2159.37628,2158.68093,2158.81934,100,20.0
2024.01.24 03:15,2159.59869,2160.12600,2158.12855,2158.51678,100,20.0
2024.01.24 03:30,2157.87255,2158.17053,2156.70874,2156.97062,100,20.0
2024.01.24 03:45,2157.04582,2157.55005,2156.71094,2157.01272,100,20.0
2024.01.24 04:00,2157.38848,2157.53904,2156.84030,2156.88830,100,20.0
2024.01.24 04:15,2158.15917,2158.86953,2157.89272,2158.40814,100,20.0
2024.01.24 04:30,2157.80839,2158.37618,2156.94011,2157.08478,100,20.0
2024.01.24 04:45,2157.32434,2157.90905,2156.83989,2157.25532,100,20.0
2024.01.24 05:00,2156.85591,2157.55673,2156.66526,2157.28703,100,20.0
2024.01.24 05:15,2157.17543,2157.67451,2157.03121,2157.36522,100,20.0
2024.01.24 05:30,2157.66621,2158.37372,2157.46363,2157.93196,100,20.0
2024.01.24 05:45,2157.44339,2157.57241,2157.01113,2157.45055,100,20.0
2024.01.24 06:00,2156.98862,2157.12768,2156.30177,2156.55798,100,20.0
2024.01.24 06:15,2157.22537,2157.51904,2156.43230,2156.62671,100,20.0
2024.01.24 06:30,2156.63468,2156.88151,2156.63361,2156.82885,100,20.0
2024.01.24 06:45,2155.56205,2155.92881,2155.50327,2155.70158,100,20.0
2024.01.24 07:00,2155.17495,2156.68302,2155.16382,2156.05572,100,20.0
2024.01.24 07:15,2155.70467,2156.11615,2154.72083,2154.86145,100,20.0
2024.01.24 07:30,2154.98648,2156.61691,2154.51073,2156.34557,100,20.0
2024.01.24 07:45,2156.07147,2156.22825,2155.26405,2155.65927,100,20.0
2024.01.24 08:00,2155.51313,2155.57152,2153.96242,2154.05477,100,20.0
2024.01.24 08:15,2153.66372,2153.84166,2152.19828,2152.39394,100,20.0
2024.01.24 08:30,2151.48660,2152.90725,2150.94419,2152.15074,100,20.0
2024.01.24 08:45,2152.25928,2152.61602,2151.37331,2151.95484,100,20.0
2024.01.24 09:00,2152.45556,2152.97720,2152.27488,2152.69452,100,20.0
2024.01.24 09:15,2151.80147,2152.50395,2151.46630,2152.35443,100,20.0
2024.01.24 09:30,2152.46622,2153.00207,2152.32252,2152.73906,100,20.0
2024.01.24 09:45,2153.80334,2154.79311,2153.70837,2154.48243,100,20.0
2024.01.24 10:00,2153.50679,2154.29869,2152.54323,2152.58689,100,20.0
2024.01.24 10:15,2153.81209,2154.07422,2152.91607,2153.22833,100,20.0
2024.01.24 10:30,2152.37465,2152.70054,2152.33589,2152.39576,100,20.0
2024.01.24 10:45,2152.36300,2152.49233,2152.14686,2152.24286,100,20.0
2024.01.24 11:00,2151.77288,2152.21585,2151.30439,2151.85846,100,20.0
2024.01.24 11:15,2151.79954,2152.68980,2151.38950,2152.52496,100,20.0
2024.01.24 11:30,2152.91491,2154.03711,2152.61518,2153.32876,100,20.0
2024.01.24 11:45,2153.17211,2153.53030,2153.10579,2153.24208,100,20.0
2024.01.24 12:00,2153.36189,2153.71941,2153.34954,2153.57685,100,20.0
2024.01.24 12:15,2153.23033,2153.33141,2153.00616,2153.05180,100,20.0
2024.01.24 12:30,2154.27762,2155.04405,2153.97074,2154.84481,100,20.0
2024.01.24 12:45,2153.90121,2154.55116,2153.07002,2153.42242,100,20.0
2024.01.24 13:00,2153.53718,2154.14396,2152.53771,2152.99791,100,20.0
2024.01.24 13:15,2152.69218,2152.96101,2151.95565,2152.28616,100,20.0
2024.01.24 13:30,2152.03054,2152.73726,2151.77158,2152.62710,100,20.0
2024.01.24 13:45,2153.75883,2154.32778,2153.65544,2154.30299,100,20.0
2024.01.24 14:00,2155.09099,2155.55990,2153.98618,2154.40475,100,20.0
2024.01.24 14:15,2154.55893,2154.85983,2153.46512,2153.77357,100,20.0
2024.01.24 14:30,2153.68119,2154.57128,2153.49645,2153.80496,100,20.0
2024.01.24 14:45,2154.70650,2155.30285,2154.21628,2155.16846,100,20.0
2024.01.24 15:00,2155.21599,2155.90281,2154.88105,2155.38174,100,20.0
2024.01.24 15:15,2155.72419,2156.39995,2155.56262,2155.70646,100,20.0
2024.01.24 15:30,2155.05623,2155.60614,2154.99056,2155.31675,100,20.0
2024.01.24 15:45,2154.66234,2155.29152,2154.66077,2154.71135,100,20.0
2024.01.24 16:00,2154.26980,2155.01470,2154.01141,2154.24920,100,20.0
2024.01.24 16:15,2154.42462,2154.90437,2154.30332,2154.41739,100,20.0
2024.01.24 16:30,2154.29292,2154.71811,2154.01075,2154.41569,100,20.0
2024.01.24 16:45,2154.70922,2155.16724,2154.69472,2154.88646,100,20.0
2024.01.24 17:00,2154.66151,2154.81667,2153.40761,2153.81995,100,20.0
2024.01.24 17:15,2151.98274,2152.60206,2151.50197,2151.72635,100,20.0
2024.01.24 17:30,2151.53179,2152.04458,2151.21392,2151.45567,100,20.0
2024.01.24 17:45,2150.92275,2151.97230,2150.49120,2150.51190,100,20.0
2024.01.24 18:00,2151.02471,2151.85583,2150.84776,2151.50285,100,20.0
2024.01.24 18:15,2150.77908,2150.79390,2150.13477,2150.19347,100,20.0
2024.01.24 18:30,2149.86751,2150.36713,2149.83167,2150.29490,100,20.0
2024.01.24 18:45,2150.00719,2150.03772,2149.17942,2149.55030,100,20.0
2024.01.24 19:00,2149.57015,2150.35204,2148.96668,2149.21242,100,20.0
2024.01.24 19:15,2149.31350,2150.11973,2149.04797,2150.09352,100,20.0
2024.01.24 19:30,2149.28149,2150.03629,2149.21753,2149.52941,100,20.0
2024.01.24 19:45,2149.83361,2150.07682,2149.59017,2149.70672,100,20.0
2024.01.24 20:00,2148.66157,2148.69149,2148.14161,2148.63260,100,20.0
2024.01.24 20:15,2147.91455,2149.03948,2147.38422,2148.76166,100,20.0
2024.01.24 20:30,2148.70134,2148.87975,2148.14046,2148.71025,100,20.0
2024.01.24 20:45,2148.10294,2148.56511,2147.94340,2148.28994,100,20.0
2024.01.24 21:00,2147.75986,2148.33022,2147.35590,2148.16656,100,20.0
2024.01.24 21:15,2148.16628,2149.10256,2148.07227,2148.92146,100,20.0
2024.01.24 21:30,2149.43383,2149.67221,2148.62974,2149.45787,100,20.0
2024.01.24 21:45,2149.98391,2150.45670,2149.73009,2150.29693,100,20.0
2024.01.24 22:00,2149.86424,2150.24370,2149.82211,2150.06238,100,20.0
2024.01.24 22:15,2149.54209,2149.86520,2148.57050,2148.73589,100,20.0
2024.01.24 22:30,2147.72363,2147.94647,2147.17287,2147.22562,100,20.0
2024.01.24 22:45,2147.65008,2147.86608,2146.49206,2146.65296,100,20.0
2024.01.24 23:00,2146.94372,2147.04877,2146.03437,2146.22106,100,20.0
2024.01.24 23:15,2145.49831,2146.12872,2145.31958,2145.32993,100,20.0
2024.01.24 23:30,2145.05602,2145.43614,2144.05207,2144.10775,100,20.0
2024.01.24 23:45,2143.85429,2144.25288,2143.75121,2143.93749,100,20.0
2024.01.25 00:00,2144.49367,2144.62724,2143.34893,2143.45496,100,20.0
2024.01.25 00:15,2143.51568,2144.42584,2143.51529,2143.89046,100,20.0
2024.01.25 00:30,2143.91783,2144.17621,2143.40148,2143.61083,100,20.0
2024.01.25 00:45,2144.90077,2145.92536,2144.66155,2145.59915,100,20.0
2024.01.25 01:00,2145.51236,2145.54585,2144.97371,2145.34940,100,20.0
2024.01.25 01:15,2143.51300,2144.28176,2143.29183,2144.25902,100,20.0
2024.01.25 01:30,2144.02157,2144.22583,2143.75366,2143.95435,100,20.0
2024.01.25 01:45,2144.41649,2144.56256,2143.71410,2144.26787,100,20.0
2024.01.25 02:00,2144.59664,2144.81906,2143.27008,2143.59038,100,20.0
2024.01.25 02:15,2143.29368,2143.74048,2142.19564,2142.19587,100,20.0
2024.01.25 02:30,2142.13173,2142.49591,2142.09777,2142.18720,100,20.0
2024.01.25 02:45,2141.53310,2142.53301,2141.42341,2142.27646,100,20.0
2024.01.25 03:00,2141.59795,2141.66122,2141.58043,2141.58362,100,20.0
2024.01.25 03:15,2140.89400,2141.34246,2140.61790,2141.27343,100,20.0
2024.01.25 03:30,2141.23866,2141.61209,2140.34577,2140.74896,100,20.0
2024.01.25 03:45,2141.33868,2141.49546,2140.31534,2140.99723,100,20.0
2024.01.25 04:00,2140.57839,2141.33275,2140.54548,2140.84190,100,20.0
2024.01.25 04:15,2140.23157,2140.37963,2139.89872,2140.14306,100,20.0
2024.01.25 04:30,2139.96537,2140.29761,2139.47786,2139.62912,100,20.0
2024.01.25 04:45,2140.27781,2140.51482,2139.86351,2139.92731,100,20.0
2024.01.25 05:00,2139.43102,2139.77377,2138.50405,2138.78093,100,20.0
2024.01.25 05:15,2138.37372,2139.03557,2138.17833,2138.72152,100,20.0
2024.01.25 05:30,2138.85421,2138.85642,2137.10490,2137.75200,100,20.0
2024.01.25 05:45,2137.43661,2137.72265,2136.49111,2137.25575,100,20.0
2024.01.25 06:00,2137.74885,2138.13709,2136.51079,2136.97879,100,20.0
2024.01.25 06:15,2136.82313,2137.64736,2136.76471,2137.59890,100,20.0
2024.01.25 06:30,2138.23870,2138.76015,2137.47941,2137.62177,100,20.0
2024.01.25 06:45,2138.25513,2138.62422,2137.75031,2138.24585,100,20.0
2024.01.25 07:00,2137.53693,2138.77830,2137.43206,2138.49212,100,20.0
2024.01.25 07:15,2137.94352,2138.23659,2137.80569,2137.88191,100,20.0
2024.01.25 07:30,2137.81428,2138.47871,2136.76027,2137.17092,100,20.0
2024.01.25 07:45,2136.14547,2136.21470,2136.10871,2136.17376,100,20.0
2024.01.25 08:00,2135.54145,2136.51541,2135.28194,2135.38675,100,20.0
2024.01.25 08:15,2134.65881,2135.19693,2134.61453,2134.91263,100,20.0
2024.01.25 08:30,2134.31944,2135.25910,2133.82446,2134.62988,100,20.0
2024.01.25 08:45,2134.64342,2134.89544,2133.63127,2134.01462,100,20.0
2024.01.25 09:00,2135.01244,2135.14552,2134.45075,2134.49277,100,20.0
2024.01.25 09:15,2134.78656,2135.07051,2133.93391,2134.32319,100,20.0
2024.01.25 09:30,2133.50512,2134.03804,2133.17435,2133.33978,100,20.0
2024.01.25 09:45,2134.08343,2135.21744,2133.90813,2134.57257,100,20.0
2024.01.25 10:00,2133.73970,2134.33178,2133.00060,2134.16717,100,20.0
2024.01.25 10:15,2134.32081,2134.70855,2133.79936,2134.69462,100,20.0
2024.01.25 10:30,2134.47365,2134.91003,2134.39851,2134.85265,100,20.0
2024.01.25 10:45,2134.87375,2134.89201,2134.15685,2134.22032,100,20.0
2024.01.25 11:00,2133.24078,2134.03115,2132.72172,2133.75034,100,20.0
2024.01.25 11:15,2133.41482,2133.87075,2132.99126,2133.67827,100,20.0
2024.01.25 11:30,2133.70897,2133.92798,2133.30914,2133.63979,100,20.0
2024.01.25 11:45,2132.95421,2133.32982,2132.87820,2132.90707,100,20.0
2024.01.25 12:00,2132.21570,2132.43311,2131.59555,2132.29050,100,20.0
2024.01.25 12:15,2132.02310,2132.18335,2130.68655,2131.46663,100,20.0
2024.01.25 12:30,2131.96315,2132.19186,2131.36659,2131.51274,100,20.0
2024.01.25 12:45,2133.09415,2134.08113,2132.17074,2132.20303,100,20.0
2024.01.25 13:00,2133.40907,2133.73576,2133.24961,2133.31899,100,20.0
2024.01.25 13:15,2134.07435,2134.50850,2133.96244,2134.30089,100,20.0
2024.01.25 13:30,2133.92653,2134.15409,2133.28549,2133.87505,100,20.0
2024.01.25 13:45,2134.26307,2134.74680,2133.64305,2133.75230,100,20.0
2024.01.25 14:00,2133.66607,2134.67668,2132.73075,2133.91237,100,20.0
2024.01.25 14:15,2134.21780,2134.28268,2133.85735,2134.10548,100,20.0
2024.01.25 14:30,2132.80056,2134.00928,2132.54045,2132.74845,100,20.0
2024.01.25 14:45,2132.45266,2132.98163,2132.42468,2132.74612,100,20.0
2024.01.25 15:00,2133.00257,2133.71475,2132.67924,2133.63051,100,20.0
2024.01.25 15:15,2132.79240,2133.16324,2132.18938,2132.70292,100,20.0
2024.01.25 15:30,2131.80360,2132.13976,2131.50357,2132.05886,100,20.0
2024.01.25 15:45,2131.92031,2132.26983,2131.37403,2131.72346,100,20.0
2024.01.25 16:00,2131.07495,2131.76444,2130.65050,2131.67171,100,20.0
2024.01.25 16:15,2130.95953,2131.34174,2130.36205,2130.41221,100,20.0
2024.01.25 16:30,2130.34910,2130.78428,2129.78102,2129.86309,100,20.0
2024.01.25 16:45,2130.14990,2130.56449,2129.70726,2130.36281,100,20.0
2024.01.25 17:00,2129.15633,2129.44048,2128.79289,2128.96266,100,20.0
2024.01.25 17:15,2128.82165,2128.96481,2128.36322,2128.36964,100,20.0
2024.01.25 17:30,2128.54321,2128.55528,2127.96965,2128.31041,100,20.0
2024.01.25 17:45,2128.20600,2128.39039,2127.90564,2127.96732,100,20.0
2024.01.25 18:00,2128.18669,2128.66236,2127.53091,2128.02416,100,20.0
2024.01.25 18:15,2127.53334,2128.24100,2127.39439,2127.73086,100,20.0
2024.01.25 18:30,2128.43517,2128.72034,2127.76755,2128.44110,100,20.0
2024.01.25 18:45,2128.31175,2129.48636,2128.30916,2128.98795,100,20.0
2024.01.25 19:00,2128.52302,2128.71207,2128.18616,2128.39886,100,20.0
2024.01.25 19:15,2127.45217,2128.01890,2126.81939,2126.96192,100,20.0
2024.01.25 19:30,2127.56782,2127.64279,2126.32985,2126.81938,100,20.0
2024.01.25 19:45,2126.95838,2126.99564,2125.93025,2126.19463,100,20.0
2024.01.25 20:00,2125.11136,2125.56988,2125.01191,2125.25423,100,20.0
2024.01.25 20:15,2125.45037,2126.24591,2125.27440,2126.18749,100,20.0
2024.01.25 20:30,2126.30166,2127.31427,2126.01601,2126.61513,100,20.0
2024.01.25 20:45,2125.93257,2125.95455,2124.75935,2125.12603,100,20.0
2024.01.25 21:00,2124.37571,2125.10164,2124.32563,2124.65454,100,20.0
2024.01.25 21:15,2125.19388,2125.31257,2124.97482,2125.08448,100,20.0
2024.01.25 21:30,2124.98862,2125.23858,2124.23280,2124.34814,100,20.0
2024.01.25 21:45,2123.24240,2124.07707,2123.15258,2123.99640,100,20.0
2024.01.25 22:00,2124.26414,2125.65067,2123.91046,2125.15472,100,20.0
2024.01.25 22:15,2125.68951,2125.91909,2125.11190,2125.27914,100,20.0
2024.01.25 22:30,2124.04664,2124.93062,2123.88198,2124.89682,100,20.0
2024.01.25 22:45,2124.47883,2124.66359,2123.86289,2124.49867,100,20.0
2024.01.25 23:00,2124.83613,2124.85755,2124.27173,2124.71185,100,20.0
2024.01.25 23:15,2124.98331,2125.23689,2124.12261,2124.40132,100,20.0
2024.01.25 23:30,2123.93615,2124.06282,2123.70621,2124.01918,100,20.0
2024.01.25 23:45,2123.99560,2124.08778,2123.51460,2123.82760,100,20.0
2024.01.26 00:00,2122.97887,2123.48500,2122.77505,2122.98226,100,20.0
2024.01.26 00:15,2123.48598,2123.51457,2123.38091,2123.44748,100,20.0
2024.01.26 00:30,2123.13004,2123.56225,2122.93174,2123.29716,100,20.0
2024.01.26 00:45,2123.18211,2123.24492,2122.02579,2122.82661,100,20.0
2024.01.26 01:00,2124.06395,2124.24477,2123.23866,2123.52909,100,20.0
2024.01.26 01:15,2122.93912,2123.53108,2122.73838,2123.00468,100,20.0
2024.01.26 01:30,2123.60357,2124.07955,2122.81102,2122.88052,100,20.0
2024.01.26 01:45,2123.27706,2124.18508,2122.87404,2123.75171,100,20.0
2024.01.26 02:00,2123.94607,2123.94913,2123.18197,2123.42770,100,20.0
2024.01.26 02:15,2123.33792,2124.15735,2122.47865,2122.65988,100,20.0
2024.01.26 02:30,2122.93791,2123.26564,2122.16324,2123.16461,100,20.0
2024.01.26 02:45,2123.17587,2123.42972,2122.87882,2122.95363,100,20.0
2024.01.26 03:00,2122.60930,2123.31317,2122.23104,2122.75747,100,20.0
2024.01.26 03:15,2123.84460,2124.58631,2123.58108,2124.30069,100,20.0
2024.01.26 03:30,2124.99183,2126.19864,2124.25996,2125.65263,100,20.0
2024.01.26 03:45,2125.55968,2125.62339,2124.79757,2125.37787,100,20.0
2024.01.26 04:00,2125.96230,2126.14554,2125.32126,2125.92461,100,20.0
2024.01.26 04:15,2125.15405,2125.70466,2124.68875,2124.96894,100,20.0
2024.01.26 04:30,2124.80701,2125.66768,2124.51728,2125.48961,100,20.0
2024.01.26 04:45,2126.23553,2127.20351,2126.11632,2126.90987,100,20.0
2024.01.26 05:00,2127.18049,2127.67258,2127.11465,2127.53250,100,20.0
2024.01.26 05:15,2126.63336,2126.91966,2126.19834,2126.20191,100,20.0
2024.01.26 05:30,2125.75948,2125.87701,2124.56328,2124.75939,100,20.0
2024.01.26 05:45,2124.64258,2125.23207,2123.57782,2123.68357,100,20.0
2024.01.26 06:00,2123.81342,2123.97288,2123.65501,2123.72478,100,20.0
2024.01.26 06:15,2124.62274,2125.16969,2123.86878,2124.29919,100,20.0
2024.01.26 06:30,2123.66943,2123.88011,2122.39385,2123.12450,100,20.0
2024.01.26 06:45,2123.45335,2123.82740,2122.19460,2122.27942,100,20.0
2024.01.26 07:00,2121.38446,2121.98265,2120.64755,2121.65823,100,20.0
2024.01.26 07:15,2120.29988,2120.36452,2119.77183,2120.25489,100,20.0
2024.01.26 07:30,2119.78227,2120.01102,2119.10360,2119.46800,100,20.0
2024.01.26 07:45,2118.88040,2119.26869,2118.44057,2119.09671,100,20.0
2024.01.26 08:00,2119.35123,2119.46959,2119.15711,2119.27737,100,20.0
2024.01.26 08:15,2118.89794,2118.97391,2118.50748,2118.82459,100,20.0
2024.01.26 08:30,2119.03763,2120.03958,2118.94470,2119.66955,100,20.0
2024.01.26 08:45,2119.88423,2120.39459,2119.66411,2120.33365,100,20.0
2024.01.26 09:00,2121.04839,2121.19533,2120.79454,2121.03718,100,20.0
2024.01.26 09:15,2120.84828,2121.21177,2120.75897,2120.99051,100,20.0
2024.01.26 09:30,2120.68688,2121.18497,2120.31521,2120.64892,100,20.0
2024.01.26 09:45,2120.61439,2120.62914,2119.46070,2120.17234,100,20.0
2024.01.26 10:00,2120.05730,2120.19850,2118.86661,2119.70200,100,20.0
2024.01.26 10:15,2119.40437,2119.67034,2119.37933,2119.66338,100,20.0
2024.01.26 10:30,2119.82597,2120.58937,2119.59676,2120.31070,100,20.0
2024.01.26 10:45,2120.26440,2120.54593,2119.79264,2120.08335,100,20.0
2024.01.26 11:00,2119.54309,2120.23686,2119.28780,2119.31013,100,20.0
2024.01.26 11:15,2119.52220,2119.82952,2118.68092,2119.37201,100,20.0
2024.01.26 11:30,2118.43222,2119.01436,2117.44892,2117.65741,100,20.0
2024.01.26 11:45,2117.99824,2118.51948,2116.83513,2117.40515,100,20.0
2024.01.26 12:00,2117.69091,2118.27576,2117.67406,2118.00044,100,20.0
2024.01.26 12:15,2117.49663,2118.09819,2117.18256,2117.75996,100,20.0
2024.01.26 12:30,2116.87194,2117.39495,2116.57938,2117.14597,100,20.0
2024.01.26 12:45,2117.63802,2117.72722,2117.13106,2117.41812,100,20.0
2024.01.26 13:00,2116.61396,2117.28248,2116.58308,2116.89990,100,20.0
2024.01.26 13:15,2117.00891,2118.12517,2116.76778,2117.66319,100,20.0
2024.01.26 13:30,2117.18084,2118.04499,2117.14672,2118.01666,100,20.0
2024.01.26 13:45,2119.02916,2119.32275,2118.86673,2119.22793,100,20.0
2024.01.26 14:00,2119.17267,2119.64574,2118.22758,2118.53492,100,20.0
2024.01.26 14:15,2118.71561,2118.78943,2117.56649,2118.05415,100,20.0
2024.01.26 14:30,2118.01853,2118.79746,2116.83734,2116.88211,100,20.0
2024.01.26 14:45,2116.06214,2116.43083,2115.51189,2116.21761,100,20.0
2024.01.26 15:00,2116.10858,2116.77978,2115.01327,2115.45394,100,20.0
2024.01.26 15:15,2114.36145,2114.59259,2112.88661,2113.19246,100,20.0
2024.01.26 15:30,2112.49499,2112.61549,2111.93476,2111.93953,100,20.0
2024.01.26 15:45,2112.40004,2113.00368,2111.63849,2111.80158,100,20.0
2024.01.26 16:00,2111.96346,2112.25339,2111.23470,2111.96490,100,20.0
2024.01.26 16:15,2112.09933,2112.74947,2111.78442,2112.58545,100,20.0
2024.01.26 16:30,2111.40267,2111.60165,2110.95805,2111.10093,100,20.0
2024.01.26 16:45,2111.22250,2111.85501,2110.33097,2111.66100,100,20.0
2024.01.26 17:00,2112.02950,2112.65564,2110.74163,2111.16209,100,20.0
2024.01.26 17:15,2111.78222,2112.11881,2111.68728,2112.00981,100,20.0
2024.01.26 17:30,2111.67803,2112.10668,2111.66931,2111.95031,100,20.0
2024.01.26 17:45,2111.33647,2111.78898,2110.95285,2111.73503,100,20.0
2024.01.26 18:00,2110.96020,2111.27325,2109.24189,2110.21991,100,20.0
2024.01.26 18:15,2110.47200,2110.73410,2109.84697,2110.14765,100,20.0
2024.01.26 18:30,2110.34023,2110.48007,2110.07613,2110.43950,100,20.0
2024.01.26 18:45,2109.50915,2110.18034,2108.68520,2109.76917,100,20.0
2024.01.26 19:00,2109.82078,2109.87060,2109.32487,2109.75881,100,20.0
2024.01.26 19:15,2109.31583,2109.71491,2109.19030,2109.62290,100,20.0
2024.01.26 19:30,2108.78981,2109.44361,2108.73311,2109.21674,100,20.0
2024.01.26 19:45,2109.99247,2110.44796,2109.74139,2110.43733,100,20.0
2024.01.26 20:00,2110.60431,2111.03105,2109.61530,2109.86086,100,20.0
2024.01.26 20:15,2109.87900,2109.99234,2109.20033,2109.38547,100,20.0
2024.01.26 20:30,2109.71853,2110.02055,2109.33040,2110.00890,100,20.0
2024.01.26 20:45,2109.80916,2110.12782,2109.15246,2109.22579,100,20.0
2024.01.26 21:00,2108.94408,2109.76317,2108.45908,2109.61378,100,20.0
2024.01.26 21:15,2109.26438,2109.32734,2108.81928,2108.90277,100,20.0
2024.01.26 21:30,2110.03087,2110.32697,2109.62629,2110.24399,100,20.0
2024.01.26 21:45,2110.15429,2110.66861,2109.95733,2110.64070,100,20.0
2024.01.26 22:00,2110.33495,2110.57580,2109.86855,2110.25334,100,20.0
2024.01.26 22:15,2110.09734,2112.18082,2109.86546,2111.69495,100,20.0
2024.01.26 22:30,2110.72420,2111.23615,2109.41741,2110.11257,100,20.0
2024.01.26 22:45,2110.34009,2112.14086,2110.10390,2111.94967,100,20.0
2024.01.26 23:00,2112.55272,2112.56015,2111.86766,2111.96283,100,20.0
2024.01.26 23:15,2111.16603,2111.35374,2110.88133,2111.04604,100,20.0
2024.01.26 23:30,2109.89299,2109.90342,2108.53336,2108.78734,100,20.0
2024.01.26 23:45,2108.47282,2108.80860,2107.84244,2108.70777,100,20.0
2024.01.27 00:00,2107.04193,2107.91679,2106.53833,2106.85529,100,20.0
2024.01.27 00:15,2107.05133,2107.40387,2106.69458,2106.78634,100,20.0
2024.01.27 00:30,2107.06179,2107.99399,2106.90364,2107.48200,100,20.0
2024.01.27 00:45,2107.76984,2108.23795,2107.33395,2107.82680,100,20.0
2024.01.27 01:00,2108.39943,2109.16990,2108.34601,2109.15317,100,20.0
2024.01.27 01:15,2109.97227,2110.09486,2108.30776,2109.04948,100,20.0
2024.01.27 01:30,2108.40615,2108.92086,2108.36148,2108.37703,100,20.0
2024.01.27 01:45,2108.73036,2109.72785,2108.40934,2109.29640,100,20.0
2024.01.27 02:00,2108.11672,2108.91803,2108.09157,2108.55182,100,20.0
2024.01.27 02:15,2108.68889,2109.37039,2108.13233,2108.57566,100,20.0
2024.01.27 02:30,2108.38608,2109.01694,2108.04841,2108.82920,100,20.0
2024.01.27 02:45,2109.17539,2109.52167,2108.83334,2109.32474,100,20.0
2024.01.27 03:00,2108.93550,2109.42155,2108.50201,2109.41432,100,20.0
2024.01.27 03:15,2109.16302,2109.25495,2108.68921,2108.78897,100,20.0
2024.01.27 03:30,2108.51125,2108.84224,2108.33429,2108.35622,100,20.0
2024.01.27 03:45,2107.10747,2107.39901,2106.31031,2106.64394,100,20.0
2024.01.27 04:00,2105.79896,2106.05875,2105.62405,2105.80870,100,20.0
2024.01.27 04:15,2106.95898,2107.21742,2106.44357,2107.10348,100,20.0
2024.01.27 04:30,2106.05984,2106.21916,2104.35804,2104.39777,100,20.0
2024.01.27 04:45,2104.27049,2104.95569,2104.17210,2104.84437,100,20.0
2024.01.27 05:00,2104.63892,2104.89839,2103.28291,2103.85199,100,20.0
2024.01.27 05:15,2103.20638,2103.80814,2102.81359,2102.96137,100,20.0
2024.01.27 05:30,2102.58593,2103.27056,2102.52112,2103.14704,100,20.0
2024.01.27 05:45,2102.98896,2104.07027,2102.89190,2103.39265,100,20.0
2024.01.27 06:00,2103.77851,2104.11835,2102.38570,2102.97666,100,20.0
2024.01.27 06:15,2102.50725,2102.65015,2101.87190,2102.05342,100,20.0
2024.01.27 06:30,2102.99970,2103.55018,2102.27986,2102.32512,100,20.0
2024.01.27 06:45,2101.66931,2101.71300,2100.58103,2101.45579,100,20.0
2024.01.27 07:00,2101.66109,2101.85158,2101.42017,2101.84529,100,20.0
2024.01.27 07:15,2100.22957,2100.76101,2099.81621,2099.98500,100,20.0
2024.01.27 07:30,2098.64768,2099.36731,2098.23457,2098.70371,100,20.0
2024.01.27 07:45,2098.32305,2098.88810,2098.02389,2098.60110,100,20.0
2024.01.27 08:00,2099.33351,2100.26565,2099.18342,2100.22320,100,20.0
2024.01.27 08:15,2099.70587,2099.98445,2099.34335,2099.77477,100,20.0
2024.01.27 08:30,2099.38262,2100.15799,2098.71124,2098.85417,100,20.0
2024.01.27 08:45,2099.14534,2100.59686,2098.93747,2100.20237,100,20.0
2024.01.27 09:00,2100.16986,2100.17073,2099.44258,2099.54235,100,20.0
2024.01.27 09:15,2098.66056,2099.03057,2097.99201,2098.99844,100,20.0
2024.01.27 09:30,2098.92147,2099.75103,2098.56975,2098.67938,100,20.0
2024.01.27 09:45,2098.59847,2099.38451,2097.85373,2099.14861,100,20.0
2024.01.27 10:00,2098.73981,2099.00865,2098.61859,2098.76591,100,20.0
2024.01.27 10:15,2100.00039,2100.56519,2099.47400,2099.70224,100,20.0
2024.01.27 10:30,2100.38744,2100.94491,2099.21786,2099.78948,100,20.0
2024.01.27 10:45,2098.49784,2098.63512,2097.11281,2097.63461,100,20.0
2024.01.27 11:00,2097.42129,2097.60074,2096.37360,2096.61850,100,20.0
2024.01.27 11:15,2095.93009,2095.95353,2095.66756,2095.80091,100,20.0
2024.01.27 11:30,2095.00207,2096.41765,2094.26117,2095.22436,100,20.0
2024.01.27 11:45,2095.53325,2095.77607,2095.02561,2095.73921,100,20.0
2024.01.27 12:00,2096.27250,2096.42708,2095.56828,2095.88923,100,20.0
2024.01.27 12:15,2095.43940,2095.63469,2094.25035,2095.10192,100,20.0
2024.01.27 12:30,2094.33583,2094.61708,2093.57771,2094.17817,100,20.0
2024.01.27 12:45,2093.95229,2094.27224,2093.75431,2094.10480,100,20.0
2024.01.27 13:00,2093.27363,2094.40283,2092.80486,2093.73108,100,20.0
2024.01.27 13:15,2093.09100,2093.59690,2092.93762,2093.34628,100,20.0
2024.01.27 13:30,2093.21161,2093.82579,2092.65503,2093.11450,100,20.0
2024.01.27 13:45,2093.16035,2093.54854,2092.96601,2093.26450,100,20.0
2024.01.27 14:00,2092.54339,2093.14648,2092.02293,2092.76822,100,20.0
2024.01.27 14:15,2092.30808,2092.36123,2091.45320,2091.73846,100,20.0
2024.01.27 14:30,2091.83397,2092.16357,2090.99332,2091.20261,100,20.0
2024.01.27 14:45,2090.54063,2091.26495,2090.42614,2090.83611,100,20.0
2024.01.27 15:00,2090.71663,2091.12588,2090.67030,2090.97454,100,20.0
2024.01.27 15:15,2089.60914,2090.07500,2089.24967,2089.91279,100,20.0
2024.01.27 15:30,2089.14137,2089.32908,2088.25533,2088.55763,100,20.0
2024.01.27 15:45,2087.44212,2088.52562,2086.91584,2088.50908,100,20.0
2024.01.27 16:00,2088.44489,2088.46196,2087.78201,2088.08708,100,20.0
2024.01.27 16:15,2088.15728,2088.49868,2087.42510,2087.80242,100,20.0
2024.01.27 16:30,2087.02540,2087.23230,2086.42030,2086.59575,100,20.0
2024.01.27 16:45,2087.80161,2088.31145,2086.67900,2086.69209,100,20.0
2024.01.27 17:00,2086.64544,2086.90541,2086.39041,2086.55904,100,20.0
2024.01.27 17:15,2088.08160,2088.09806,2087.90632,2087.99019,100,20.0
2024.01.27 17:30,2088.14408,2088.22489,2087.25513,2087.55249,100,20.0
2024.01.27 17:45,2087.54968,2087.58625,2086.18673,2086.84916,100,20.0
2024.01.27 18:00,2087.35971,2087.79191,2086.59647,2087.63363,100,20.0
2024.01.27 18:15,2087.88930,2087.97298,2086.90730,2086.98064,100,20.0
2024.01.27 18:30,2085.85007,2085.96513,2085.36077,2085.70016,100,20.0
2024.01.27 18:45,2086.07667,2086.24160,2084.92722,2085.33945,100,20.0
2024.01.27 19:00,2084.37907,2084.69033,2084.19593,2084.27476,100,20.0
2024.01.27 19:15,2084.87797,2085.47523,2084.44274,2084.89742,100,20.0
2024.01.27 19:30,2083.89932,2084.09120,2083.30844,2083.43467,100,20.0
2024.01.27 19:45,2084.25600,2084.44616,2084.11177,2084.42916,100,20.0
2024.01.27 20:00,2084.30966,2084.37800,2083.24288,2083.89557,100,20.0
2024.01.27 20:15,2083.80563,2084.63685,2083.12147,2084.63263,100,20.0
2024.01.27 20:30,2084.61956,2084.91586,2083.56426,2084.06733,100,20.0
2024.01.27 20:45,2082.18980,2082.81971,2082.18800,2082.55187,100,20.0
2024.01.27 21:00,2081.95924,2082.15943,2080.23544,2081.08826,100,20.0
2024.01.27 21:15,2080.71922,2081.52600,2080.62053,2081.25281,100,20.0
2024.01.27 21:30,2081.33457,2082.41458,2080.94481,2082.21354,100,20.0
2024.01.27 21:45,2082.38839,2083.38347,2081.96039,2083.11452,100,20.0
2024.01.27 22:00,2083.03303,2083.17914,2082.67585,2082.74393,100,20.0
2024.01.27 22:15,2083.27038,2083.48186,2081.94258,2082.19905,100,20.0
2024.01.27 22:30,2082.40359,2083.16473,2082.37086,2082.65607,100,20.0
2024.01.27 22:45,2083.41363,2083.99295,2083.04664,2083.10681,100,20.0
2024.01.27 23:00,2082.90451,2082.97697,2082.12524,2082.52342,100,20.0
2024.01.27 23:15,2082.07658,2082.14278,2080.89556,2081.47508,100,20.0
2024.01.27 23:30,2080.54697,2080.58369,2080.05790,2080.42136,100,20.0
2024.01.27 23:45,2080.86377,2080.95222,2079.97646,2080.47872,100,20.0
2024.01.28 00:00,2080.56461,2081.44202,2079.93977,2080.74067,100,20.0
2024.01.28 00:15,2080.97815,2081.29786,2080.36439,2080.45594,100,20.0
2024.01.28 00:30,2079.86948,2080.88714,2079.42728,2080.58889,100,20.0
2024.01.28 00:45,2080.55219,2080.65781,2080.25366,2080.47958,100,20.0
2024.01.28 01:00,2080.80810,2081.71539,2080.53564,2081.34707,100,20.0
2024.01.28 01:15,2080.10517,2080.73538,2079.81743,2080.18596,100,20.0
2024.01.28 01:30,2079.40671,2079.82524,2078.90648,2079.14361,100,20.0
2024.01.28 01:45,2078.61253,2079.37717,2078.32323,2079.16155,100,20.0
2024.01.28 02:00,2079.13641,2079.40915,2079.04487,2079.06485,100,20.0
2024.01.28 02:15,2079.14911,2079.39029,2078.94972,2079.00993,100,20.0
2024.01.28 02:30,2079.75850,2079.76312,2079.20219,2079.44756,100,20.0
2024.01.28 02:45,2078.97345,2079.11294,2078.00090,2078.22413,100,20.0
2024.01.28 03:00,2077.89535,2078.50234,2077.43839,2077.71336,100,20.0
2024.01.28 03:15,2077.45911,2078.16994,2076.92910,2077.82440,100,20.0
2024.01.28 03:30,2077.88548,2077.93222,2077.31908,2077.55999,100,20.0
2024.01.28 03:45,2077.86662,2078.19164,2077.76609,2077.79363,100,20.0
2024.01.28 04:00,2076.95423,2077.49665,2076.17520,2076.50704,100,20.0
2024.01.28 04:15,2075.27196,2075.91154,2074.99159,2075.65127,100,20.0
2024.01.28 04:30,2074.39787,2074.73927,2074.23627,2074.30097,100,20.0
2024.01.28 04:45,2074.06552,2074.20934,2073.25903,2073.52008,100,20.0
2024.01.28 05:00,2073.42189,2073.43482,2072.58595,2072.94380,100,20.0
2024.01.28 05:15,2072.24079,2073.26870,2072.18909,2073.04459,100,20.0
2024.01.28 05:30,2072.74020,2073.11820,2072.39872,2072.87442,100,20.0
2024.01.28 05:45,2072.34002,2072.50236,2072.10840,2072.49754,100,20.0
2024.01.28 06:00,2071.32637,2072.00337,2071.02232,2071.55606,100,20.0
2024.01.28 06:15,2071.30987,2071.96805,2071.24223,2071.79882,100,20.0
2024.01.28 06:30,2071.93983,2072.31872,2070.96576,2071.30198,100,20.0
2024.01.28 06:45,2071.64539,2072.29430,2071.15176,2071.49179,100,20.0
2024.01.28 07:00,2072.16765,2072.47951,2071.27458,2071.47371,100,20.0
2024.01.28 07:15,2071.25854,2073.16175,2071.17097,2072.36940,100,20.0
2024.01.28 07:30,2071.58711,2071.76471,2070.78251,2071.01877,100,20.0
2024.01.28 07:45,2070.76617,2072.09031,2070.47162,2071.94639,100,20.0
2024.01.28 08:00,2071.57344,2071.91175,2070.98069,2071.48828,100,20.0
2024.01.28 08:15,2070.84430,2071.41196,2069.76703,2069.95154,100,20.0
2024.01.28 08:30,2070.27765,2070.32152,2069.82963,2069.97627,100,20.0
2024.01.28 08:45,2069.53981,2070.50052,2069.37491,2070.20521,100,20.0
2024.01.28 09:00,2069.58604,2069.84895,2069.24487,2069.37963,100,20.0
2024.01.28 09:15,2069.63366,2070.58810,2069.49849,2070.21897,100,20.0
2024.01.28 09:30,2068.84349,2068.84988,2068.60211,2068.72332,100,20.0
2024.01.28 09:45,2068.54921,2068.97403,2068.09046,2068.67757,100,20.0
2024.01.28 10:00,2068.20122,2069.50320,2067.69855,2068.90650,100,20.0
2024.01.28 10:15,2068.71477,2068.90386,2068.41239,2068.51947,100,20.0
2024.01.28 10:30,2068.93063,2070.47964,2068.67881,2069.64976,100,20.0
2024.01.28 10:45,2070.07491,2071.28995,2069.35166,2070.52026,100,20.0
2024.01.28 11:00,2070.40488,2070.69379,2069.93624,2070.64860,100,20.0
2024.01.28 11:15,2070.17333,2070.48255,2069.10268,2070.38368,100,20.0
2024.01.28 11:30,2070.86995,2071.24919,2070.79809,2071.18437,100,20.0
2024.01.28 11:45,2070.83908,2071.47992,2070.48414,2071.45917,100,20.0
2024.01.28 12:00,2071.58763,2071.59937,2071.27597,2071.57653,100,20.0
2024.01.28 12:15,2072.41219,2072.57199,2072.39212,2072.47126,100,20.0
2024.01.28 12:30,2072.20593,2072.65620,2072.03212,2072.35070,100,20.0
2024.01.28 12:45,2071.73004,2072.15082,2070.92827,2072.11577,100,20.0
2024.01.28 13:00,2072.51813,2073.52252,2072.28949,2073.32752,100,20.0
2024.01.28 13:15,2073.82923,2074.07775,2073.38894,2073.61228,100,20.0
2024.01.28 13:30,2074.40584,2074.98178,2074.34891,2074.76931,100,20.0
2024.01.28 13:45,2073.94647,2074.62579,2073.93556,2074.09378,100,20.0
2024.01.28 14:00,2073.21093,2073.85088,2073.11577,2073.78239,100,20.0
2024.01.28 14:15,2072.77302,2073.75747,2072.70727,2073.38660,100,20.0
2024.01.28 14:30,2073.28985,2073.30590,2073.08757,2073.25609,100,20.0
2024.01.28 14:45,2073.25854,2073.44152,2072.39111,2073.12531,100,20.0
2024.01.28 15:00,2071.55931,2071.69410,2071.34393,2071.58702,100,20.0
2024.01.28 15:15,2071.81944,2071.82096,2071.46647,2071.62164,100,20.0
2024.01.28 15:30,2071.28510,2071.72457,2070.92861,2071.49577,100,20.0
2024.01.28 15:45,2071.04128,2071.47159,2070.17935,2070.61850,100,20.0
2024.01.28 16:00,2071.26734,2072.12739,2071.09362,2072.03734,100,20.0
2024.01.28 16:15,2071.52697,2071.73529,2071.06770,2071.66679,100,20.0
2024.01.28 16:30,2071.38154,2072.50216,2071.06745,2072.46547,100,20.0
2024.01.28 16:45,2072.19453,2073.48379,2072.12364,2072.87556,100,20.0
2024.01.28 17:00,2072.79351,2073.95800,2072.63835,2073.09247,100,20.0
2024.01.28 17:15,2072.26282,2073.04270,2072.01124,2072.09877,100,20.0
2024.01.28 17:30,2072.43275,2072.87694,2071.83043,2072.05819,100,20.0
2024.01.28 17:45,2072.53353,2072.55290,2072.09240,2072.35721,100,20.0
2024.01.28 18:00,2072.94984,2073.04178,2072.47873,2072.98440,100,20.0
2024.01.28 18:15,2073.52109,2073.85341,2073.45965,2073.53990,100,20.0
2024.01.28 18:30,2073.29392,2073.41310,2072.83487,2073.15922,100,20.0
2024.01.28 18:45,2073.25694,2073.39589,2072.85166,2073.17093,100,20.0
2024.01.28 19:00,2074.23176,2074.49717,2073.33322,2073.63537,100,20.0
2024.01.28 19:15,2074.40890,2075.06519,2073.86498,2074.69584,100,20.0
2024.01.28 19:30,2074.12666,2074.87325,2073.31840,2073.62255,100,20.0
2024.01.28 19:45,2073.33885,2073.38171,2072.83352,2073.05686,100,20.0
2024.01.28 20:00,2072.68564,2072.87352,2072.18571,2072.83359,100,20.0
2024.01.28 20:15,2072.84272,2073.60453,2072.52631,2072.84186,100,20.0
2024.01.28 20:30,2073.19440,2073.72229,2072.89341,2073.48832,100,20.0
2024.01.28 20:45,2072.82375,2074.10254,2072.36673,2073.87395,100,20.0
2024.01.28 21:00,2074.57210,2074.93555,2074.57081,2074.93494,100,20.0
2024.01.28 21:15,2074.56256,2074.91884,2073.84932,2074.32312,100,20.0
2024.01.28 21:30,2074.12610,2074.60071,2073.40756,2073.96760,100,20.0
2024.01.28 21:45,2073.91229,2073.97483,2073.07334,2073.54004,100,20.0
2024.01.28 22:00,2074.06673,2074.33992,2073.40135,2073.72444,100,20.0
2024.01.28 22:15,2073.84186,2073.90343,2073.55752,2073.70219,100,20.0
2024.01.28 22:30,2073.59910,2074.44739,2073.58453,2074.09405,100,20.0
2024.01.28 22:45,2073.14109,2073.83421,2072.59549,2073.61187,100,20.0
2024.01.28 23:00,2073.75132,2074.32565,2073.71378,2073.78931,100,20.0
2024.01.28 23:15,2073.88592,2074.02659,2073.33983,2073.97905,100,20.0
2024.01.28 23:30,2073.80863,2073.97570,2073.75022,2073.94020,100,20.0
2024.01.28 23:45,2075.01334,2075.39184,2074.78746,2074.99179,100,20.0
2024.01.29 00:00,2075.10584,2075.21542,2074.39106,2074.45984,100,20.0
2024.01.29 00:15,2074.33763,2075.11271,2074.23937,2074.89235,100,20.0
2024.01.29 00:30,2074.62109,2074.62314,2073.75625,2074.06488,100,20.0
2024.01.29 00:45,2073.25688,2073.30760,2072.72719,2072.73394,100,20.0
2024.01.29 01:00,2071.39422,2071.98145,2070.66074,2070.86904,100,20.0
2024.01.29 01:15,2070.60375,2070.62934,2070.07399,2070.31191,100,20.0
2024.01.29 01:30,2070.01704,2070.43776,2069.97490,2070.21735,100,20.0
2024.01.29 01:45,2070.15869,2070.63269,2070.04321,2070.06056,100,20.0
2024.01.29 02:00,2069.70592,2070.67835,2069.40504,2070.63068,100,20.0
2024.01.29 02:15,2069.78531,2070.61899,2069.07864,2070.27990,100,20.0
2024.01.29 02:30,2069.91796,2070.55289,2069.74961,2070.50698,100,20.0
2024.01.29 02:45,2070.41605,2072.19576,2070.35614,2071.49367,100,20.0
2024.01.29 03:00,2072.04157,2072.89085,2071.88594,2072.11695,100,20.0
2024.01.29 03:15,2071.95879,2072.63111,2071.87589,2072.45311,100,20.0
2024.01.29 03:30,2071.68017,2071.89044,2070.00331,2070.46958,100,20.0
2024.01.29 03:45,2070.30353,2070.79699,2070.14760,2070.65164,100,20.0
2024.01.29 04:00,2070.25699,2070.99779,2069.85947,2070.39493,100,20.0
2024.01.29 04:15,2070.84035,2071.14471,2070.23853,2070.45954,100,20.0
2024.01.29 04:30,2069.59761,2069.74384,2069.42697,2069.51816,100,20.0
2024.01.29 04:45,2069.76560,2070.09425,2069.49850,2069.92841,100,20.0
2024.01.29 05:00,2070.13323,2071.63492,2070.07108,2071.33980,100,20.0
2024.01.29 05:15,2071.44192,2071.64566,2071.18083,2071.61205,100,20.0
2024.01.29 05:30,2070.21507,2070.53379,2069.86928,2070.11618,100,20.0
2024.01.29 05:45,2069.41526,2069.63809,2068.88501,2069.50602,100,20.0
2024.01.29 06:00,2069.26487,2069.86561,2068.73288,2069.36763,100,20.0
2024.01.29 06:15,2068.58819,2068.98271,2068.24441,2068.34341,100,20.0
2024.01.29 06:30,2068.78549,2069.83322,2068.05985,2069.19558,100,20.0
2024.01.29 06:45,2069.52920,2069.67387,2068.47253,2068.94171,100,20.0
2024.01.29 07:00,2069.36585,2070.03876,2068.91228,2069.89713,100,20.0
2024.01.29 07:15,2070.22550,2070.59046,2069.10363,2069.24508,100,20.0
2024.01.29 07:30,2069.10625,2069.92529,2068.97995,2069.34899,100,20.0
2024.01.29 07:45,2069.82145,2069.97463,2069.62505,2069.88404,100,20.0
2024.01.29 08:00,2070.73004,2071.28488,2070.34318,2071.12938,100,20.0
2024.01.29 08:15,2071.59785,2072.87748,2070.74365,2072.54404,100,20.0
2024.01.29 08:30,2072.78782,2073.69309,2072.18414,2072.27524,100,20.0
2024.01.29 08:45,2071.84093,2072.13394,2071.32727,2071.64170,100,20.0
2024.01.29 09:00,2071.44217,2071.68883,2071.04897,2071.67102,100,20.0
2024.01.29 09:15,2070.33237,2070.70055,2070.06057,2070.62274,100,20.0
2024.01.29 09:30,2070.40653,2070.49812,2069.55622,2070.08513,100,20.0
2024.01.29 09:45,2069.76737,2070.47360,2069.60721,2070.46375,100,20.0
2024.01.29 10:00,2070.72572,2071.56155,2069.74708,2071.14225,100,20.0
2024.01.29 10:15,2071.33807,2071.80956,2070.92780,2070.96094,100,20.0
2024.01.29 10:30,2071.32193,2072.17586,2070.87016,2071.88243,100,20.0
2024.01.29 10:45,2071.39095,2071.77618,2070.57585,2071.14979,100,20.0
2024.01.29 11:00,2069.91759,2070.09661,2069.39442,2069.75336,100,20.0
2024.01.29 11:15,2068.44913,2068.63325,2068.13215,2068.45329,100,20.0
2024.01.29 11:30,2067.80943,2068.12631,2067.70065,2068.08519,100,20.0
2024.01.29 11:45,2068.32545,2068.49132,2067.49210,2067.69544,100,20.0
2024.01.29 12:00,2067.62025,2067.84462,2067.30917,2067.33550,100,20.0
2024.01.29 12:15,2066.98949,2067.18193,2066.86932,2067.17539,100,20.0
2024.01.29 12:30,2066.73960,2067.14919,2065.70740,2065.97653,100,20.0
2024.01.29 12:45,2066.72525,2067.31995,2066.12593,2066.35693,100,20.0
2024.01.29 13:00,2066.61224,2067.33058,2066.26621,2067.21542,100,20.0
2024.01.29 13:15,2066.84438,2068.50723,2066.50866,2068.00066,100,20.0
2024.01.29 13:30,2068.18216,2068.73976,2067.14963,2067.28959,100,20.0
2024.01.29 13:45,2067.36295,2068.32501,2066.77767,2068.23384,100,20.0
2024.01.29 14:00,2067.22308,2067.36576,2066.71348,2067.25483,100,20.0
2024.01.29 14:15,2066.54695,2066.76870,2065.45678,2065.89936,100,20.0
2024.01.29 14:30,2066.19921,2066.75724,2066.19659,2066.61075,100,20.0
2024.01.29 14:45,2067.78491,2068.04068,2067.45292,2067.69175,100,20.0
2024.01.29 15:00,2067.89032,2069.33612,2067.87689,2069.08563,100,20.0
2024.01.29 15:15,2068.14837,2068.90140,2067.74974,2068.36119,100,20.0
2024.01.29 15:30,2067.60636,2068.44539,2066.84754,2067.23293,100,20.0
2024.01.29 15:45,2067.94812,2068.02971,2067.24534,2067.48531,100,20.0
2024.01.29 16:00,2066.78228,2067.78540,2066.47749,2067.29399,100,20.0
2024.01.29 16:15,2067.66907,2068.22249,2067.47077,2068.15747,100,20.0
2024.01.29 16:30,2067.88200,2068.12062,2067.70368,2068.08537,100,20.0
2024.01.29 16:45,2067.59144,2067.67191,2066.95332,2067.58367,100,20.0
2024.01.29 17:00,2069.09021,2069.31689,2068.31664,2068.88152,100,20.0
2024.01.29 17:15,2068.22671,2068.54827,2067.81432,2068.04916,100,20.0
2024.01.29 17:30,2068.14893,2068.19233,2067.76184,2067.76432,100,20.0
2024.01.29 17:45,2067.54355,2067.89304,2067.12394,2067.56151,100,20.0
2024.01.29 18:00,2068.50059,2068.86604,2067.92725,2068.70764,100,20.0
2024.01.29 18:15,2068.06215,2068.72492,2067.99661,2068.12241,100,20.0
2024.01.29 18:30,2067.59282,2068.17135,2067.56837,2067.90485,100,20.0
2024.01.29 18:45,2068.52469,2068.95911,2068.49021,2068.78397,100,20.0
2024.01.29 19:00,2069.30782,2069.70570,2068.67119,2069.12095,100,20.0
2024.01.29 19:15,2069.27245,2070.26488,2068.71603,2070.00099,100,20.0
2024.01.29 19:30,2070.26105,2070.40352,2068.36373,2069.50123,100,20.0
2024.01.29 19:45,2069.35176,2069.79875,2069.03672,2069.60625,100,20.0
2024.01.29 20:00,2068.08747,2068.55588,2067.74893,2068.29224,100,20.0
2024.01.29 20:15,2069.14226,2069.64089,2068.71096,2069.38510,100,20.0
2024.01.29 20:30,2070.10644,2070.40984,2069.30567,2069.93017,100,20.0
2024.01.29 20:45,2069.18351,2069.24957,2068.31315,2068.71050,100,20.0
2024.01.29 21:00,2069.46308,2070.23234,2069.19024,2069.90436,100,20.0
2024.01.29 21:15,2069.78208,2070.80431,2069.50384,2070.34069,100,20.0
2024.01.29 21:30,2071.27947,2071.37516,2070.32717,2070.69842,100,20.0
2024.01.29 21:45,2069.42518,2069.62702,2068.87246,2069.53853,100,20.0
2024.01.29 22:00,2070.15750,2070.57740,2069.92308,2070.00953,100,20.0
2024.01.29 22:15,2069.62805,2069.68624,2069.52464,2069.63753,100,20.0
2024.01.29 22:30,2068.83609,2069.12360,2067.42223,2067.85566,100,20.0
2024.01.29 22:45,2066.99326,2067.72889,2066.33306,2067.33235,100,20.0
2024.01.29 23:00,2067.37142,2067.42465,2066.90511,2066.94873,100,20.0
2024.01.29 23:15,2066.18386,2067.36271,2065.87482,2066.91586,100,20.0
2024.01.29 23:30,2067.93740,2068.50399,2067.87334,2068.22632,100,20.0
2024.01.29 23:45,2068.37339,2068.85819,2067.81618,2068.32319,100,20.0
2024.01.30 00:00,2067.68384,2068.24743,2067.40818,2067.57584,100,20.0
2024.01.30 00:15,2068.24232,2068.54313,2067.97946,2068.11716,100,20.0
2024.01.30 00:30,2067.78471,2068.62937,2067.59232,2068.56763,100,20.0
2024.01.30 00:45,2068.80482,2069.58390,2068.67735,2069.58239,100,20.0
2024.01.30 01:00,2069.97444,2070.08329,2069.26324,2069.92022,100,20.0
2024.01.30 01:15,2070.43599,2070.66683,2069.04393,2069.67635,100,20.0
2024.01.30 01:30,2070.45331,2071.22644,2070.20534,2070.86731,100,20.0
2024.01.30 01:45,2070.59601,2070.95711,2070.44057,2070.47896,100,20.0
2024.01.30 02:00,2070.91869,2071.31161,2070.48120,2071.21621,100,20.0
2024.01.30 02:15,2071.17261,2071.89723,2070.92484,2071.47171,100,20.0
2024.01.30 02:30,2072.09807,2072.34415,2071.86890,2072.11515,100,20.0
2024.01.30 02:45,2072.21126,2073.05321,2071.62732,2072.58564,100,20.0
2024.01.30 03:00,2072.61358,2072.66247,2071.91919,2072.30871,100,20.0
2024.01.30 03:15,2072.39666,2072.45124,2072.25656,2072.41407,100,20.0
2024.01.30 03:30,2072.50955,2072.81897,2071.89904,2072.80672,100,20.0
2024.01.30 03:45,2072.38275,2073.20928,2072.20624,2072.94711,100,20.0
2024.01.30 04:00,2072.61774,2074.16374,2072.53606,2073.66412,100,20.0
2024.01.30 04:15,2073.70604,2073.81666,2073.51041,2073.66329,100,20.0
2024.01.30 04:30,2073.53434,2073.73845,2071.75030,2072.50814,100,20.0
2024.01.30 04:45,2072.37772,2073.17886,2072.31695,2072.79564,100,20.0
2024.01.30 05:00,2073.79625,2074.65590,2073.38906,2073.56366,100,20.0
2024.01.30 05:15,2073.92768,2075.14023,2073.71745,2074.89069,100,20.0
2024.01.30 05:30,2075.29794,2075.32809,2074.53264,2074.69284,100,20.0
2024.01.30 05:45,2075.78288,2076.29584,2075.34333,2076.11688,100,20.0
2024.01.30 06:00,2077.04532,2078.32580,2076.56566,2078.03023,100,20.0
2024.01.30 06:15,2078.29088,2079.01490,2078.12459,2078.34770,100,20.0
2024.01.30 06:30,2078.60346,2078.96158,2077.90057,2078.50502,100,20.0
2024.01.30 06:45,2079.29301,2079.34074,2078.53758,2078.93243,100,20.0
2024.01.30 07:00,2077.70975,2078.19633,2076.89473,2077.09569,100,20.0
2024.01.30 07:15,2076.36357,2077.66181,2075.96296,2077.09089,100,20.0
2024.01.30 07:30,2077.87427,2078.63978,2077.59997,2078.46605,100,20.0
2024.01.30 07:45,2078.31848,2078.74547,2077.69150,2077.81864,100,20.0
2024.01.30 08:00,2078.24784,2078.59329,2077.60043,2077.71086,100,20.0
2024.01.30 08:15,2076.88509,2077.89035,2076.86433,2077.49386,100,20.0
2024.01.30 08:30,2076.16563,2077.30559,2075.64346,2077.26346,100,20.0
2024.01.30 08:45,2076.99841,2077.02379,2075.69326,2075.91338,100,20.0
2024.01.30 09:00,2075.31668,2075.48992,2075.05923,2075.21230,100,20.0
2024.01.30 09:15,2075.64571,2076.55340,2075.44985,2076.50296,100,20.0
2024.01.30 09:30,2076.27603,2077.13538,2075.85392,2076.83462,100,20.0
2024.01.30 09:45,2076.18538,2076.46135,2076.04504,2076.18011,100,20.0
2024.01.30 10:00,2075.81449,2076.83149,2075.46651,2076.21674,100,20.0
2024.01.30 10:15,2075.28171,2075.30142,2074.83520,2075.25527,100,20.0
2024.01.30 10:30,2075.50370,2076.17272,2074.85992,2075.08803,100,20.0
2024.01.30 10:45,2073.35348,2073.99266,2072.87988,2072.96403,100,20.0
2024.01.30 11:00,2073.25307,2073.51144,2072.15353,2072.41643,100,20.0
2024.01.30 11:15,2072.42553,2073.31622,2072.34372,2073.11954,100,20.0
2024.01.30 11:30,2072.38828,2073.00813,2071.98144,2072.11159,100,20.0
2024.01.30 11:45,2073.17806,2073.78450,2072.23561,2072.91304,100,20.0
2024.01.30 12:00,2071.56404,2071.78238,2070.76519,2071.27358,100,20.0
2024.01.30 12:15,2071.31226,2071.44279,2070.92044,2071.18017,100,20.0
2024.01.30 12:30,2070.99113,2071.52637,2070.56288,2071.14323,100,20.0
2024.01.30 12:45,2071.43223,2071.46093,2070.58462,2070.97822,100,20.0
2024.01.30 13:00,2071.10749,2071.74715,2070.41157,2071.40599,100,20.0
2024.01.30 13:15,2071.80820,2072.10970,2071.05980,2071.88080,100,20.0
2024.01.30 13:30,2072.11481,2072.66731,2071.76024,2072.51827,100,20.0
2024.01.30 13:45,2072.08449,2072.31804,2072.04655,2072.22819,100,20.0
2024.01.30 14:00,2072.90843,2073.21479,2071.94794,2072.75283,100,20.0
2024.01.30 14:15,2073.38396,2074.12845,2072.80688,2073.85061,100,20.0
2024.01.30 14:30,2075.00332,2075.55890,2074.99256,2075.50128,100,20.0
2024.01.30 14:45,2074.65976,2074.91826,2074.11019,2074.35427,100,20.0
2024.01.30 15:00,2073.82024,2074.55849,2073.29277,2074.28191,100,20.0
2024.01.30 15:15,2074.57029,2075.57813,2073.91469,2074.99530,100,20.0
2024.01.30 15:30,2074.77523,2075.04885,2074.45492,2074.97581,100,20.0
2024.01.30 15:45,2074.87769,2074.97351,2074.35070,2074.42580,100,20.0
2024.01.30 16:00,2074.23487,2074.79942,2074.10088,2074.25195,100,20.0
2024.01.30 16:15,2075.40063,2075.56095,2074.81224,2075.23502,100,20.0
2024.01.30 16:30,2074.49092,2074.52243,2073.72468,2073.88797,100,20.0
2024.01.30 16:45,2074.10312,2074.93785,2074.02461,2074.85922,100,20.0
2024.01.30 17:00,2075.30503,2075.59207,2074.99426,2075.03160,100,20.0
2024.01.30 17:15,2075.61881,2075.92282,2075.13935,2075.32870,100,20.0
2024.01.30 17:30,2074.39723,2074.56107,2074.04014,2074.09744,100,20.0
2024.01.30 17:45,2073.82043,2074.19006,2073.72810,2074.01667,100,20.0
2024.01.30 18:00,2074.76872,2075.51532,2074.63604,2075.12059,100,20.0
2024.01.30 18:15,2075.88547,2076.15665,2075.53276,2075.58603,100,20.0
2024.01.30 18:30,2076.33920,2076.46105,2075.87099,2076.20794,100,20.0
2024.01.30 18:45,2076.40641,2077.47777,2076.19321,2077.02024,100,20.0
2024.01.30 19:00,2078.03387,2078.48197,2077.73909,2078.38635,100,20.0
2024.01.30 19:15,2078.62945,2079.71072,2078.60969,2079.10991,100,20.0
2024.01.30 19:30,2078.31105,2078.51527,2078.23320,2078.29447,100,20.0
2024.01.30 19:45,2077.90848,2078.44481,2077.75325,2078.23389,100,20.0
2024.01.30 20:00,2079.59892,2080.35638,2079.50892,2080.08959,100,20.0
2024.01.30 20:15,2079.46434,2079.97386,2079.09416,2079.86814,100,20.0
2024.01.30 20:30,2079.58099,2080.48073,2078.78369,2078.96633,100,20.0
2024.01.30 20:45,2079.93337,2080.65959,2079.55865,2080.41773,100,20.0
2024.01.30 21:00,2080.51829,2081.57573,2080.25639,2081.37163,100,20.0
2024.01.30 21:15,2081.60490,2081.96869,2080.83935,2081.59502,100,20.0
2024.01.30 21:30,2081.37303,2081.75343,2081.21359,2081.54522,100,20.0
2024.01.30 21:45,2080.66928,2081.01740,2080.26572,2080.56956,100,20.0
2024.01.30 22:00,2080.75756,2081.76203,2080.66449,2081.57677,100,20.0
2024.01.30 22:15,2081.88221,2082.30677,2081.44789,2082.04162,100,20.0
2024.01.30 22:30,2082.09319,2082.18009,2081.47566,2082.03274,100,20.0
2024.01.30 22:45,2081.33641,2082.09811,2081.06360,2081.20299,100,20.0
2024.01.30 23:00,2081.23990,2081.51396,2081.07830,2081.34620,100,20.0
2024.01.30 23:15,2081.46246,2082.31457,2081.20114,2082.03520,100,20.0
2024.01.30 23:30,2081.67310,2082.49062,2081.39943,2081.94873,100,20.0
2024.01.30 23:45,2082.50212,2083.10655,2082.29385,2082.90252,100,20.0
2024.01.31 00:00,2082.11709,2082.24729,2081.39222,2081.68813,100,20.0
2024.01.31 00:15,2081.62661,2082.34790,2081.57732,2081.94861,100,20.0
2024.01.31 00:30,2081.07914,2081.57941,2080.11940,2080.31231,100,20.0
2024.01.31 00:45,2079.84250,2080.05255,2079.61723,2079.80375,100,20.0
2024.01.31 01:00,2080.52844,2080.58974,2079.72489,2079.92983,100,20.0
2024.01.31 01:15,2080.65266,2081.85765,2079.49500,2081.13880,100,20.0
2024.01.31 01:30,2080.13452,2080.83525,2080.03448,2080.62921,100,20.0
2024.01.31 01:45,2080.83053,2080.93696,2080.77944,2080.89291,100,20.0
2024.01.31 02:00,2080.90483,2081.22564,2080.66341,2080.89922,100,20.0
2024.01.31 02:15,2081.34219,2081.53201,2080.61332,2080.89448,100,20.0
2024.01.31 02:30,2080.59932,2081.21674,2080.57263,2081.16438,100,20.0
2024.01.31 02:45,2081.62568,2081.79391,2081.53651,2081.70264,100,20.0
2024.01.31 03:00,2081.72235,2082.02766,2081.56615,2081.69827,100,20.0
2024.01.31 03:15,2082.65036,2082.96275,2082.21418,2082.82028,100,20.0
2024.01.31 03:30,2082.66940,2083.38758,2082.23556,2083.22054,100,20.0
2024.01.31 03:45,2084.34591,2084.70532,2083.62156,2084.58399,100,20.0
2024.01.31 04:00,2084.34083,2084.55061,2084.03688,2084.17477,100,20.0
2024.01.31 04:15,2084.54719,2084.95193,2084.19009,2084.26645,100,20.0
2024.01.31 04:30,2084.86387,2085.12634,2084.76670,2084.89522,100,20.0
2024.01.31 04:45,2083.66524,2084.16591,2083.24129,2083.59442,100,20.0
2024.01.31 05:00,2084.17671,2084.34462,2083.20271,2083.30676,100,20.0
2024.01.31 05:15,2082.79751,2083.28612,2082.73582,2083.07311,100,20.0
2024.01.31 05:30,2082.94489,2084.16030,2082.79338,2083.87728,100,20.0
2024.01.31 05:45,2083.40493,2083.79036,2082.98320,2083.08873,100,20.0
2024.01.31 06:00,2082.36806,2083.35910,2082.20614,2082.82991,100,20.0
2024.01.31 06:15,2083.29501,2083.88100,2083.11942,2083.23436,100,20.0
2024.01.31 06:30,2081.61161,2081.70899,2079.87625,2080.50215,100,20.0
2024.01.31 06:45,2080.54290,2080.68976,2079.69125,2079.88640,100,20.0
2024.01.31 07:00,2079.29345,2079.58834,2078.92941,2079.01906,100,20.0
2024.01.31 07:15,2078.62989,2079.16116,2078.14969,2079.06163,100,20.0
2024.01.31 07:30,2080.02139,2080.02302,2079.61441,2079.94831,100,20.0
2024.01.31 07:45,2080.72201,2080.92676,2080.09263,2080.44082,100,20.0
2024.01.31 08:00,2080.19727,2080.36634,2079.60222,2079.79126,100,20.0
2024.01.31 08:15,2078.74506,2079.53258,2078.05174,2078.70011,100,20.0
2024.01.31 08:30,2079.06422,2079.23147,2077.18916,2077.84872,100,20.0
2024.01.31 08:45,2077.49673,2077.98943,2076.94555,2077.37203,100,20.0
2024.01.31 09:00,2076.94757,2078.49731,2076.45584,2078.07057,100,20.0
2024.01.31 09:15,2077.89122,2078.69795,2077.26539,2077.46940,100,20.0
2024.01.31 09:30,2076.59327,2077.81543,2076.41683,2077.40386,100,20.0
2024.01.31 09:45,2076.29816,2076.93537,2075.70236,2076.84460,100,20.0
2024.01.31 10:00,2076.78525,2077.53076,2076.54133,2077.27145,100,20.0
2024.01.31 10:15,2077.31933,2078.65254,2076.74086,2078.32234,100,20.0
2024.01.31 10:30,2077.98968,2078.06841,2077.66255,2077.99310,100,20.0
2024.01.31 10:45,2077.57092,2077.62835,2077.19046,2077.44161,100,20.0
2024.01.31 11:00,2077.23432,2077.97246,2076.98925,2077.03985,100,20.0
2024.01.31 11:15,2076.40967,2076.76488,2076.33196,2076.62883,100,20.0
2024.01.31 11:30,2076.43505,2076.54865,2075.90845,2075.92129,100,20.0
2024.01.31 11:45,2075.61726,2076.23791,2075.06775,2076.04567,100,20.0
2024.01.31 12:00,2075.49631,2075.67100,2074.93723,2075.57844,100,20.0
2024.01.31 12:15,2075.29193,2075.53767,2074.52664,2074.80422,100,20.0
2024.01.31 12:30,2075.10095,2075.81157,2074.25633,2075.15187,100,20.0
2024.01.31 12:45,2075.85410,2077.18268,2075.57634,2076.52006,100,20.0
2024.01.31 13:00,2076.36952,2077.14125,2076.02347,2076.74927,100,20.0
2024.01.31 13:15,2077.33666,2077.56808,2076.75039,2076.78598,100,20.0
2024.01.31 13:30,2075.90416,2076.59368,2075.73959,2075.74187,100,20.0
2024.01.31 13:45,2075.66519,2075.74088,2075.20804,2075.50658,100,20.0
2024.01.31 14:00,2074.34369,2075.27484,2073.85907,2074.93295,100,20.0
2024.01.31 14:15,2074.70535,2075.01910,2074.63860,2074.89971,100,20.0
2024.01.31 14:30,2073.69135,2073.80272,2073.23911,2073.74750,100,20.0
2024.01.31 14:45,2073.81317,2073.88376,2072.25108,2072.97160,100,20.0
2024.01.31 15:00,2072.68074,2072.76543,2072.21672,2072.48959,100,20.0
2024.01.31 15:15,2072.94449,2073.28547,2072.73634,2072.93682,100,20.0
2024.01.31 15:30,2073.26217,2073.90653,2072.37273,2073.71767,100,20.0
2024.01.31 15:45,2073.16609,2074.13484,2072.68770,2074.10598,100,20.0
2024.01.31 16:00,2073.87830,2074.77805,2073.66842,2074.02091,100,20.0
2024.01.31 16:15,2073.30807,2073.35495,2072.88165,2072.97610,100,20.0
2024.01.31 16:30,2073.00469,2073.74573,2072.91086,2073.28055,100,20.0
2024.01.31 16:45,2073.96545,2074.39778,2073.71153,2074.27540,100,20.0
2024.01.31 17:00,2074.66230,2075.30419,2074.34568,2075.11632,100,20.0
2024.01.31 17:15,2075.80837,2076.37961,2074.87374,2075.02006,100,20.0
2024.01.31 17:30,2075.01717,2075.65744,2074.44361,2074.60503,100,20.0
2024.01.31 17:45,2073.96306,2074.15045,2073.00964,2073.28768,100,20.0
2024.01.31 18:00,2074.14806,2074.68615,2073.54423,2073.82288,100,20.0
2024.01.31 18:15,2074.47254,2075.96817,2073.83232,2075.66741,100,20.0
2024.01.31 18:30,2075.22065,2075.36130,2074.99849,2075.00537,100,20.0
2024.01.31 18:45,2074.13206,2074.83702,2073.53260,2073.90606,100,20.0
2024.01.31 19:00,2072.40607,2073.02057,2071.84930,2071.91562,100,20.0
2024.01.31 19:15,2070.91972,2071.65326,2069.90896,2071.41155,100,20.0
2024.01.31 19:30,2072.06834,2072.50311,2071.32600,2072.23569,100,20.0
2024.01.31 19:45,2072.45948,2073.03886,2071.92985,2072.55876,100,20.0
2024.01.31 20:00,2072.91420,2073.16526,2072.48867,2073.02844,100,20.0
2024.01.31 20:15,2073.95463,2074.11051,2073.68542,2073.74988,100,20.0
2024.01.31 20:30,2072.99443,2073.51282,2072.75419,2073.00992,100,20.0
2024.01.31 20:45,2073.61639,2073.70238,2072.31775,2072.96214,100,20.0
2024.01.31 21:00,2072.81613,2073.87635,2072.45231,2072.98971,100,20.0
2024.01.31 21:15,2074.08635,2074.50609,2072.47345,2073.12583,100,20.0
2024.01.31 21:30,2073.88906,2075.29950,2073.80876,2075.26275,100,20.0
2024.01.31 21:45,2075.08156,2075.22652,2074.56956,2075.00345,100,20.0
2024.01.31 22:00,2074.46370,2074.77998,2074.35812,2074.51372,100,20.0
2024.01.31 22:15,2073.97746,2074.30117,2073.24293,2073.92177,100,20.0
2024.01.31 22:30,2073.90184,2074.01789,2073.00106,2073.67700,100,20.0
2024.01.31 22:45,2073.26095,2073.46324,2071.85192,2072.31498,100,20.0
2024.01.31 23:00,2071.76130,2072.44177,2071.71018,2072.08623,100,20.0
2024.01.31 23:15,2073.16123,2073.21809,2072.60326,2072.73054,100,20.0
2024.01.31 23:30,2073.28657,2073.34615,2073.05676,2073.24174,100,20.0
2024.01.31 23:45,2074.37459,2074.51341,2073.63572,2074.08262,100,20.0
2024.02.01 00:00,2074.24765,2074.36510,2072.46531,2073.32178,100,20.0
2024.02.01 00:15,2072.75903,2073.10610,2071.90670,2071.94193,100,20.0
2024.02.01 00:30,2072.37731,2073.24767,2072.01227,2073.06825,100,20.0
2024.02.01 00:45,2073.29569,2073.74472,2072.36948,2073.73679,100,20.0
2024.02.01 01:00,2073.83513,2074.15317,2072.94639,2073.76146,100,20.0
2024.02.01 01:15,2072.62981,2073.53791,2072.24322,2073.42919,100,20.0
2024.02.01 01:30,2073.46339,2074.33707,2073.09034,2073.78993,100,20.0
2024.02.01 01:45,2072.73920,2073.42817,2071.91755,2072.27139,100,20.0
2024.02.01 02:00,2071.79773,2071.90856,2071.01124,2071.12120,100,20.0
2024.02.01 02:15,2070.91772,2071.54534,2070.64241,2071.44156,100,20.0
2024.02.01 02:30,2071.72413,2071.93221,2070.94885,2071.21523,100,20.0
2024.02.01 02:45,2071.84385,2072.33972,2071.78259,2071.79849,100,20.0
2024.02.01 03:00,2071.80040,2072.78631,2071.67340,2072.52049,100,20.0
2024.02.01 03:15,2071.87017,2072.90891,2071.83987,2072.47132,100,20.0
2024.02.01 03:30,2072.76611,2072.81653,2071.32537,2071.90856,100,20.0
2024.02.01 03:45,2072.80548,2072.92785,2071.45643,2072.28275,100,20.0
2024.02.01 04:00,2072.63369,2072.90406,2072.28338,2072.58722,100,20.0
2024.02.01 04:15,2073.15817,2073.39892,2072.93504,2073.33870,100,20.0
2024.02.01 04:30,2073.35864,2073.75896,2072.78192,2073.18157,100,20.0
2024.02.01 04:45,2073.28243,2073.83175,2072.83557,2073.02997,100,20.0
2024.02.01 05:00,2073.17983,2073.61950,2072.61362,2072.72789,100,20.0
2024.02.01 05:15,2072.52219,2072.80656,2071.06341,2071.81191,100,20.0
2024.02.01 05:30,2071.04635,2071.40316,2071.02491,2071.28254,100,20.0
2024.02.01 05:45,2072.19097,2072.21979,2070.84764,2071.33876,100,20.0
2024.02.01 06:00,2071.13178,2071.87358,2070.96843,2071.39137,100,20.0
2024.02.01 06:15,2071.71157,2071.91828,2071.47358,2071.85515,100,20.0
2024.02.01 06:30,2073.14575,2073.68383,2072.73311,2073.33892,100,20.0
2024.02.01 06:45,2072.47481,2072.77002,2072.12972,2072.65214,100,20.0
2024.02.01 07:00,2072.41292,2072.86609,2071.22856,2071.90795,100,20.0
2024.02.01 07:15,2071.88608,2072.34054,2071.36132,2071.37743,100,20.0
2024.02.01 07:30,2071.27975,2071.34084,2071.21212,2071.28653,100,20.0
2024.02.01 07:45,2071.31903,2071.54669,2071.19754,2071.27337,100,20.0
2024.02.01 08:00,2071.31722,2071.55298,2071.23046,2071.52734,100,20.0
2024.02.01 08:15,2070.75905,2070.89768,2070.47055,2070.76603,100,20.0
2024.02.01 08:30,2070.84771,2071.24182,2070.38590,2070.41481,100,20.0
2024.02.01 08:45,2070.45855,2070.60673,2069.92705,2070.06418,100,20.0
2024.02.01 09:00,2069.39939,2070.20079,2068.97558,2070.06524,100,20.0
2024.02.01 09:15,2069.59352,2070.23251,2069.08845,2069.80143,100,20.0
2024.02.01 09:30,2071.14152,2072.30201,2070.84300,2071.66214,100,20.0
2024.02.01 09:45,2072.65335,2073.00763,2071.88707,2072.13187,100,20.0
2024.02.01 10:00,2072.20280,2073.67381,2071.91673,2073.45140,100,20.0
2024.02.01 10:15,2073.13502,2073.48872,2072.72270,2073.07337,100,20.0
2024.02.01 10:30,2071.94976,2072.53219,2071.82883,2072.06345,100,20.0
2024.02.01 10:45,2071.31429,2071.52043,2070.93839,2071.40063,100,20.0
2024.02.01 11:00,2071.24700,2072.15374,2071.19454,2071.82796,100,20.0
2024.02.01 11:15,2072.33956,2073.05697,2072.11264,2072.61952,100,20.0
2024.02.01 11:30,2073.49553,2074.15599,2073.21515,2073.77977,100,20.0
2024.02.01 11:45,2074.25160,2074.34095,2073.77144,2073.95056,100,20.0
2024.02.01 12:00,2074.55018,2075.11437,2074.00294,2074.97754,100,20.0
2024.02.01 12:15,2074.87493,2074.88484,2074.74177,2074.80895,100,20.0
2024.02.01 12:30,2074.79657,2075.14639,2074.49724,2074.89076,100,20.0
2024.02.01 12:45,2074.95515,2075.26793,2074.79239,2074.85745,100,20.0
2024.02.01 13:00,2074.15893,2074.54702,2074.12007,2074.29253,100,20.0
2024.02.01 13:15,2075.06143,2075.29502,2074.71962,2075.28105,100,20.0
2024.02.01 13:30,2075.65413,2076.24749,2075.59937,2075.71882,100,20.0
2024.02.01 13:45,2076.29861,2076.55408,2075.80596,2076.10433,100,20.0
2024.02.01 14:00,2075.27088,2076.22133,2075.24992,2075.44605,100,20.0
2024.02.01 14:15,2076.31550,2076.63144,2075.98073,2076.58614,100,20.0
2024.02.01 14:30,2077.21075,2077.47350,2076.60941,2077.29505,100,20.0
2024.02.01 14:45,2077.65420,2077.97661,2077.34275,2077.44039,100,20.0
2024.02.01 15:00,2078.40935,2078.79593,2078.19295,2078.59940,100,20.0
2024.02.01 15:15,2078.23516,2078.37273,2077.34714,2077.67300,100,20.0
2024.02.01 15:30,2077.25766,2077.74944,2076.97220,2077.14179,100,20.0
2024.02.01 15:45,2077.19520,2077.56684,2076.66253,2077.02069,100,20.0
2024.02.01 16:00,2076.70722,2077.26608,2076.59984,2077.21519,100,20.0
2024.02.01 16:15,2076.75083,2076.78582,2075.83794,2075.85816,100,20.0
2024.02.01 16:30,2077.01063,2077.31746,2076.09541,2076.61550,100,20.0
2024.02.01 16:45,2076.51623,2076.99910,2075.99286,2076.53054,100,20.0
2024.02.01 17:00,2076.52659,2076.69800,2076.08288,2076.61128,100,20.0
2024.02.01 17:15,2076.15114,2076.55481,2076.12074,2076.29134,100,20.0
2024.02.01 17:30,2075.63008,2076.21293,2075.27038,2075.28026,100,20.0
2024.02.01 17:45,2076.50776,2076.92216,2076.21395,2076.46067,100,20.0
2024.02.01 18:00,2077.45142,2077.71083,2076.87784,2077.55636,100,20.0
2024.02.01 18:15,2077.89718,2078.70285,2077.49364,2078.09955,100,20.0
2024.02.01 18:30,2078.68199,2078.71364,2078.26451,2078.46874,100,20.0
2024.02.01 18:45,2076.92341,2077.92551,2075.80151,2076.17948,100,20.0
2024.02.01 19:00,2075.83318,2076.99599,2075.19874,2076.58941,100,20.0
2024.02.01 19:15,2077.29380,2077.71208,2076.83172,2077.69772,100,20.0
2024.02.01 19:30,2078.00041,2078.19874,2077.89527,2077.97160,100,20.0
2024.02.01 19:45,2077.15734,2077.47367,2077.14455,2077.14886,100,20.0
2024.02.01 20:00,2077.16160,2077.42408,2077.15407,2077.22859,100,20.0
2024.02.01 20:15,2076.56200,2076.82361,2076.35837,2076.82246,100,20.0
2024.02.01 20:30,2076.60731,2076.83364,2076.36555,2076.61472,100,20.0
2024.02.01 20:45,2077.11809,2077.41810,2076.01110,2076.59483,100,20.0
2024.02.01 21:00,2076.53554,2076.96636,2075.93049,2076.34870,100,20.0
2024.02.01 21:15,2076.44145,2077.11877,2076.11023,2076.80253,100,20.0
2024.02.01 21:30,2076.22555,2076.72091,2076.10524,2076.60443,100,20.0
2024.02.01 21:45,2076.89378,2077.10897,2076.57386,2076.81583,100,20.0
2024.02.01 22:00,2076.33931,2076.47385,2075.85097,2076.25392,100,20.0
2024.02.01 22:15,2075.38711,2075.86231,2074.94755,2074.96110,100,20.0
2024.02.01 22:30,2074.51054,2074.55073,2074.06274,2074.52171,100,20.0
2024.02.01 22:45,2074.82678,2074.85271,2074.57303,2074.76297,100,20.0
2024.02.01 23:00,2074.79437,2075.10531,2073.92077,2074.22406,100,20.0
2024.02.01 23:15,2074.62066,2075.01964,2074.05460,2075.01246,100,20.0
2024.02.01 23:30,2075.94017,2076.79429,2075.83043,2076.29103,100,20.0
2024.02.01 23:45,2076.34083,2076.42059,2076.16883,2076.38569,100,20.0
2024.02.02 00:00,2076.48908,2077.46382,2076.34777,2077.31431,100,20.0
2024.02.02 00:15,2077.98090,2078.27237,2077.44798,2077.75035,100,20.0
2024.02.02 00:30,2077.69734,2078.37954,2077.68900,2078.03052,100,20.0
2024.02.02 00:45,2077.14589,2077.18164,2076.29982,2076.50989,100,20.0
2024.02.02 01:00,2076.21413,2076.72455,2076.05114,2076.65527,100,20.0
2024.02.02 01:15,2075.93344,2077.10458,2075.54912,2076.49837,100,20.0
2024.02.02 01:30,2077.44650,2078.99613,2077.35607,2078.40837,100,20.0
2024.02.02 01:45,2078.16856,2078.50116,2077.91372,2078.10861,100,20.0
2024.02.02 02:00,2078.34675,2079.22012,2077.97759,2078.78369,100,20.0
2024.02.02 02:15,2079.32530,2080.23761,2079.14544,2080.07746,100,20.0
2024.02.02 02:30,2080.04480,2080.09447,2079.50035,2079.83213,100,20.0
2024.02.02 02:45,2079.47021,2080.08372,2078.81506,2079.31767,100,20.0
2024.02.02 03:00,2078.66309,2078.88976,2077.72875,2078.49661,100,20.0
2024.02.02 03:15,2078.14590,2078.69431,2078.12033,2078.43545,100,20.0
2024.02.02 03:30,2077.06714,2077.41234,2076.53632,2077.29034,100,20.0
2024.02.02 03:45,2077.32719,2077.58715,2076.72910,2076.83798,100,20.0
2024.02.02 04:00,2076.92335,2077.51894,2075.84410,2075.84667,100,20.0
2024.02.02 04:15,2075.42933,2075.66276,2075.37543,2075.57473,100,20.0
2024.02.02 04:30,2075.28910,2075.81973,2074.70604,2075.45299,100,20.0
2024.02.02 04:45,2076.87752,2076.97602,2076.42341,2076.43173,100,20.0
2024.02.02 05:00,2076.96059,2077.48655,2076.94417,2077.43149,100,20.0
2024.02.02 05:15,2077.78954,2077.96090,2077.09681,2077.64237,100,20.0
2024.02.02 05:30,2077.41205,2077.92688,2077.29875,2077.73801,100,20.0
2024.02.02 05:45,2077.42222,2077.57504,2077.12013,2077.26728,100,20.0
2024.02.02 06:00,2077.41644,2077.65081,2077.28112,2077.44178,100,20.0
2024.02.02 06:15,2077.23343,2077.49605,2076.68201,2077.36420,100,20.0
2024.02.02 06:30,2077.33819,2078.05096,2076.39315,2076.94920,100,20.0
2024.02.02 06:45,2076.72708,2077.15916,2076.67966,2076.90799,100,20.0
2024.02.02 07:00,2077.08799,2077.77471,2076.70421,2077.67941,100,20.0
2024.02.02 07:15,2076.86340,2077.62635,2076.58552,2077.40774,100,20.0
2024.02.02 07:30,2076.84465,2077.20748,2076.81605,2077.04238,100,20.0
2024.02.02 07:45,2077.12604,2077.46601,2076.21694,2077.10886,100,20.0
2024.02.02 08:00,2076.63341,2076.77123,2076.47490,2076.70673,100,20.0
2024.02.02 08:15,2076.12520,2076.28838,2074.96966,2075.27966,100,20.0
2024.02.02 08:30,2075.32137,2076.49060,2075.25866,2076.21022,100,20.0
2024.02.02 08:45,2076.38931,2076.41257,2076.15214,2076.37808,100,20.0
2024.02.02 09:00,2075.99370,2076.59037,2075.76842,2076.31079,100,20.0
2024.02.02 09:15,2076.13408,2076.45396,2075.85807,2076.28817,100,20.0
2024.02.02 09:30,2076.19341,2076.36338,2075.83657,2076.32415,100,20.0
2024.02.02 09:45,2076.46252,2076.79961,2075.91509,2076.04530,100,20.0
2024.02.02 10:00,2076.04899,2076.21673,2075.79563,2076.21380,100,20.0
2024.02.02 10:15,2075.82247,2075.92911,2074.97181,2075.24249,100,20.0
2024.02.02 10:30,2074.83689,2074.86704,2074.02450,2074.39467,100,20.0
2024.02.02 10:45,2074.17048,2075.27133,2073.98755,2075.21950,100,20.0
2024.02.02 11:00,2073.78688,2074.73134,2073.35412,2074.69626,100,20.0
2024.02.02 11:15,2074.18861,2074.58688,2073.40108,2073.91075,100,20.0
2024.02.02 11:30,2073.68842,2073.90984,2073.45340,2073.48633,100,20.0
2024.02.02 11:45,2073.56232,2074.29765,2073.22856,2073.45963,100,20.0
2024.02.02 12:00,2073.12987,2073.13766,2072.86300,2072.98159,100,20.0
2024.02.02 12:15,2074.09286,2074.57338,2073.40096,2073.61816,100,20.0
2024.02.02 12:30,2073.29392,2073.36822,2072.70778,2072.79950,100,20.0
2024.02.02 12:45,2071.55180,2071.87030,2070.74338,2070.97759,100,20.0
2024.02.02 13:00,2070.65637,2071.23698,2070.37684,2071.09191,100,20.0
2024.02.02 13:15,2070.65174,2070.72604,2070.21190,2070.45601,100,20.0
2024.02.02 13:30,2069.36972,2069.37406,2068.14264,2068.88069,100,20.0
2024.02.02 13:45,2068.20673,2068.21160,2067.48871,2067.91269,100,20.0
2024.02.02 14:00,2068.37030,2069.10635,2067.94777,2068.20167,100,20.0
2024.02.02 14:15,2068.12582,2068.52906,2067.39170,2067.47925,100,20.0
2024.02.02 14:30,2067.75898,2067.92049,2067.53017,2067.62149,100,20.0
2024.02.02 14:45,2068.30450,2068.36030,2068.04114,2068.18708,100,20.0
2024.02.02 15:00,2068.74491,2069.14174,2068.59510,2068.77252,100,20.0
2024.02.02 15:15,2068.72177,2068.82854,2068.50025,2068.55011,100,20.0
2024.02.02 15:30,2067.82767,2068.24183,2067.18303,2067.23960,100,20.0
2024.02.02 15:45,2067.51984,2067.54599,2066.53670,2066.96755,100,20.0
2024.02.02 16:00,2066.39781,2066.81691,2066.14033,2066.45204,100,20.0
2024.02.02 16:15,2066.46674,2067.67472,2065.71946,2066.96489,100,20.0
2024.02.02 16:30,2065.90861,2066.53686,2065.28402,2066.23995,100,20.0
2024.02.02 16:45,2066.34335,2066.79229,2065.71265,2066.01146,100,20.0
2024.02.02 17:00,2065.89879,2066.29807,2064.82837,2065.05995,100,20.0
2024.02.02 17:15,2063.81077,2064.49743,2062.70151,2062.76445,100,20.0
2024.02.02 17:30,2062.33871,2062.62818,2062.30874,2062.57191,100,20.0
2024.02.02 17:45,2062.92786,2063.32960,2062.84616,2063.19623,100,20.0
2024.02.02 18:00,2064.03520,2064.89449,2063.67664,2064.12563,100,20.0
2024.02.02 18:15,2063.58612,2063.89004,2062.91484,2063.10720,100,20.0
2024.02.02 18:30,2062.31645,2062.64179,2062.09669,2062.13733,100,20.0
2024.02.02 18:45,2061.30045,2062.77184,2060.69809,2062.65406,100,20.0
2024.02.02 19:00,2061.84133,2061.89977,2061.64688,2061.79103,100,20.0
2024.02.02 19:15,2062.06075,2062.45200,2061.97327,2062.33040,100,20.0
2024.02.02 19:30,2062.38226,2063.09964,2062.15778,2063.09771,100,20.0
2024.02.02 19:45,2062.56890,2062.82951,2062.12983,2062.41309,100,20.0
2024.02.02 20:00,2061.95802,2062.01369,2061.06667,2061.36977,100,20.0
2024.02.02 20:15,2061.62044,2061.97720,2061.21959,2061.41733,100,20.0
2024.02.02 20:30,2060.69894,2061.07305,2059.95295,2060.91521,100,20.0
2024.02.02 20:45,2061.06121,2062.11245,2060.94967,2061.60334,100,20.0
2024.02.02 21:00,2060.91968,2061.72438,2060.73667,2061.18163,100,20.0
2024.02.02 21:15,2061.84264,2062.10953,2060.93430,2061.08558,100,20.0
2024.02.02 21:30,2061.45958,2061.78368,2061.38461,2061.67886,100,20.0
2024.02.02 21:45,2061.96138,2062.55274,2061.85016,2062.42256,100,20.0
2024.02.02 22:00,2062.21241,2062.75900,2062.04194,2062.62802,100,20.0
2024.02.02 22:15,2062.87190,2063.17816,2062.29665,2062.50669,100,20.0
2024.02.02 22:30,2062.49017,2062.84177,2062.30394,2062.54719,100,20.0
2024.02.02 22:45,2062.86614,2063.25496,2062.64336,2062.73699,100,20.0
2024.02.02 23:00,2064.42291,2065.04763,2063.76371,2064.77894,100,20.0
2024.02.02 23:15,2065.35834,2066.68905,2065.29695,2066.22796,100,20.0
2024.02.02 23:30,2067.79297,2068.05951,2067.27298,2067.32562,100,20.0
2024.02.02 23:45,2067.29643,2067.34919,2066.50083,2066.91995,100,20.0
2024.02.03 00:00,2065.79472,2065.86761,2065.58779,2065.73294,100,20.0
2024.02.03 00:15,2064.76891,2064.81659,2064.64241,2064.71794,100,20.0
2024.02.03 00:30,2063.92776,2064.34924,2062.83812,2063.07157,100,20.0
2024.02.03 00:45,2062.27444,2062.56393,2061.92868,2062.40168,100,20.0
2024.02.03 01:00,2062.23105,2062.34671,2061.44159,2062.15600,100,20.0
2024.02.03 01:15,2062.79806,2063.06251,2062.36948,2062.77494,100,20.0
2024.02.03 01:30,2063.34620,2063.78124,2062.61698,2063.65353,100,20.0
2024.02.03 01:45,2063.19916,2063.36058,2062.60532,2062.92147,100,20.0
2024.02.03 02:00,2063.62204,2064.03995,2063.38169,2063.74807,100,20.0
2024.02.03 02:15,2063.58456,2064.21806,2062.98140,2064.11215,100,20.0
2024.02.03 02:30,2063.35414,2063.67384,2062.69276,2062.91576,100,20.0
2024.02.03 02:45,2063.01583,2063.15813,2061.81580,2061.90621,100,20.0
2024.02.03 03:00,2060.61763,2060.96910,2060.36001,2060.62879,100,20.0
2024.02.03 03:15,2061.22110,2061.27890,2060.55783,2060.84687,100,20.0
2024.02.03 03:30,2060.13292,2060.87826,2059.59180,2059.85882,100,20.0
2024.02.03 03:45,2060.56074,2060.87560,2059.95579,2060.86223,100,20.0
2024.02.03 04:00,2060.14415,2060.61523,2059.98250,2060.52477,100,20.0
2024.02.03 04:15,2061.60577,2061.61477,2060.73042,2061.00636,100,20.0
2024.02.03 04:30,2061.14115,2062.05700,2060.96801,2061.75160,100,20.0
2024.02.03 04:45,2062.88265,2063.51415,2062.40431,2063.45683,100,20.0
2024.02.03 05:00,2064.14803,2064.91486,2063.76656,2064.83572,100,20.0
2024.02.03 05:15,2064.72574,2064.89349,2064.12163,2064.40698,100,20.0
2024.02.03 05:30,2062.81732,2063.67928,2062.26558,2063.44461,100,20.0
2024.02.03 05:45,2063.38615,2063.84930,2063.30790,2063.62301,100,20.0
2024.02.03 06:00,2064.10584,2064.37938,2063.54763,2064.09367,100,20.0
2024.02.03 06:15,2064.28584,2064.80891,2062.97477,2063.26014,100,20.0
2024.02.03 06:30,2062.99202,2063.34983,2062.29566,2062.78273,100,20.0
2024.02.03 06:45,2062.67027,2063.19432,2062.63660,2063.01474,100,20.0
2024.02.03 07:00,2063.44972,2063.70224,2063.22211,2063.35740,100,20.0
2024.02.03 07:15,2063.45016,2063.88967,2062.46521,2062.84203,100,20.0
2024.02.03 07:30,2061.29131,2061.60147,2060.23293,2060.53099,100,20.0
2024.02.03 07:45,2060.58644,2060.96639,2060.06106,2060.84423,100,20.0
2024.02.03 08:00,2060.89834,2061.07598,2060.43610,2060.51238,100,20.0
2024.02.03 08:15,2061.00309,2061.73303,2060.66556,2061.39212,100,20.0
2024.02.03 08:30,2062.13448,2062.17772,2061.20308,2061.82612,100,20.0
2024.02.03 08:45,2061.63943,2061.72902,2061.41760,2061.65538,100,20.0
2024.02.03 09:00,2061.56804,2061.59119,2060.73082,2061.01965,100,20.0
2024.02.03 09:15,2061.00534,2061.37855,2060.86869,2061.00225,100,20.0
2024.02.03 09:30,2060.38358,2060.55279,2059.46311,2059.90963,100,20.0
2024.02.03 09:45,2060.60482,2061.12247,2060.32692,2061.04450,100,20.0
2024.02.03 10:00,2061.21007,2061.26487,2060.98651,2061.08765,100,20.0
2024.02.03 10:15,2060.53685,2060.68595,2060.05509,2060.28106,100,20.0
2024.02.03 10:30,2059.76281,2061.00618,2059.66615,2060.43866,100,20.0
2024.02.03 10:45,2059.52479,2059.54111,2058.99784,2059.14540,100,20.0
2024.02.03 11:00,2058.79579,2059.99237,2058.53837,2059.33581,100,20.0
2024.02.03 11:15,2059.63463,2059.64448,2059.09626,2059.13202,100,20.0
2024.02.03 11:30,2059.56082,2060.19468,2059.40263,2060.10693,100,20.0
2024.02.03 11:45,2060.31782,2061.15958,2059.97850,2060.46146,100,20.0
2024.02.03 12:00,2058.97350,2059.69333,2058.29770,2058.65183,100,20.0
2024.02.03 12:15,2058.09042,2058.36724,2057.43728,2057.77231,100,20.0
2024.02.03 12:30,2057.16157,2057.19129,2056.54176,2057.07406,100,20.0
2024.02.03 12:45,2057.11337,2057.96611,2056.61976,2056.75342,100,20.0
2024.02.03 13:00,2056.63944,2057.08154,2056.48852,2056.82876,100,20.0
2024.02.03 13:15,2056.25863,2056.42649,2055.75441,2056.20944,100,20.0
2024.02.03 13:30,2055.90780,2056.24801,2055.55441,2056.04770,100,20.0
2024.02.03 13:45,2055.82383,2056.41366,2055.69296,2055.73519,100,20.0
2024.02.03 14:00,2055.69438,2056.31032,2055.41486,2055.87800,100,20.0
2024.02.03 14:15,2056.10431,2056.80970,2055.71100,2056.26490,100,20.0
2024.02.03 14:30,2056.71809,2058.13683,2056.63192,2057.49580,100,20.0
2024.02.03 14:45,2057.43284,2057.73818,2057.15476,2057.67179,100,20.0
2024.02.03 15:00,2057.61701,2057.67431,2055.75625,2056.01274,100,20.0
2024.02.03 15:15,2056.47588,2056.64284,2056.12797,2056.41875,100,20.0
2024.02.03 15:30,2056.60506,2058.44340,2056.34150,2058.21184,100,20.0
2024.02.03 15:45,2057.79410,2057.86027,2057.68661,2057.80420,100,20.0
2024.02.03 16:00,2056.82876,2057.17845,2056.48571,2056.74442,100,20.0
2024.02.03 16:15,2056.23613,2056.59054,2056.07129,2056.57961,100,20.0
2024.02.03 16:30,2055.81285,2056.85745,2055.23738,2056.62321,100,20.0
2024.02.03 16:45,2056.69697,2057.04773,2056.67636,2056.72073,100,20.0
2024.02.03 17:00,2056.05366,2056.58774,2055.77035,2056.31523,100,20.0
2024.02.03 17:15,2056.34328,2056.63374,2055.50057,2056.02503,100,20.0
2024.02.03 17:30,2055.68359,2056.57293,2054.92226,2056.18979,100,20.0
2024.02.03 17:45,2056.46573,2056.65145,2055.18082,2055.21491,100,20.0
2024.02.03 18:00,2055.04761,2055.15292,2054.67607,2054.90461,100,20.0
2024.02.03 18:15,2054.75786,2055.49424,2054.67642,2054.74535,100,20.0
2024.02.03 18:30,2055.30310,2055.74424,2054.50496,2055.49435,100,20.0
2024.02.03 18:45,2055.35701,2055.64262,2054.76274,2055.00681,100,20.0
2024.02.03 19:00,2054.80860,2055.16173,2054.47317,2054.60293,100,20.0
2024.02.03 19:15,2055.08453,2055.92775,2054.45843,2055.80283,100,20.0
2024.02.03 19:30,2055.09023,2055.88607,2055.02877,2055.34020,100,20.0
2024.02.03 19:45,2055.53860,2056.05074,2054.17048,2054.92158,100,20.0
2024.02.03 20:00,2054.62475,2054.88808,2054.23917,2054.38861,100,20.0
2024.02.03 20:15,2054.83235,2055.02775,2054.29620,2054.49324,100,20.0
2024.02.03 20:30,2053.96273,2054.13546,2053.86376,2054.05512,100,20.0
2024.02.03 20:45,2054.56908,2054.88417,2054.44428,2054.74183,100,20.0
2024.02.03 21:00,2054.89231,2055.22165,2054.14561,2054.71303,100,20.0
2024.02.03 21:15,2054.86136,2055.48368,2054.83780,2055.22815,100,20.0
2024.02.03 21:30,2055.06758,2056.71394,2054.64861,2055.58883,100,20.0
2024.02.03 21:45,2055.53476,2055.77968,2054.55683,2054.81773,100,20.0
2024.02.03 22:00,2054.77654,2055.15391,2054.50917,2054.82033,100,20.0
2024.02.03 22:15,2055.43201,2055.59051,2055.20653,2055.57103,100,20.0
2024.02.03 22:30,2055.27909,2056.03270,2054.37356,2054.51190,100,20.0
2024.02.03 22:45,2053.82039,2054.22665,2053.25845,2053.50027,100,20.0
2024.02.03 23:00,2052.67211,2052.83145,2052.17293,2052.29929,100,20.0
2024.02.03 23:15,2052.73057,2053.92297,2052.49367,2053.39891,100,20.0
2024.02.03 23:30,2052.71903,2053.06558,2051.82001,2052.35136,100,20.0
2024.02.03 23:45,2052.61395,2053.15403,2052.41720,2052.72127,100,20.0
2024.02.04 00:00,2051.73242,2052.26220,2051.51031,2052.10313,100,20.0
2024.02.04 00:15,2051.32570,2052.86111,2051.28938,2052.48358,100,20.0
2024.02.04 00:30,2052.36190,2052.79977,2051.65587,2052.10415,100,20.0
2024.02.04 00:45,2051.80717,2052.06618,2051.39000,2051.97867,100,20.0
2024.02.04 01:00,2051.36366,2051.50533,2050.35723,2050.90829,100,20.0
2024.02.04 01:15,2050.06381,2050.47712,2049.51310,2049.94064,100,20.0
2024.02.04 01:30,2050.62161,2050.79903,2049.94805,2050.46330,100,20.0
2024.02.04 01:45,2050.37587,2050.95639,2049.98524,2050.54949,100,20.0
2024.02.04 02:00,2049.69774,2050.10421,2049.60046,2049.62600,100,20.0
2024.02.04 02:15,2050.04230,2050.50831,2050.00910,2050.32108,100,20.0
2024.02.04 02:30,2050.04895,2050.81409,2049.85589,2050.80999,100,20.0
2024.02.04 02:45,2050.60388,2051.31314,2049.67825,2051.06669,100,20.0
2024.02.04 03:00,2051.67381,2052.06355,2051.09561,2051.15368,100,20.0
2024.02.04 03:15,2051.72560,2052.23727,2050.83895,2051.19381,100,20.0
2024.02.04 03:30,2050.88440,2051.73562,2050.83502,2051.62146,100,20.0
2024.02.04 03:45,2050.99297,2051.98592,2050.58176,2051.20263,100,20.0
2024.02.04 04:00,2051.11458,2052.14499,2051.01745,2051.89562,100,20.0
2024.02.04 04:15,2051.64974,2052.05686,2051.45872,2051.96081,100,20.0
2024.02.04 04:30,2051.42632,2051.91715,2050.78049,2051.24428,100,20.0
2024.02.04 04:45,2050.95880,2051.27824,2049.94955,2050.27246,100,20.0
2024.02.04 05:00,2051.32390,2051.67968,2051.30766,2051.40037,100,20.0
2024.02.04 05:15,2050.46921,2050.55708,2050.11589,2050.40429,100,20.0
2024.02.04 05:30,2050.04555,2050.75272,2049.95810,2050.64579,100,20.0
2024.02.04 05:45,2050.63043,2050.86652,2049.71359,2050.03975,100,20.0
2024.02.04 06:00,2050.66568,2050.80101,2049.80436,2050.78924,100,20.0
2024.02.04 06:15,2049.37246,2050.16151,2049.33429,2050.02970,100,20.0
2024.02.04 06:30,2049.26283,2049.39265,2049.07675,2049.13728,100,20.0
2024.02.04 06:45,2048.91446,2049.12559,2048.65981,2048.87876,100,20.0
2024.02.04 07:00,2049.41198,2050.05118,2049.34846,2049.46479,100,20.0
2024.02.04 07:15,2048.69953,2049.76565,2048.06708,2049.51856,100,20.0
2024.02.04 07:30,2049.48293,2049.99634,2049.13568,2049.40965,100,20.0
2024.02.04 07:45,2049.05290,2049.71422,2048.21139,2048.75449,100,20.0
2024.02.04 08:00,2048.37282,2048.75248,2047.94043,2048.03251,100,20.0
2024.02.04 08:15,2048.11354,2048.63491,2047.85326,2048.20241,100,20.0
2024.02.04 08:30,2048.40901,2048.89727,2048.23100,2048.71241,100,20.0
2024.02.04 08:45,2048.14859,2048.52996,2047.64480,2048.30820,100,20.0
2024.02.04 09:00,2048.70689,2049.85569,2048.30122,2049.50808,100,20.0
2024.02.04 09:15,2048.64809,2048.75148,2048.18992,2048.54408,100,20.0
2024.02.04 09:30,2047.95321,2048.20074,2046.53953,2047.37109,100,20.0
2024.02.04 09:45,2046.43779,2047.27582,2046.08614,2047.27317,100,20.0
2024.02.04 10:00,2047.48624,2048.17353,2047.18700,2047.97777,100,20.0
2024.02.04 10:15,2048.59367,2049.44756,2048.38603,2048.97117,100,20.0
2024.02.04 10:30,2048.95579,2049.36626,2048.92329,2049.29203,100,20.0
2024.02.04 10:45,2049.95787,2050.72662,2049.77100,2050.24257,100,20.0
2024.02.04 11:00,2050.24256,2051.02320,2049.43037,2050.34818,100,20.0
2024.02.04 11:15,2049.06010,2050.10573,2048.46893,2049.64510,100,20.0
2024.02.04 11:30,2049.41182,2049.51424,2048.52866,2048.69199,100,20.0
2024.02.04 11:45,2049.23067,2050.23916,2048.74917,2049.76991,100,20.0
2024.02.04 12:00,2051.04376,2051.95330,2050.97022,2051.79991,100,20.0
2024.02.04 12:15,2051.11710,2051.34953,2049.95720,2050.24532,100,20.0
2024.02.04 12:30,2050.51379,2051.84462,2050.39476,2051.43191,100,20.0
2024.02.04 12:45,2052.24035,2052.51806,2051.14169,2051.23052,100,20.0
2024.02.04 13:00,2051.03994,2051.62724,2050.73843,2051.19661,100,20.0
2024.02.04 13:15,2051.19425,2051.91257,2051.17272,2051.62839,100,20.0
2024.02.04 13:30,2052.67040,2052.68237,2052.47299,2052.62200,100,20.0
2024.02.04 13:45,2051.95881,2052.64228,2051.57237,2052.29103,100,20.0
2024.02.04 14:00,2051.47941,2052.08155,2051.26097,2051.28170,100,20.0
2024.02.04 14:15,2050.71476,2050.97251,2050.19325,2050.33814,100,20.0
2024.02.04 14:30,2049.16334,2049.48879,2049.15547,2049.37942,100,20.0
2024.02.04 14:45,2048.89810,2049.14806,2048.28253,2048.56009,100,20.0
2024.02.04 15:00,2048.27223,2048.76677,2047.68750,2048.73795,100,20.0
2024.02.04 15:15,2048.34226,2048.74726,2047.23597,2047.58645,100,20.0
2024.02.04 15:30,2048.12231,2048.65660,2047.28290,2048.38535,100,20.0
2024.02.04 15:45,2049.06174,2049.76074,2048.53727,2048.96803,100,20.0
2024.02.04 16:00,2049.60739,2050.22412,2049.32599,2049.78284,100,20.0
2024.02.04 16:15,2049.12657,2049.78816,2048.61267,2049.64022,100,20.0
2024.02.04 16:30,2050.42076,2050.93066,2049.84568,2049.96983,100,20.0
2024.02.04 16:45,2049.69864,2049.90401,2049.09987,2049.41368,100,20.0
2024.02.04 17:00,2048.90285,2049.04401,2048.44027,2048.70067,100,20.0
2024.02.04 17:15,2048.76087,2049.57584,2048.03207,2049.20412,100,20.0
2024.02.04 17:30,2048.73216,2049.41819,2048.00896,2049.34204,100,20.0
2024.02.04 17:45,2050.10073,2050.57310,2050.01259,2050.43656,100,20.0
2024.02.04 18:00,2050.52279,2050.62351,2050.16967,2050.52951,100,20.0
2024.02.04 18:15,2050.66482,2050.88918,2049.87684,2050.66148,100,20.0
2024.02.04 18:30,2050.73925,2051.20857,2050.50450,2050.52986,100,20.0
2024.02.04 18:45,2051.22235,2051.74471,2051.11651,2051.25061,100,20.0
2024.02.04 19:00,2050.98719,2051.11011,2049.82433,2050.39122,100,20.0
2024.02.04 19:15,2050.19891,2050.30215,2049.88455,2050.26597,100,20.0
2024.02.04 19:30,2049.44873,2049.96331,2049.36509,2049.93764,100,20.0
2024.02.04 19:45,2049.83153,2050.30123,2048.85714,2049.46054,100,20.0
2024.02.04 20:00,2049.76494,2050.12159,2049.72537,2050.09679,100,20.0
2024.02.04 20:15,2049.96683,2050.18244,2049.49285,2049.57330,100,20.0
2024.02.04 20:30,2049.23170,2049.69418,2047.80685,2048.02380,100,20.0
2024.02.04 20:45,2047.77625,2048.09961,2047.38831,2047.81584,100,20.0
2024.02.04 21:00,2047.48900,2048.12403,2047.36991,2047.78699,100,20.0
2024.02.04 21:15,2048.14100,2048.61332,2048.13981,2048.60970,100,20.0
2024.02.04 21:30,2047.90545,2048.72657,2047.63770,2048.35650,100,20.0
2024.02.04 21:45,2048.74435,2049.49335,2048.49864,2049.06257,100,20.0
2024.02.04 22:00,2049.37272,2050.35845,2049.08647,2049.92000,100,20.0
2024.02.04 22:15,2049.43626,2049.45622,2049.23007,2049.30240,100,20.0
2024.02.04 22:30,2048.65345,2049.34704,2048.11555,2049.00176,100,20.0
2024.02.04 22:45,2049.44568,2049.66441,2049.04271,2049.48190,100,20.0
2024.02.04 23:00,2049.55727,2051.18188,2049.28933,2050.70382,100,20.0
2024.02.04 23:15,2050.62869,2050.92083,2050.34558,2050.81803,100,20.0
2024.02.04 23:30,2050.84572,2051.92983,2050.32695,2051.79669,100,20.0
2024.02.04 23:45,2051.40059,2051.59720,2051.01384,2051.14230,100,20.0
2024.02.05 00:00,2052.17162,2052.29084,2051.36332,2051.77271,100,20.0
2024.02.05 00:15,2051.89955,2051.97115,2051.18617,2051.51245,100,20.0
2024.02.05 00:30,2051.05398,2052.24208,2050.64645,2051.93010,100,20.0
2024.02.05 00:45,2051.34675,2051.75521,2050.81162,2050.92410,100,20.0
2024.02.05 01:00,2052.49894,2052.60445,2051.74420,2051.88648,100,20.0
2024.02.05 01:15,2052.12652,2052.87169,2051.72114,2052.64904,100,20.0
2024.02.05 01:30,2052.17371,2052.19761,2051.88671,2052.00046,100,20.0
2024.02.05 01:45,2053.27939,2053.36914,2053.15660,2053.22392,100,20.0
2024.02.05 02:00,2053.52669,2053.75148,2053.43174,2053.68778,100,20.0
2024.02.05 02:15,2052.83697,2053.17219,2051.58307,2052.35877,100,20.0
2024.02.05 02:30,2053.08083,2053.57249,2052.62346,2053.31483,100,20.0
2024.02.05 02:45,2052.96582,2053.74387,2052.63368,2053.33538,100,20.0
2024.02.05 03:00,2052.94477,2053.33636,2052.52098,2053.09591,100,20.0
2024.02.05 03:15,2052.99473,2054.11464,2052.77290,2053.18501,100,20.0
2024.02.05 03:30,2052.47691,2053.22424,2052.42708,2053.11320,100,20.0
2024.02.05 03:45,2052.90337,2053.21697,2052.81969,2052.90556,100,20.0
2024.02.05 04:00,2053.29815,2053.56735,2052.78475,2052.83470,100,20.0
2024.02.05 04:15,2052.30806,2052.32924,2051.57573,2052.01894,100,20.0
2024.02.05 04:30,2051.85024,2052.94219,2051.79037,2052.38647,100,20.0
2024.02.05 04:45,2050.79145,2051.61851,2050.25178,2050.99746,100,20.0
2024.02.05 05:00,2051.21265,2051.56358,2051.03470,2051.55302,100,20.0
2024.02.05 05:15,2051.93551,2053.05013,2051.68455,2052.49960,100,20.0
2024.02.05 05:30,2052.79508,2053.13635,2052.36144,2052.54750,100,20.0
2024.02.05 05:45,2052.84844,2052.93550,2052.28418,2052.89972,100,20.0
2024.02.05 06:00,2053.85852,2054.05537,2053.39539,2053.78505,100,20.0
2024.02.05 06:15,2053.83922,2053.94961,2053.46440,2053.52418,100,20.0
2024.02.05 06:30,2053.44884,2053.62155,2052.98149,2053.26693,100,20.0
2024.02.05 06:45,2054.32965,2054.51308,2053.44409,2053.82221,100,20.0
2024.02.05 07:00,2053.23391,2054.99448,2052.56233,2054.46435,100,20.0
2024.02.05 07:15,2053.68508,2055.27157,2053.58844,2055.14133,100,20.0
2024.02.05 07:30,2054.86678,2055.24765,2054.39296,2054.56942,100,20.0
2024.02.05 07:45,2054.55965,2054.65197,2053.63133,2054.15202,100,20.0
2024.02.05 08:00,2053.64298,2054.00324,2053.58550,2053.73011,100,20.0
2024.02.05 08:15,2053.47169,2053.85800,2053.28198,2053.73518,100,20.0
2024.02.05 08:30,2053.93433,2054.07594,2052.83610,2052.86992,100,20.0
2024.02.05 08:45,2053.44863,2054.01928,2053.32019,2053.67425,100,20.0
2024.02.05 09:00,2054.50292,2055.63102,2053.65764,2055.37000,100,20.0
2024.02.05 09:15,2055.68734,2056.05704,2055.25834,2056.04470,100,20.0
2024.02.05 09:30,2056.05267,2057.40046,2055.81356,2056.57708,100,20.0
2024.02.05 09:45,2056.75636,2056.76354,2055.93976,2055.96681,100,20.0
2024.02.05 10:00,2056.91576,2056.95281,2056.52257,2056.94925,100,20.0
2024.02.05 10:15,2057.24918,2057.80405,2056.87470,2057.39572,100,20.0
2024.02.05 10:30,2058.36515,2058.88312,2058.16641,2058.48716,100,20.0
2024.02.05 10:45,2059.06195,2059.49879,2058.51019,2058.64719,100,20.0
2024.02.05 11:00,2058.69327,2059.08889,2058.27469,2058.31347,100,20.0
2024.02.05 11:15,2058.01745,2059.06304,2057.29553,2058.76888,100,20.0
2024.02.05 11:30,2057.95901,2058.03505,2056.74322,2057.32527,100,20.0
2024.02.05 11:45,2057.26540,2057.37567,2056.53668,2056.66819,100,20.0
2024.02.05 12:00,2057.14361,2058.68912,2056.92623,2058.35823,100,20.0
2024.02.05 12:15,2057.99756,2058.24296,2057.85543,2058.04238,100,20.0
2024.02.05 12:30,2058.22905,2059.06228,2058.10631,2058.59981,100,20.0
2024.02.05 12:45,2057.55202,2057.66903,2057.10507,2057.37161,100,20.0
2024.02.05 13:00,2056.40241,2056.67038,2056.28254,2056.48666,100,20.0
2024.02.05 13:15,2056.00460,2056.13885,2054.85753,2055.39550,100,20.0
2024.02.05 13:30,2055.18717,2056.21230,2054.49642,2055.83581,100,20.0
2024.02.05 13:45,2055.96814,2056.10728,2055.74311,2055.85179,100,20.0
2024.02.05 14:00,2056.34163,2056.85228,2055.49434,2055.61881,100,20.0
2024.02.05 14:15,2055.86652,2055.95870,2054.75828,2055.35288,100,20.0
2024.02.05 14:30,2055.63764,2056.39837,2055.34083,2056.13090,100,20.0
2024.02.05 14:45,2055.47799,2055.92200,2055.37120,2055.42541,100,20.0
2024.02.05 15:00,2055.99918,2056.37380,2055.54938,2056.03487,100,20.0
2024.02.05 15:15,2054.93376,2055.37289,2054.75914,2055.23175,100,20.0
2024.02.05 15:30,2055.03497,2055.33007,2054.93267,2055.14380,100,20.0
2024.02.05 15:45,2056.30501,2056.37973,2055.71132,2056.16413,100,20.0
2024.02.05 16:00,2056.75321,2057.43077,2055.72966,2056.37964,100,20.0
2024.02.05 16:15,2056.84892,2057.29600,2055.40002,2056.03693,100,20.0
2024.02.05 16:30,2054.83817,2055.22550,2054.22073,2054.31521,100,20.0
2024.02.05 16:45,2054.17398,2054.54505,2053.39323,2054.26833,100,20.0
2024.02.05 17:00,2054.00710,2054.80839,2053.58163,2054.38875,100,20.0
2024.02.05 17:15,2055.09100,2055.49064,2054.49435,2055.26815,100,20.0
2024.02.05 17:30,2055.48256,2055.91550,2054.48385,2054.90429,100,20.0
2024.02.05 17:45,2054.92592,2055.07746,2054.49704,2054.77192,100,20.0
2024.02.05 18:00,2053.35497,2053.75966,2053.03478,2053.35212,100,20.0
2024.02.05 18:15,2053.42185,2053.70138,2052.68760,2053.25680,100,20.0
2024.02.05 18:30,2052.84292,2053.61044,2052.13447,2053.26051,100,20.0
2024.02.05 18:45,2052.41328,2052.56326,2052.28608,2052.36488,100,20.0
2024.02.05 19:00,2052.44829,2052.81427,2051.93442,2052.28254,100,20.0
2024.02.05 19:15,2051.79337,2052.03755,2051.49504,2051.77887,100,20.0
2024.02.05 19:30,2051.61740,2052.86216,2051.57188,2052.60197,100,20.0
2024.02.05 19:45,2052.43137,2053.36950,2051.93492,2052.05317,100,20.0
2024.02.05 20:00,2050.96273,2051.26455,2049.82521,2049.90132,100,20.0
2024.02.05 20:15,2050.15951,2050.43655,2049.79799,2049.87113,100,20.0
2024.02.05 20:30,2049.53421,2049.90127,2049.37650,2049.63101,100,20.0
2024.02.05 20:45,2049.64917,2049.77991,2049.30728,2049.76315,100,20.0
2024.02.05 21:00,2049.20251,2049.35797,2048.55962,2049.23880,100,20.0
2024.02.05 21:15,2048.67181,2048.83673,2047.54736,2048.22076,100,20.0
2024.02.05 21:30,2049.40476,2049.88304,2048.70037,2049.01135,100,20.0
2024.02.05 21:45,2049.20448,2050.17861,2048.86524,2049.95343,100,20.0
2024.02.05 22:00,2049.85840,2049.94623,2049.06764,2049.10700,100,20.0
2024.02.05 22:15,2048.55509,2048.58187,2047.63145,2048.31203,100,20.0
2024.02.05 22:30,2047.96167,2048.15342,2047.81788,2047.88593,100,20.0
2024.02.05 22:45,2046.93867,2047.17617,2046.28560,2047.15760,100,20.0
2024.02.05 23:00,2047.00729,2047.53838,2046.88277,2047.25361,100,20.0
2024.02.05 23:15,2047.79596,2048.12607,2047.72296,2047.92604,100,20.0
2024.02.05 23:30,2047.40875,2047.61414,2047.38775,2047.42962,100,20.0
2024.02.05 23:45,2047.67242,2048.35521,2047.48667,2047.95604,100,20.0
2024.02.06 00:00,2048.65683,2048.90541,2048.21151,2048.44936,100,20.0
2024.02.06 00:15,2049.12652,2049.40082,2048.89992,2049.06197,100,20.0
2024.02.06 00:30,2049.69179,2049.77748,2049.55078,2049.72966,100,20.0
2024.02.06 00:45,2049.10725,2049.13710,2048.33030,2049.11191,100,20.0
2024.02.06 01:00,2049.46727,2050.03127,2049.42183,2049.72463,100,20.0
2024.02.06 01:15,2050.13042,2050.45386,2049.85829,2050.20578,100,20.0
2024.02.06 01:30,2050.88459,2051.54311,2050.54466,2051.43247,100,20.0
2024.02.06 01:45,2051.56099,2051.71450,2051.54629,2051.67098,100,20.0
2024.02.06 02:00,2051.18370,2051.54302,2050.17248,2050.44941,100,20.0
2024.02.06 02:15,2050.44605,2050.66110,2050.08777,2050.42997,100,20.0
2024.02.06 02:30,2050.05945,2050.69062,2049.71310,2050.20814,100,20.0
2024.02.06 02:45,2050.33935,2051.86583,2050.10543,2051.55952,100,20.0
2024.02.06 03:00,2050.78300,2051.48802,2050.60305,2051.45595,100,20.0
2024.02.06 03:15,2052.12926,2053.36387,2052.00520,2053.31238,100,20.0
2024.02.06 03:30,2053.97439,2054.38908,2053.75561,2054.20846,100,20.0
2024.02.06 03:45,2054.95226,2055.09798,2054.31849,2054.79127,100,20.0
2024.02.06 04:00,2054.88854,2055.27797,2054.25710,2054.75278,100,20.0
2024.02.06 04:15,2055.63503,2055.65747,2055.05324,2055.36537,100,20.0
2024.02.06 04:30,2054.56120,2054.94705,2054.40383,2054.79699,100,20.0
2024.02.06 04:45,2054.89755,2054.97073,2054.68261,2054.75111,100,20.0
2024.02.06 05:00,2054.61611,2054.76557,2054.28990,2054.39531,100,20.0
2024.02.06 05:15,2054.55128,2054.86459,2054.32217,2054.44590,100,20.0
2024.02.06 05:30,2055.17256,2055.41401,2054.72813,2055.05602,100,20.0
2024.02.06 05:45,2055.29534,2055.39114,2054.71715,2055.38806,100,20.0
2024.02.06 06:00,2054.86229,2055.59258,2053.50763,2054.38098,100,20.0
2024.02.06 06:15,2053.92696,2055.79106,2053.69553,2055.14734,100,20.0
2024.02.06 06:30,2054.52413,2055.02418,2054.39441,2054.73670,100,20.0
2024.02.06 06:45,2053.72098,2054.39671,2053.66088,2053.80462,100,20.0
2024.02.06 07:00,2053.86625,2054.38723,2053.55006,2053.84615,100,20.0
2024.02.06 07:15,2054.19925,2054.56616,2054.13706,2054.15610,100,20.0
2024.02.06 07:30,2054.16892,2054.96557,2054.01500,2054.77566,100,20.0
2024.02.06 07:45,2054.41349,2054.53176,2053.98690,2054.52378,100,20.0
2024.02.06 08:00,2054.68890,2055.50853,2053.76045,2054.29539,100,20.0
2024.02.06 08:15,2054.21785,2054.75433,2053.80344,2054.12726,100,20.0
2024.02.06 08:30,2054.17881,2054.36214,2054.02220,2054.02405,100,20.0
2024.02.06 08:45,2053.85894,2054.04135,2053.16185,2053.26596,100,20.0
2024.02.06 09:00,2052.17158,2052.20399,2051.60979,2051.64391,100,20.0
2024.02.06 09:15,2051.94677,2051.97440,2051.73431,2051.94822,100,20.0
2024.02.06 09:30,2051.81928,2052.55230,2051.80668,2052.40043,100,20.0
2024.02.06 09:45,2052.24565,2052.61851,2051.60708,2052.42647,100,20.0
2024.02.06 10:00,2052.54243,2052.84713,2052.21882,2052.54061,100,20.0
2024.02.06 10:15,2051.72123,2051.78760,2050.67639,2051.23138,100,20.0
2024.02.06 10:30,2052.67781,2053.28653,2051.95448,2052.16062,100,20.0
2024.02.06 10:45,2052.55922,2052.87270,2052.45066,2052.80564,100,20.0
2024.02.06 11:00,2052.58817,2053.51470,2052.17922,2053.03879,100,20.0
2024.02.06 11:15,2051.82827,2052.49704,2051.55439,2051.61516,100,20.0
2024.02.06 11:30,2051.82932,2051.93688,2051.32521,2051.80600,100,20.0
2024.02.06 11:45,2051.89723,2052.27315,2051.50284,2052.03211,100,20.0
2024.02.06 12:00,2052.36107,2052.93938,2052.08691,2052.20834,100,20.0
2024.02.06 12:15,2052.97820,2053.44357,2052.80247,2052.94637,100,20.0
2024.02.06 12:30,2053.27568,2053.62276,2052.68752,2052.72064,100,20.0
2024.02.06 12:45,2052.84954,2052.93580,2052.28544,2052.55640,100,20.0
2024.02.06 13:00,2053.70240,2053.89676,2053.24124,2053.39517,100,20.0
2024.02.06 13:15,2052.15650,2052.17693,2051.55900,2051.77088,100,20.0
2024.02.06 13:30,2052.34584,2052.98227,2051.37147,2051.86547,100,20.0
2024.02.06 13:45,2051.76204,2052.67649,2051.67431,2052.19628,100,20.0
2024.02.06 14:00,2051.82900,2052.33951,2051.35706,2051.73829,100,20.0
2024.02.06 14:15,2051.58428,2052.05461,2051.39741,2051.72837,100,20.0
2024.02.06 14:30,2052.29008,2052.65225,2051.97918,2052.47720,100,20.0
2024.02.06 14:45,2052.46312,2052.86463,2052.11194,2052.21680,100,20.0
2024.02.06 15:00,2053.03427,2053.74220,2053.03424,2053.72848,100,20.0
2024.02.06 15:15,2054.19771,2054.21052,2053.73900,2053.99940,100,20.0
2024.02.06 15:30,2053.15836,2053.35317,2052.07486,2052.62041,100,20.0
2024.02.06 15:45,2051.89531,2052.23234,2051.29074,2051.50962,100,20.0
2024.02.06 16:00,2052.15761,2053.95665,2051.97023,2053.83155,100,20.0
2024.02.06 16:15,2053.38192,2053.83650,2053.14688,2053.57256,100,20.0
2024.02.06 16:30,2053.64846,2053.72779,2053.59736,2053.69353,100,20.0
2024.02.06 16:45,2053.77874,2054.45158,2053.39806,2054.24097,100,20.0
2024.02.06 17:00,2053.19499,2054.72995,2053.13800,2053.93216,100,20.0
2024.02.06 17:15,2052.96731,2053.25727,2052.42561,2052.81556,100,20.0
2024.02.06 17:30,2052.62821,2053.26734,2052.19896,2053.00733,100,20.0
2024.02.06 17:45,2052.39077,2052.65672,2051.08430,2051.30411,100,20.0
2024.02.06 18:00,2051.38463,2051.74587,2050.06716,2050.49326,100,20.0
2024.02.06 18:15,2050.26724,2050.52332,2049.69273,2049.97018,100,20.0
2024.02.06 18:30,2049.47843,2049.63032,2049.45988,2049.57058,100,20.0
2024.02.06 18:45,2049.81062,2049.85350,2048.85119,2049.62700,100,20.0
2024.02.06 19:00,2049.16469,2049.45794,2048.82728,2049.20586,100,20.0
2024.02.06 19:15,2049.11301,2049.17106,2047.72993,2047.82864,100,20.0
2024.02.06 19:30,2047.59145,2048.57416,2046.69053,2047.24451,100,20.0
2024.02.06 19:45,2048.27263,2048.59193,2047.49788,2047.93165,100,20.0
2024.02.06 20:00,2047.50136,2047.69231,2045.94824,2046.91695,100,20.0
2024.02.06 20:15,2046.13976,2046.61909,2046.02478,2046.05488,100,20.0
2024.02.06 20:30,2046.07316,2046.71783,2046.04956,2046.07672,100,20.0
2024.02.06 20:45,2046.40707,2046.41622,2045.73192,2045.78498,100,20.0
2024.02.06 21:00,2043.93945,2044.16800,2043.91256,2044.08162,100,20.0
2024.02.06 21:15,2043.27754,2043.32060,2042.84945,2043.00524,100,20.0
2024.02.06 21:30,2042.51366,2042.60704,2041.62547,2042.13266,100,20.0
2024.02.06 21:45,2041.62015,2041.65696,2041.21123,2041.56047,100,20.0
2024.02.06 22:00,2041.83187,2042.94394,2041.50177,2042.89757,100,20.0
2024.02.06 22:15,2043.72278,2044.04749,2043.53488,2043.72338,100,20.0
2024.02.06 22:30,2043.68600,2043.73003,2042.66148,2043.06536,100,20.0
2024.02.06 22:45,2042.51066,2043.06759,2041.72062,2042.87343,100,20.0
2024.02.06 23:00,2042.47293,2042.75099,2041.26171,2041.72926,100,20.0
2024.02.06 23:15,2041.71264,2042.11940,2041.19023,2041.39005,100,20.0
2024.02.06 23:30,2042.21625,2042.43750,2040.81103,2042.06825,100,20.0
2024.02.06 23:45,2042.09119,2042.58436,2041.94899,2042.02621,100,20.0
2024.02.07 00:00,2042.40664,2043.02821,2042.27688,2042.29898,100,20.0
2024.02.07 00:15,2042.27006,2042.51453,2041.27468,2041.45889,100,20.0
2024.02.07 00:30,2040.01216,2041.09006,2039.56393,2040.12591,100,20.0
2024.02.07 00:45,2040.11154,2040.58222,2039.26463,2039.47152,100,20.0
2024.02.07 01:00,2039.90332,2040.38236,2039.72580,2040.02424,100,20.0
2024.02.07 01:15,2040.70527,2040.79271,2039.49094,2040.11963,100,20.0
2024.02.07 01:30,2040.15259,2040.53708,2040.12175,2040.38292,100,20.0
2024.02.07 01:45,2040.29929,2041.07049,2040.05403,2040.71800,100,20.0
2024.02.07 02:00,2040.47952,2040.70245,2040.17488,2040.63055,100,20.0
2024.02.07 02:15,2041.43605,2042.06672,2040.70978,2041.69266,100,20.0
2024.02.07 02:30,2040.89823,2041.84171,2040.50853,2041.33110,100,20.0
2024.02.07 02:45,2041.10036,2041.47763,2040.73478,2040.87314,100,20.0
2024.02.07 03:00,2041.37227,2041.92401,2040.70246,2040.95183,100,20.0
2024.02.07 03:15,2040.92039,2041.15778,2040.25087,2040.55144,100,20.0
2024.02.07 03:30,2041.16733,2042.44340,2041.16150,2042.31909,100,20.0
2024.02.07 03:45,2040.80199,2041.34042,2040.46934,2041.02903,100,20.0
2024.02.07 04:00,2040.36889,2041.89740,2040.18538,2041.29367,100,20.0
2024.02.07 04:15,2040.47923,2040.54867,2039.36103,2039.48686,100,20.0
2024.02.07 04:30,2038.90675,2039.16138,2038.17827,2038.40887,100,20.0
2024.02.07 04:45,2038.96693,2039.32809,2038.17577,2038.62622,100,20.0
2024.02.07 05:00,2038.46413,2038.90379,2037.17318,2037.79406,100,20.0
2024.02.07 05:15,2038.20531,2038.47917,2037.99247,2038.29314,100,20.0
2024.02.07 05:30,2037.62315,2038.97359,2037.24001,2038.60475,100,20.0
2024.02.07 05:45,2038.81450,2039.98894,2038.58453,2039.18075,100,20.0
2024.02.07 06:00,2038.73264,2038.79014,2037.66904,2038.45684,100,20.0
2024.02.07 06:15,2037.46730,2038.59006,2037.20949,2038.55735,100,20.0
2024.02.07 06:30,2039.29882,2039.37600,2037.28779,2037.70614,100,20.0
2024.02.07 06:45,2038.55898,2038.93002,2038.34299,2038.47933,100,20.0
2024.02.07 07:00,2039.47848,2040.13796,2039.15530,2039.82123,100,20.0
2024.02.07 07:15,2039.17638,2040.33819,2038.97819,2040.03130,100,20.0
2024.02.07 07:30,2040.93874,2042.10220,2039.86661,2041.91628,100,20.0
2024.02.07 07:45,2041.47072,2042.66315,2041.38341,2042.34069,100,20.0
2024.02.07 08:00,2043.03503,2043.39831,2042.60492,2042.84664,100,20.0
2024.02.07 08:15,2043.29408,2044.34887,2042.97372,2043.86504,100,20.0
2024.02.07 08:30,2043.26307,2043.31140,2043.13453,2043.18964,100,20.0
2024.02.07 08:45,2043.12759,2043.76076,2043.07847,2043.11636,100,20.0
2024.02.07 09:00,2042.47005,2042.64953,2041.86070,2041.89664,100,20.0
2024.02.07 09:15,2041.55644,2041.64138,2040.97546,2041.27627,100,20.0
2024.02.07 09:30,2040.73572,2041.30555,2040.27633,2040.29648,100,20.0
2024.02.07 09:45,2040.58289,2041.41745,2040.44074,2041.19917,100,20.0
2024.02.07 10:00,2041.19743,2041.70457,2040.74098,2041.08695,100,20.0
2024.02.07 10:15,2040.42064,2041.86053,2039.89307,2041.23362,100,20.0
2024.02.07 10:30,2041.46967,2041.89130,2040.77111,2041.35102,100,20.0
2024.02.07 10:45,2041.29877,2042.12100,2040.40779,2040.64104,100,20.0
2024.02.07 11:00,2041.21176,2041.35406,2041.00218,2041.15727,100,20.0
2024.02.07 11:15,2041.43178,2041.98001,2041.22866,2041.33810,100,20.0
2024.02.07 11:30,2041.01451,2041.42382,2040.89571,2041.00966,100,20.0
2024.02.07 11:45,2041.24273,2042.65112,2040.66045,2042.09844,100,20.0
2024.02.07 12:00,2042.18158,2043.10028,2041.76905,2042.70660,100,20.0
2024.02.07 12:15,2042.46987,2042.92774,2042.09038,2042.16754,100,20.0
2024.02.07 12:30,2041.59295,2042.13163,2041.21677,2041.67500,100,20.0
2024.02.07 12:45,2041.24593,2041.26517,2041.08054,2041.20032,100,20.0
2024.02.07 13:00,2041.83392,2042.26421,2041.59729,2042.24157,100,20.0
2024.02.07 13:15,2042.73919,2044.04053,2042.67341,2043.98149,100,20.0
2024.02.07 13:30,2043.80139,2044.31541,2042.88164,2043.97633,100,20.0
2024.02.07 13:45,2043.68727,2044.16678,2043.29348,2043.38107,100,20.0
2024.02.07 14:00,2043.16979,2043.41479,2043.02640,2043.07457,100,20.0
2024.02.07 14:15,2043.51734,2043.63547,2043.21583,2043.37897,100,20.0
2024.02.07 14:30,2044.30147,2044.44682,2044.13317,2044.34206,100,20.0
2024.02.07 14:45,2044.25930,2044.34268,2044.04834,2044.26595,100,20.0
2024.02.07 15:00,2044.33739,2044.80710,2044.08793,2044.58172,100,20.0
2024.02.07 15:15,2045.13299,2045.80192,2044.88756,2045.71300,100,20.0
2024.02.07 15:30,2045.10228,2045.60933,2044.01413,2044.23401,100,20.0
2024.02.07 15:45,2044.79911,2045.17662,2044.59563,2045.12156,100,20.0
2024.02.07 16:00,2045.89099,2046.24821,2045.56070,2046.14611,100,20.0
2024.02.07 16:15,2046.42171,2046.88699,2045.78021,2046.00822,100,20.0
2024.02.07 16:30,2045.35848,2046.06287,2045.18049,2045.42087,100,20.0
2024.02.07 16:45,2044.65940,2046.25360,2044.53128,2045.08384,100,20.0
2024.02.07 17:00,2044.64468,2045.72321,2044.32578,2045.16564,100,20.0
2024.02.07 17:15,2044.97003,2045.66932,2044.88971,2045.39018,100,20.0
2024.02.07 17:30,2046.03443,2046.17803,2045.80446,2046.14136,100,20.0
2024.02.07 17:45,2047.11545,2047.56415,2046.70672,2046.99742,100,20.0
2024.02.07 18:00,2046.27449,2046.44953,2045.22056,2045.84391,100,20.0
2024.02.07 18:15,2045.84668,2046.09552,2045.30618,2045.41328,100,20.0
2024.02.07 18:30,2045.11682,2045.20879,2044.93321,2045.13040,100,20.0
2024.02.07 18:45,2044.41894,2044.97496,2044.12186,2044.87727,100,20.0
2024.02.07 19:00,2044.42826,2044.47644,2044.20624,2044.31858,100,20.0
2024.02.07 19:15,2043.29522,2043.99489,2042.76296,2043.03521,100,20.0
2024.02.07 19:30,2043.22421,2043.54035,2042.90240,2043.50628,100,20.0
2024.02.07 19:45,2044.09025,2044.68999,2043.93728,2044.02967,100,20.0
2024.02.07 20:00,2045.02102,2045.26915,2044.68234,2044.98779,100,20.0
2024.02.07 20:15,2044.82481,2044.89023,2044.24133,2044.63092,100,20.0
2024.02.07 20:30,2044.56604,2044.90656,2044.00452,2044.40430,100,20.0
2024.02.07 20:45,2043.24981,2044.03726,2042.65726,2042.67524,100,20.0
2024.02.07 21:00,2042.75578,2043.01405,2042.59484,2042.95227,100,20.0
2024.02.07 21:15,2041.04800,2041.33726,2040.65973,2040.91989,100,20.0
2024.02.07 21:30,2041.05216,2042.16857,2040.99482,2041.86544,100,20.0
2024.02.07 21:45,2041.19255,2041.21542,2041.06582,2041.16666,100,20.0
2024.02.07 22:00,2040.73395,2040.98335,2039.51098,2039.84663,100,20.0
2024.02.07 22:15,2039.74208,2039.92592,2039.38570,2039.53090,100,20.0
2024.02.07 22:30,2039.13339,2039.80989,2038.89326,2038.94041,100,20.0
2024.02.07 22:45,2039.41128,2039.61725,2039.20519,2039.24310,100,20.0
2024.02.07 23:00,2039.72790,2040.17388,2039.60656,2039.95106,100,20.0
2024.02.07 23:15,2040.96423,2041.55001,2039.80052,2041.13359,100,20.0
2024.02.07 23:30,2039.76197,2040.60779,2039.52563,2040.04885,100,20.0
2024.02.07 23:45,2040.52792,2040.55923,2039.88055,2040.19987,100,20.0
2024.02.08 00:00,2040.08145,2040.42343,2040.04899,2040.09038,100,20.0
2024.02.08 00:15,2040.44943,2040.76691,2039.96454,2040.26613,100,20.0
2024.02.08 00:30,2040.32641,2040.90429,2040.24115,2040.80335,100,20.0
2024.02.08 00:45,2041.36283,2042.50810,2041.31662,2042.28405,100,20.0
2024.02.08 01:00,2042.05175,2042.41867,2041.87921,2042.05709,100,20.0
2024.02.08 01:15,2042.21934,2043.03355,2042.10810,2042.96657,100,20.0
2024.02.08 01:30,2042.34081,2042.42665,2042.02422,2042.28101,100,20.0
2024.02.08 01:45,2042.74187,2043.87228,2042.62189,2043.07746,100,20.0
2024.02.08 02:00,2043.45499,2043.54921,2043.11577,2043.15227,100,20.0
2024.02.08 02:15,2043.18518,2043.87666,2043.02404,2043.36529,100,20.0
2024.02.08 02:30,2043.06804,2043.24804,2042.75488,2042.99758,100,20.0
2024.02.08 02:45,2042.93787,2043.51707,2042.10244,2043.41648,100,20.0
2024.02.08 03:00,2043.41322,2043.78926,2043.24119,2043.74828,100,20.0
2024.02.08 03:15,2043.59303,2043.87790,2043.31247,2043.42671,100,20.0
2024.02.08 03:30,2043.59780,2043.92790,2043.58502,2043.83262,100,20.0
2024.02.08 03:45,2044.00809,2044.54392,2043.84710,2044.35875,100,20.0
2024.02.08 04:00,2045.44184,2046.18267,2045.43553,2046.16964,100,20.0
2024.02.08 04:15,2046.54831,2047.50667,2046.52362,2046.88980,100,20.0
2024.02.08 04:30,2047.22784,2047.31444,2046.74510,2046.79319,100,20.0
2024.02.08 04:45,2046.80139,2047.53100,2046.38604,2047.35801,100,20.0
2024.02.08 05:00,2046.84894,2047.98378,2045.95142,2047.31023,100,20.0
2024.02.08 05:15,2047.24401,2047.86071,2047.04853,2047.50778,100,20.0
2024.02.08 05:30,2048.56694,2049.23996,2048.49472,2049.20714,100,20.0
2024.02.08 05:45,2048.17833,2048.75193,2047.93410,2048.61844,100,20.0
2024.02.08 06:00,2049.70093,2050.20487,2049.38004,2050.13612,100,20.0
2024.02.08 06:15,2049.23737,2049.71847,2049.14704,2049.52654,100,20.0
2024.02.08 06:30,2049.76960,2049.80996,2048.64473,2049.50486,100,20.0
2024.02.08 06:45,2050.41997,2051.12240,2050.32941,2051.06010,100,20.0
2024.02.08 07:00,2051.50749,2052.42229,2051.49353,2052.13685,100,20.0
2024.02.08 07:15,2051.72854,2052.65465,2050.80148,2052.55391,100,20.0
2024.02.08 07:30,2052.87331,2053.09877,2052.33477,2052.85183,100,20.0
2024.02.08 07:45,2052.62216,2052.92733,2052.41661,2052.73141,100,20.0
2024.02.08 08:00,2051.40147,2052.59151,2050.70135,2052.24835,100,20.0
2024.02.08 08:15,2051.56826,2051.97629,2051.28632,2051.33250,100,20.0
2024.02.08 08:30,2051.10858,2052.39153,2051.07557,2052.22862,100,20.0
2024.02.08 08:45,2052.35833,2053.91475,2052.18315,2052.95512,100,20.0
2024.02.08 09:00,2052.85685,2053.17552,2052.39676,2052.53513,100,20.0
2024.02.08 09:15,2052.69822,2053.44215,2051.83384,2051.91231,100,20.0
2024.02.08 09:30,2052.33831,2052.39316,2051.67976,2051.97969,100,20.0
2024.02.08 09:45,2051.65711,2051.87676,2050.90731,2051.24045,100,20.0
2024.02.08 10:00,2051.87153,2051.96117,2051.11279,2051.62617,100,20.0
2024.02.08 10:15,2051.54732,2051.77531,2049.14186,2049.55702,100,20.0
2024.02.08 10:30,2048.77927,2048.99781,2048.50542,2048.78633,100,20.0
2024.02.08 10:45,2048.43049,2048.76101,2048.28318,2048.44157,100,20.0
2024.02.08 11:00,2048.03503,2048.54519,2047.76209,2047.93047,100,20.0
2024.02.08 11:15,2047.46209,2047.92428,2046.89751,2047.52967,100,20.0
2024.02.08 11:30,2047.39221,2047.52211,2046.99527,2047.14114,100,20.0
2024.02.08 11:45,2047.65803,2048.55894,2047.44309,2048.29529,100,20.0
2024.02.08 12:00,2047.73631,2047.94329,2047.53727,2047.65091,100,20.0
2024.02.08 12:15,2048.39945,2048.65089,2048.07389,2048.55595,100,20.0
2024.02.08 12:30,2048.61566,2048.69918,2047.21760,2047.84173,100,20.0
2024.02.08 12:45,2047.39031,2048.27416,2047.01855,2048.07746,100,20.0
2024.02.08 13:00,2048.63401,2048.79214,2048.42115,2048.68402,100,20.0
2024.02.08 13:15,2048.72411,2049.17242,2048.61087,2049.04337,100,20.0
2024.02.08 13:30,2048.43830,2049.22183,2047.82783,2048.39484,100,20.0
2024.02.08 13:45,2048.33689,2048.60678,2047.88715,2048.49110,100,20.0
2024.02.08 14:00,2048.34371,2048.36819,2047.89986,2047.90434,100,20.0
2024.02.08 14:15,2047.33464,2047.33849,2046.25041,2046.39235,100,20.0
2024.02.08 14:30,2047.14989,2048.00323,2046.74909,2047.54767,100,20.0
2024.02.08 14:45,2046.94000,2047.29339,2046.90699,2046.99959,100,20.0
2024.02.08 15:00,2047.80617,2048.57303,2047.58756,2048.07815,100,20.0
2024.02.08 15:15,2049.13718,2050.33988,2048.99130,2050.02787,100,20.0
2024.02.08 15:30,2049.40689,2049.96583,2049.13961,2049.91354,100,20.0
2024.02.08 15:45,2048.37021,2048.76052,2048.07084,2048.31703,100,20.0
2024.02.08 16:00,2048.40191,2048.94809,2047.78258,2048.62836,100,20.0
2024.02.08 16:15,2048.33918,2048.53585,2048.12647,2048.20688,100,20.0
2024.02.08 16:30,2048.95801,2049.34645,2048.67877,2049.02248,100,20.0
2024.02.08 16:45,2048.86228,2049.49890,2047.81093,2048.17919,100,20.0
2024.02.08 17:00,2047.81623,2048.47083,2047.24279,2047.39373,100,20.0
2024.02.08 17:15,2047.49495,2048.17083,2047.22542,2047.94272,100,20.0
2024.02.08 17:30,2047.63062,2047.64681,2046.84497,2047.17957,100,20.0
2024.02.08 17:45,2047.07131,2047.17747,2046.98999,2047.13905,100,20.0
2024.02.08 18:00,2047.27189,2047.81285,2046.65645,2047.26876,100,20.0
2024.02.08 18:15,2045.85716,2046.49000,2045.58511,2046.26854,100,20.0
2024.02.08 18:30,2046.29996,2047.07956,2046.19436,2046.23132,100,20.0
2024.02.08 18:45,2046.10436,2047.04205,2045.81827,2046.57298,100,20.0
2024.02.08 19:00,2045.77812,2046.50034,2045.21424,2045.78050,100,20.0
2024.02.08 19:15,2045.88522,2046.06089,2045.37831,2045.77736,100,20.0
2024.02.08 19:30,2045.56660,2045.83052,2045.11194,2045.28146,100,20.0
2024.02.08 19:45,2045.49793,2045.80976,2043.82975,2044.54970,100,20.0
2024.02.08 20:00,2044.94204,2045.09289,2044.02742,2044.12980,100,20.0
2024.02.08 20:15,2044.51880,2045.27323,2044.43958,2044.69695,100,20.0
2024.02.08 20:30,2044.37054,2044.92099,2043.47256,2043.82744,100,20.0
2024.02.08 20:45,2043.42372,2043.62595,2043.21454,2043.50474,100,20.0
2024.02.08 21:00,2043.11964,2043.23223,2042.96346,2043.06552,100,20.0
2024.02.08 21:15,2043.89220,2044.45679,2043.28734,2043.60706,100,20.0
2024.02.08 21:30,2043.17364,2043.31893,2042.21345,2042.44297,100,20.0
2024.02.08 21:45,2042.35860,2043.55027,2041.46569,2043.45375,100,20.0
2024.02.08 22:00,2043.10737,2043.37268,2042.19475,2042.82284,100,20.0
2024.02.08 22:15,2042.20997,2042.79409,2041.67450,2042.77798,100,20.0
2024.02.08 22:30,2042.64403,2043.22533,2042.12918,2042.80459,100,20.0
2024.02.08 22:45,2043.64238,2043.87447,2042.12620,2042.87472,100,20.0
2024.02.08 23:00,2042.50670,2043.02105,2041.74384,2041.92049,100,20.0
2024.02.08 23:15,2042.42280,2042.68179,2041.66459,2042.36193,100,20.0
2024.02.08 23:30,2042.37969,2042.79060,2041.27850,2041.54115,100,20.0
2024.02.08 23:45,2041.60891,2041.71869,2040.47520,2040.56003,100,20.0
2024.02.09 00:00,2040.39529,2040.46024,2040.07076,2040.44362,100,20.0
2024.02.09 00:15,2040.42955,2041.44520,2040.09605,2040.90598,100,20.0
2024.02.09 00:30,2040.76835,2041.85564,2040.33847,2041.32427,100,20.0
2024.02.09 00:45,2041.88844,2042.07518,2040.89613,2041.15001,100,20.0
2024.02.09 01:00,2041.58172,2042.38959,2041.57395,2041.91018,100,20.0
2024.02.09 01:15,2042.37988,2042.99224,2042.09922,2042.85757,100,20.0
2024.02.09 01:30,2042.82746,2043.33964,2042.55170,2043.12797,100,20.0
2024.02.09 01:45,2043.22726,2044.36334,2043.15303,2044.29304,100,20.0
2024.02.09 02:00,2043.99839,2044.64668,2043.91706,2044.07570,100,20.0
2024.02.09 02:15,2044.48927,2045.05925,2044.02468,2044.17854,100,20.0
2024.02.09 02:30,2043.10157,2043.24901,2041.99260,2042.36365,100,20.0
2024.02.09 02:45,2041.89060,2043.02893,2041.85546,2042.39657,100,20.0
2024.02.09 03:00,2042.07986,2042.17783,2040.81206,2041.96721,100,20.0
2024.02.09 03:15,2041.62862,2042.25223,2041.34472,2041.93679,100,20.0
2024.02.09 03:30,2041.83333,2041.85756,2041.06760,2041.16645,100,20.0
2024.02.09 03:45,2040.80158,2040.83942,2039.97126,2040.46378,100,20.0
2024.02.09 04:00,2040.17419,2041.31547,2040.02946,2040.77703,100,20.0
2024.02.09 04:15,2041.51359,2041.58906,2041.33596,2041.47920,100,20.0
2024.02.09 04:30,2040.89525,2040.98841,2040.57663,2040.59429,100,20.0
2024.02.09 04:45,2040.13974,2040.42710,2039.43395,2040.12750,100,20.0
2024.02.09 05:00,2040.47617,2040.88221,2040.39592,2040.47941,100,20.0
2024.02.09 05:15,2040.38158,2040.77670,2039.91366,2040.34229,100,20.0
2024.02.09 05:30,2041.44394,2041.61661,2040.73406,2040.93762,100,20.0
2024.02.09 05:45,2041.16851,2041.57783,2040.75710,2041.51391,100,20.0
2024.02.09 06:00,2042.34514,2042.69973,2041.45116,2041.80857,100,20.0
2024.02.09 06:15,2042.09084,2042.16389,2041.32943,2042.08833,100,20.0
2024.02.09 06:30,2040.95749,2041.29728,2040.12870,2040.37461,100,20.0
2024.02.09 06:45,2040.72246,2041.94462,2040.68166,2041.58604,100,20.0
2024.02.09 07:00,2041.46060,2041.78189,2041.36717,2041.63133,100,20.0
2024.02.09 07:15,2041.93986,2042.39674,2041.33423,2042.34159,100,20.0
2024.02.09 07:30,2044.10218,2044.27777,2043.46814,2043.92988,100,20.0
2024.02.09 07:45,2043.24206,2043.93760,2042.13192,2042.55342,100,20.0
2024.02.09 08:00,2042.69475,2043.11928,2042.35584,2042.93368,100,20.0
2024.02.09 08:15,2042.06474,2042.16727,2041.63891,2041.90503,100,20.0
2024.02.09 08:30,2041.35513,2041.42313,2040.84334,2040.89969,100,20.0
2024.02.09 08:45,2040.85088,2041.40841,2040.16508,2040.42037,100,20.0
2024.02.09 09:00,2040.15628,2040.74735,2039.83651,2040.23119,100,20.0
2024.02.09 09:15,2040.59815,2040.65594,2039.84665,2039.95756,100,20.0
2024.02.09 09:30,2040.32127,2041.06999,2040.07075,2040.61927,100,20.0
2024.02.09 09:45,2041.07176,2041.78705,2040.44632,2040.49305,100,20.0
2024.02.09 10:00,2040.75401,2040.84378,2039.64746,2039.86005,100,20.0
2024.02.09 10:15,2039.47919,2039.65672,2039.36970,2039.54165,100,20.0
2024.02.09 10:30,2040.06752,2040.97950,2040.01565,2040.70919,100,20.0
2024.02.09 10:45,2040.51029,2041.03977,2039.35049,2039.71536,100,20.0
2024.02.09 11:00,2038.95571,2039.28222,2038.21847,2038.65931,100,20.0
2024.02.09 11:15,2037.96936,2038.37517,2037.76947,2038.26703,100,20.0
2024.02.09 11:30,2039.10888,2039.77012,2038.91418,2039.66523,100,20.0
2024.02.09 11:45,2039.45131,2039.77758,2038.74694,2038.87140,100,20.0
2024.02.09 12:00,2039.03841,2039.43663,2037.76939,2037.80937,100,20.0
2024.02.09 12:15,2039.04168,2039.07473,2037.80582,2038.21926,100,20.0
2024.02.09 12:30,2037.22747,2037.86279,2036.96157,2037.50133,100,20.0
2024.02.09 12:45,2037.81194,2038.39006,2037.30134,2037.72029,100,20.0
2024.02.09 13:00,2037.24864,2037.63659,2037.20929,2037.34518,100,20.0
2024.02.09 13:15,2038.08041,2038.16208,2037.63123,2037.75486,100,20.0
2024.02.09 13:30,2038.00026,2038.39233,2037.52962,2038.18036,100,20.0
2024.02.09 13:45,2039.98956,2040.97571,2039.74095,2040.60217,100,20.0
2024.02.09 14:00,2040.25776,2040.36788,2039.85070,2040.24412,100,20.0
2024.02.09 14:15,2039.65088,2040.20137,2039.53038,2039.59195,100,20.0
2024.02.09 14:30,2039.72510,2040.07483,2038.98118,2039.03946,100,20.0
2024.02.09 14:45,2040.21622,2040.33743,2039.53890,2039.73409,100,20.0
2024.02.09 15:00,2039.02134,2039.49453,2039.00745,2039.33213,100,20.0
2024.02.09 15:15,2038.32586,2038.67031,2038.09614,2038.49252,100,20.0
2024.02.09 15:30,2037.29841,2038.89476,2037.26380,2038.33974,100,20.0
2024.02.09 15:45,2037.70718,2037.84943,2037.17359,2037.78895,100,20.0
2024.02.09 16:00,2038.35055,2039.16216,2037.59691,2038.90015,100,20.0
2024.02.09 16:15,2038.79146,2038.93328,2038.50747,2038.56325,100,20.0
2024.02.09 16:30,2038.69827,2039.52095,2038.31286,2039.44890,100,20.0
2024.02.09 16:45,2038.70449,2038.93074,2038.33871,2038.58675,100,20.0
2024.02.09 17:00,2037.62934,2038.09404,2037.45224,2037.65063,100,20.0
2024.02.09 17:15,2038.12247,2038.34975,2037.82434,2037.94027,100,20.0
2024.02.09 17:30,2038.22461,2039.12242,2037.51609,2038.99032,100,20.0
2024.02.09 17:45,2038.90511,2039.21022,2038.84443,2039.05638,100,20.0
2024.02.09 18:00,2039.11321,2039.56873,2037.57261,2037.86655,100,20.0
2024.02.09 18:15,2037.78774,2038.34750,2037.40985,2037.72898,100,20.0
2024.02.09 18:30,2037.22325,2037.71345,2036.89835,2037.07536,100,20.0
2024.02.09 18:45,2036.94814,2038.34138,2036.53551,2037.63313,100,20.0
2024.02.09 19:00,2037.76501,2037.96629,2037.44099,2037.88169,100,20.0
2024.02.09 19:15,2037.63275,2037.91608,2036.76085,2037.01165,100,20.0
2024.02.09 19:30,2035.78967,2036.41286,2035.46571,2036.22487,100,20.0
2024.02.09 19:45,2036.18185,2036.85380,2035.71020,2036.33131,100,20.0
2024.02.09 20:00,2036.32087,2036.36560,2035.55146,2036.01554,100,20.0
2024.02.09 20:15,2035.82985,2035.92157,2035.51619,2035.77407,100,20.0
2024.02.09 20:30,2035.41792,2035.89984,2035.32827,2035.88796,100,20.0
2024.02.09 20:45,2035.80750,2036.77854,2035.46922,2036.26707,100,20.0
2024.02.09 21:00,2036.36039,2036.49524,2034.99313,2035.55837,100,20.0
2024.02.09 21:15,2035.65368,2035.97626,2035.04418,2035.77773,100,20.0
2024.02.09 21:30,2035.09319,2035.12889,2034.27787,2034.81705,100,20.0
2024.02.09 21:45,2034.77840,2035.82341,2034.74592,2035.44350,100,20.0
2024.02.09 22:00,2035.47334,2036.29987,2035.43267,2036.09418,100,20.0
2024.02.09 22:15,2036.29042,2036.54424,2036.03987,2036.53016,100,20.0
2024.02.09 22:30,2035.89042,2036.12544,2035.72781,2036.03797,100,20.0
2024.02.09 22:45,2036.07584,2036.41363,2035.75123,2035.91296,100,20.0
2024.02.09 23:00,2036.45222,2037.13600,2036.33262,2036.53085,100,20.0
2024.02.09 23:15,2036.06387,2036.12490,2035.40179,2035.92929,100,20.0
2024.02.09 23:30,2035.67342,2036.20157,2035.57075,2035.74400,100,20.0
2024.02.09 23:45,2034.78897,2035.64386,2034.54579,2035.20609,100,20.0
2024.02.10 00:00,2034.19726,2035.25676,2034.07235,2034.86637,100,20.0
2024.02.10 00:15,2034.11267,2034.65102,2033.55741,2034.59687,100,20.0
2024.02.10 00:30,2034.96121,2035.00634,2034.39870,2034.91115,100,20.0
2024.02.10 00:45,2035.22772,2035.45851,2034.63139,2035.28051,100,20.0
2024.02.10 01:00,2034.13635,2034.23558,2032.92621,2033.82278,100,20.0
2024.02.10 01:15,2033.79148,2034.44400,2033.74630,2034.42087,100,20.0
2024.02.10 01:30,2033.90755,2034.21562,2033.55619,2033.59495,100,20.0
2024.02.10 01:45,2033.56566,2033.76810,2033.07846,2033.09696,100,20.0
2024.02.10 02:00,2033.14812,2033.46292,2032.88126,2033.26629,100,20.0
2024.02.10 02:15,2033.23291,2034.45148,2033.17701,2033.95219,100,20.0
2024.02.10 02:30,2034.58062,2035.20797,2034.50464,2034.74176,100,20.0
2024.02.10 02:45,2033.89688,2034.15241,2033.31743,2034.11328,100,20.0
2024.02.10 03:00,2033.79721,2034.02286,2033.39788,2033.79443,100,20.0
2024.02.10 03:15,2033.88924,2034.23343,2033.58021,2033.75828,100,20.0
2024.02.10 03:30,2033.75579,2034.02305,2032.47548,2032.87273,100,20.0
2024.02.10 03:45,2033.45001,2033.52861,2033.07914,2033.15775,100,20.0
2024.02.10 04:00,2033.57215,2033.82224,2032.86140,2033.20667,100,20.0
2024.02.10 04:15,2034.02333,2034.06967,2032.54264,2033.02321,100,20.0
2024.02.10 04:30,2032.98259,2033.04657,2032.05525,2032.34179,100,20.0
2024.02.10 04:45,2032.34642,2033.20191,2031.98778,2033.18131,100,20.0
2024.02.10 05:00,2033.56602,2033.75562,2032.76528,2033.67041,100,20.0
2024.02.10 05:15,2033.70204,2035.24796,2033.68054,2034.96281,100,20.0
2024.02.10 05:30,2035.49793,2036.33252,2035.25020,2036.15166,100,20.0
2024.02.10 05:45,2036.14552,2036.74588,2035.66943,2036.20393,100,20.0
2024.02.10 06:00,2035.31384,2035.50475,2035.21122,2035.44494,100,20.0
2024.02.10 06:15,2035.15427,2036.05501,2034.84105,2035.48878,100,20.0
2024.02.10 06:30,2035.28253,2035.41922,2035.09505,2035.16765,100,20.0
2024.02.10 06:45,2034.99347,2035.55396,2034.24443,2035.22966,100,20.0
2024.02.10 07:00,2034.70951,2035.64614,2034.54726,2034.93610,100,20.0
2024.02.10 07:15,2034.80685,2034.97120,2034.30838,2034.40768,100,20.0
2024.02.10 07:30,2035.04587,2036.15237,2034.90932,2036.12138,100,20.0
2024.02.10 07:45,2035.97206,2036.55014,2035.71872,2036.05375,100,20.0
2024.02.10 08:00,2036.17981,2036.61180,2034.78101,2035.80611,100,20.0
2024.02.10 08:15,2036.68486,2037.07680,2036.39175,2036.55421,100,20.0
2024.02.10 08:30,2036.90082,2037.17844,2036.16914,2036.45117,100,20.0
2024.02.10 08:45,2036.44117,2037.06631,2036.39420,2036.67085,100,20.0
2024.02.10 09:00,2036.49748,2036.69789,2036.08811,2036.57262,100,20.0
2024.02.10 09:15,2036.47122,2037.22022,2035.73289,2036.23530,100,20.0
2024.02.10 09:30,2035.71604,2035.81258,2035.05491,2035.23296,100,20.0
2024.02.10 09:45,2034.79000,2035.55728,2034.09504,2034.69179,100,20.0
2024.02.10 10:00,2033.95240,2034.48713,2033.25476,2033.28882,100,20.0
2024.02.10 10:15,2034.07021,2034.61006,2033.60257,2034.40981,100,20.0
2024.02.10 10:30,2035.31342,2035.39910,2035.15111,2035.20826,100,20.0
2024.02.10 10:45,2034.55344,2035.36091,2034.19100,2035.15375,100,20.0
2024.02.10 11:00,2034.60527,2035.53297,2034.20871,2035.52005,100,20.0
2024.02.10 11:15,2035.56312,2035.71056,2034.31828,2034.37076,100,20.0
2024.02.10 11:30,2034.45151,2034.49223,2033.72516,2034.01054,100,20.0
2024.02.10 11:45,2033.45443,2033.97214,2032.58347,2032.98325,100,20.0
2024.02.10 12:00,2032.83876,2033.34312,2032.76313,2032.83308,100,20.0
2024.02.10 12:15,2033.36871,2033.43443,2031.49392,2032.52069,100,20.0
2024.02.10 12:30,2031.70949,2032.14447,2030.71319,2031.44094,100,20.0
2024.02.10 12:45,2030.27455,2030.30615,2029.93317,2029.98357,100,20.0
2024.02.10 13:00,2030.12905,2030.88440,2030.08934,2030.62254,100,20.0
2024.02.10 13:15,2030.08842,2030.43928,2029.27888,2029.55977,100,20.0
2024.02.10 13:30,2029.37281,2029.80961,2028.65678,2029.41617,100,20.0
2024.02.10 13:45,2029.35713,2030.09677,2029.27864,2029.83323,100,20.0
2024.02.10 14:00,2030.02939,2030.24642,2029.75513,2029.90317,100,20.0
2024.02.10 14:15,2029.34384,2030.00370,2029.04163,2029.38002,100,20.0
2024.02.10 14:30,2029.05301,2029.73945,2029.03196,2029.67264,100,20.0
2024.02.10 14:45,2030.61112,2030.69020,2030.26804,2030.33863,100,20.0
2024.02.10 15:00,2030.38263,2031.62978,2030.12399,2030.78972,100,20.0
2024.02.10 15:15,2031.14442,2031.75825,2030.32281,2030.50437,100,20.0
2024.02.10 15:30,2029.28704,2030.11147,2028.42126,2029.45047,100,20.0
2024.02.10 15:45,2029.86822,2030.30949,2029.84493,2030.26341,100,20.0
2024.02.10 16:00,2029.78047,2029.88642,2029.34598,2029.38658,100,20.0
2024.02.10 16:15,2029.06244,2029.15876,2027.90744,2028.69169,100,20.0
2024.02.10 16:30,2028.32423,2028.49242,2028.24149,2028.45392,100,20.0
2024.02.10 16:45,2028.03828,2028.54039,2027.60813,2027.66798,100,20.0
2024.02.10 17:00,2026.65606,2026.88530,2026.36064,2026.59131,100,20.0
2024.02.10 17:15,2025.90507,2027.12492,2025.57137,2026.93715,100,20.0
2024.02.10 17:30,2026.24126,2026.40371,2024.82868,2025.53613,100,20.0
2024.02.10 17:45,2025.78437,2025.86517,2025.30984,2025.54812,100,20.0
2024.02.10 18:00,2025.75306,2026.10973,2024.18028,2024.89077,100,20.0
2024.02.10 18:15,2024.29805,2024.36920,2023.79536,2024.07526,100,20.0
2024.02.10 18:30,2024.13255,2025.29324,2024.11104,2024.57360,100,20.0
2024.02.10 18:45,2024.42006,2024.87562,2023.98691,2024.17005,100,20.0
2024.02.10 19:00,2023.97613,2024.49087,2023.75980,2024.41858,100,20.0
2024.02.10 19:15,2024.76323,2025.24888,2024.47803,2024.83554,100,20.0
2024.02.10 19:30,2024.19627,2024.94397,2023.56652,2024.73546,100,20.0
2024.02.10 19:45,2024.25031,2025.05347,2023.97350,2024.60697,100,20.0
2024.02.10 20:00,2025.07874,2026.25234,2024.89607,2025.70111,100,20.0
2024.02.10 20:15,2024.99448,2025.36100,2024.54897,2024.66373,100,20.0
2024.02.10 20:30,2025.63497,2025.86367,2025.62855,2025.80614,100,20.0
2024.02.10 20:45,2026.91372,2027.36183,2026.32457,2026.76502,100,20.0
2024.02.10 21:00,2026.87725,2027.31044,2026.86684,2027.00111,100,20.0
2024.02.10 21:15,2026.22081,2026.27040,2025.43673,2025.54982,100,20.0
2024.02.10 21:30,2024.69193,2025.83419,2024.48810,2025.32328,100,20.0
2024.02.10 21:45,2025.83940,2026.36859,2024.83927,2025.10927,100,20.0
2024.02.10 22:00,2024.11244,2024.39898,2023.55781,2023.89342,100,20.0
2024.02.10 22:15,2024.33643,2024.42940,2024.28880,2024.31512,100,20.0
2024.02.10 22:30,2024.19283,2024.83948,2024.16761,2024.59340,100,20.0
2024.02.10 22:45,2024.99368,2025.68487,2024.68298,2025.56190,100,20.0
2024.02.10 23:00,2026.63297,2026.71188,2026.22970,2026.27238,100,20.0
2024.02.10 23:15,2025.48291,2025.95655,2024.72211,2024.87240,100,20.0
2024.02.10 23:30,2024.82591,2025.55008,2024.57479,2025.17076,100,20.0
2024.02.10 23:45,2024.67098,2025.96112,2024.41150,2025.56923,100,20.0
2024.02.11 00:00,2025.82307,2026.91705,2025.80786,2026.56943,100,20.0
2024.02.11 00:15,2028.21573,2028.51477,2028.02474,2028.32681,100,20.0
2024.02.11 00:30,2027.85470,2028.14688,2026.93904,2027.46953,100,20.0
2024.02.11 00:45,2027.65857,2028.53809,2027.45666,2028.26818,100,20.0
2024.02.11 01:00,2029.01692,2029.17128,2028.61434,2028.97777,100,20.0
2024.02.11 01:15,2028.16613,2028.42412,2028.01318,2028.11528,100,20.0
2024.02.11 01:30,2027.55871,2028.06085,2027.06937,2027.53728,100,20.0
2024.02.11 01:45,2028.67118,2028.67175,2028.10129,2028.31863,100,20.0
2024.02.11 02:00,2026.92529,2027.01166,2026.75730,2027.00581,100,20.0
2024.02.11 02:15,2027.00310,2027.82878,2026.52716,2027.44759,100,20.0
2024.02.11 02:30,2028.39898,2029.57103,2028.08881,2028.94819,100,20.0
2024.02.11 02:45,2029.25400,2030.20659,2027.55343,2028.35176,100,20.0
2024.02.11 03:00,2027.94408,2028.62856,2027.38412,2028.46006,100,20.0
2024.02.11 03:15,2028.31371,2028.65159,2026.86947,2027.62236,100,20.0
2024.02.11 03:30,2028.64100,2028.73453,2027.82798,2028.43599,100,20.0
2024.02.11 03:45,2028.71942,2029.98017,2028.44156,2029.48593,100,20.0
2024.02.11 04:00,2028.90949,2029.47995,2028.41911,2028.62207,100,20.0
2024.02.11 04:15,2028.73875,2029.79559,2028.39489,2029.50674,100,20.0
2024.02.11 04:30,2029.52083,2029.74327,2029.47954,2029.68803,100,20.0
2024.02.11 04:45,2030.41606,2030.72563,2030.09705,2030.24336,100,20.0
2024.02.11 05:00,2029.71729,2029.97851,2029.61531,2029.71280,100,20.0
2024.02.11 05:15,2030.03019,2030.17412,2029.20221,2030.13792,100,20.0
2024.02.11 05:30,2030.04262,2030.24189,2028.97459,2029.15060,100,20.0
2024.02.11 05:45,2029.27815,2029.91848,2027.82651,2028.18558,100,20.0
2024.02.11 06:00,2029.35771,2030.09008,2028.67875,2029.90514,100,20.0
2024.02.11 06:15,2028.64219,2029.63555,2027.99115,2029.19567,100,20.0
2024.02.11 06:30,2028.20090,2028.36683,2027.39788,2027.70932,100,20.0
2024.02.11 06:45,2026.99721,2027.19753,2025.93545,2026.18427,100,20.0
2024.02.11 07:00,2025.36385,2025.74339,2024.82722,2025.13644,100,20.0
2024.02.11 07:15,2024.32202,2024.64703,2023.26534,2023.51034,100,20.0
2024.02.11 07:30,2023.08448,2023.46959,2022.54013,2023.21214,100,20.0
2024.02.11 07:45,2022.56203,2022.62055,2022.39552,2022.48872,100,20.0
2024.02.11 08:00,2021.51863,2021.86907,2020.84072,2020.86970,100,20.0
2024.02.11 08:15,2020.70581,2021.59808,2020.42833,2021.57615,100,20.0
2024.02.11 08:30,2021.06930,2021.64900,2020.70187,2021.05412,100,20.0
2024.02.11 08:45,2020.73773,2021.21831,2019.74296,2020.91453,100,20.0
2024.02.11 09:00,2020.81506,2022.48580,2020.38891,2021.86120,100,20.0
2024.02.11 09:15,2021.72831,2021.77309,2020.73289,2020.84638,100,20.0
2024.02.11 09:30,2021.19492,2021.90779,2020.65328,2020.88667,100,20.0
2024.02.11 09:45,2020.63337,2021.29024,2019.67618,2019.96651,100,20.0
2024.02.11 10:00,2019.13377,2019.54360,2018.01220,2019.51966,100,20.0
2024.02.11 10:15,2019.51376,2020.09485,2019.17301,2020.07740,100,20.0
2024.02.11 10:30,2020.05281,2020.25618,2020.01845,2020.22611,100,20.0
2024.02.11 10:45,2020.21763,2020.24993,2018.62714,2019.59776,100,20.0
2024.02.11 11:00,2018.77778,2019.20592,2018.42852,2018.82621,100,20.0
2024.02.11 11:15,2018.57427,2019.04894,2018.57351,2018.69846,100,20.0
2024.02.11 11:30,2019.23936,2020.61115,2019.07192,2020.39769,100,20.0
2024.02.11 11:45,2020.35496,2020.56800,2019.41897,2019.72801,100,20.0
2024.02.11 12:00,2019.92933,2020.82557,2019.25908,2019.61790,100,20.0
2024.02.11 12:15,2019.48332,2019.67881,2018.98046,2019.41813,100,20.0
2024.02.11 12:30,2018.66948,2018.78570,2018.59011,2018.60917,100,20.0
2024.02.11 12:45,2018.23893,2018.76432,2018.07323,2018.61126,100,20.0
2024.02.11 13:00,2018.95272,2019.60409,2017.79042,2018.03966,100,20.0
2024.02.11 13:15,2017.28291,2017.38268,2016.58493,2017.36253,100,20.0
2024.02.11 13:30,2017.35132,2017.98915,2017.34423,2017.68636,100,20.0
2024.02.11 13:45,2017.70847,2018.14648,2016.68259,2017.15169,100,20.0
2024.02.11 14:00,2017.08667,2017.87244,2016.57941,2017.66796,100,20.0
2024.02.11 14:15,2017.93246,2018.19777,2017.25383,2017.34593,100,20.0
2024.02.11 14:30,2016.62500,2018.05610,2015.95209,2017.67141,100,20.0
2024.02.11 14:45,2017.88162,2018.90728,2017.33468,2018.37703,100,20.0
2024.02.11 15:00,2019.20759,2019.44370,2018.35792,2018.78390,100,20.0
2024.02.11 15:15,2017.73297,2017.99120,2017.05924,2017.54942,100,20.0
2024.02.11 15:30,2017.22782,2017.65583,2017.13863,2017.50594,100,20.0
2024.02.11 15:45,2017.36472,2017.75134,2017.25058,2017.56019,100,20.0
