time,open,high,low,close,volume,spread
2024.01.01 00:00,2000.75613,2001.22434,2000.71730,2001.19775,100,20.0
2024.01.01 00:15,2001.08400,2001.34379,2000.95984,2001.21912,100,20.0
2024.01.01 00:30,2001.62310,2002.37561,2001.31951,2001.78728,100,20.0
2024.01.01 00:45,2001.61272,2001.78734,2000.66892,2001.38811,100,20.0
2024.01.01 01:00,2000.64932,2001.87539,2000.50767,2001.21881,100,20.0
2024.01.01 01:15,2001.15392,2002.11014,2000.92388,2001.93103,100,20.0
2024.01.01 01:30,2003.35723,2003.38696,2002.73651,2003.08948,100,20.0
2024.01.01 01:45,2002.68277,2003.37952,2002.14570,2002.88671,100,20.0
2024.01.01 02:00,2003.96179,2004.13074,2003.47411,2003.99653,100,20.0
2024.01.01 02:15,2004.86750,2005.27395,2004.68294,2005.20223,100,20.0
2024.01.01 02:30,2003.89427,2004.13347,2003.40238,2003.65738,100,20.0
2024.01.01 02:45,2003.83414,2003.93834,2003.74162,2003.91326,100,20.0
2024.01.01 03:00,2004.23335,2005.30176,2004.02823,2005.11772,100,20.0
2024.01.01 03:15,2004.53331,2005.20446,2003.74018,2003.87923,100,20.0
2024.01.01 03:30,2004.24224,2004.67015,2003.94018,2004.39007,100,20.0
2024.01.01 03:45,2004.03392,2004.23625,2003.04627,2003.47312,100,20.0
2024.01.01 04:00,2004.30925,2004.39364,2004.08953,2004.39118,100,20.0
2024.01.01 04:15,2004.55706,2004.89778,2003.87895,2004.14989,100,20.0
2024.01.01 04:30,2004.26175,2004.51373,2004.20185,2004.48868,100,20.0
2024.01.01 04:45,2003.69433,2004.04693,2002.37898,2003.39196,100,20.0
2024.01.01 05:00,2003.08200,2003.59746,2003.06714,2003.48998,100,20.0
2024.01.01 05:15,2003.02667,2003.37872,2002.99313,2003.07864,100,20.0
2024.01.01 05:30,2002.85065,2003.44708,2002.35973,2003.36147,100,20.0
2024.01.01 05:45,2003.84989,2004.25094,2003.16800,2004.10747,100,20.0
2024.01.01 06:00,2004.43406,2004.86280,2004.38037,2004.44146,100,20.0
2024.01.01 06:15,2004.13200,2004.56618,2003.15402,2003.69449,100,20.0
2024.01.01 06:30,2003.70646,2004.01444,2003.62513,2003.64165,100,20.0
2024.01.01 06:45,2003.06209,2003.21017,2002.43629,2002.68180,100,20.0
2024.01.01 07:00,2002.07060,2002.40591,2001.87189,2001.88244,100,20.0
2024.01.01 07:15,2001.30431,2002.08776,2000.56184,2000.66236,100,20.0
2024.01.01 07:30,2001.12280,2001.95235,2000.72296,2001.37835,100,20.0
2024.01.01 07:45,2001.96498,2001.99169,2001.35065,2001.86309,100,20.0
2024.01.01 08:00,2002.64810,2002.97922,2002.16098,2002.24063,100,20.0
2024.01.01 08:15,2002.59036,2002.99845,2001.85703,2002.08375,100,20.0
2024.01.01 08:30,2001.39564,2002.04013,2000.81969,2001.88123,100,20.0
2024.01.01 08:45,2002.06769,2002.71043,2001.99838,2002.15998,100,20.0
2024.01.01 09:00,2001.33703,2002.03937,2001.10335,2001.11606,100,20.0
2024.01.01 09:15,2000.27060,2000.66921,2000.15351,2000.34525,100,20.0
2024.01.01 09:30,1999.71607,2000.56235,1999.59063,1999.65193,100,20.0
2024.01.01 09:45,1997.89130,1998.17195,1996.30685,1996.35903,100,20.0
2024.01.01 10:00,1996.84870,1997.00502,1996.10214,1996.52858,100,20.0
2024.01.01 10:15,1996.48648,1996.81200,1995.81314,1995.86751,100,20.0
2024.01.01 10:30,1995.94518,1996.28398,1995.84508,1996.05563,100,20.0
2024.01.01 10:45,1995.86997,1996.39469,1995.58033,1996.19315,100,20.0
2024.01.01 11:00,1996.53013,1996.80199,1994.57719,1995.43036,100,20.0
2024.01.01 11:15,1995.48784,1995.92588,1995.38238,1995.46067,100,20.0
2024.01.01 11:30,1995.36791,1995.45246,1994.20148,1994.60328,100,20.0
2024.01.01 11:45,1994.88430,1995.37400,1994.50103,1994.70661,100,20.0
2024.01.01 12:00,1994.46690,1994.95112,1994.10756,1994.83524,100,20.0
2024.01.01 12:15,1995.04096,1995.46545,1995.01476,1995.20032,100,20.0
2024.01.01 12:30,1995.31257,1995.70071,1995.27425,1995.32026,100,20.0
2024.01.01 12:45,1994.36407,1994.80029,1994.23845,1994.74121,100,20.0
2024.01.01 13:00,1994.53773,1994.85193,1993.67410,1994.16684,100,20.0
2024.01.01 13:15,1994.45578,1994.80372,1994.14642,1994.64475,100,20.0
2024.01.01 13:30,1996.03310,1996.81811,1995.27851,1995.49187,100,20.0
2024.01.01 13:45,1995.05021,1995.68939,1994.90206,1994.97321,100,20.0
2024.01.01 14:00,1995.86021,1996.02160,1995.41731,1995.62509,100,20.0
2024.01.01 14:15,1994.64362,1995.07113,1994.36301,1994.38958,100,20.0
2024.01.01 14:30,1994.90136,1995.08018,1994.58694,1994.88431,100,20.0
2024.01.01 14:45,1994.77646,1995.32785,1994.73356,1995.22181,100,20.0
2024.01.01 15:00,1995.49549,1995.54173,1994.58056,1994.89106,100,20.0
2024.01.01 15:15,1994.41610,1994.60066,1993.69906,1994.08031,100,20.0
2024.01.01 15:30,1995.91309,1996.16821,1995.90087,1996.13880,100,20.0
2024.01.01 15:45,1996.00482,1996.85264,1995.76447,1996.35605,100,20.0
2024.01.01 16:00,1996.65514,1997.10486,1996.44272,1996.94903,100,20.0
2024.01.01 16:15,1996.23700,1997.59796,1996.09780,1997.05753,100,20.0
2024.01.01 16:30,1997.01745,1997.82793,1996.56317,1997.62172,100,20.0
2024.01.01 16:45,1999.27223,1999.57134,1998.83869,1999.02628,100,20.0
2024.01.01 17:00,1999.27029,1999.31138,1998.75942,1999.11899,100,20.0
2024.01.01 17:15,1999.46001,1999.76689,1998.19954,1998.43576,100,20.0
2024.01.01 17:30,1997.32253,1997.45049,1996.29965,1996.39083,100,20.0
2024.01.01 17:45,1994.99015,1995.01161,1994.53431,1994.79506,100,20.0
2024.01.01 18:00,1993.80888,1994.01946,1993.11501,1993.49313,100,20.0
2024.01.01 18:15,1992.95567,1993.92613,1992.87500,1993.84843,100,20.0
2024.01.01 18:30,1992.87744,1993.09420,1992.51092,1992.74632,100,20.0
2024.01.01 18:45,1992.54920,1993.40873,1991.79331,1992.86632,100,20.0
2024.01.01 19:00,1992.12011,1992.80463,1992.01977,1992.76218,100,20.0
2024.01.01 19:15,1993.83806,1994.49665,1993.42104,1993.70602,100,20.0
2024.01.01 19:30,1993.71874,1993.99968,1993.26676,1993.45616,100,20.0
2024.01.01 19:45,1993.36231,1994.49383,1993.35421,1994.02984,100,20.0
2024.01.01 20:00,1994.20248,1995.37688,1994.15670,1995.01903,100,20.0
2024.01.01 20:15,1994.68662,1995.21736,1994.68219,1994.74192,100,20.0
2024.01.01 20:30,1994.61593,1995.01325,1994.48356,1994.67096,100,20.0
2024.01.01 20:45,1993.30054,1994.04522,1993.29007,1993.85561,100,20.0
2024.01.01 21:00,1993.33681,1993.60904,1992.39346,1993.19743,100,20.0
2024.01.01 21:15,1993.80720,1994.13664,1993.37988,1994.12869,100,20.0
2024.01.01 21:30,1993.81891,1993.92732,1993.04259,1993.55085,100,20.0
2024.01.01 21:45,1992.99683,1993.39714,1992.80271,1992.93756,100,20.0
2024.01.01 22:00,1993.13109,1993.22790,1992.32564,1992.35416,100,20.0
2024.01.01 22:15,1992.21240,1993.23635,1991.55788,1992.90520,100,20.0
2024.01.01 22:30,1993.86936,1994.19211,1993.37004,1993.48831,100,20.0
2024.01.01 22:45,1992.66920,1992.76742,1992.48906,1992.58713,100,20.0
2024.01.01 23:00,1992.76961,1993.29255,1992.72144,1992.86513,100,20.0
2024.01.01 23:15,1992.46326,1993.86779,1992.39123,1993.16438,100,20.0
2024.01.01 23:30,1993.68974,1994.24700,1992.98262,1993.22596,100,20.0
2024.01.01 23:45,1993.24107,1993.42697,1993.22801,1993.31013,100,20.0
2024.01.02 00:00,1993.19375,1993.38956,1992.50953,1992.89029,100,20.0
2024.01.02 00:15,1992.73642,1993.12316,1992.58207,1992.96716,100,20.0
2024.01.02 00:30,1992.80454,1992.89359,1992.29582,1992.87751,100,20.0
2024.01.02 00:45,1992.54942,1992.80158,1991.83665,1992.47713,100,20.0
2024.01.02 01:00,1992.31557,1992.55366,1992.20488,1992.44978,100,20.0
2024.01.02 01:15,1992.36906,1993.23802,1992.11330,1992.70336,100,20.0
2024.01.02 01:30,1992.98514,1993.37420,1992.68388,1992.75894,100,20.0
2024.01.02 01:45,1991.82837,1991.92462,1991.64510,1991.75306,100,20.0
2024.01.02 02:00,1991.33852,1991.79782,1991.29017,1991.64210,100,20.0
2024.01.02 02:15,1991.05230,1991.76098,1990.69827,1990.71191,100,20.0
2024.01.02 02:30,1991.11515,1991.23217,1990.81832,1991.18557,100,20.0
2024.01.02 02:45,1991.52705,1992.34511,1991.18325,1991.90401,100,20.0
2024.01.02 03:00,1992.65323,1993.31786,1992.65220,1993.20711,100,20.0
2024.01.02 03:15,1995.06853,1995.29571,1993.80680,1994.19668,100,20.0
2024.01.02 03:30,1994.11530,1994.82591,1993.63264,1994.21999,100,20.0
2024.01.02 03:45,1994.49164,1994.53018,1993.85803,1994.13461,100,20.0
2024.01.02 04:00,1994.57036,1994.69037,1993.97191,1994.35006,100,20.0
2024.01.02 04:15,1995.12237,1995.23075,1995.01066,1995.20222,100,20.0
2024.01.02 04:30,1995.61375,1996.08936,1995.02358,1995.28823,100,20.0
2024.01.02 04:45,1995.49173,1996.51941,1995.38723,1996.31224,100,20.0
2024.01.02 05:00,1997.16655,1997.24679,1997.05681,1997.10245,100,20.0
2024.01.02 05:15,1997.14753,1997.81170,1996.89310,1997.68951,100,20.0
2024.01.02 05:30,1998.25448,1998.71248,1997.11636,1998.02964,100,20.0
2024.01.02 05:45,1997.15835,1997.85227,1995.78305,1996.15693,100,20.0
2024.01.02 06:00,1995.39126,1995.84407,1994.19516,1994.88909,100,20.0
2024.01.02 06:15,1993.68653,1994.23299,1991.87915,1992.50097,100,20.0
2024.01.02 06:30,1994.15816,1994.58451,1993.91725,1994.52851,100,20.0
2024.01.02 06:45,1994.66346,1995.37785,1994.16193,1994.89302,100,20.0
2024.01.02 07:00,1994.46472,1994.52894,1994.21994,1994.46734,100,20.0
2024.01.02 07:15,1994.42117,1994.47466,1992.91923,1993.22905,100,20.0
2024.01.02 07:30,1992.99706,1993.81388,1992.74994,1993.76122,100,20.0
2024.01.02 07:45,1995.06404,1995.42462,1994.16252,1994.29237,100,20.0
2024.01.02 08:00,1995.41771,1995.75189,1995.07437,1995.70935,100,20.0
2024.01.02 08:15,1996.21215,1997.00120,1996.03525,1996.84245,100,20.0
2024.01.02 08:30,1997.33955,1997.94431,1997.02056,1997.63250,100,20.0
2024.01.02 08:45,1997.70341,1998.01723,1997.39202,1997.87915,100,20.0
2024.01.02 09:00,1998.41049,1998.71545,1998.27711,1998.55755,100,20.0
2024.01.02 09:15,1998.11393,1999.01610,1998.00213,1999.01237,100,20.0
2024.01.02 09:30,1998.90867,1999.24912,1998.02343,1998.60544,100,20.0
2024.01.02 09:45,1998.48075,1998.49474,1998.04661,1998.26590,100,20.0
2024.01.02 10:00,1997.23557,1998.75726,1996.50920,1998.12927,100,20.0
2024.01.02 10:15,1999.34319,1999.44922,1998.54133,1998.78560,100,20.0
2024.01.02 10:30,1998.01251,1999.32357,1997.31794,1999.00224,100,20.0
2024.01.02 10:45,1998.76025,1999.82262,1998.40479,1999.67633,100,20.0
2024.01.02 11:00,1999.37396,2000.11361,1999.13815,1999.94655,100,20.0
2024.01.02 11:15,2001.26963,2001.29742,2000.54933,2000.80578,100,20.0
2024.01.02 11:30,2001.34977,2001.55431,2001.07565,2001.20830,100,20.0
2024.01.02 11:45,2001.92640,2002.35689,2001.74629,2002.13448,100,20.0
2024.01.02 12:00,2002.48166,2002.61643,2002.21801,2002.34036,100,20.0
2024.01.02 12:15,2002.17873,2002.69236,2001.63173,2002.34671,100,20.0
2024.01.02 12:30,2002.52425,2002.81362,2002.34195,2002.59070,100,20.0
2024.01.02 12:45,2002.79327,2003.08896,2002.44408,2002.60106,100,20.0
2024.01.02 13:00,2002.97278,2003.01956,2002.46644,2002.56048,100,20.0
2024.01.02 13:15,2002.10408,2002.74122,2001.77637,2002.06822,100,20.0
2024.01.02 13:30,2001.69544,2002.76313,2001.27167,2001.93868,100,20.0
2024.01.02 13:45,2002.24887,2002.45871,2001.96882,2002.19732,100,20.0
2024.01.02 14:00,2003.66804,2004.07684,2002.82887,2003.17332,100,20.0
2024.01.02 14:15,2003.45756,2004.91665,2003.36469,2004.33396,100,20.0
2024.01.02 14:30,2003.46860,2003.54766,2002.93273,2003.49459,100,20.0
2024.01.02 14:45,2003.17478,2003.55245,2002.77429,2003.47143,100,20.0
2024.01.02 15:00,2004.00562,2004.58436,2003.89533,2004.56758,100,20.0
2024.01.02 15:15,2005.14686,2005.16043,2004.67265,2005.04299,100,20.0
2024.01.02 15:30,2005.30713,2006.07195,2005.28415,2005.84396,100,20.0
2024.01.02 15:45,2006.29180,2006.72282,2006.10276,2006.49285,100,20.0
2024.01.02 16:00,2005.51073,2005.93241,2004.96477,2005.87765,100,20.0
2024.01.02 16:15,2006.04465,2006.75243,2005.70952,2006.68897,100,20.0
2024.01.02 16:30,2005.61891,2006.52495,2005.22838,2005.87626,100,20.0
2024.01.02 16:45,2007.54387,2008.80214,2006.89957,2008.23636,100,20.0
2024.01.02 17:00,2008.18918,2008.44943,2008.02163,2008.18052,100,20.0
2024.01.02 17:15,2009.11996,2009.46089,2008.78484,2009.35714,100,20.0
2024.01.02 17:30,2010.40058,2011.18970,2010.30021,2010.84614,100,20.0
2024.01.02 17:45,2011.03256,2011.06176,2010.49841,2010.85510,100,20.0
2024.01.02 18:00,2010.78465,2011.11191,2009.20579,2009.62878,100,20.0
2024.01.02 18:15,2008.87367,2009.10507,2008.58412,2008.62382,100,20.0
2024.01.02 18:30,2009.54222,2010.24405,2008.32032,2008.91363,100,20.0
2024.01.02 18:45,2009.72768,2010.03055,2008.91625,2009.32426,100,20.0
2024.01.02 19:00,2009.42090,2010.61241,2008.82281,2009.95345,100,20.0
2024.01.02 19:15,2009.24296,2009.44526,2008.42029,2008.83528,100,20.0
2024.01.02 19:30,2009.91995,2010.21070,2009.14359,2009.56213,100,20.0
2024.01.02 19:45,2009.78569,2009.81217,2008.58044,2008.79837,100,20.0
2024.01.02 20:00,2008.66227,2008.95455,2008.36736,2008.91887,100,20.0
2024.01.02 20:15,2010.64379,2011.29352,2010.22097,2011.15936,100,20.0
2024.01.02 20:30,2011.25039,2011.32062,2011.19300,2011.20360,100,20.0
2024.01.02 20:45,2011.43096,2011.90754,2011.26971,2011.57766,100,20.0
2024.01.02 21:00,2011.94975,2012.37307,2011.72251,2012.33332,100,20.0
2024.01.02 21:15,2014.10339,2014.85659,2013.86326,2014.18374,100,20.0
2024.01.02 21:30,2013.75441,2014.38558,2013.27643,2013.42667,100,20.0
2024.01.02 21:45,2013.45201,2013.71673,2013.05647,2013.33979,100,20.0
2024.01.02 22:00,2013.87414,2014.43222,2013.58247,2013.67805,100,20.0
2024.01.02 22:15,2013.99346,2014.62090,2013.85991,2014.45446,100,20.0
2024.01.02 22:30,2014.05513,2014.59915,2013.29479,2013.55377,100,20.0
2024.01.02 22:45,2013.73916,2014.07872,2012.84399,2014.02777,100,20.0
2024.01.02 23:00,2014.27330,2014.73947,2013.48004,2013.68726,100,20.0
2024.01.02 23:15,2013.31957,2013.44043,2012.90895,2013.09684,100,20.0
2024.01.02 23:30,2012.82741,2012.85847,2012.09810,2012.50066,100,20.0
2024.01.02 23:45,2012.34630,2013.09565,2011.82123,2013.03387,100,20.0
2024.01.03 00:00,2014.01274,2014.54843,2013.46698,2014.02404,100,20.0
2024.01.03 00:15,2013.96574,2014.21388,2013.41356,2013.75037,100,20.0
2024.01.03 00:30,2013.61275,2013.80246,2013.55162,2013.57407,100,20.0
2024.01.03 00:45,2013.63050,2013.94456,2013.37456,2013.72492,100,20.0
2024.01.03 01:00,2014.68950,2014.92133,2014.37992,2014.46186,100,20.0
2024.01.03 01:15,2013.79148,2013.80144,2013.42609,2013.57187,100,20.0
2024.01.03 01:30,2013.31443,2013.59825,2012.87448,2013.19604,100,20.0
2024.01.03 01:45,2013.53713,2013.71513,2013.29415,2013.63704,100,20.0
2024.01.03 02:00,2013.17846,2013.30926,2011.93872,2012.43450,100,20.0
2024.01.03 02:15,2012.92332,2013.94564,2012.79062,2013.44808,100,20.0
2024.01.03 02:30,2012.89898,2013.39406,2012.68219,2012.77751,100,20.0
2024.01.03 02:45,2013.73173,2014.22890,2013.05170,2013.18920,100,20.0
2024.01.03 03:00,2014.08366,2014.30470,2013.47447,2013.85924,100,20.0
2024.01.03 03:15,2014.09436,2014.41585,2012.65239,2013.50121,100,20.0
2024.01.03 03:30,2014.16771,2014.47384,2013.65274,2013.95088,100,20.0
2024.01.03 03:45,2013.75722,2014.30940,2012.79378,2012.95023,100,20.0
2024.01.03 04:00,2012.66794,2013.27078,2012.49575,2013.23402,100,20.0
2024.01.03 04:15,2012.01778,2013.34664,2011.28944,2012.71645,100,20.0
2024.01.03 04:30,2013.05007,2013.15920,2012.31782,2012.40861,100,20.0
2024.01.03 04:45,2012.21269,2012.30247,2011.73446,2012.00490,100,20.0
2024.01.03 05:00,2012.31817,2013.70559,2012.00362,2012.57340,100,20.0
2024.01.03 05:15,2012.67231,2012.67700,2011.62526,2012.04841,100,20.0
2024.01.03 05:30,2012.19633,2013.02505,2012.04543,2012.50552,100,20.0
2024.01.03 05:45,2012.52921,2012.73095,2011.85127,2012.12223,100,20.0
2024.01.03 06:00,2011.29724,2011.58827,2010.55755,2010.87499,100,20.0
2024.01.03 06:15,2010.70781,2010.81217,2009.87960,2010.00357,100,20.0
2024.01.03 06:30,2010.40653,2010.99385,2009.78254,2010.87366,100,20.0
2024.01.03 06:45,2010.83854,2011.84355,2010.76628,2011.30271,100,20.0
2024.01.03 07:00,2011.78767,2012.46603,2011.34574,2012.19398,100,20.0
2024.01.03 07:15,2013.25142,2013.50776,2012.95085,2013.35146,100,20.0
2024.01.03 07:30,2013.74052,2013.94761,2013.73172,2013.91612,100,20.0
2024.01.03 07:45,2013.79361,2013.80565,2013.35248,2013.52593,100,20.0
2024.01.03 08:00,2013.37075,2013.73502,2012.89830,2013.22663,100,20.0
2024.01.03 08:15,2013.50255,2013.55053,2013.13039,2013.27636,100,20.0
2024.01.03 08:30,2013.05174,2013.09911,2012.75526,2012.97430,100,20.0
2024.01.03 08:45,2012.97527,2013.10647,2012.68066,2012.99223,100,20.0
2024.01.03 09:00,2012.38870,2012.43959,2012.24688,2012.35970,100,20.0
2024.01.03 09:15,2011.64830,2011.90390,2010.62512,2011.34748,100,20.0
2024.01.03 09:30,2012.18845,2012.35899,2011.46112,2011.83077,100,20.0
2024.01.03 09:45,2011.58742,2011.94574,2010.23936,2010.78891,100,20.0
2024.01.03 10:00,2011.11436,2011.16205,2010.79071,2010.94794,100,20.0
2024.01.03 10:15,2011.94603,2012.75291,2011.66337,2012.20183,100,20.0
2024.01.03 10:30,2012.53508,2012.61551,2011.15988,2011.77324,100,20.0
2024.01.03 10:45,2011.45551,2011.66073,2011.06164,2011.50684,100,20.0
2024.01.03 11:00,2011.97083,2012.08667,2011.36062,2011.72207,100,20.0
2024.01.03 11:15,2010.56807,2010.98081,2009.75336,2010.18889,100,20.0
2024.01.03 11:30,2010.45257,2011.34596,2010.41632,2010.92654,100,20.0
2024.01.03 11:45,2011.34691,2011.36298,2009.97853,2010.41391,100,20.0
2024.01.03 12:00,2010.76232,2010.96575,2010.47468,2010.93766,100,20.0
2024.01.03 12:15,2011.42590,2011.54996,2011.05643,2011.15130,100,20.0
2024.01.03 12:30,2010.91542,2010.92888,2010.39690,2010.59284,100,20.0
2024.01.03 12:45,2011.12961,2011.22418,2010.20949,2010.40190,100,20.0
2024.01.03 13:00,2010.65557,2010.74294,2010.03013,2010.10033,100,20.0
2024.01.03 13:15,2010.29962,2010.42867,2009.97471,2009.98722,100,20.0
2024.01.03 13:30,2009.27635,2010.06018,2009.26432,2009.76502,100,20.0
2024.01.03 13:45,2009.43283,2009.85926,2008.60587,2008.65174,100,20.0
2024.01.03 14:00,2009.18371,2010.21342,2008.68598,2009.81108,100,20.0
2024.01.03 14:15,2010.01188,2010.70729,2009.93054,2010.47894,100,20.0
2024.01.03 14:30,2010.72531,2010.85373,2010.58892,2010.80030,100,20.0
2024.01.03 14:45,2010.93280,2010.99706,2010.17608,2010.89139,100,20.0
2024.01.03 15:00,2010.19057,2010.24731,2009.56534,2009.87413,100,20.0
2024.01.03 15:15,2008.38067,2008.58169,2008.24002,2008.47152,100,20.0
2024.01.03 15:30,2008.09766,2009.15167,2007.92204,2008.17938,100,20.0
2024.01.03 15:45,2008.47147,2008.72033,2008.26696,2008.34554,100,20.0
2024.01.03 16:00,2009.01317,2009.36818,2008.12674,2008.20788,100,20.0
2024.01.03 16:15,2008.48702,2008.68556,2007.78309,2008.00690,100,20.0
2024.01.03 16:30,2007.26021,2007.30037,2006.88065,2007.04786,100,20.0
2024.01.03 16:45,2006.79976,2007.70269,2006.46051,2007.63837,100,20.0
2024.01.03 17:00,2008.49332,2008.54548,2007.92844,2008.39475,100,20.0
2024.01.03 17:15,2008.38946,2008.50672,2008.01418,2008.43703,100,20.0
2024.01.03 17:30,2008.59379,2008.91511,2008.30942,2008.36827,100,20.0
2024.01.03 17:45,2008.43611,2008.63205,2008.21721,2008.31038,100,20.0
2024.01.03 18:00,2008.32326,2008.57102,2008.08566,2008.25504,100,20.0
2024.01.03 18:15,2008.24462,2008.37393,2008.19312,2008.34727,100,20.0
2024.01.03 18:30,2008.41222,2008.82755,2007.40385,2007.91584,100,20.0
2024.01.03 18:45,2007.59404,2008.68608,2007.52605,2008.35586,100,20.0
2024.01.03 19:00,2007.55646,2008.02852,2007.35509,2008.00753,100,20.0
2024.01.03 19:15,2007.00657,2007.35284,2006.16243,2006.71563,100,20.0
2024.01.03 19:30,2006.21638,2006.81549,2006.13805,2006.74727,100,20.0
2024.01.03 19:45,2007.15656,2007.59085,2006.60095,2007.42316,100,20.0
2024.01.03 20:00,2007.02901,2007.08508,2006.64168,2006.81527,100,20.0
2024.01.03 20:15,2007.54633,2008.19598,2007.52489,2008.04615,100,20.0
2024.01.03 20:30,2008.96490,2009.30588,2008.17286,2008.21528,100,20.0
2024.01.03 20:45,2007.98080,2008.81086,2007.48827,2008.79029,100,20.0
2024.01.03 21:00,2009.47055,2009.66740,2008.94943,2009.33778,100,20.0
2024.01.03 21:15,2008.66728,2008.78580,2008.04063,2008.75152,100,20.0
2024.01.03 21:30,2009.39810,2009.44384,2008.88091,2008.89632,100,20.0
2024.01.03 21:45,2009.21741,2009.92130,2008.60961,2009.40939,100,20.0
2024.01.03 22:00,2009.27915,2009.92826,2008.92085,2008.95445,100,20.0
2024.01.03 22:15,2008.76623,2009.03919,2008.43166,2008.50483,100,20.0
2024.01.03 22:30,2008.36997,2009.20128,2007.85876,2008.94844,100,20.0
2024.01.03 22:45,2009.05860,2009.73077,2008.81071,2009.60920,100,20.0
2024.01.03 23:00,2009.65338,2010.07510,2008.90383,2009.75991,100,20.0
2024.01.03 23:15,2010.16661,2010.36086,2008.92897,2008.96277,100,20.0
2024.01.03 23:30,2009.10979,2010.31877,2008.41726,2010.20921,100,20.0
2024.01.03 23:45,2009.96390,2010.19475,2009.78759,2010.13990,100,20.0
2024.01.04 00:00,2010.38807,2010.56708,2010.08833,2010.39754,100,20.0
2024.01.04 00:15,2010.26318,2010.27544,2009.93608,2010.06775,100,20.0
2024.01.04 00:30,2009.91800,2011.03374,2009.90843,2010.93337,100,20.0
2024.01.04 00:45,2009.44784,2010.67696,2009.07184,2010.19429,100,20.0
2024.01.04 01:00,2011.40504,2012.39761,2010.94601,2011.59433,100,20.0
2024.01.04 01:15,2012.49013,2012.97010,2012.32446,2012.76251,100,20.0
2024.01.04 01:30,2012.84948,2013.48863,2012.56828,2012.85608,100,20.0
2024.01.04 01:45,2012.60962,2013.15454,2012.39110,2012.68604,100,20.0
2024.01.04 02:00,2013.00015,2013.36317,2011.94020,2011.99153,100,20.0
2024.01.04 02:15,2012.61588,2013.26870,2012.05495,2012.51812,100,20.0
2024.01.04 02:30,2011.87045,2012.26839,2011.53187,2012.20926,100,20.0
2024.01.04 02:45,2011.62712,2011.99521,2011.33409,2011.99058,100,20.0
2024.01.04 03:00,2011.22511,2011.75997,2010.79128,2011.55636,100,20.0
2024.01.04 03:15,2012.37727,2012.96223,2011.69265,2012.05979,100,20.0
2024.01.04 03:30,2012.06480,2013.32981,2012.05689,2012.86565,100,20.0
2024.01.04 03:45,2012.62864,2013.79569,2012.49787,2013.46163,100,20.0
2024.01.04 04:00,2013.46040,2013.55940,2012.22525,2012.55532,100,20.0
2024.01.04 04:15,2012.06543,2012.26854,2010.91639,2011.07423,100,20.0
2024.01.04 04:30,2011.88908,2011.95501,2011.38338,2011.40284,100,20.0
2024.01.04 04:45,2012.39236,2012.55289,2011.79234,2012.20317,100,20.0
2024.01.04 05:00,2011.50798,2012.01817,2010.77232,2010.88310,100,20.0
2024.01.04 05:15,2010.51975,2010.52244,2009.69256,2009.79618,100,20.0
2024.01.04 05:30,2010.60999,2010.61747,2010.40635,2010.60434,100,20.0
2024.01.04 05:45,2011.72004,2011.92370,2011.02708,2011.09604,100,20.0
2024.01.04 06:00,2011.40302,2011.41129,2010.68741,2010.81645,100,20.0
2024.01.04 06:15,2010.73835,2010.86415,2009.68379,2010.28003,100,20.0
2024.01.04 06:30,2010.12403,2010.82203,2009.83246,2010.03836,100,20.0
2024.01.04 06:45,2009.25161,2009.40383,2008.60522,2008.85377,100,20.0
2024.01.04 07:00,2008.89677,2009.02990,2007.96079,2008.05765,100,20.0
2024.01.04 07:15,2007.93199,2008.82811,2007.81350,2008.47788,100,20.0
2024.01.04 07:30,2007.52673,2007.68811,2006.57926,2007.08855,100,20.0
2024.01.04 07:45,2007.28660,2008.84949,2007.27872,2008.33656,100,20.0
2024.01.04 08:00,2009.63593,2009.84040,2009.31653,2009.48294,100,20.0
2024.01.04 08:15,2009.46237,2009.46619,2008.61919,2008.81474,100,20.0
2024.01.04 08:30,2008.93460,2009.03889,2008.40451,2008.52101,100,20.0
2024.01.04 08:45,2007.51852,2008.17243,2007.28273,2007.94947,100,20.0
2024.01.04 09:00,2008.73143,2008.78853,2008.49520,2008.63837,100,20.0
2024.01.04 09:15,2008.52506,2009.26301,2008.32093,2009.06311,100,20.0
2024.01.04 09:30,2008.50350,2008.81834,2008.25073,2008.75539,100,20.0
2024.01.04 09:45,2008.70226,2008.75988,2007.68736,2008.27048,100,20.0
2024.01.04 10:00,2008.58969,2009.42529,2008.07361,2008.76276,100,20.0
2024.01.04 10:15,2008.52130,2009.15438,2008.49151,2008.93207,100,20.0
2024.01.04 10:30,2009.86899,2010.01626,2008.54122,2009.66673,100,20.0
2024.01.04 10:45,2008.90590,2009.47173,2008.29428,2008.60059,100,20.0
2024.01.04 11:00,2009.21588,2009.78737,2008.96321,2009.57522,100,20.0
2024.01.04 11:15,2008.92665,2009.23226,2008.30252,2008.70318,100,20.0
2024.01.04 11:30,2009.17796,2010.73857,2009.07265,2010.12200,100,20.0
2024.01.04 11:45,2011.11632,2011.46265,2010.80766,2011.41115,100,20.0
2024.01.04 12:00,2011.57576,2011.97948,2011.22713,2011.86085,100,20.0
2024.01.04 12:15,2010.59963,2010.61169,2010.09218,2010.24299,100,20.0
2024.01.04 12:30,2011.33990,2011.54891,2010.79420,2011.01491,100,20.0
2024.01.04 12:45,2011.61073,2012.28814,2011.37957,2012.20583,100,20.0
2024.01.04 13:00,2012.19234,2012.44486,2011.68533,2012.03292,100,20.0
2024.01.04 13:15,2012.34858,2013.45625,2011.99299,2012.98256,100,20.0
2024.01.04 13:30,2012.76658,2012.88536,2012.12133,2012.26491,100,20.0
2024.01.04 13:45,2012.06538,2012.16981,2011.19025,2011.96697,100,20.0
2024.01.04 14:00,2012.03298,2013.55085,2011.69429,2012.77118,100,20.0
2024.01.04 14:15,2011.82637,2012.62635,2011.77066,2012.42717,100,20.0
2024.01.04 14:30,2012.47520,2012.59545,2010.68111,2010.92204,100,20.0
2024.01.04 14:45,2010.99659,2011.34038,2010.92561,2011.25260,100,20.0
2024.01.04 15:00,2010.97050,2012.12330,2010.79771,2011.19343,100,20.0
2024.01.04 15:15,2011.05082,2011.29791,2010.72536,2010.98082,100,20.0
2024.01.04 15:30,2011.27320,2011.49841,2011.05329,2011.38777,100,20.0
2024.01.04 15:45,2011.48139,2012.61979,2011.39493,2012.48226,100,20.0
2024.01.04 16:00,2012.70620,2013.02137,2012.47481,2012.60471,100,20.0
2024.01.04 16:15,2013.81256,2014.36954,2013.61894,2013.97376,100,20.0
2024.01.04 16:30,2015.12777,2015.25599,2014.57052,2015.05652,100,20.0
2024.01.04 16:45,2015.04300,2015.69351,2014.48115,2015.37784,100,20.0
2024.01.04 17:00,2015.96636,2016.47629,2015.94038,2016.18153,100,20.0
2024.01.04 17:15,2016.53641,2016.56078,2016.18003,2016.52840,100,20.0
2024.01.04 17:30,2017.41777,2017.70813,2016.93864,2017.06377,100,20.0
2024.01.04 17:45,2017.07135,2017.45643,2016.82105,2016.87911,100,20.0
2024.01.04 18:00,2017.40831,2017.63423,2016.49783,2016.92845,100,20.0
2024.01.04 18:15,2017.30381,2017.38464,2016.51711,2017.22459,100,20.0
2024.01.04 18:30,2017.61241,2018.18226,2017.12010,2017.19637,100,20.0
2024.01.04 18:45,2015.78946,2016.07330,2015.14990,2015.35933,100,20.0
2024.01.04 19:00,2015.84675,2017.38178,2015.77211,2016.75741,100,20.0
2024.01.04 19:15,2016.04222,2017.25152,2015.44178,2016.76484,100,20.0
2024.01.04 19:30,2016.40488,2016.80444,2016.00682,2016.78455,100,20.0
2024.01.04 19:45,2018.21660,2018.58572,2016.96946,2017.46479,100,20.0
2024.01.04 20:00,2018.84656,2019.57032,2018.67145,2019.21835,100,20.0
2024.01.04 20:15,2021.23457,2021.37800,2020.02273,2020.42842,100,20.0
2024.01.04 20:30,2019.65810,2019.78534,2019.05054,2019.30755,100,20.0
2024.01.04 20:45,2019.90017,2020.10172,2018.99301,2019.52256,100,20.0
2024.01.04 21:00,2020.55034,2021.17128,2019.61704,2020.11798,100,20.0
2024.01.04 21:15,2021.23142,2021.33666,2020.98602,2021.16195,100,20.0
2024.01.04 21:30,2020.93484,2021.03603,2020.25891,2020.68043,100,20.0
2024.01.04 21:45,2020.69288,2021.21985,2020.10405,2020.92232,100,20.0
2024.01.04 22:00,2020.53642,2020.70546,2019.91608,2020.33940,100,20.0
2024.01.04 22:15,2020.51699,2020.58325,2020.37289,2020.46242,100,20.0
2024.01.04 22:30,2021.40846,2021.69669,2020.49401,2021.01618,100,20.0
2024.01.04 22:45,2020.59161,2021.15002,2019.88170,2020.48492,100,20.0
2024.01.04 23:00,2020.93043,2021.55203,2020.81833,2021.27188,100,20.0
2024.01.04 23:15,2020.77622,2020.92422,2020.30897,2020.71529,100,20.0
2024.01.04 23:30,2020.49710,2020.83854,2019.81460,2019.99605,100,20.0
2024.01.04 23:45,2020.27643,2020.56748,2019.77651,2019.80026,100,20.0
2024.01.05 00:00,2020.02789,2020.22290,2019.54079,2020.12271,100,20.0
2024.01.05 00:15,2019.21566,2020.40212,2018.69959,2020.03901,100,20.0
2024.01.05 00:30,2020.67041,2020.70115,2020.43988,2020.64180,100,20.0
2024.01.05 00:45,2021.18734,2021.37867,2020.96768,2021.10994,100,20.0
2024.01.05 01:00,2020.54706,2020.88413,2019.84637,2020.70242,100,20.0
2024.01.05 01:15,2021.09645,2021.65092,2020.75498,2021.34203,100,20.0
2024.01.05 01:30,2021.57341,2021.70348,2021.16137,2021.58761,100,20.0
2024.01.05 01:45,2021.40129,2021.92666,2021.27825,2021.90497,100,20.0
2024.01.05 02:00,2021.99919,2022.09127,2020.79426,2020.99789,100,20.0
2024.01.05 02:15,2021.29261,2021.68142,2020.36071,2020.83154,100,20.0
2024.01.05 02:30,2021.14416,2021.43572,2020.61066,2020.99121,100,20.0
2024.01.05 02:45,2022.27669,2022.48132,2022.10021,2022.16772,100,20.0
2024.01.05 03:00,2021.39697,2021.57630,2021.13597,2021.41271,100,20.0
2024.01.05 03:15,2021.96234,2022.08681,2021.54145,2021.55203,100,20.0
2024.01.05 03:30,2021.37211,2021.97558,2019.94340,2020.34250,100,20.0
2024.01.05 03:45,2020.83368,2021.16647,2020.29867,2020.56483,100,20.0
2024.01.05 04:00,2020.52347,2021.31646,2020.11734,2020.99678,100,20.0
2024.01.05 04:15,2020.06761,2020.13148,2019.16994,2019.30322,100,20.0
2024.01.05 04:30,2018.88075,2019.30612,2017.24481,2017.87650,100,20.0
2024.01.05 04:45,2018.18947,2019.13634,2018.07944,2018.90290,100,20.0
2024.01.05 05:00,2018.50447,2019.02737,2018.08442,2018.50460,100,20.0
2024.01.05 05:15,2018.53653,2019.05765,2018.36053,2018.87949,100,20.0
2024.01.05 05:30,2018.95226,2019.36921,2018.89832,2019.03002,100,20.0
2024.01.05 05:45,2018.69271,2018.80553,2017.70644,2017.85356,100,20.0
2024.01.05 06:00,2016.73652,2016.73950,2016.31788,2016.49209,100,20.0
2024.01.05 06:15,2016.09300,2017.65013,2015.95034,2017.00686,100,20.0
2024.01.05 06:30,2017.08192,2017.18507,2016.67759,2016.68352,100,20.0
2024.01.05 06:45,2016.82382,2017.12521,2016.20585,2016.74551,100,20.0
2024.01.05 07:00,2018.13143,2018.29437,2018.00676,2018.07096,100,20.0
2024.01.05 07:15,2018.34541,2019.21014,2018.28662,2018.90862,100,20.0
2024.01.05 07:30,2019.23433,2019.56426,2018.40599,2018.86563,100,20.0
2024.01.05 07:45,2019.84787,2019.87381,2018.42307,2019.66450,100,20.0
2024.01.05 08:00,2020.16534,2021.01279,2019.77724,2020.19959,100,20.0
2024.01.05 08:15,2021.56288,2022.27204,2021.48869,2022.24951,100,20.0
2024.01.05 08:30,2022.19249,2022.87169,2022.15111,2022.47450,100,20.0
2024.01.05 08:45,2022.90759,2023.81193,2022.57069,2023.46715,100,20.0
2024.01.05 09:00,2023.64667,2023.99796,2023.42387,2023.75568,100,20.0
2024.01.05 09:15,2024.31266,2024.45700,2023.76488,2023.96184,100,20.0
2024.01.05 09:30,2024.17706,2024.90957,2023.96593,2024.29189,100,20.0
2024.01.05 09:45,2024.29126,2024.84488,2023.49070,2023.95207,100,20.0
2024.01.05 10:00,2023.66594,2024.95131,2023.61141,2024.76546,100,20.0
2024.01.05 10:15,2023.99790,2024.31905,2023.35224,2023.93547,100,20.0
2024.01.05 10:30,2023.84185,2024.56394,2022.98493,2024.47842,100,20.0
2024.01.05 10:45,2025.14299,2025.92317,2025.04753,2025.78076,100,20.0
2024.01.05 11:00,2025.45851,2026.74633,2025.37515,2026.21313,100,20.0
2024.01.05 11:15,2026.92703,2027.25555,2026.32881,2027.25542,100,20.0
2024.01.05 11:30,2027.69722,2028.15437,2027.12253,2028.13366,100,20.0
2024.01.05 11:45,2028.20519,2028.84846,2027.66633,2028.26144,100,20.0
2024.01.05 12:00,2028.35282,2028.70767,2027.43068,2027.78539,100,20.0
2024.01.05 12:15,2028.98557,2029.25250,2028.75179,2028.89228,100,20.0
2024.01.05 12:30,2029.42608,2029.55294,2028.74113,2029.27947,100,20.0
2024.01.05 12:45,2030.18264,2031.03266,2030.10230,2030.61173,100,20.0
2024.01.05 13:00,2030.85670,2031.28193,2030.15588,2030.69260,100,20.0
2024.01.05 13:15,2031.10080,2031.16329,2029.80490,2030.64594,100,20.0
2024.01.05 13:30,2030.25069,2030.39857,2029.40063,2029.95612,100,20.0
2024.01.05 13:45,2029.45587,2029.89380,2029.27879,2029.61307,100,20.0
2024.01.05 14:00,2028.36017,2028.65466,2027.51738,2027.59846,100,20.0
2024.01.05 14:15,2027.61432,2028.69312,2027.28988,2028.23538,100,20.0
2024.01.05 14:30,2028.17242,2028.68866,2027.80765,2028.62037,100,20.0
2024.01.05 14:45,2027.81290,2028.92956,2027.08993,2028.58543,100,20.0
2024.01.05 15:00,2028.17144,2029.14494,2027.90057,2028.52806,100,20.0
2024.01.05 15:15,2028.67719,2028.77717,2027.79255,2028.19687,100,20.0
2024.01.05 15:30,2028.61910,2029.71774,2028.49442,2029.17035,100,20.0
2024.01.05 15:45,2029.82904,2030.43292,2029.45372,2029.64852,100,20.0
2024.01.05 16:00,2029.08853,2029.72911,2029.02354,2029.70884,100,20.0
2024.01.05 16:15,2029.89164,2030.35133,2028.49970,2028.74016,100,20.0
2024.01.05 16:30,2028.59287,2029.00975,2028.55668,2028.72431,100,20.0
2024.01.05 16:45,2028.77029,2028.81269,2028.32783,2028.77943,100,20.0
2024.01.05 17:00,2029.79627,2030.49385,2029.55843,2030.46259,100,20.0
2024.01.05 17:15,2030.08611,2030.13572,2029.50847,2029.77421,100,20.0
2024.01.05 17:30,2029.97201,2030.31768,2029.11839,2029.42779,100,20.0
2024.01.05 17:45,2029.24480,2030.09072,2029.18821,2029.68520,100,20.0
2024.01.05 18:00,2029.96853,2030.87069,2029.72639,2030.52214,100,20.0
2024.01.05 18:15,2029.63692,2030.56369,2029.57314,2030.26626,100,20.0
2024.01.05 18:30,2029.38446,2030.18481,2028.94986,2029.83644,100,20.0
2024.01.05 18:45,2029.75034,2030.73700,2029.27985,2030.42997,100,20.0
2024.01.05 19:00,2030.17660,2030.21865,2029.22863,2029.73323,100,20.0
2024.01.05 19:15,2030.21582,2031.05119,2030.01950,2030.76906,100,20.0
2024.01.05 19:30,2031.51164,2032.30472,2031.39492,2031.81272,100,20.0
2024.01.05 19:45,2032.68081,2032.72329,2031.72143,2032.15808,100,20.0
2024.01.05 20:00,2032.39282,2032.66870,2032.24104,2032.33413,100,20.0
2024.01.05 20:15,2033.10503,2033.22814,2032.59359,2032.82344,100,20.0
2024.01.05 20:30,2032.87616,2033.18506,2032.47097,2033.13204,100,20.0
2024.01.05 20:45,2032.36036,2032.62379,2032.09823,2032.47289,100,20.0
2024.01.05 21:00,2033.08781,2033.32231,2032.43470,2032.46768,100,20.0
2024.01.05 21:15,2032.52022,2033.36717,2032.51441,2033.23273,100,20.0
2024.01.05 21:30,2032.93197,2033.32956,2031.75256,2032.14287,100,20.0
2024.01.05 21:45,2032.66505,2033.44937,2032.20207,2033.24398,100,20.0
2024.01.05 22:00,2033.60252,2034.05734,2032.92179,2033.05139,100,20.0
2024.01.05 22:15,2033.05039,2033.69791,2032.81537,2033.44774,100,20.0
2024.01.05 22:30,2033.46712,2034.53442,2033.43143,2034.09179,100,20.0
2024.01.05 22:45,2034.22949,2034.72340,2034.04645,2034.24953,100,20.0
2024.01.05 23:00,2034.72339,2035.72203,2033.69976,2035.62564,100,20.0
2024.01.05 23:15,2035.97726,2037.32393,2035.36522,2036.73375,100,20.0
2024.01.05 23:30,2036.02954,2037.26882,2035.96663,2036.90915,100,20.0
2024.01.05 23:45,2036.60904,2036.76423,2036.15467,2036.35658,100,20.0
2024.01.06 00:00,2036.61235,2037.25993,2036.11263,2036.64559,100,20.0
2024.01.06 00:15,2037.55322,2038.16902,2037.38347,2037.85127,100,20.0
2024.01.06 00:30,2038.01853,2039.92103,2037.50260,2039.21115,100,20.0
2024.01.06 00:45,2038.70146,2039.70633,2038.27354,2039.27098,100,20.0
2024.01.06 01:00,2038.52316,2039.60468,2037.64437,2039.11851,100,20.0
2024.01.06 01:15,2038.87112,2039.90287,2038.25666,2039.50103,100,20.0
2024.01.06 01:30,2038.96471,2039.36982,2038.49005,2038.70549,100,20.0
2024.01.06 01:45,2039.00921,2039.31030,2038.47893,2038.51530,100,20.0
2024.01.06 02:00,2038.61752,2038.92167,2038.48914,2038.55697,100,20.0
2024.01.06 02:15,2038.27400,2039.21158,2038.15773,2038.77745,100,20.0
2024.01.06 02:30,2037.58678,2037.68626,2036.68147,2036.96955,100,20.0
2024.01.06 02:45,2035.78827,2035.95394,2034.71944,2035.66585,100,20.0
2024.01.06 03:00,2035.72753,2035.98629,2035.51922,2035.76763,100,20.0
2024.01.06 03:15,2035.76033,2035.89785,2034.88999,2035.61612,100,20.0
2024.01.06 03:30,2035.30735,2035.83344,2034.64959,2034.94936,100,20.0
2024.01.06 03:45,2034.82552,2034.85125,2034.00503,2034.59456,100,20.0
2024.01.06 04:00,2034.48657,2035.64788,2034.41361,2034.93280,100,20.0
2024.01.06 04:15,2033.87562,2034.70019,2033.60974,2034.07978,100,20.0
2024.01.06 04:30,2033.47485,2034.21451,2032.85346,2033.45997,100,20.0
2024.01.06 04:45,2033.40998,2033.41845,2033.15973,2033.33456,100,20.0
2024.01.06 05:00,2032.93508,2033.10828,2032.37875,2033.10089,100,20.0
2024.01.06 05:15,2034.08212,2034.91744,2033.54873,2034.43526,100,20.0
2024.01.06 05:30,2035.18646,2035.19588,2034.12913,2034.73116,100,20.0
2024.01.06 05:45,2034.75364,2034.95479,2034.59515,2034.66861,100,20.0
2024.01.06 06:00,2035.50062,2036.26275,2034.11509,2034.55320,100,20.0
2024.01.06 06:15,2034.65399,2035.38803,2034.41051,2034.47564,100,20.0
2024.01.06 06:30,2034.89877,2034.92363,2034.56918,2034.66278,100,20.0
2024.01.06 06:45,2033.84848,2033.90136,2033.40657,2033.77340,100,20.0
2024.01.06 07:00,2034.24752,2035.14331,2033.94676,2035.07579,100,20.0
2024.01.06 07:15,2035.34043,2035.70415,2034.43515,2035.57893,100,20.0
2024.01.06 07:30,2036.04589,2036.14983,2035.36764,2035.68105,100,20.0
2024.01.06 07:45,2035.95884,2036.66907,2035.35086,2036.25870,100,20.0
2024.01.06 08:00,2036.70503,2037.08821,2035.38058,2035.87203,100,20.0
2024.01.06 08:15,2035.68079,2035.78599,2035.07115,2035.11100,100,20.0
2024.01.06 08:30,2034.63959,2034.74079,2034.39415,2034.53100,100,20.0
2024.01.06 08:45,2035.32796,2035.90282,2034.34048,2034.49315,100,20.0
2024.01.06 09:00,2034.05835,2034.22411,2033.53266,2033.67391,100,20.0
2024.01.06 09:15,2033.58236,2033.83955,2032.39608,2032.74434,100,20.0
2024.01.06 09:30,2033.88780,2033.89559,2032.90790,2033.53065,100,20.0
2024.01.06 09:45,2033.52227,2033.79430,2033.35829,2033.53744,100,20.0
2024.01.06 10:00,2033.95983,2034.14135,2033.77567,2033.89808,100,20.0
2024.01.06 10:15,2034.14534,2034.63448,2033.28000,2033.57190,100,20.0
2024.01.06 10:30,2033.25658,2033.50981,2033.12736,2033.18340,100,20.0
2024.01.06 10:45,2033.65266,2034.11265,2032.85746,2033.06132,100,20.0
2024.01.06 11:00,2033.47272,2035.16320,2033.24801,2034.12655,100,20.0
2024.01.06 11:15,2033.61825,2034.05124,2032.63414,2033.20094,100,20.0
2024.01.06 11:30,2032.93859,2033.05454,2031.96309,2032.10219,100,20.0
2024.01.06 11:45,2032.52367,2033.33670,2031.91315,2033.04606,100,20.0
2024.01.06 12:00,2033.58511,2034.34654,2033.11695,2034.05020,100,20.0
2024.01.06 12:15,2033.98664,2034.32702,2033.62156,2034.13113,100,20.0
2024.01.06 12:30,2034.61352,2034.70478,2034.40334,2034.46852,100,20.0
2024.01.06 12:45,2035.23418,2035.87420,2034.97531,2035.79956,100,20.0
2024.01.06 13:00,2034.80988,2034.81911,2034.56816,2034.78623,100,20.0
2024.01.06 13:15,2035.04435,2035.08996,2034.69264,2034.75419,100,20.0
2024.01.06 13:30,2035.51470,2036.02870,2035.09283,2035.12380,100,20.0
2024.01.06 13:45,2035.09381,2035.51615,2034.82197,2035.02244,100,20.0
2024.01.06 14:00,2035.12928,2035.35175,2034.50944,2035.08050,100,20.0
2024.01.06 14:15,2035.04940,2035.08674,2033.80280,2034.19408,100,20.0
2024.01.06 14:30,2033.89985,2035.49455,2033.56825,2034.97117,100,20.0
2024.01.06 14:45,2035.31729,2035.68937,2035.04793,2035.33815,100,20.0
2024.01.06 15:00,2034.78622,2034.95494,2033.89613,2034.03589,100,20.0
2024.01.06 15:15,2033.86430,2034.51358,2033.73804,2034.36707,100,20.0
2024.01.06 15:30,2033.55557,2033.62115,2033.00403,2033.43124,100,20.0
2024.01.06 15:45,2033.34484,2033.82818,2033.18639,2033.71149,100,20.0
2024.01.06 16:00,2034.29483,2035.05018,2033.89490,2034.18442,100,20.0
2024.01.06 16:15,2033.38654,2033.79534,2033.12498,2033.55996,100,20.0
2024.01.06 16:30,2033.69407,2034.16242,2033.37057,2033.99834,100,20.0
2024.01.06 16:45,2033.76250,2034.71245,2033.55703,2034.42928,100,20.0
2024.01.06 17:00,2034.84093,2035.66279,2034.72667,2035.03327,100,20.0
2024.01.06 17:15,2034.28232,2034.45473,2033.46139,2033.80791,100,20.0
2024.01.06 17:30,2033.66262,2033.91306,2033.56170,2033.74082,100,20.0
2024.01.06 17:45,2034.13344,2035.13218,2033.95611,2034.85553,100,20.0
2024.01.06 18:00,2034.29355,2034.42668,2033.85543,2034.26655,100,20.0
2024.01.06 18:15,2033.94153,2035.22941,2033.89608,2034.42871,100,20.0
2024.01.06 18:30,2034.33631,2035.97102,2034.29503,2035.60049,100,20.0
2024.01.06 18:45,2035.09250,2035.12555,2034.13327,2034.41156,100,20.0
2024.01.06 19:00,2034.71364,2035.87560,2034.41300,2035.58354,100,20.0
2024.01.06 19:15,2034.65643,2034.94577,2034.43655,2034.68739,100,20.0
2024.01.06 19:30,2035.01872,2035.35719,2034.19794,2034.20986,100,20.0
2024.01.06 19:45,2033.78228,2034.91259,2033.51118,2034.60001,100,20.0
2024.01.06 20:00,2035.95315,2036.38250,2035.20624,2035.26511,100,20.0
2024.01.06 20:15,2036.06119,2036.76929,2035.27924,2036.30638,100,20.0
2024.01.06 20:30,2037.04196,2037.09705,2036.50092,2036.69356,100,20.0
2024.01.06 20:45,2036.33492,2036.56736,2035.57071,2036.45463,100,20.0
2024.01.06 21:00,2037.22904,2037.70326,2036.98681,2037.19205,100,20.0
2024.01.06 21:15,2037.46197,2037.64226,2036.79545,2037.17625,100,20.0
2024.01.06 21:30,2036.62406,2036.98019,2035.92778,2035.99531,100,20.0
2024.01.06 21:45,2036.22075,2036.72098,2035.40488,2036.38396,100,20.0
2024.01.06 22:00,2036.78775,2036.92958,2036.00386,2036.33399,100,20.0
2024.01.06 22:15,2036.41236,2037.16533,2035.61358,2035.77820,100,20.0
2024.01.06 22:30,2034.63281,2035.07903,2033.89713,2034.34660,100,20.0
2024.01.06 22:45,2034.01614,2034.39534,2032.78045,2033.36193,100,20.0
2024.01.06 23:00,2034.13774,2034.41404,2033.43082,2034.00987,100,20.0
2024.01.06 23:15,2033.68476,2033.70273,2033.54705,2033.56576,100,20.0
2024.01.06 23:30,2033.98033,2034.55329,2033.34901,2034.23285,100,20.0
2024.01.06 23:45,2035.15012,2035.39391,2034.15526,2034.86180,100,20.0
2024.01.07 00:00,2035.28441,2036.24143,2035.20358,2035.76764,100,20.0
2024.01.07 00:15,2036.40946,2036.97646,2036.03382,2036.58225,100,20.0
2024.01.07 00:30,2037.34148,2037.58755,2036.99348,2037.51038,100,20.0
2024.01.07 00:45,2038.25665,2038.93696,2036.91585,2036.94438,100,20.0
2024.01.07 01:00,2037.17428,2038.21987,2037.10976,2037.88997,100,20.0
2024.01.07 01:15,2038.23635,2039.28194,2038.07413,2039.16542,100,20.0
2024.01.07 01:30,2038.79308,2039.51129,2038.50377,2038.72593,100,20.0
2024.01.07 01:45,2038.30642,2038.39670,2037.71734,2037.97652,100,20.0
2024.01.07 02:00,2037.57226,2037.74671,2036.94840,2037.03757,100,20.0
2024.01.07 02:15,2036.79632,2037.21965,2036.50957,2036.94245,100,20.0
2024.01.07 02:30,2037.32033,2037.36538,2036.86962,2037.19135,100,20.0
2024.01.07 02:45,2037.77686,2037.89450,2037.21082,2037.66306,100,20.0
2024.01.07 03:00,2037.93397,2038.35038,2037.85337,2037.96643,100,20.0
2024.01.07 03:15,2038.19185,2038.66447,2038.00538,2038.47289,100,20.0
2024.01.07 03:30,2037.76453,2038.33567,2037.71001,2038.01975,100,20.0
2024.01.07 03:45,2038.51731,2039.02932,2038.32348,2038.93051,100,20.0
2024.01.07 04:00,2038.81707,2039.19813,2038.21575,2038.47754,100,20.0
2024.01.07 04:15,2037.49614,2037.67596,2036.19292,2036.42274,100,20.0
2024.01.07 04:30,2035.55994,2035.91467,2035.13833,2035.43609,100,20.0
2024.01.07 04:45,2035.35837,2035.40349,2034.82888,2035.36102,100,20.0
2024.01.07 05:00,2036.44779,2036.58835,2035.99371,2036.44106,100,20.0
2024.01.07 05:15,2035.85027,2036.65799,2035.27125,2036.36392,100,20.0
2024.01.07 05:30,2035.79571,2036.23326,2035.48516,2035.95391,100,20.0
2024.01.07 05:45,2036.38486,2036.95825,2036.08086,2036.95496,100,20.0
2024.01.07 06:00,2037.74944,2037.83774,2037.18816,2037.35911,100,20.0
2024.01.07 06:15,2037.01884,2037.05083,2036.14542,2036.85196,100,20.0
2024.01.07 06:30,2036.77628,2037.56857,2036.40279,2037.00809,100,20.0
2024.01.07 06:45,2037.04652,2037.35212,2036.95665,2037.22181,100,20.0
2024.01.07 07:00,2037.88479,2037.94774,2037.06535,2037.41349,100,20.0
2024.01.07 07:15,2036.77015,2037.44829,2036.23695,2036.50173,100,20.0
2024.01.07 07:30,2036.62310,2036.98487,2036.01827,2036.94825,100,20.0
2024.01.07 07:45,2037.94437,2038.15562,2037.11684,2038.11741,100,20.0
2024.01.07 08:00,2037.48156,2038.20803,2036.94786,2037.75247,100,20.0
2024.01.07 08:15,2037.27300,2037.83005,2036.98608,2037.08248,100,20.0
2024.01.07 08:30,2037.65181,2037.93305,2037.13569,2037.25871,100,20.0
2024.01.07 08:45,2037.34728,2037.37251,2036.31956,2036.63659,100,20.0
2024.01.07 09:00,2037.62066,2038.02824,2036.77199,2037.01742,100,20.0
2024.01.07 09:15,2036.81339,2037.49642,2036.80615,2037.24225,100,20.0
2024.01.07 09:30,2037.96593,2038.60447,2037.53257,2038.22598,100,20.0
2024.01.07 09:45,2038.51078,2038.81208,2038.18732,2038.35530,100,20.0
2024.01.07 10:00,2038.48260,2039.08707,2037.75427,2037.86683,100,20.0
2024.01.07 10:15,2037.24874,2037.29694,2037.12079,2037.16770,100,20.0
2024.01.07 10:30,2037.31953,2037.57194,2036.82849,2037.27679,100,20.0
2024.01.07 10:45,2037.03806,2037.62111,2036.06017,2036.47417,100,20.0
2024.01.07 11:00,2037.50846,2037.79168,2036.74156,2037.30309,100,20.0
2024.01.07 11:15,2036.23094,2036.71419,2035.85491,2036.04239,100,20.0
2024.01.07 11:30,2036.07166,2037.16791,2036.02839,2036.53991,100,20.0
2024.01.07 11:45,2035.50706,2036.23033,2035.28028,2035.96982,100,20.0
2024.01.07 12:00,2034.82715,2035.27352,2034.70965,2035.13782,100,20.0
2024.01.07 12:15,2035.68843,2036.82415,2035.03667,2036.61799,100,20.0
2024.01.07 12:30,2036.65528,2037.17068,2035.88046,2036.17600,100,20.0
2024.01.07 12:45,2035.12259,2035.83090,2034.70905,2035.59570,100,20.0
2024.01.07 13:00,2034.83386,2035.88643,2034.54531,2035.48609,100,20.0
2024.01.07 13:15,2035.57401,2035.89402,2035.33690,2035.76730,100,20.0
2024.01.07 13:30,2035.60321,2036.36984,2035.02302,2036.05118,100,20.0
2024.01.07 13:45,2037.03890,2037.05349,2036.41190,2036.61522,100,20.0
2024.01.07 14:00,2037.88969,2038.26685,2036.76322,2037.23818,100,20.0
2024.01.07 14:15,2037.91752,2038.20787,2037.48115,2037.82300,100,20.0
2024.01.07 14:30,2039.10003,2039.45969,2038.12920,2038.57278,100,20.0
2024.01.07 14:45,2038.65093,2038.82128,2038.44353,2038.69776,100,20.0
2024.01.07 15:00,2039.61514,2040.40110,2039.16379,2040.30740,100,20.0
2024.01.07 15:15,2040.46869,2040.67754,2039.23176,2039.75295,100,20.0
2024.01.07 15:30,2040.86509,2041.17292,2040.52260,2040.86831,100,20.0
2024.01.07 15:45,2040.32595,2040.86996,2039.65571,2040.10690,100,20.0
2024.01.07 16:00,2040.08160,2040.17287,2039.74637,2039.86372,100,20.0
2024.01.07 16:15,2039.92986,2040.23688,2039.40778,2039.57450,100,20.0
2024.01.07 16:30,2040.07771,2040.27648,2039.81395,2039.94382,100,20.0
2024.01.07 16:45,2039.41251,2039.63582,2038.41983,2038.90675,100,20.0
2024.01.07 17:00,2037.62840,2038.64046,2037.11132,2038.30352,100,20.0
2024.01.07 17:15,2037.84766,2038.38597,2037.66987,2037.89382,100,20.0
2024.01.07 17:30,2037.11141,2037.31955,2036.39738,2036.87775,100,20.0
2024.01.07 17:45,2036.93160,2037.54085,2036.51213,2036.66000,100,20.0
2024.01.07 18:00,2036.13176,2037.23793,2035.73898,2036.68961,100,20.0
2024.01.07 18:15,2036.37815,2036.77707,2035.53955,2036.33245,100,20.0
2024.01.07 18:30,2036.60852,2036.73672,2035.28987,2035.37849,100,20.0
2024.01.07 18:45,2035.39623,2036.55794,2035.24545,2035.76981,100,20.0
2024.01.07 19:00,2036.25861,2036.71209,2036.06941,2036.55547,100,20.0
2024.01.07 19:15,2036.47549,2036.69130,2036.32201,2036.44904,100,20.0
2024.01.07 19:30,2037.01723,2037.81528,2036.91645,2037.40023,100,20.0
2024.01.07 19:45,2037.51970,2038.07195,2036.86354,2037.34524,100,20.0
2024.01.07 20:00,2036.40197,2036.77532,2035.45433,2035.79270,100,20.0
2024.01.07 20:15,2036.38176,2036.80911,2036.01711,2036.46559,100,20.0
2024.01.07 20:30,2036.05651,2036.22298,2035.76169,2035.98986,100,20.0
2024.01.07 20:45,2036.26106,2037.56729,2036.13605,2037.26066,100,20.0
2024.01.07 21:00,2036.37496,2036.73813,2035.22767,2035.50370,100,20.0
2024.01.07 21:15,2035.43018,2035.64405,2035.06264,2035.36598,100,20.0
2024.01.07 21:30,2035.12836,2035.36252,2034.98896,2034.99540,100,20.0
2024.01.07 21:45,2035.38536,2036.09464,2035.36051,2035.66768,100,20.0
2024.01.07 22:00,2036.21725,2037.56425,2036.16311,2036.90606,100,20.0
2024.01.07 22:15,2036.64450,2037.31744,2036.53348,2037.18854,100,20.0
2024.01.07 22:30,2037.72248,2037.75770,2037.02152,2037.23405,100,20.0
2024.01.07 22:45,2037.44213,2037.47710,2036.90548,2037.08636,100,20.0
2024.01.07 23:00,2037.67271,2037.86059,2037.11983,2037.44301,100,20.0
2024.01.07 23:15,2037.31861,2037.57963,2036.92916,2037.02962,100,20.0
2024.01.07 23:30,2037.70079,2037.71469,2037.27358,2037.37238,100,20.0
2024.01.07 23:45,2037.73662,2037.96347,2036.79420,2037.16627,100,20.0
2024.01.08 00:00,2037.95021,2037.96455,2037.74099,2037.85351,100,20.0
2024.01.08 00:15,2038.87439,2039.07170,2038.85778,2038.96100,100,20.0
2024.01.08 00:30,2038.35701,2038.65001,2037.57456,2037.68544,100,20.0
2024.01.08 00:45,2037.23565,2038.09718,2037.16988,2037.24657,100,20.0
2024.01.08 01:00,2036.86896,2036.93652,2036.51936,2036.86869,100,20.0
2024.01.08 01:15,2036.79761,2036.90256,2036.62501,2036.89181,100,20.0
2024.01.08 01:30,2037.26820,2038.10180,2036.80181,2037.56572,100,20.0
2024.01.08 01:45,2037.45956,2038.38264,2037.00502,2037.84661,100,20.0
2024.01.08 02:00,2037.38670,2037.85871,2037.05251,2037.73904,100,20.0
2024.01.08 02:15,2037.63549,2038.08237,2037.23533,2037.38523,100,20.0
2024.01.08 02:30,2038.21929,2038.38769,2038.10980,2038.27140,100,20.0
2024.01.08 02:45,2039.10395,2039.96041,2039.06025,2039.42289,100,20.0
2024.01.08 03:00,2039.04889,2039.30849,2038.81833,2039.12730,100,20.0
2024.01.08 03:15,2039.16569,2040.05387,2038.68693,2039.72428,100,20.0
2024.01.08 03:30,2040.49205,2041.31184,2039.79576,2040.36822,100,20.0
2024.01.08 03:45,2041.79978,2042.07573,2041.67498,2042.02616,100,20.0
2024.01.08 04:00,2042.20719,2042.26137,2041.10283,2041.71198,100,20.0
2024.01.08 04:15,2041.10442,2042.27192,2041.06043,2041.55079,100,20.0
2024.01.08 04:30,2040.82645,2041.34598,2040.62504,2041.32572,100,20.0
2024.01.08 04:45,2040.55253,2040.81394,2039.96358,2040.06158,100,20.0
2024.01.08 05:00,2040.34523,2040.97944,2039.82755,2040.56479,100,20.0
2024.01.08 05:15,2039.96497,2041.11477,2039.65431,2041.09463,100,20.0
2024.01.08 05:30,2041.29238,2041.84178,2041.23937,2041.56097,100,20.0
2024.01.08 05:45,2041.73778,2041.94126,2041.12144,2041.51305,100,20.0
2024.01.08 06:00,2041.61444,2041.89824,2041.04098,2041.34715,100,20.0
2024.01.08 06:15,2041.84625,2041.95607,2041.39791,2041.89757,100,20.0
2024.01.08 06:30,2041.22614,2042.17981,2041.08377,2041.96617,100,20.0
2024.01.08 06:45,2041.42517,2041.67770,2041.08854,2041.26948,100,20.0
2024.01.08 07:00,2041.46323,2041.47255,2040.59461,2041.04402,100,20.0
2024.01.08 07:15,2041.23671,2042.52076,2040.98373,2042.42979,100,20.0
2024.01.08 07:30,2043.41462,2044.22621,2043.39981,2044.07238,100,20.0
2024.01.08 07:45,2044.95037,2045.46815,2044.65801,2045.26738,100,20.0
2024.01.08 08:00,2046.22590,2046.39025,2046.00928,2046.32723,100,20.0
2024.01.08 08:15,2046.82660,2047.05724,2046.67332,2046.95093,100,20.0
2024.01.08 08:30,2048.85072,2049.16006,2048.31762,2048.66778,100,20.0
2024.01.08 08:45,2049.44862,2051.31222,2049.15720,2050.62023,100,20.0
2024.01.08 09:00,2050.80173,2051.91675,2050.70750,2051.51594,100,20.0
2024.01.08 09:15,2051.33027,2051.37574,2049.94571,2050.59228,100,20.0
2024.01.08 09:30,2050.85324,2051.52786,2050.71819,2051.22144,100,20.0
2024.01.08 09:45,2051.18179,2051.43516,2050.46163,2050.52971,100,20.0
2024.01.08 10:00,2050.90909,2051.64747,2050.33932,2051.35528,100,20.0
2024.01.08 10:15,2051.88609,2052.50922,2051.69280,2052.41167,100,20.0
2024.01.08 10:30,2052.28960,2052.44946,2051.86798,2052.39622,100,20.0
2024.01.08 10:45,2052.42104,2052.67740,2052.11827,2052.12869,100,20.0
2024.01.08 11:00,2052.05070,2052.51965,2052.03721,2052.36922,100,20.0
2024.01.08 11:15,2053.73802,2053.79481,2053.53392,2053.60477,100,20.0
2024.01.08 11:30,2054.11695,2054.24365,2053.64943,2053.94326,100,20.0
2024.01.08 11:45,2053.27617,2053.82803,2053.07775,2053.22499,100,20.0
2024.01.08 12:00,2053.31225,2053.48883,2052.72356,2052.78278,100,20.0
2024.01.08 12:15,2052.77452,2052.98801,2052.45982,2052.60293,100,20.0
2024.01.08 12:30,2052.71007,2052.71705,2051.46847,2051.48010,100,20.0
2024.01.08 12:45,2051.84278,2052.11253,2051.65168,2051.68079,100,20.0
2024.01.08 13:00,2052.08157,2052.21254,2051.10732,2051.96484,100,20.0
2024.01.08 13:15,2052.11390,2052.71031,2052.06064,2052.59717,100,20.0
2024.01.08 13:30,2053.05804,2053.38809,2052.80404,2053.17012,100,20.0
2024.01.08 13:45,2052.77923,2053.07826,2052.70195,2052.90986,100,20.0
2024.01.08 14:00,2052.51282,2052.96497,2051.28992,2051.65823,100,20.0
2024.01.08 14:15,2051.77743,2052.03750,2051.52827,2051.77216,100,20.0
2024.01.08 14:30,2051.45763,2051.62792,2050.63988,2051.31732,100,20.0
2024.01.08 14:45,2051.96971,2052.56375,2050.99821,2051.13524,100,20.0
2024.01.08 15:00,2051.13303,2051.58298,2050.71741,2051.31561,100,20.0
2024.01.08 15:15,2051.35001,2051.66180,2050.97605,2051.50921,100,20.0
2024.01.08 15:30,2051.67027,2052.19296,2051.53003,2051.91257,100,20.0
2024.01.08 15:45,2052.31915,2053.03421,2051.82137,2052.05780,100,20.0
2024.01.08 16:00,2052.59958,2053.51914,2052.33331,2053.44159,100,20.0
2024.01.08 16:15,2053.14796,2053.44035,2053.11788,2053.23218,100,20.0
2024.01.08 16:30,2053.85555,2053.88380,2052.86465,2053.25888,100,20.0
2024.01.08 16:45,2053.54470,2053.99614,2053.28954,2053.69412,100,20.0
2024.01.08 17:00,2053.86058,2054.08018,2053.20362,2053.41429,100,20.0
2024.01.08 17:15,2052.76183,2053.57764,2052.53467,2053.15286,100,20.0
2024.01.08 17:30,2053.14994,2053.86038,2052.64412,2053.78868,100,20.0
2024.01.08 17:45,2054.30181,2054.53569,2053.61111,2054.43613,100,20.0
2024.01.08 18:00,2053.90906,2054.09487,2053.63975,2054.05603,100,20.0
2024.01.08 18:15,2054.23454,2055.21354,2054.16180,2054.69370,100,20.0
2024.01.08 18:30,2054.39927,2054.52564,2053.45275,2054.02365,100,20.0
2024.01.08 18:45,2053.79521,2054.25197,2053.29645,2053.37276,100,20.0
2024.01.08 19:00,2052.59625,2053.76710,2052.44958,2053.75565,100,20.0
2024.01.08 19:15,2053.79149,2054.30146,2053.34830,2054.08231,100,20.0
2024.01.08 19:30,2053.77005,2054.11141,2052.88744,2052.90755,100,20.0
2024.01.08 19:45,2052.35290,2052.74680,2052.07457,2052.50011,100,20.0
2024.01.08 20:00,2052.92005,2054.16700,2052.77471,2053.95398,100,20.0
2024.01.08 20:15,2053.11619,2053.29931,2052.80239,2053.23229,100,20.0
2024.01.08 20:30,2053.01708,2053.74049,2052.88701,2053.64742,100,20.0
2024.01.08 20:45,2053.29110,2053.70412,2052.48753,2052.92373,100,20.0
2024.01.08 21:00,2054.18866,2054.75271,2053.71115,2054.28974,100,20.0
2024.01.08 21:15,2054.68067,2055.31577,2053.34988,2053.78330,100,20.0
2024.01.08 21:30,2054.06891,2054.51266,2053.90552,2054.39776,100,20.0
2024.01.08 21:45,2054.07508,2055.07903,2053.99365,2054.81534,100,20.0
2024.01.08 22:00,2054.05326,2054.29627,2053.06390,2053.48794,100,20.0
2024.01.08 22:15,2053.04172,2053.53509,2052.51059,2053.36071,100,20.0
2024.01.08 22:30,2053.56120,2053.59204,2052.21980,2052.43022,100,20.0
2024.01.08 22:45,2052.06406,2052.45136,2051.58814,2051.66031,100,20.0
2024.01.08 23:00,2050.94717,2051.43168,2050.25116,2050.69360,100,20.0
2024.01.08 23:15,2050.64193,2051.68883,2050.24006,2050.51395,100,20.0
2024.01.08 23:30,2050.69221,2050.77670,2049.85873,2050.17732,100,20.0
2024.01.08 23:45,2049.55133,2049.94812,2049.34575,2049.52278,100,20.0
2024.01.09 00:00,2049.72128,2049.76959,2048.55721,2048.93814,100,20.0
2024.01.09 00:15,2048.65561,2048.97573,2048.30522,2048.46998,100,20.0
2024.01.09 00:30,2049.24032,2049.97124,2048.51879,2049.89181,100,20.0
2024.01.09 00:45,2049.96646,2050.93248,2049.90965,2050.26503,100,20.0
2024.01.09 01:00,2050.05368,2050.51700,2050.01587,2050.48507,100,20.0
2024.01.09 01:15,2049.72474,2050.08697,2049.14661,2049.38252,100,20.0
2024.01.09 01:30,2050.13255,2050.98247,2049.99193,2050.30989,100,20.0
2024.01.09 01:45,2051.44980,2051.71994,2050.97517,2051.47284,100,20.0
2024.01.09 02:00,2050.76374,2051.22872,2050.71863,2051.06254,100,20.0
2024.01.09 02:15,2051.55745,2051.79567,2051.04463,2051.22392,100,20.0
2024.01.09 02:30,2051.49596,2051.83256,2051.05033,2051.16420,100,20.0
2024.01.09 02:45,2051.61677,2051.94973,2051.38074,2051.47608,100,20.0
2024.01.09 03:00,2051.66121,2051.94366,2051.58948,2051.69259,100,20.0
2024.01.09 03:15,2051.54879,2052.13623,2050.80250,2050.94136,100,20.0
2024.01.09 03:30,2050.72053,2051.37778,2049.97479,2050.47753,100,20.0
2024.01.09 03:45,2050.17566,2050.98378,2050.06605,2050.69634,100,20.0
2024.01.09 04:00,2050.93124,2050.95845,2049.84945,2050.82073,100,20.0
2024.01.09 04:15,2050.40514,2051.99162,2050.29063,2051.34217,100,20.0
2024.01.09 04:30,2051.47416,2051.67237,2051.06128,2051.39846,100,20.0
2024.01.09 04:45,2051.80213,2051.80383,2051.33561,2051.37732,100,20.0
2024.01.09 05:00,2051.66873,2053.38897,2051.30232,2052.78497,100,20.0
2024.01.09 05:15,2054.18842,2054.61336,2053.55096,2054.22551,100,20.0
2024.01.09 05:30,2054.34929,2054.69918,2053.54301,2053.74782,100,20.0
2024.01.09 05:45,2052.82117,2053.10274,2052.67676,2052.94417,100,20.0
2024.01.09 06:00,2053.22345,2053.68288,2052.95285,2053.31639,100,20.0
2024.01.09 06:15,2053.26218,2053.87598,2052.95599,2053.58833,100,20.0
2024.01.09 06:30,2053.21370,2053.93020,2052.72326,2053.69339,100,20.0
2024.01.09 06:45,2054.89975,2055.51659,2054.18225,2054.78980,100,20.0
2024.01.09 07:00,2055.91318,2056.23298,2055.79141,2055.96146,100,20.0
2024.01.09 07:15,2055.81782,2056.36084,2055.57416,2056.13632,100,20.0
2024.01.09 07:30,2057.28381,2058.13726,2056.77205,2057.98371,100,20.0
2024.01.09 07:45,2057.86526,2058.26660,2057.37392,2057.64786,100,20.0
2024.01.09 08:00,2057.48876,2058.14893,2056.86588,2057.52228,100,20.0
2024.01.09 08:15,2058.07190,2058.84387,2057.76729,2058.37838,100,20.0
2024.01.09 08:30,2058.61846,2058.75781,2057.85608,2058.47339,100,20.0
2024.01.09 08:45,2058.53747,2058.96274,2057.52136,2058.13543,100,20.0
2024.01.09 09:00,2058.78780,2059.37000,2058.77719,2059.27387,100,20.0
2024.01.09 09:15,2058.55403,2058.90160,2058.42430,2058.89133,100,20.0
2024.01.09 09:30,2058.84334,2059.55938,2058.23868,2059.31066,100,20.0
2024.01.09 09:45,2058.63910,2059.41749,2058.32888,2058.76643,100,20.0
2024.01.09 10:00,2058.63881,2059.14412,2057.91532,2058.75599,100,20.0
2024.01.09 10:15,2057.80363,2057.81647,2056.89614,2057.32123,100,20.0
2024.01.09 10:30,2057.54548,2057.95372,2056.80448,2056.91495,100,20.0
2024.01.09 10:45,2057.12896,2057.82217,2056.93480,2057.51415,100,20.0
2024.01.09 11:00,2056.16233,2056.83863,2055.02937,2055.29576,100,20.0
2024.01.09 11:15,2055.11840,2055.25186,2054.59585,2055.24885,100,20.0
2024.01.09 11:30,2055.26122,2055.99990,2054.60179,2054.67313,100,20.0
2024.01.09 11:45,2055.15387,2055.24654,2054.50574,2054.68325,100,20.0
2024.01.09 12:00,2055.05661,2055.37238,2054.58520,2055.24085,100,20.0
2024.01.09 12:15,2054.98047,2055.16900,2054.32536,2055.09975,100,20.0
2024.01.09 12:30,2054.47663,2054.55880,2053.80445,2054.14155,100,20.0
2024.01.09 12:45,2054.67638,2054.98149,2054.42468,2054.60221,100,20.0
2024.01.09 13:00,2054.46286,2054.54757,2053.77063,2053.85738,100,20.0
2024.01.09 13:15,2052.98048,2053.94911,2052.84516,2053.71777,100,20.0
2024.01.09 13:30,2054.05237,2055.10341,2053.83344,2054.97689,100,20.0
2024.01.09 13:45,2055.96400,2056.95352,2055.48585,2056.81090,100,20.0
2024.01.09 14:00,2056.71344,2057.43920,2056.21838,2057.09615,100,20.0
2024.01.09 14:15,2056.74358,2057.42969,2055.97227,2056.41994,100,20.0
2024.01.09 14:30,2055.82608,2056.29812,2055.45766,2056.17335,100,20.0
2024.01.09 14:45,2056.64703,2057.05361,2055.83005,2056.26715,100,20.0
2024.01.09 15:00,2055.56421,2055.92993,2054.32238,2055.20038,100,20.0
2024.01.09 15:15,2054.87726,2055.15475,2053.96007,2054.02411,100,20.0
2024.01.09 15:30,2053.77965,2054.30408,2053.39281,2054.08601,100,20.0
2024.01.09 15:45,2054.85366,2055.20599,2054.70429,2055.02969,100,20.0
2024.01.09 16:00,2055.41409,2055.98455,2055.25470,2055.97475,100,20.0
2024.01.09 16:15,2056.29599,2056.91970,2056.05979,2056.46001,100,20.0
2024.01.09 16:30,2056.19122,2056.30175,2055.77025,2056.07533,100,20.0
2024.01.09 16:45,2055.60969,2055.77125,2054.69664,2055.10316,100,20.0
2024.01.09 17:00,2055.61738,2055.97121,2055.03941,2055.69285,100,20.0
2024.01.09 17:15,2055.62630,2056.27219,2055.02244,2055.19889,100,20.0
2024.01.09 17:30,2054.85705,2055.58308,2054.54854,2055.18939,100,20.0
2024.01.09 17:45,2055.38380,2055.61298,2054.51243,2054.75194,100,20.0
2024.01.09 18:00,2054.15813,2054.24026,2053.48100,2053.78649,100,20.0
2024.01.09 18:15,2054.29125,2054.31864,2054.02836,2054.18183,100,20.0
2024.01.09 18:30,2052.50868,2053.06795,2052.20335,2052.85462,100,20.0
2024.01.09 18:45,2052.08924,2052.66223,2052.07347,2052.16354,100,20.0
2024.01.09 19:00,2052.47775,2052.81816,2051.62381,2051.78434,100,20.0
2024.01.09 19:15,2052.56347,2053.25306,2052.41334,2052.87590,100,20.0
2024.01.09 19:30,2052.96070,2053.07785,2052.58754,2052.67156,100,20.0
2024.01.09 19:45,2052.79792,2053.60191,2052.68052,2053.20398,100,20.0
2024.01.09 20:00,2052.89381,2053.32711,2052.49172,2052.80214,100,20.0
2024.01.09 20:15,2051.74369,2051.83815,2051.00983,2051.34827,100,20.0
2024.01.09 20:30,2051.82135,2052.21740,2051.64714,2052.19078,100,20.0
2024.01.09 20:45,2051.60321,2051.60864,2051.23868,2051.46586,100,20.0
2024.01.09 21:00,2052.06176,2052.36611,2051.65987,2052.05153,100,20.0
2024.01.09 21:15,2052.12877,2052.54380,2052.06485,2052.41655,100,20.0
2024.01.09 21:30,2052.29403,2052.68263,2052.06341,2052.10984,100,20.0
2024.01.09 21:45,2053.21165,2053.44378,2052.27989,2052.46767,100,20.0
2024.01.09 22:00,2053.39937,2053.62256,2052.97704,2053.05579,100,20.0
2024.01.09 22:15,2053.81949,2053.83020,2052.52596,2053.36111,100,20.0
2024.01.09 22:30,2053.00947,2053.00994,2052.59208,2052.89049,100,20.0
2024.01.09 22:45,2052.54988,2052.76352,2052.00063,2052.22890,100,20.0
2024.01.09 23:00,2052.00593,2052.15892,2050.84264,2050.93708,100,20.0
2024.01.09 23:15,2051.10452,2051.29780,2050.72041,2051.09086,100,20.0
2024.01.09 23:30,2050.24875,2050.95793,2049.84243,2050.50463,100,20.0
2024.01.09 23:45,2050.65510,2050.99669,2049.20872,2049.71629,100,20.0
2024.01.10 00:00,2050.12721,2050.25255,2049.14510,2049.74947,100,20.0
2024.01.10 00:15,2050.77727,2051.11665,2050.50608,2050.60257,100,20.0
2024.01.10 00:30,2050.31154,2050.82348,2050.23067,2050.67144,100,20.0
2024.01.10 00:45,2051.60049,2052.31528,2051.27201,2051.89268,100,20.0
2024.01.10 01:00,2052.27031,2052.60189,2051.63506,2052.52714,100,20.0
2024.01.10 01:15,2052.37666,2053.98839,2052.20383,2052.94106,100,20.0
2024.01.10 01:30,2053.97258,2055.00920,2053.60035,2054.74697,100,20.0
2024.01.10 01:45,2055.25744,2055.80071,2055.13383,2055.70731,100,20.0
2024.01.10 02:00,2055.67771,2055.72341,2055.24459,2055.33063,100,20.0
2024.01.10 02:15,2054.71520,2055.11561,2053.92305,2054.24883,100,20.0
2024.01.10 02:30,2055.07973,2055.52237,2054.05597,2054.60148,100,20.0
2024.01.10 02:45,2054.67059,2055.26928,2054.03587,2054.20959,100,20.0
2024.01.10 03:00,2055.72402,2056.41323,2055.69743,2055.71213,100,20.0
2024.01.10 03:15,2056.62426,2056.89902,2055.42608,2056.25104,100,20.0
2024.01.10 03:30,2056.21025,2056.37784,2056.12119,2056.20577,100,20.0
2024.01.10 03:45,2057.24099,2057.38821,2056.69046,2056.80986,100,20.0
2024.01.10 04:00,2056.99602,2057.11076,2056.43181,2056.66631,100,20.0
2024.01.10 04:15,2056.45579,2057.49509,2056.30954,2056.94380,100,20.0
2024.01.10 04:30,2056.86146,2057.31874,2056.36562,2056.92994,100,20.0
2024.01.10 04:45,2055.97104,2056.26934,2055.86255,2056.04731,100,20.0
2024.01.10 05:00,2055.86918,2056.08836,2055.67502,2056.03833,100,20.0
2024.01.10 05:15,2055.95725,2056.22811,2054.87815,2055.05739,100,20.0
2024.01.10 05:30,2054.89113,2055.84709,2054.38176,2055.30228,100,20.0
2024.01.10 05:45,2055.68123,2056.05064,2055.58986,2056.04650,100,20.0
2024.01.10 06:00,2055.98167,2056.32917,2055.13160,2055.38186,100,20.0
2024.01.10 06:15,2054.97491,2055.89256,2054.57039,2055.43107,100,20.0
2024.01.10 06:30,2055.42729,2055.82004,2055.29389,2055.36379,100,20.0
2024.01.10 06:45,2055.35920,2056.25712,2055.11923,2056.16293,100,20.0
2024.01.10 07:00,2056.30352,2056.48069,2055.78851,2056.47144,100,20.0
2024.01.10 07:15,2055.83322,2056.17672,2055.25234,2055.43149,100,20.0
2024.01.10 07:30,2056.05875,2057.26855,2055.74505,2056.85436,100,20.0
2024.01.10 07:45,2056.03636,2057.17655,2054.73741,2054.88365,100,20.0
2024.01.10 08:00,2054.63656,2055.11523,2054.49557,2054.96642,100,20.0
2024.01.10 08:15,2054.35092,2054.91488,2054.02932,2054.52093,100,20.0
2024.01.10 08:30,2055.25969,2055.30759,2054.60572,2054.75907,100,20.0
2024.01.10 08:45,2054.22420,2055.52251,2053.96379,2054.96564,100,20.0
2024.01.10 09:00,2054.15946,2054.39372,2053.54802,2053.80003,100,20.0
2024.01.10 09:15,2054.91206,2055.38620,2053.03216,2053.40951,100,20.0
2024.01.10 09:30,2053.34197,2053.86815,2053.20663,2053.71311,100,20.0
2024.01.10 09:45,2053.95460,2053.97165,2053.78941,2053.85236,100,20.0
2024.01.10 10:00,2053.19599,2053.20488,2052.37655,2052.43563,100,20.0
2024.01.10 10:15,2051.80963,2051.91527,2051.15992,2051.25524,100,20.0
2024.01.10 10:30,2051.03172,2051.27573,2050.30431,2050.45697,100,20.0
2024.01.10 10:45,2051.15467,2051.70396,2050.31575,2051.51980,100,20.0
2024.01.10 11:00,2052.51125,2052.90936,2052.26561,2052.76348,100,20.0
2024.01.10 11:15,2052.66539,2053.11917,2051.54163,2052.19292,100,20.0
2024.01.10 11:30,2052.48385,2052.54420,2051.75289,2051.88792,100,20.0
2024.01.10 11:45,2051.78303,2051.88500,2051.40011,2051.47484,100,20.0
2024.01.10 12:00,2051.36858,2051.71883,2051.16080,2051.64895,100,20.0
2024.01.10 12:15,2051.57188,2051.57272,2050.98969,2051.20489,100,20.0
2024.01.10 12:30,2051.89017,2052.73940,2051.76748,2052.16400,100,20.0
2024.01.10 12:45,2051.96240,2052.72027,2051.32291,2052.56987,100,20.0
2024.01.10 13:00,2053.16378,2053.61916,2052.45923,2052.82928,100,20.0
2024.01.10 13:15,2052.55345,2052.87255,2052.55023,2052.55801,100,20.0
2024.01.10 13:30,2052.55907,2053.72465,2052.53695,2053.57891,100,20.0
2024.01.10 13:45,2054.17639,2054.93197,2053.65904,2054.90633,100,20.0
2024.01.10 14:00,2055.19553,2055.22934,2055.19197,2055.20606,100,20.0
2024.01.10 14:15,2055.33945,2055.60881,2054.39959,2054.59791,100,20.0
2024.01.10 14:30,2053.65843,2053.74690,2053.05224,2053.68158,100,20.0
2024.01.10 14:45,2054.50326,2055.03856,2054.36338,2054.81878,100,20.0
2024.01.10 15:00,2055.35566,2055.45143,2055.34147,2055.44803,100,20.0
2024.01.10 15:15,2055.49804,2055.95966,2054.84881,2055.40120,100,20.0
2024.01.10 15:30,2055.06591,2055.34428,2054.39158,2054.68956,100,20.0
2024.01.10 15:45,2055.21968,2055.71327,2055.16282,2055.46581,100,20.0
2024.01.10 16:00,2054.34010,2054.59766,2053.85687,2054.38080,100,20.0
2024.01.10 16:15,2054.43869,2054.70383,2053.82816,2053.91304,100,20.0
2024.01.10 16:30,2054.18258,2054.31978,2052.61332,2053.21717,100,20.0
2024.01.10 16:45,2052.77193,2053.22627,2052.63820,2052.86709,100,20.0
2024.01.10 17:00,2053.30141,2053.69919,2052.83597,2053.68711,100,20.0
2024.01.10 17:15,2053.56839,2053.96829,2053.52072,2053.64744,100,20.0
2024.01.10 17:30,2053.34165,2053.77151,2052.37832,2052.50777,100,20.0
2024.01.10 17:45,2052.43233,2052.61614,2051.37438,2051.57071,100,20.0
2024.01.10 18:00,2051.22021,2052.18423,2051.04541,2051.59148,100,20.0
2024.01.10 18:15,2051.12756,2051.79795,2050.66522,2051.73290,100,20.0
2024.01.10 18:30,2051.47329,2051.69765,2051.23767,2051.28363,100,20.0
2024.01.10 18:45,2051.40867,2051.67226,2050.37748,2050.89941,100,20.0
2024.01.10 19:00,2051.86414,2051.87145,2050.72333,2051.13368,100,20.0
2024.01.10 19:15,2051.02231,2051.35441,2051.01330,2051.25557,100,20.0
2024.01.10 19:30,2052.19782,2052.47155,2051.47031,2051.89448,100,20.0
2024.01.10 19:45,2051.79642,2052.10132,2050.92547,2051.10653,100,20.0
2024.01.10 20:00,2051.18288,2051.73489,2050.44401,2051.10920,100,20.0
2024.01.10 20:15,2051.00736,2051.12584,2050.49928,2050.72114,100,20.0
2024.01.10 20:30,2050.91362,2051.19224,2050.37539,2050.38100,100,20.0
2024.01.10 20:45,2050.14591,2050.34404,2049.39279,2049.43636,100,20.0
2024.01.10 21:00,2049.62964,2050.22288,2049.58631,2049.66392,100,20.0
2024.01.10 21:15,2049.71271,2050.28346,2049.60971,2050.21728,100,20.0
2024.01.10 21:30,2049.89890,2050.09591,2049.70339,2049.76118,100,20.0
2024.01.10 21:45,2049.68258,2050.32468,2048.86922,2050.05320,100,20.0
2024.01.10 22:00,2050.01829,2051.00131,2050.00879,2050.72954,100,20.0
2024.01.10 22:15,2050.74454,2051.25299,2050.71741,2051.01727,100,20.0
2024.01.10 22:30,2051.30621,2052.03807,2051.14780,2051.77539,100,20.0
2024.01.10 22:45,2052.30227,2052.33124,2051.67041,2051.87850,100,20.0
2024.01.10 23:00,2051.37225,2052.29704,2051.19823,2052.06971,100,20.0
2024.01.10 23:15,2051.82757,2052.84584,2051.45043,2052.82565,100,20.0
2024.01.10 23:30,2053.62067,2053.69129,2052.65900,2052.88547,100,20.0
2024.01.10 23:45,2053.75475,2054.45263,2053.58461,2054.15302,100,20.0
2024.01.11 00:00,2053.64924,2053.91622,2053.44021,2053.87018,100,20.0
2024.01.11 00:15,2053.91163,2054.65044,2053.89906,2054.47085,100,20.0
2024.01.11 00:30,2055.07990,2055.52813,2054.58413,2055.20080,100,20.0
2024.01.11 00:45,2055.51206,2056.31980,2055.43871,2056.06142,100,20.0
2024.01.11 01:00,2056.58116,2056.92686,2055.97090,2056.23612,100,20.0
2024.01.11 01:15,2054.94383,2055.02430,2054.38259,2054.50629,100,20.0
2024.01.11 01:30,2053.98554,2054.49942,2053.97263,2054.35086,100,20.0
2024.01.11 01:45,2054.06976,2054.37918,2053.47717,2054.03841,100,20.0
2024.01.11 02:00,2053.50474,2053.93517,2053.27368,2053.49637,100,20.0
2024.01.11 02:15,2053.36291,2053.95046,2053.00653,2053.73255,100,20.0
2024.01.11 02:30,2051.95295,2052.23039,2051.22508,2051.58742,100,20.0
2024.01.11 02:45,2051.50996,2051.90940,2051.25551,2051.45290,100,20.0
2024.01.11 03:00,2051.62333,2052.03666,2051.42636,2052.01838,100,20.0
2024.01.11 03:15,2052.27341,2053.09640,2051.55428,2053.03058,100,20.0
2024.01.11 03:30,2053.15232,2053.34059,2053.13902,2053.17843,100,20.0
2024.01.11 03:45,2053.28210,2054.01160,2052.90079,2053.69735,100,20.0
2024.01.11 04:00,2054.00614,2054.99092,2053.96649,2054.78981,100,20.0
2024.01.11 04:15,2054.13079,2054.23566,2053.76819,2054.16221,100,20.0
2024.01.11 04:30,2054.04965,2055.03931,2053.83305,2054.56911,100,20.0
2024.01.11 04:45,2054.81450,2055.20192,2054.73857,2055.16120,100,20.0
2024.01.11 05:00,2055.64944,2056.15850,2055.64552,2055.78175,100,20.0
2024.01.11 05:15,2055.03218,2056.01043,2054.77788,2055.82599,100,20.0
2024.01.11 05:30,2055.43762,2055.97203,2054.93979,2055.81206,100,20.0
2024.01.11 05:45,2055.82995,2056.27371,2055.74135,2055.78088,100,20.0
2024.01.11 06:00,2056.21714,2056.55008,2055.46582,2055.75689,100,20.0
2024.01.11 06:15,2055.92687,2056.05304,2055.55013,2056.01482,100,20.0
2024.01.11 06:30,2055.83907,2057.11711,2055.27504,2056.45806,100,20.0
2024.01.11 06:45,2057.09697,2057.72100,2056.36864,2056.51308,100,20.0
2024.01.11 07:00,2056.71474,2056.72648,2056.24023,2056.56103,100,20.0
2024.01.11 07:15,2056.49358,2057.24050,2055.97373,2056.52407,100,20.0
2024.01.11 07:30,2057.28610,2057.65465,2056.42223,2057.54368,100,20.0
2024.01.11 07:45,2056.94776,2056.99092,2056.51363,2056.72995,100,20.0
2024.01.11 08:00,2055.68969,2056.10452,2055.41551,2055.87086,100,20.0
2024.01.11 08:15,2056.05807,2056.73999,2055.78091,2056.24553,100,20.0
2024.01.11 08:30,2056.49500,2057.32290,2056.15571,2056.20461,100,20.0
2024.01.11 08:45,2056.48840,2056.64462,2056.10069,2056.44797,100,20.0
2024.01.11 09:00,2056.69329,2057.07267,2056.19873,2056.49496,100,20.0
2024.01.11 09:15,2057.09923,2058.20063,2056.68489,2057.62081,100,20.0
2024.01.11 09:30,2058.15113,2058.26302,2057.18148,2057.79681,100,20.0
2024.01.11 09:45,2057.56653,2057.97556,2057.18465,2057.33688,100,20.0
2024.01.11 10:00,2057.58976,2058.73290,2057.48136,2058.39480,100,20.0
2024.01.11 10:15,2058.67081,2059.00052,2058.33558,2058.54779,100,20.0
2024.01.11 10:30,2059.05915,2059.15061,2058.16543,2058.55926,100,20.0
2024.01.11 10:45,2057.97483,2058.00549,2057.95921,2057.98072,100,20.0
2024.01.11 11:00,2057.64073,2058.01800,2057.03708,2057.39402,100,20.0
2024.01.11 11:15,2057.30208,2057.67300,2057.18784,2057.36511,100,20.0
2024.01.11 11:30,2057.84337,2058.43282,2057.49821,2057.73121,100,20.0
2024.01.11 11:45,2058.15685,2058.24502,2057.89766,2058.02245,100,20.0
2024.01.11 12:00,2057.83883,2058.29639,2057.40869,2057.50604,100,20.0
2024.01.11 12:15,2057.92956,2058.36751,2057.60577,2058.26810,100,20.0
2024.01.11 12:30,2058.12945,2058.22383,2057.96668,2058.07328,100,20.0
2024.01.11 12:45,2058.16101,2058.34393,2057.79169,2058.19288,100,20.0
2024.01.11 13:00,2057.91324,2058.22076,2057.10448,2057.32112,100,20.0
2024.01.11 13:15,2057.44414,2057.48973,2056.27811,2056.34330,100,20.0
2024.01.11 13:30,2056.30036,2056.61170,2056.05423,2056.30258,100,20.0
2024.01.11 13:45,2057.27634,2057.61925,2056.84620,2057.53850,100,20.0
2024.01.11 14:00,2056.91479,2056.94685,2056.06823,2056.64498,100,20.0
2024.01.11 14:15,2056.58835,2057.09289,2056.58260,2056.68402,100,20.0
2024.01.11 14:30,2056.38970,2056.43548,2056.17690,2056.25314,100,20.0
2024.01.11 14:45,2056.91091,2057.17137,2056.32591,2056.46424,100,20.0
2024.01.11 15:00,2056.53323,2057.09369,2056.10454,2056.32610,100,20.0
2024.01.11 15:15,2055.48829,2055.62462,2054.27743,2054.54174,100,20.0
2024.01.11 15:30,2054.53030,2054.81071,2053.44299,2053.85753,100,20.0
2024.01.11 15:45,2054.16299,2054.40822,2053.37792,2053.75953,100,20.0
2024.01.11 16:00,2053.14177,2053.39149,2053.07777,2053.28601,100,20.0
2024.01.11 16:15,2053.09139,2053.79022,2052.99966,2053.19486,100,20.0
2024.01.11 16:30,2053.29167,2053.57568,2052.75638,2052.92709,100,20.0
2024.01.11 16:45,2052.08277,2052.17291,2051.38746,2051.86371,100,20.0
2024.01.11 17:00,2052.48657,2052.57078,2052.10470,2052.36728,100,20.0
2024.01.11 17:15,2052.83791,2053.63239,2052.05111,2053.20346,100,20.0
2024.01.11 17:30,2053.25262,2053.34366,2052.94506,2053.02636,100,20.0
2024.01.11 17:45,2052.61215,2053.38576,2052.49548,2052.67908,100,20.0
2024.01.11 18:00,2052.97001,2053.82846,2052.50063,2053.62940,100,20.0
2024.01.11 18:15,2052.85082,2053.11463,2052.51602,2052.95787,100,20.0
2024.01.11 18:30,2053.28971,2054.01984,2052.53274,2052.83764,100,20.0
2024.01.11 18:45,2053.60476,2053.85012,2053.48784,2053.81792,100,20.0
2024.01.11 19:00,2054.25121,2054.64742,2053.39874,2053.79960,100,20.0
2024.01.11 19:15,2053.87182,2054.05639,2053.48302,2053.48481,100,20.0
2024.01.11 19:30,2053.31246,2053.66984,2053.07084,2053.11638,100,20.0
2024.01.11 19:45,2053.99015,2054.23508,2053.28675,2053.57996,100,20.0
2024.01.11 20:00,2053.46614,2053.62518,2053.39898,2053.42861,100,20.0
2024.01.11 20:15,2053.01277,2053.11220,2052.02558,2052.20007,100,20.0
2024.01.11 20:30,2052.15551,2053.00158,2052.01628,2052.63550,100,20.0
2024.01.11 20:45,2052.50929,2053.14108,2052.31060,2052.47686,100,20.0
2024.01.11 21:00,2052.51383,2053.09089,2052.11870,2052.85390,100,20.0
2024.01.11 21:15,2052.40028,2053.50757,2052.19266,2052.56689,100,20.0
2024.01.11 21:30,2053.62442,2053.75598,2052.82448,2053.06539,100,20.0
2024.01.11 21:45,2053.35359,2054.82078,2053.06272,2054.50469,100,20.0
2024.01.11 22:00,2055.91991,2057.02688,2055.45535,2056.85379,100,20.0
2024.01.11 22:15,2055.72410,2056.01328,2055.41884,2055.90220,100,20.0
2024.01.11 22:30,2055.82338,2055.93474,2055.00453,2055.55644,100,20.0
2024.01.11 22:45,2055.99468,2056.37195,2055.31158,2056.18669,100,20.0
2024.01.11 23:00,2056.80408,2057.08395,2056.71872,2056.78580,100,20.0
2024.01.11 23:15,2056.47987,2057.38410,2055.99744,2057.25090,100,20.0
2024.01.11 23:30,2056.97475,2057.26516,2056.58382,2056.89377,100,20.0
2024.01.11 23:45,2056.90595,2057.18086,2055.95712,2056.01558,100,20.0
2024.01.12 00:00,2055.95927,2056.72944,2055.32797,2056.41032,100,20.0
2024.01.12 00:15,2056.03596,2056.14505,2055.84000,2056.04139,100,20.0
2024.01.12 00:30,2055.80873,2056.73530,2055.66821,2056.60983,100,20.0
2024.01.12 00:45,2056.07178,2056.30091,2055.25808,2055.85547,100,20.0
2024.01.12 01:00,2055.37124,2056.66485,2055.25756,2055.88991,100,20.0
2024.01.12 01:15,2055.87986,2055.94819,2055.79187,2055.80589,100,20.0
2024.01.12 01:30,2055.88916,2057.86422,2055.85370,2057.20577,100,20.0
2024.01.12 01:45,2058.31113,2058.62077,2058.24084,2058.31717,100,20.0
2024.01.12 02:00,2057.91826,2058.12786,2057.41979,2058.03447,100,20.0
2024.01.12 02:15,2057.48723,2057.69987,2057.17430,2057.32007,100,20.0
2024.01.12 02:30,2056.93135,2056.99893,2055.53469,2056.08030,100,20.0
2024.01.12 02:45,2056.00214,2056.88164,2054.83786,2054.94793,100,20.0
2024.01.12 03:00,2056.06815,2056.17337,2055.11193,2055.71074,100,20.0
2024.01.12 03:15,2055.48481,2055.86720,2054.52270,2055.70235,100,20.0
2024.01.12 03:30,2056.57294,2056.77677,2055.94487,2056.12287,100,20.0
2024.01.12 03:45,2056.66192,2056.66935,2055.60615,2056.04405,100,20.0
2024.01.12 04:00,2055.74694,2056.71135,2055.45868,2056.32724,100,20.0
2024.01.12 04:15,2056.18881,2056.37988,2055.66070,2055.95489,100,20.0
2024.01.12 04:30,2054.97905,2055.03360,2054.38450,2054.67260,100,20.0
2024.01.12 04:45,2054.91486,2055.69897,2054.78650,2055.35961,100,20.0
2024.01.12 05:00,2055.50932,2056.39729,2054.88467,2056.11049,100,20.0
2024.01.12 05:15,2056.68340,2056.83331,2055.87440,2056.44271,100,20.0
2024.01.12 05:30,2056.63228,2056.94765,2056.22596,2056.85426,100,20.0
2024.01.12 05:45,2056.89018,2057.13135,2056.52256,2057.06671,100,20.0
2024.01.12 06:00,2056.26640,2056.37469,2054.74227,2054.95159,100,20.0
2024.01.12 06:15,2055.02854,2055.36765,2054.13390,2054.83302,100,20.0
2024.01.12 06:30,2054.51744,2055.33361,2053.60157,2055.05884,100,20.0
2024.01.12 06:45,2054.55650,2054.66960,2054.24239,2054.66042,100,20.0
2024.01.12 07:00,2055.35579,2055.72582,2054.51259,2054.77000,100,20.0
2024.01.12 07:15,2054.89379,2055.27912,2054.17495,2054.98966,100,20.0
2024.01.12 07:30,2054.72246,2055.14547,2054.33239,2054.94626,100,20.0
2024.01.12 07:45,2054.23464,2054.50703,2053.92694,2053.96550,100,20.0
2024.01.12 08:00,2054.41088,2054.81222,2054.32577,2054.46103,100,20.0
2024.01.12 08:15,2054.01036,2055.46184,2053.87928,2055.39912,100,20.0
2024.01.12 08:30,2056.26414,2057.50682,2055.77168,2057.15419,100,20.0
2024.01.12 08:45,2057.19088,2057.54056,2056.79305,2057.07804,100,20.0
2024.01.12 09:00,2056.91934,2057.12886,2055.54774,2055.99431,100,20.0
2024.01.12 09:15,2055.64025,2056.15134,2054.66544,2055.55970,100,20.0
2024.01.12 09:30,2056.00835,2056.55313,2055.65456,2056.47310,100,20.0
2024.01.12 09:45,2056.83426,2057.24931,2056.15678,2056.53145,100,20.0
2024.01.12 10:00,2055.20194,2055.56007,2054.50788,2054.55522,100,20.0
2024.01.12 10:15,2054.88502,2055.27770,2054.46336,2054.53608,100,20.0
2024.01.12 10:30,2054.63777,2054.73406,2053.94459,2054.36848,100,20.0
2024.01.12 10:45,2054.32861,2054.57569,2053.42026,2053.75722,100,20.0
2024.01.12 11:00,2052.30541,2052.48753,2051.43118,2052.15401,100,20.0
2024.01.12 11:15,2051.75478,2052.35819,2051.05151,2052.20289,100,20.0
2024.01.12 11:30,2052.81760,2053.13524,2052.58459,2052.65049,100,20.0
2024.01.12 11:45,2052.85103,2053.88687,2052.68713,2053.21590,100,20.0
2024.01.12 12:00,2053.20878,2055.00063,2053.01585,2054.45570,100,20.0
2024.01.12 12:15,2055.04107,2055.74988,2054.39313,2054.75226,100,20.0
2024.01.12 12:30,2054.70344,2054.74326,2053.89519,2053.89746,100,20.0
2024.01.12 12:45,2055.08674,2055.39241,2054.86492,2055.35375,100,20.0
2024.01.12 13:00,2055.33908,2055.90279,2055.02394,2055.07989,100,20.0
2024.01.12 13:15,2054.64845,2054.95583,2054.04909,2054.31190,100,20.0
2024.01.12 13:30,2054.11928,2054.26012,2053.77230,2053.88073,100,20.0
2024.01.12 13:45,2054.42165,2054.71894,2053.85064,2054.35053,100,20.0
2024.01.12 14:00,2053.81076,2053.92223,2053.53318,2053.87303,100,20.0
2024.01.12 14:15,2053.77346,2053.92928,2052.86232,2053.35637,100,20.0
2024.01.12 14:30,2054.16212,2054.63227,2052.99219,2053.06353,100,20.0
2024.01.12 14:45,2052.08576,2052.76936,2052.06984,2052.65446,100,20.0
2024.01.12 15:00,2052.70099,2053.03634,2051.47906,2052.07145,100,20.0
2024.01.12 15:15,2051.56811,2052.79634,2051.54880,2052.45123,100,20.0
2024.01.12 15:30,2052.03101,2052.08100,2051.44122,2051.61011,100,20.0
2024.01.12 15:45,2052.00104,2053.21582,2051.88503,2052.93202,100,20.0
2024.01.12 16:00,2052.46169,2052.52535,2051.12309,2051.58744,100,20.0
2024.01.12 16:15,2051.56091,2052.12913,2051.44789,2051.97140,100,20.0
2024.01.12 16:30,2051.18750,2051.92529,2050.98499,2051.89502,100,20.0
2024.01.12 16:45,2052.68265,2053.30015,2052.35772,2052.98075,100,20.0
2024.01.12 17:00,2052.27659,2052.60208,2051.65212,2051.78319,100,20.0
2024.01.12 17:15,2053.05949,2054.36213,2052.99578,2054.11141,100,20.0
2024.01.12 17:30,2053.93941,2054.40195,2053.83014,2054.20758,100,20.0
2024.01.12 17:45,2054.34529,2054.88514,2053.87991,2054.69914,100,20.0
2024.01.12 18:00,2054.82616,2054.98366,2054.33558,2054.38194,100,20.0
2024.01.12 18:15,2054.56128,2055.10926,2053.55963,2053.77236,100,20.0
2024.01.12 18:30,2054.11967,2054.58104,2054.06830,2054.20225,100,20.0
2024.01.12 18:45,2054.24553,2054.61526,2053.80819,2053.89594,100,20.0
2024.01.12 19:00,2053.70070,2055.12605,2053.68243,2053.94003,100,20.0
2024.01.12 19:15,2053.85591,2054.89213,2053.78564,2054.51695,100,20.0
2024.01.12 19:30,2054.84851,2055.06435,2054.21386,2054.70650,100,20.0
2024.01.12 19:45,2055.04352,2055.15652,2053.50756,2054.26975,100,20.0
2024.01.12 20:00,2055.54436,2056.66680,2055.33564,2055.90033,100,20.0
2024.01.12 20:15,2055.80096,2055.94167,2054.91925,2055.31762,100,20.0
2024.01.12 20:30,2055.04518,2055.23432,2054.62078,2054.73869,100,20.0
2024.01.12 20:45,2054.48703,2055.59086,2054.15367,2054.92956,100,20.0
2024.01.12 21:00,2054.42168,2054.84333,2054.16887,2054.47480,100,20.0
2024.01.12 21:15,2055.74347,2056.16254,2055.73373,2055.91311,100,20.0
2024.01.12 21:30,2055.80485,2056.07358,2055.56846,2055.98760,100,20.0
2024.01.12 21:45,2056.61171,2057.07846,2056.45124,2056.73832,100,20.0
2024.01.12 22:00,2056.52980,2057.79210,2056.30484,2057.18505,100,20.0
2024.01.12 22:15,2057.16138,2057.72883,2057.04006,2057.61970,100,20.0
2024.01.12 22:30,2058.11570,2058.24179,2057.88410,2058.06496,100,20.0
2024.01.12 22:45,2057.86630,2059.41389,2057.78347,2058.58535,100,20.0
2024.01.12 23:00,2058.82267,2059.00969,2058.60407,2058.95787,100,20.0
2024.01.12 23:15,2057.94398,2058.14774,2057.76323,2058.11527,100,20.0
2024.01.12 23:30,2058.95418,2059.13678,2058.24155,2059.09851,100,20.0
2024.01.12 23:45,2059.31887,2059.98453,2058.98553,2059.36965,100,20.0
2024.01.13 00:00,2060.10340,2060.69037,2060.08524,2060.67824,100,20.0
2024.01.13 00:15,2060.57530,2061.25500,2060.22926,2060.45595,100,20.0
2024.01.13 00:30,2061.05644,2061.37945,2061.04877,2061.32915,100,20.0
2024.01.13 00:45,2060.52781,2060.73539,2060.52164,2060.71197,100,20.0
2024.01.13 01:00,2060.09176,2060.32003,2059.50749,2059.89066,100,20.0
2024.01.13 01:15,2059.99858,2061.47246,2059.79608,2060.68159,100,20.0
2024.01.13 01:30,2060.64390,2060.77337,2059.74688,2059.85322,100,20.0
2024.01.13 01:45,2059.45521,2060.36064,2058.97620,2060.09901,100,20.0
2024.01.13 02:00,2060.51184,2060.60427,2060.23639,2060.54467,100,20.0
2024.01.13 02:15,2060.55914,2060.74859,2059.69357,2060.34450,100,20.0
2024.01.13 02:30,2061.15900,2061.18464,2060.52609,2060.77189,100,20.0
2024.01.13 02:45,2060.19915,2060.86636,2059.34904,2060.16204,100,20.0
2024.01.13 03:00,2060.61398,2061.61148,2060.58815,2061.38614,100,20.0
2024.01.13 03:15,2061.02415,2061.35409,2059.93793,2060.11006,100,20.0
2024.01.13 03:30,2060.53768,2060.74332,2059.84913,2060.08575,100,20.0
2024.01.13 03:45,2061.64504,2062.18091,2061.32708,2061.94771,100,20.0
2024.01.13 04:00,2062.22812,2062.58627,2061.82892,2062.07263,100,20.0
2024.01.13 04:15,2062.03894,2062.25113,2061.10578,2061.42468,100,20.0
2024.01.13 04:30,2061.30123,2061.78529,2061.06362,2061.44764,100,20.0
2024.01.13 04:45,2061.66138,2062.03535,2061.44983,2061.92411,100,20.0
2024.01.13 05:00,2060.65145,2060.75271,2059.81633,2060.20176,100,20.0
2024.01.13 05:15,2060.50559,2060.51544,2059.71587,2060.00708,100,20.0
2024.01.13 05:30,2060.38931,2060.58680,2059.77330,2060.24897,100,20.0
2024.01.13 05:45,2059.80730,2060.59464,2058.62117,2058.68923,100,20.0
2024.01.13 06:00,2059.22176,2059.65154,2058.96241,2059.51239,100,20.0
2024.01.13 06:15,2059.36209,2059.38354,2058.98683,2059.22147,100,20.0
2024.01.13 06:30,2059.74943,2060.13673,2058.81126,2059.34814,100,20.0
2024.01.13 06:45,2059.36406,2059.59973,2058.36668,2058.43037,100,20.0
2024.01.13 07:00,2057.87850,2058.58322,2057.12334,2057.80891,100,20.0
2024.01.13 07:15,2058.29553,2058.93854,2057.91973,2058.60956,100,20.0
2024.01.13 07:30,2059.22053,2060.16374,2058.67925,2059.50051,100,20.0
2024.01.13 07:45,2059.12103,2059.89218,2059.03608,2059.68564,100,20.0
2024.01.13 08:00,2059.74619,2060.18040,2059.49986,2059.74998,100,20.0
2024.01.13 08:15,2061.18555,2062.28674,2060.85106,2061.68858,100,20.0
2024.01.13 08:30,2061.12568,2061.60482,2060.76700,2061.51851,100,20.0
2024.01.13 08:45,2062.45040,2062.58978,2062.02472,2062.34714,100,20.0
2024.01.13 09:00,2061.44449,2061.91294,2061.20221,2061.86240,100,20.0
2024.01.13 09:15,2062.38787,2062.60080,2062.18958,2062.40431,100,20.0
2024.01.13 09:30,2063.55972,2064.22854,2063.53609,2063.99488,100,20.0
2024.01.13 09:45,2064.09910,2065.03952,2063.41389,2064.66700,100,20.0
2024.01.13 10:00,2064.59117,2064.59139,2063.89323,2064.25495,100,20.0
2024.01.13 10:15,2064.48178,2064.80423,2064.10327,2064.60142,100,20.0
2024.01.13 10:30,2063.75809,2063.78491,2063.25576,2063.26433,100,20.0
2024.01.13 10:45,2063.41887,2063.81347,2063.21168,2063.35587,100,20.0
2024.01.13 11:00,2062.20601,2063.11943,2061.86475,2063.05590,100,20.0
2024.01.13 11:15,2063.31026,2063.43250,2062.73543,2063.20879,100,20.0
2024.01.13 11:30,2064.43008,2065.51019,2064.15003,2065.46809,100,20.0
2024.01.13 11:45,2066.35020,2066.74284,2065.50356,2066.43627,100,20.0
2024.01.13 12:00,2066.92340,2066.93972,2065.84342,2066.16894,100,20.0
2024.01.13 12:15,2066.46187,2066.61353,2066.29142,2066.38239,100,20.0
2024.01.13 12:30,2067.00985,2067.67728,2066.51189,2067.48402,100,20.0
2024.01.13 12:45,2067.62346,2069.00176,2067.55676,2068.10867,100,20.0
2024.01.13 13:00,2068.25477,2068.47801,2067.32576,2067.36717,100,20.0
2024.01.13 13:15,2068.29178,2068.83617,2068.18989,2068.63487,100,20.0
2024.01.13 13:30,2069.06120,2069.23586,2068.72897,2068.77683,100,20.0
2024.01.13 13:45,2069.23101,2069.97554,2068.98652,2069.77631,100,20.0
2024.01.13 14:00,2069.64798,2069.72205,2068.99523,2069.15786,100,20.0
2024.01.13 14:15,2070.97392,2070.98062,2070.35021,2070.71373,100,20.0
2024.01.13 14:30,2070.95499,2071.21732,2069.69104,2070.13054,100,20.0
2024.01.13 14:45,2070.43400,2071.01326,2069.92565,2070.68937,100,20.0
2024.01.13 15:00,2070.55388,2070.72447,2070.52805,2070.66360,100,20.0
2024.01.13 15:15,2071.62955,2072.08792,2071.39827,2071.76384,100,20.0
2024.01.13 15:30,2070.98062,2071.40791,2070.38131,2071.00250,100,20.0
2024.01.13 15:45,2070.79159,2072.48839,2070.46002,2071.83643,100,20.0
2024.01.13 16:00,2071.85859,2072.71112,2071.53974,2072.36705,100,20.0
2024.01.13 16:15,2071.63474,2071.79417,2071.31595,2071.52351,100,20.0
2024.01.13 16:30,2071.91462,2072.13365,2071.82475,2072.07360,100,20.0
2024.01.13 16:45,2071.37589,2071.79088,2071.00733,2071.71857,100,20.0
2024.01.13 17:00,2071.35128,2071.59120,2071.07960,2071.31819,100,20.0
2024.01.13 17:15,2071.87482,2073.21937,2071.84538,2072.80518,100,20.0
2024.01.13 17:30,2072.11736,2072.51339,2072.00200,2072.07235,100,20.0
2024.01.13 17:45,2072.33723,2072.95834,2072.22750,2072.60443,100,20.0
2024.01.13 18:00,2072.66572,2072.96415,2072.07283,2072.26781,100,20.0
2024.01.13 18:15,2073.18573,2073.44092,2072.98796,2072.98997,100,20.0
2024.01.13 18:30,2074.00851,2074.64710,2073.72530,2074.18374,100,20.0
2024.01.13 18:45,2074.60858,2075.01400,2074.42182,2074.57564,100,20.0
2024.01.13 19:00,2073.64059,2074.60594,2073.46594,2074.17821,100,20.0
2024.01.13 19:15,2073.94308,2074.46288,2073.87452,2074.29864,100,20.0
2024.01.13 19:30,2073.88794,2074.52068,2071.86438,2072.62342,100,20.0
2024.01.13 19:45,2072.85906,2073.69098,2072.29274,2072.60069,100,20.0
2024.01.13 20:00,2072.28037,2072.56233,2071.87542,2072.14364,100,20.0
2024.01.13 20:15,2072.69597,2073.25198,2072.08774,2072.21015,100,20.0
2024.01.13 20:30,2072.73767,2072.97966,2071.83593,2071.87563,100,20.0
2024.01.13 20:45,2071.45684,2071.81404,2070.89942,2071.68353,100,20.0
2024.01.13 21:00,2071.57864,2072.01309,2071.36004,2071.87854,100,20.0
2024.01.13 21:15,2071.08456,2071.54336,2070.82817,2071.53136,100,20.0
2024.01.13 21:30,2071.63607,2071.93967,2070.03215,2070.58493,100,20.0
2024.01.13 21:45,2071.38633,2071.66046,2071.10619,2071.62150,100,20.0
2024.01.13 22:00,2071.23122,2071.23145,2071.06461,2071.19183,100,20.0
2024.01.13 22:15,2070.99094,2071.24126,2070.86000,2070.97337,100,20.0
2024.01.13 22:30,2071.89257,2071.91662,2071.09516,2071.61476,100,20.0
2024.01.13 22:45,2072.25952,2072.27630,2070.62641,2071.21400,100,20.0
2024.01.13 23:00,2072.15515,2072.80886,2071.40707,2072.01492,100,20.0
2024.01.13 23:15,2071.20956,2071.51564,2070.26844,2070.68316,100,20.0
2024.01.13 23:30,2070.86848,2070.91762,2070.14012,2070.50605,100,20.0
2024.01.13 23:45,2070.34081,2072.03892,2069.61169,2070.81237,100,20.0
2024.01.14 00:00,2071.56025,2072.23656,2071.40668,2072.19537,100,20.0
2024.01.14 00:15,2071.99821,2072.18596,2071.77351,2071.98202,100,20.0
2024.01.14 00:30,2072.47479,2072.83867,2072.32246,2072.52149,100,20.0
2024.01.14 00:45,2073.06613,2073.56709,2072.94202,2073.50782,100,20.0
2024.01.14 01:00,2072.99187,2073.38637,2072.12508,2072.22734,100,20.0
2024.01.14 01:15,2071.91394,2072.27260,2071.51991,2071.99558,100,20.0
2024.01.14 01:30,2072.71291,2073.14802,2071.83630,2072.30314,100,20.0
2024.01.14 01:45,2071.66556,2071.74408,2071.34632,2071.52688,100,20.0
2024.01.14 02:00,2071.68197,2072.43761,2070.88112,2071.17868,100,20.0
2024.01.14 02:15,2070.40721,2070.59202,2069.99416,2070.07448,100,20.0
2024.01.14 02:30,2069.51845,2069.84277,2069.27293,2069.63826,100,20.0
2024.01.14 02:45,2070.02388,2070.06973,2069.15416,2069.45783,100,20.0
2024.01.14 03:00,2069.78408,2069.88637,2069.42337,2069.56850,100,20.0
2024.01.14 03:15,2069.88206,2070.82561,2069.48068,2070.50718,100,20.0
2024.01.14 03:30,2069.98085,2070.40401,2069.71406,2070.16673,100,20.0
2024.01.14 03:45,2070.15094,2070.29708,2069.99778,2070.00202,100,20.0
2024.01.14 04:00,2070.92519,2071.35097,2070.44923,2071.19479,100,20.0
2024.01.14 04:15,2070.86437,2071.04651,2069.88584,2070.31041,100,20.0
2024.01.14 04:30,2070.59528,2071.95813,2070.51715,2071.28397,100,20.0
2024.01.14 04:45,2071.10664,2071.77439,2069.65768,2070.14650,100,20.0
2024.01.14 05:00,2069.85717,2071.11885,2069.80190,2070.34660,100,20.0
2024.01.14 05:15,2070.41267,2071.09766,2070.20734,2070.68505,100,20.0
2024.01.14 05:30,2070.76479,2071.20730,2070.57797,2070.69300,100,20.0
2024.01.14 05:45,2069.97480,2070.24304,2069.52199,2069.53964,100,20.0
2024.01.14 06:00,2068.53712,2068.74126,2068.00963,2068.06521,100,20.0
2024.01.14 06:15,2068.31161,2069.01091,2068.18981,2068.31409,100,20.0
2024.01.14 06:30,2068.01304,2068.33911,2067.17492,2067.66326,100,20.0
2024.01.14 06:45,2068.82401,2069.02166,2068.51006,2068.51162,100,20.0
2024.01.14 07:00,2068.71484,2069.86843,2068.37297,2069.42622,100,20.0
2024.01.14 07:15,2070.12985,2070.36876,2068.12927,2068.89821,100,20.0
2024.01.14 07:30,2068.49123,2068.58749,2067.96273,2068.41865,100,20.0
2024.01.14 07:45,2068.93988,2069.39652,2068.78927,2069.08643,100,20.0
2024.01.14 08:00,2069.89193,2070.40265,2069.63058,2070.36634,100,20.0
2024.01.14 08:15,2071.12847,2071.55748,2070.62862,2071.37375,100,20.0
2024.01.14 08:30,2071.91280,2072.57050,2071.45145,2072.29543,100,20.0
2024.01.14 08:45,2072.66107,2073.05629,2072.59185,2072.84244,100,20.0
2024.01.14 09:00,2074.00384,2074.31591,2073.64899,2073.90867,100,20.0
2024.01.14 09:15,2073.13120,2073.15814,2072.11471,2072.14030,100,20.0
2024.01.14 09:30,2071.30087,2072.67918,2071.24782,2072.45856,100,20.0
2024.01.14 09:45,2072.44684,2072.78616,2071.52369,2072.00221,100,20.0
2024.01.14 10:00,2072.66675,2072.68254,2072.17803,2072.29651,100,20.0
2024.01.14 10:15,2072.35431,2073.04453,2072.34790,2072.59724,100,20.0
2024.01.14 10:30,2072.42478,2072.61485,2072.28543,2072.41533,100,20.0
2024.01.14 10:45,2072.66483,2074.03316,2072.22386,2073.96852,100,20.0
2024.01.14 11:00,2073.94028,2074.00652,2073.56543,2073.86428,100,20.0
2024.01.14 11:15,2074.84936,2075.84189,2074.62744,2075.60418,100,20.0
2024.01.14 11:30,2076.05064,2076.09460,2074.63771,2075.17515,100,20.0
2024.01.14 11:45,2074.76409,2075.26506,2074.38113,2074.68367,100,20.0
2024.01.14 12:00,2074.52705,2074.79574,2074.43606,2074.63109,100,20.0
2024.01.14 12:15,2074.49846,2074.92579,2073.72967,2074.34947,100,20.0
2024.01.14 12:30,2074.48158,2074.55668,2074.23286,2074.42038,100,20.0
2024.01.14 12:45,2075.23074,2075.29903,2074.95309,2075.19439,100,20.0
2024.01.14 13:00,2074.74067,2075.10564,2074.40769,2074.51316,100,20.0
2024.01.14 13:15,2075.24967,2075.34286,2074.90512,2075.04596,100,20.0
2024.01.14 13:30,2074.16534,2075.95120,2073.88537,2075.04894,100,20.0
2024.01.14 13:45,2076.42828,2076.45153,2076.04670,2076.24654,100,20.0
2024.01.14 14:00,2076.27369,2076.45931,2075.91284,2076.14338,100,20.0
2024.01.14 14:15,2076.17015,2076.98621,2076.09784,2076.89297,100,20.0
2024.01.14 14:30,2076.34836,2076.58956,2076.30281,2076.30400,100,20.0
2024.01.14 14:45,2076.64120,2076.91678,2076.37915,2076.50133,100,20.0
2024.01.14 15:00,2077.01233,2077.17367,2076.72374,2077.02050,100,20.0
2024.01.14 15:15,2076.60565,2076.90987,2076.19942,2076.89474,100,20.0
2024.01.14 15:30,2076.91406,2077.31751,2076.55146,2076.74451,100,20.0
2024.01.14 15:45,2076.87983,2077.25762,2075.37519,2075.97710,100,20.0
2024.01.14 16:00,2076.22794,2076.39508,2075.89606,2076.11682,100,20.0
2024.01.14 16:15,2076.81572,2077.05555,2076.46345,2076.69124,100,20.0
2024.01.14 16:30,2076.61646,2076.92175,2075.29167,2075.92214,100,20.0
2024.01.14 16:45,2077.05735,2077.57110,2076.94600,2077.00478,100,20.0
2024.01.14 17:00,2077.10549,2077.55472,2077.03953,2077.43239,100,20.0
2024.01.14 17:15,2077.98929,2078.32927,2077.54243,2077.73358,100,20.0
2024.01.14 17:30,2078.10747,2078.14920,2077.96189,2078.06521,100,20.0
2024.01.14 17:45,2078.44127,2078.64829,2077.55899,2078.04017,100,20.0
2024.01.14 18:00,2078.48440,2079.18453,2078.31425,2078.95670,100,20.0
2024.01.14 18:15,2078.41752,2078.57752,2077.40046,2077.93562,100,20.0
2024.01.14 18:30,2077.34277,2077.57903,2076.87340,2077.10569,100,20.0
2024.01.14 18:45,2076.94757,2078.52889,2076.76196,2077.97589,100,20.0
2024.01.14 19:00,2077.21449,2077.52688,2077.01435,2077.03537,100,20.0
2024.01.14 19:15,2077.10144,2077.45487,2075.96357,2076.22940,100,20.0
2024.01.14 19:30,2076.45375,2077.58559,2075.87201,2077.37230,100,20.0
2024.01.14 19:45,2077.59674,2079.12724,2077.23485,2078.60905,100,20.0
2024.01.14 20:00,2079.12739,2079.65748,2078.92601,2079.37019,100,20.0
2024.01.14 20:15,2080.66671,2081.23080,2079.20331,2079.71367,100,20.0
2024.01.14 20:30,2080.00473,2080.40004,2079.82414,2080.01938,100,20.0
2024.01.14 20:45,2080.59523,2080.98058,2080.09095,2080.68568,100,20.0
2024.01.14 21:00,2081.80534,2082.52566,2081.46037,2081.91584,100,20.0
2024.01.14 21:15,2081.84715,2082.81634,2081.72863,2082.49176,100,20.0
2024.01.14 21:30,2081.78717,2082.32980,2081.75363,2081.85698,100,20.0
2024.01.14 21:45,2081.54735,2082.38915,2081.38050,2081.96380,100,20.0
2024.01.14 22:00,2081.59703,2082.09273,2081.59524,2081.77285,100,20.0
2024.01.14 22:15,2083.00093,2083.22988,2082.41752,2082.67457,100,20.0
2024.01.14 22:30,2083.09811,2083.62496,2082.40403,2083.57325,100,20.0
2024.01.14 22:45,2082.07776,2082.27251,2081.99598,2082.08478,100,20.0
2024.01.14 23:00,2081.56526,2081.64893,2080.83059,2080.86116,100,20.0
2024.01.14 23:15,2081.60795,2082.17620,2081.25847,2082.17266,100,20.0
2024.01.14 23:30,2081.59845,2082.20516,2081.07569,2081.19140,100,20.0
2024.01.14 23:45,2080.86515,2081.43029,2080.22777,2081.20358,100,20.0
2024.01.15 00:00,2080.72445,2080.77346,2079.64470,2080.60393,100,20.0
2024.01.15 00:15,2080.75935,2081.46715,2080.56341,2081.44928,100,20.0
2024.01.15 00:30,2081.06925,2081.23254,2080.82097,2080.92743,100,20.0
2024.01.15 00:45,2081.04401,2082.59613,2080.65078,2081.72014,100,20.0
2024.01.15 01:00,2081.31510,2081.57534,2080.62018,2081.16336,100,20.0
2024.01.15 01:15,2081.11050,2081.41055,2080.02901,2080.66437,100,20.0
2024.01.15 01:30,2080.76904,2081.62953,2080.54747,2081.33931,100,20.0
2024.01.15 01:45,2081.11829,2082.08742,2080.98318,2081.17165,100,20.0
2024.01.15 02:00,2081.14411,2082.07536,2080.85868,2081.87969,100,20.0
2024.01.15 02:15,2081.18017,2081.44531,2080.72240,2080.95642,100,20.0
2024.01.15 02:30,2081.03805,2081.24869,2080.42416,2081.22355,100,20.0
2024.01.15 02:45,2080.84249,2081.19937,2080.28620,2080.54953,100,20.0
2024.01.15 03:00,2081.55628,2082.24127,2081.07347,2081.87911,100,20.0
2024.01.15 03:15,2081.51712,2082.57320,2081.26651,2082.42240,100,20.0
2024.01.15 03:30,2082.71658,2082.79536,2082.12866,2082.56510,100,20.0
2024.01.15 03:45,2082.66770,2083.49584,2082.42797,2083.45485,100,20.0
2024.01.15 04:00,2082.83582,2082.87422,2082.39214,2082.77664,100,20.0
2024.01.15 04:15,2081.90881,2082.31169,2081.59428,2081.72360,100,20.0
2024.01.15 04:30,2082.70084,2083.24088,2082.00749,2082.96647,100,20.0
2024.01.15 04:45,2082.55206,2082.58765,2082.40458,2082.46985,100,20.0
2024.01.15 05:00,2082.23026,2083.01522,2081.87916,2082.63703,100,20.0
2024.01.15 05:15,2083.12575,2083.22495,2082.29343,2082.37877,100,20.0
2024.01.15 05:30,2083.06115,2083.52657,2082.47936,2083.17571,100,20.0
2024.01.15 05:45,2083.59214,2083.80707,2083.40653,2083.54570,100,20.0
2024.01.15 06:00,2083.11122,2083.43077,2082.82961,2083.05367,100,20.0
2024.01.15 06:15,2082.23725,2083.19183,2082.07116,2082.94378,100,20.0
2024.01.15 06:30,2082.92656,2083.66992,2082.11779,2083.25366,100,20.0
2024.01.15 06:45,2081.57542,2082.05555,2080.75288,2080.90537,100,20.0
2024.01.15 07:00,2081.36504,2082.01510,2081.28322,2081.68912,100,20.0
2024.01.15 07:15,2081.11944,2081.15926,2080.67732,2080.77420,100,20.0
2024.01.15 07:30,2080.75600,2081.36090,2080.49866,2080.59834,100,20.0
2024.01.15 07:45,2080.33352,2080.54817,2079.72846,2080.46011,100,20.0
2024.01.15 08:00,2080.17667,2080.79499,2079.63820,2080.57473,100,20.0
2024.01.15 08:15,2080.43430,2080.81561,2079.96377,2080.31806,100,20.0
2024.01.15 08:30,2080.28492,2080.48509,2079.72369,2080.06828,100,20.0
2024.01.15 08:45,2079.27982,2079.59307,2078.74422,2079.28124,100,20.0
2024.01.15 09:00,2080.15165,2080.60398,2078.96228,2079.23124,100,20.0
2024.01.15 09:15,2078.78250,2079.04539,2078.72317,2078.98640,100,20.0
2024.01.15 09:30,2079.33176,2080.40022,2078.69803,2079.17286,100,20.0
2024.01.15 09:45,2080.08787,2080.14470,2079.47129,2079.52109,100,20.0
2024.01.15 10:00,2079.62875,2079.74707,2078.52825,2078.80094,100,20.0
2024.01.15 10:15,2078.83576,2078.87191,2078.66274,2078.82062,100,20.0
2024.01.15 10:30,2078.80970,2078.87202,2078.66742,2078.70983,100,20.0
2024.01.15 10:45,2077.88080,2078.19707,2077.77136,2078.17764,100,20.0
2024.01.15 11:00,2077.84346,2077.93466,2077.00258,2077.23446,100,20.0
2024.01.15 11:15,2077.29507,2077.60470,2076.20437,2076.78400,100,20.0
2024.01.15 11:30,2076.97618,2078.32038,2076.64370,2077.38017,100,20.0
2024.01.15 11:45,2078.16217,2079.14702,2078.11089,2078.53867,100,20.0
2024.01.15 12:00,2079.18883,2079.45493,2078.36480,2078.75993,100,20.0
2024.01.15 12:15,2078.19313,2078.98369,2077.37422,2077.38609,100,20.0
2024.01.15 12:30,2077.49188,2077.67806,2077.27927,2077.47856,100,20.0
2024.01.15 12:45,2077.26925,2078.46187,2076.97671,2078.02763,100,20.0
2024.01.15 13:00,2077.68075,2077.98530,2076.75629,2077.42930,100,20.0
2024.01.15 13:15,2077.80109,2078.07270,2077.71321,2077.82762,100,20.0
2024.01.15 13:30,2078.12044,2078.22750,2077.80148,2077.80534,100,20.0
2024.01.15 13:45,2077.53309,2078.45290,2077.50161,2078.43899,100,20.0
2024.01.15 14:00,2078.88962,2079.83402,2078.32872,2079.31211,100,20.0
2024.01.15 14:15,2079.31585,2079.48096,2079.11938,2079.38458,100,20.0
2024.01.15 14:30,2081.12401,2081.20203,2080.01561,2080.59503,100,20.0
2024.01.15 14:45,2080.00516,2080.31085,2079.48641,2079.51811,100,20.0
2024.01.15 15:00,2079.84144,2079.94870,2078.76002,2079.16191,100,20.0
2024.01.15 15:15,2078.11783,2078.53519,2077.40003,2077.58113,100,20.0
2024.01.15 15:30,2077.25015,2077.75954,2077.00505,2077.73170,100,20.0
2024.01.15 15:45,2077.33085,2078.59579,2076.51525,2077.92155,100,20.0
2024.01.15 16:00,2077.65609,2078.50504,2077.35478,2078.26445,100,20.0
2024.01.15 16:15,2077.11106,2077.61890,2076.69496,2076.78407,100,20.0
2024.01.15 16:30,2076.49760,2076.90884,2076.14263,2076.55210,100,20.0
2024.01.15 16:45,2076.28715,2076.48049,2075.60242,2075.86006,100,20.0
2024.01.15 17:00,2076.58004,2076.72932,2076.32055,2076.42608,100,20.0
2024.01.15 17:15,2076.07296,2077.35152,2076.01960,2076.83262,100,20.0
2024.01.15 17:30,2076.59350,2077.87381,2076.36291,2076.96257,100,20.0
2024.01.15 17:45,2077.31106,2078.22530,2077.28982,2077.77925,100,20.0
2024.01.15 18:00,2078.51531,2078.80234,2077.31858,2077.68421,100,20.0
2024.01.15 18:15,2077.28789,2078.25836,2076.44238,2076.47600,100,20.0
2024.01.15 18:30,2075.46343,2075.71610,2074.36470,2074.60347,100,20.0
2024.01.15 18:45,2074.07832,2074.46357,2073.24563,2073.67200,100,20.0
2024.01.15 19:00,2073.83880,2074.21316,2073.79774,2074.19495,100,20.0
2024.01.15 19:15,2074.99431,2075.30677,2074.83891,2074.94891,100,20.0
2024.01.15 19:30,2075.39024,2075.56499,2074.52129,2075.06186,100,20.0
2024.01.15 19:45,2074.42833,2074.99590,2073.71653,2074.67373,100,20.0
2024.01.15 20:00,2074.32127,2074.73894,2074.29331,2074.71623,100,20.0
2024.01.15 20:15,2074.74426,2074.99383,2074.68402,2074.96919,100,20.0
2024.01.15 20:30,2074.47342,2075.77340,2074.35369,2075.49315,100,20.0
2024.01.15 20:45,2076.06745,2076.21038,2075.76015,2076.05495,100,20.0
2024.01.15 21:00,2076.47401,2077.41987,2076.40605,2076.91448,100,20.0
2024.01.15 21:15,2076.95636,2077.29827,2076.63343,2076.77272,100,20.0
2024.01.15 21:30,2076.75053,2077.06081,2076.47271,2076.92189,100,20.0
2024.01.15 21:45,2077.14512,2077.71016,2075.66254,2076.44009,100,20.0
2024.01.15 22:00,2077.85740,2078.21821,2077.52370,2077.59085,100,20.0
2024.01.15 22:15,2078.53998,2078.95951,2078.49883,2078.52178,100,20.0
2024.01.15 22:30,2079.71367,2080.08327,2078.93656,2079.23616,100,20.0
2024.01.15 22:45,2078.24161,2078.63703,2078.16455,2078.24738,100,20.0
2024.01.15 23:00,2078.17916,2078.24912,2077.46998,2077.57324,100,20.0
2024.01.15 23:15,2078.21219,2078.66571,2078.04821,2078.43361,100,20.0
2024.01.15 23:30,2078.96628,2079.58826,2078.77108,2079.02603,100,20.0
2024.01.15 23:45,2079.03472,2080.41834,2078.69786,2079.59671,100,20.0
2024.01.16 00:00,2079.05829,2079.12865,2077.92092,2077.98253,100,20.0
2024.01.16 00:15,2077.84044,2078.81637,2077.44170,2078.71977,100,20.0
2024.01.16 00:30,2077.89341,2079.22458,2077.74452,2078.14153,100,20.0
2024.01.16 00:45,2077.91877,2078.36296,2077.02274,2077.09555,100,20.0
2024.01.16 01:00,2077.84376,2077.96891,2076.58483,2077.13620,100,20.0
2024.01.16 01:15,2075.96681,2076.49186,2075.82763,2075.84028,100,20.0
2024.01.16 01:30,2075.55907,2075.83908,2074.84892,2075.13459,100,20.0
2024.01.16 01:45,2075.51782,2076.08755,2075.34804,2075.97469,100,20.0
2024.01.16 02:00,2076.10543,2076.76544,2076.06547,2076.66176,100,20.0
2024.01.16 02:15,2076.13603,2077.56041,2076.01641,2076.95041,100,20.0
2024.01.16 02:30,2076.28937,2076.91194,2075.99083,2076.47361,100,20.0
2024.01.16 02:45,2077.19809,2077.27727,2076.11995,2076.85274,100,20.0
2024.01.16 03:00,2076.23273,2076.63350,2075.77026,2076.41286,100,20.0
2024.01.16 03:15,2075.91488,2076.75189,2075.84019,2076.23384,100,20.0
2024.01.16 03:30,2075.54600,2075.84324,2075.44402,2075.56535,100,20.0
2024.01.16 03:45,2075.49730,2076.31841,2075.48250,2076.12323,100,20.0
2024.01.16 04:00,2076.80773,2077.25132,2076.03386,2076.28696,100,20.0
2024.01.16 04:15,2076.04004,2076.39491,2076.01450,2076.08393,100,20.0
2024.01.16 04:30,2076.30591,2076.50365,2075.60651,2076.02874,100,20.0
2024.01.16 04:45,2075.90650,2076.91195,2075.81513,2076.58145,100,20.0
2024.01.16 05:00,2076.42431,2076.54508,2075.76148,2075.90796,100,20.0
2024.01.16 05:15,2075.55642,2076.13507,2075.40464,2075.57915,100,20.0
2024.01.16 05:30,2076.30236,2076.97297,2075.39136,2075.77541,100,20.0
2024.01.16 05:45,2074.48181,2074.87919,2074.34434,2074.62537,100,20.0
2024.01.16 06:00,2074.54350,2074.57446,2074.29420,2074.36822,100,20.0
2024.01.16 06:15,2074.95374,2075.66634,2074.29883,2074.31061,100,20.0
2024.01.16 06:30,2074.06663,2074.85841,2073.96127,2074.61030,100,20.0
2024.01.16 06:45,2075.08720,2075.21909,2073.91479,2074.62364,100,20.0
2024.01.16 07:00,2074.69134,2075.20784,2074.68074,2074.84598,100,20.0
2024.01.16 07:15,2075.27208,2075.95258,2074.66459,2075.80247,100,20.0
2024.01.16 07:30,2076.37419,2076.74604,2076.02882,2076.59336,100,20.0
2024.01.16 07:45,2076.87461,2078.06761,2076.73272,2077.43156,100,20.0
2024.01.16 08:00,2078.98193,2079.20419,2078.03126,2078.22045,100,20.0
2024.01.16 08:15,2078.70678,2078.96569,2078.61707,2078.90825,100,20.0
2024.01.16 08:30,2079.48837,2079.76513,2078.98196,2079.74392,100,20.0
2024.01.16 08:45,2079.46858,2079.66173,2078.42650,2078.65875,100,20.0
2024.01.16 09:00,2079.14049,2079.99778,2078.94317,2079.97995,100,20.0
2024.01.16 09:15,2078.88209,2079.68222,2078.63232,2079.22919,100,20.0
2024.01.16 09:30,2079.29869,2079.65720,2078.21631,2078.63690,100,20.0
2024.01.16 09:45,2078.56503,2078.83238,2078.11976,2078.38274,100,20.0
2024.01.16 10:00,2078.62464,2079.11906,2077.98835,2078.67042,100,20.0
2024.01.16 10:15,2078.74304,2079.09121,2078.41027,2078.41831,100,20.0
2024.01.16 10:30,2078.38378,2078.54750,2077.56414,2077.72996,100,20.0
2024.01.16 10:45,2077.95548,2078.41573,2077.68293,2078.24630,100,20.0
2024.01.16 11:00,2078.73537,2079.25494,2077.76589,2078.18441,100,20.0
2024.01.16 11:15,2078.37414,2078.39844,2077.61346,2078.08329,100,20.0
2024.01.16 11:30,2077.54246,2077.85205,2077.52877,2077.55955,100,20.0
2024.01.16 11:45,2077.43114,2078.14706,2077.10879,2077.37270,100,20.0
2024.01.16 12:00,2077.43507,2077.75187,2077.00578,2077.25898,100,20.0
2024.01.16 12:15,2077.24810,2077.88730,2077.24397,2077.75773,100,20.0
2024.01.16 12:30,2077.99740,2078.51448,2077.29215,2078.29521,100,20.0
2024.01.16 12:45,2077.97321,2079.08701,2077.85703,2078.92985,100,20.0
2024.01.16 13:00,2079.65433,2079.89012,2079.40198,2079.61616,100,20.0
2024.01.16 13:15,2080.57241,2080.63806,2080.08595,2080.09103,100,20.0
2024.01.16 13:30,2080.14508,2080.40565,2079.41660,2079.64347,100,20.0
2024.01.16 13:45,2079.65133,2080.60309,2079.60982,2080.25035,100,20.0
2024.01.16 14:00,2080.65133,2081.51217,2080.27154,2080.57255,100,20.0
2024.01.16 14:15,2080.33998,2081.29013,2080.02897,2081.02996,100,20.0
2024.01.16 14:30,2080.91620,2081.17553,2080.16016,2080.61967,100,20.0
2024.01.16 14:45,2081.57653,2081.63548,2081.17156,2081.45397,100,20.0
2024.01.16 15:00,2082.37727,2083.44203,2082.33762,2083.22787,100,20.0
2024.01.16 15:15,2083.54667,2083.81140,2083.44991,2083.70290,100,20.0
2024.01.16 15:30,2082.63347,2083.15569,2082.55206,2083.08092,100,20.0
2024.01.16 15:45,2082.97283,2082.98854,2082.34453,2082.38775,100,20.0
2024.01.16 16:00,2082.14043,2082.21009,2081.28107,2081.39656,100,20.0
2024.01.16 16:15,2080.59107,2080.93975,2080.48681,2080.65274,100,20.0
2024.01.16 16:30,2080.44981,2080.86297,2080.12021,2080.39053,100,20.0
2024.01.16 16:45,2080.24554,2080.35810,2078.93369,2080.07398,100,20.0
2024.01.16 17:00,2080.05587,2081.32736,2079.88879,2080.94117,100,20.0
2024.01.16 17:15,2080.34801,2081.36017,2080.27734,2080.88224,100,20.0
2024.01.16 17:30,2082.52881,2083.04298,2082.00912,2082.24171,100,20.0
2024.01.16 17:45,2082.10410,2082.40973,2081.71641,2081.76953,100,20.0
2024.01.16 18:00,2081.87711,2081.89595,2081.48537,2081.68658,100,20.0
2024.01.16 18:15,2082.40101,2082.98491,2082.30201,2082.85762,100,20.0
2024.01.16 18:30,2082.63374,2083.09407,2082.08432,2082.36938,100,20.0
2024.01.16 18:45,2082.29769,2083.39520,2081.94018,2083.03771,100,20.0
2024.01.16 19:00,2083.69992,2083.85786,2082.74196,2082.95410,100,20.0
2024.01.16 19:15,2083.69726,2083.71069,2083.15309,2083.36673,100,20.0
2024.01.16 19:30,2082.49837,2082.53318,2081.39253,2082.06519,100,20.0
2024.01.16 19:45,2081.82907,2082.63511,2081.67272,2081.84313,100,20.0
2024.01.16 20:00,2082.31432,2083.02350,2081.73892,2082.01877,100,20.0
2024.01.16 20:15,2081.51795,2081.60939,2080.36184,2080.52914,100,20.0
2024.01.16 20:30,2079.84334,2080.39503,2079.07123,2079.92653,100,20.0
2024.01.16 20:45,2078.73067,2079.55456,2078.63016,2079.33759,100,20.0
2024.01.16 21:00,2079.57894,2079.98549,2078.75123,2078.84844,100,20.0
2024.01.16 21:15,2078.70689,2078.73143,2078.30534,2078.44544,100,20.0
2024.01.16 21:30,2078.37596,2079.18586,2078.09982,2078.50170,100,20.0
2024.01.16 21:45,2078.13611,2078.53586,2076.90212,2076.91593,100,20.0
2024.01.16 22:00,2077.12893,2077.34201,2075.85396,2076.60864,100,20.0
2024.01.16 22:15,2076.25882,2077.00176,2076.22178,2076.81276,100,20.0
2024.01.16 22:30,2078.04810,2078.74258,2077.92048,2078.54522,100,20.0
2024.01.16 22:45,2079.16806,2079.52587,2079.00691,2079.52019,100,20.0
2024.01.16 23:00,2078.39455,2079.05356,2078.32046,2078.77292,100,20.0
2024.01.16 23:15,2078.34219,2079.23028,2077.95056,2078.61811,100,20.0
2024.01.16 23:30,2078.73514,2079.30660,2078.10728,2078.49606,100,20.0
2024.01.16 23:45,2078.72195,2079.81476,2078.52572,2079.58525,100,20.0
2024.01.17 00:00,2079.83170,2080.56966,2079.15623,2079.36185,100,20.0
2024.01.17 00:15,2079.73534,2080.12706,2078.76635,2078.99226,100,20.0
2024.01.17 00:30,2079.01084,2079.07774,2078.71732,2078.77817,100,20.0
2024.01.17 00:45,2078.93159,2079.13730,2078.42243,2078.96751,100,20.0
2024.01.17 01:00,2078.66984,2078.86554,2078.41173,2078.78456,100,20.0
2024.01.17 01:15,2077.59703,2077.98037,2077.25968,2077.90584,100,20.0
2024.01.17 01:30,2077.57556,2078.11105,2077.06331,2077.51146,100,20.0
2024.01.17 01:45,2077.43622,2078.30235,2077.12931,2077.78706,100,20.0
2024.01.17 02:00,2077.14248,2077.84561,2076.55984,2077.45032,100,20.0
2024.01.17 02:15,2076.50806,2076.96997,2076.13563,2076.26986,100,20.0
2024.01.17 02:30,2077.05209,2077.49839,2076.42595,2076.59001,100,20.0
2024.01.17 02:45,2076.36476,2077.75790,2076.27441,2076.89438,100,20.0
2024.01.17 03:00,2077.74109,2078.06256,2076.89878,2077.08734,100,20.0
2024.01.17 03:15,2077.24335,2078.16013,2076.51608,2077.38312,100,20.0
2024.01.17 03:30,2078.56406,2079.23030,2077.29089,2077.99855,100,20.0
2024.01.17 03:45,2077.02033,2077.76413,2076.52704,2077.68278,100,20.0
2024.01.17 04:00,2078.36760,2078.54553,2076.73544,2077.38586,100,20.0
2024.01.17 04:15,2077.45563,2077.95072,2077.05438,2077.84316,100,20.0
2024.01.17 04:30,2076.91631,2077.00192,2075.61929,2076.08176,100,20.0
2024.01.17 04:45,2076.63418,2076.83706,2076.49725,2076.79741,100,20.0
2024.01.17 05:00,2076.08851,2076.74050,2075.13647,2076.40580,100,20.0
2024.01.17 05:15,2077.02010,2077.34954,2076.60082,2077.32511,100,20.0
2024.01.17 05:30,2076.84721,2078.08237,2076.56900,2077.82442,100,20.0
2024.01.17 05:45,2077.09513,2077.74823,2076.85466,2076.95384,100,20.0
2024.01.17 06:00,2076.53409,2076.65074,2076.38028,2076.47330,100,20.0
2024.01.17 06:15,2076.53931,2076.95469,2075.76348,2076.09671,100,20.0
2024.01.17 06:30,2076.13013,2076.73311,2074.99445,2076.71703,100,20.0
2024.01.17 06:45,2076.74442,2077.20787,2075.82433,2076.31767,100,20.0
2024.01.17 07:00,2076.79987,2077.48845,2076.67206,2076.89821,100,20.0
2024.01.17 07:15,2077.11275,2077.55413,2076.36028,2076.62372,100,20.0
2024.01.17 07:30,2076.62046,2077.39797,2076.48696,2076.90927,100,20.0
2024.01.17 07:45,2078.11766,2078.60846,2078.10720,2078.34767,100,20.0
2024.01.17 08:00,2078.12026,2078.82683,2077.79177,2078.54832,100,20.0
2024.01.17 08:15,2078.67641,2078.79275,2078.23413,2078.34586,100,20.0
2024.01.17 08:30,2079.63117,2080.59157,2079.59018,2080.32150,100,20.0
2024.01.17 08:45,2080.59518,2080.89246,2080.19316,2080.64939,100,20.0
2024.01.17 09:00,2081.26909,2081.44257,2081.07807,2081.15358,100,20.0
2024.01.17 09:15,2081.88806,2081.97197,2081.28614,2081.68837,100,20.0
2024.01.17 09:30,2081.83291,2082.09284,2081.60280,2081.61582,100,20.0
2024.01.17 09:45,2080.82010,2081.37478,2080.75594,2080.93495,100,20.0
2024.01.17 10:00,2081.19752,2081.55130,2080.75361,2081.14677,100,20.0
2024.01.17 10:15,2082.07606,2082.41326,2081.97613,2082.37539,100,20.0
2024.01.17 10:30,2082.20165,2083.18700,2081.97414,2082.66315,100,20.0
2024.01.17 10:45,2082.17484,2082.64105,2081.88294,2082.43724,100,20.0
2024.01.17 11:00,2083.30630,2084.45230,2082.80614,2083.96208,100,20.0
2024.01.17 11:15,2083.69880,2084.44899,2083.66558,2083.78094,100,20.0
2024.01.17 11:30,2084.52985,2084.74717,2084.12192,2084.50000,100,20.0
2024.01.17 11:45,2083.96680,2084.50892,2083.95875,2084.31746,100,20.0
2024.01.17 12:00,2085.17987,2085.20898,2084.76839,2085.13214,100,20.0
2024.01.17 12:15,2083.56553,2084.02947,2083.23365,2083.90691,100,20.0
2024.01.17 12:30,2084.01433,2085.48076,2083.68075,2085.41874,100,20.0
2024.01.17 12:45,2086.54377,2086.86272,2086.21705,2086.39632,100,20.0
2024.01.17 13:00,2086.70378,2087.06786,2085.99592,2086.60254,100,20.0
2024.01.17 13:15,2087.90303,2088.16073,2087.28306,2087.54414,100,20.0
2024.01.17 13:30,2088.27714,2088.34299,2087.85919,2088.25513,100,20.0
2024.01.17 13:45,2088.63129,2089.11626,2088.28525,2088.38173,100,20.0
2024.01.17 14:00,2088.59709,2089.27863,2087.81314,2088.90794,100,20.0
2024.01.17 14:15,2088.72798,2089.28284,2088.66579,2089.20764,100,20.0
2024.01.17 14:30,2089.41990,2089.59740,2089.00784,2089.47938,100,20.0
2024.01.17 14:45,2088.43266,2088.89664,2088.32340,2088.45466,100,20.0
2024.01.17 15:00,2089.02625,2089.21737,2087.39974,2088.33580,100,20.0
2024.01.17 15:15,2087.96871,2088.03974,2087.76694,2087.84786,100,20.0
2024.01.17 15:30,2088.20983,2088.51446,2088.04554,2088.09657,100,20.0
2024.01.17 15:45,2087.91751,2087.98339,2087.73608,2087.84162,100,20.0
2024.01.17 16:00,2088.27639,2088.83129,2087.72032,2088.39695,100,20.0
2024.01.17 16:15,2088.67134,2089.49294,2088.20401,2089.14865,100,20.0
2024.01.17 16:30,2089.38606,2089.51739,2088.50368,2088.88042,100,20.0
2024.01.17 16:45,2088.58841,2088.76201,2088.18283,2088.61715,100,20.0
2024.01.17 17:00,2088.40009,2088.60463,2088.29203,2088.31382,100,20.0
2024.01.17 17:15,2088.92823,2089.10010,2088.74568,2089.07872,100,20.0
2024.01.17 17:30,2088.83771,2089.11979,2088.11948,2089.01392,100,20.0
2024.01.17 17:45,2089.49593,2089.56093,2088.78450,2089.06008,100,20.0
2024.01.17 18:00,2089.71641,2089.79212,2088.67376,2089.00325,100,20.0
2024.01.17 18:15,2089.93888,2090.70471,2089.86461,2090.47446,100,20.0
2024.01.17 18:30,2089.36100,2089.86953,2089.13755,2089.23753,100,20.0
2024.01.17 18:45,2089.23571,2089.29243,2089.14860,2089.28578,100,20.0
2024.01.17 19:00,2089.75457,2089.82349,2088.63765,2089.47482,100,20.0
2024.01.17 19:15,2088.24768,2088.72066,2088.16087,2088.35264,100,20.0
2024.01.17 19:30,2089.24617,2089.43820,2088.62986,2088.80158,100,20.0
2024.01.17 19:45,2088.40633,2088.76230,2088.26633,2088.70743,100,20.0
2024.01.17 20:00,2088.71657,2089.59009,2088.65916,2089.32752,100,20.0
2024.01.17 20:15,2089.15304,2089.54879,2088.44287,2088.47460,100,20.0
2024.01.17 20:30,2089.13395,2090.43957,2088.98304,2089.96109,100,20.0
2024.01.17 20:45,2090.17507,2090.72782,2090.14409,2090.26398,100,20.0
2024.01.17 21:00,2089.27766,2089.72524,2088.15962,2088.29430,100,20.0
2024.01.17 21:15,2088.68679,2089.66282,2088.41668,2089.29904,100,20.0
2024.01.17 21:30,2088.19666,2088.48968,2088.07096,2088.28098,100,20.0
2024.01.17 21:45,2089.80046,2090.20865,2089.79082,2090.11218,100,20.0
2024.01.17 22:00,2091.44159,2092.03005,2091.41588,2092.02506,100,20.0
2024.01.17 22:15,2092.58367,2092.80970,2092.18641,2092.80090,100,20.0
2024.01.17 22:30,2092.48361,2092.69867,2092.32148,2092.33406,100,20.0
2024.01.17 22:45,2092.78779,2092.87989,2091.92605,2092.21005,100,20.0
2024.01.17 23:00,2091.93747,2091.95978,2090.73468,2091.42575,100,20.0
2024.01.17 23:15,2091.36983,2091.63920,2090.70458,2090.77989,100,20.0
2024.01.17 23:30,2090.76412,2091.12849,2089.46587,2090.00372,100,20.0
2024.01.17 23:45,2089.99485,2090.33097,2089.85391,2090.30679,100,20.0
2024.01.18 00:00,2090.32931,2090.45524,2089.57647,2089.94971,100,20.0
2024.01.18 00:15,2090.53310,2091.40703,2089.87866,2091.12152,100,20.0
2024.01.18 00:30,2091.57265,2091.80239,2091.07449,2091.21545,100,20.0
2024.01.18 00:45,2091.28493,2091.35182,2090.48317,2090.81039,100,20.0
2024.01.18 01:00,2090.56464,2091.19078,2088.92149,2089.45844,100,20.0
2024.01.18 01:15,2089.89208,2089.99120,2089.45453,2089.87931,100,20.0
2024.01.18 01:30,2090.27700,2090.50398,2090.03241,2090.45941,100,20.0
2024.01.18 01:45,2090.37407,2090.53953,2088.89691,2089.50460,100,20.0
2024.01.18 02:00,2089.40816,2090.64975,2089.39070,2090.25225,100,20.0
2024.01.18 02:15,2090.42373,2091.27069,2089.82357,2090.77002,100,20.0
2024.01.18 02:30,2091.14243,2091.32631,2090.17503,2090.29421,100,20.0
2024.01.18 02:45,2090.48410,2090.94676,2090.10767,2090.80396,100,20.0
2024.01.18 03:00,2090.77079,2091.10913,2090.47148,2090.78851,100,20.0
2024.01.18 03:15,2091.32045,2091.35928,2090.34024,2091.03444,100,20.0
2024.01.18 03:30,2090.78552,2091.05199,2090.33101,2090.66537,100,20.0
2024.01.18 03:45,2091.22219,2091.80743,2090.95299,2091.63627,100,20.0
2024.01.18 04:00,2092.94250,2093.43397,2092.69419,2093.36805,100,20.0
2024.01.18 04:15,2093.05862,2093.30591,2092.70849,2092.90412,100,20.0
2024.01.18 04:30,2093.04441,2093.59065,2092.29987,2092.62767,100,20.0
2024.01.18 04:45,2093.29819,2093.40467,2092.96414,2093.24947,100,20.0
2024.01.18 05:00,2093.50999,2094.04080,2093.15326,2093.77911,100,20.0
2024.01.18 05:15,2094.34973,2094.52041,2092.86118,2093.53147,100,20.0
2024.01.18 05:30,2093.41499,2094.08976,2092.73034,2093.67412,100,20.0
2024.01.18 05:45,2092.77895,2093.36630,2092.53000,2092.83977,100,20.0
2024.01.18 06:00,2092.25544,2092.96708,2091.98007,2092.47196,100,20.0
2024.01.18 06:15,2092.61358,2092.79753,2092.44014,2092.61710,100,20.0
2024.01.18 06:30,2093.84214,2094.58927,2093.58635,2094.32405,100,20.0
2024.01.18 06:45,2093.24299,2093.75088,2093.00541,2093.73536,100,20.0
2024.01.18 07:00,2094.48230,2094.93107,2093.94614,2094.32730,100,20.0
2024.01.18 07:15,2094.17772,2094.30147,2093.90824,2094.28394,100,20.0
2024.01.18 07:30,2093.44239,2094.31475,2093.27730,2094.12039,100,20.0
2024.01.18 07:45,2093.38342,2093.75070,2093.11033,2093.74190,100,20.0
2024.01.18 08:00,2094.56099,2094.92205,2093.92081,2094.44253,100,20.0
2024.01.18 08:15,2094.11877,2095.27895,2093.69027,2094.01376,100,20.0
2024.01.18 08:30,2093.93894,2094.19302,2092.67329,2092.89679,100,20.0
2024.01.18 08:45,2092.77635,2094.22806,2092.42297,2094.17878,100,20.0
2024.01.18 09:00,2092.87197,2093.27977,2092.26710,2092.31026,100,20.0
2024.01.18 09:15,2092.62220,2093.42807,2092.09576,2093.18043,100,20.0
2024.01.18 09:30,2093.58635,2093.63719,2093.38187,2093.59426,100,20.0
2024.01.18 09:45,2092.71592,2093.01600,2092.58883,2092.74457,100,20.0
2024.01.18 10:00,2092.17252,2092.73086,2092.04477,2092.38603,100,20.0
2024.01.18 10:15,2092.03873,2092.26132,2091.95916,2092.20789,100,20.0
2024.01.18 10:30,2092.22817,2092.24403,2090.99857,2091.72564,100,20.0
2024.01.18 10:45,2090.92121,2092.13358,2090.65545,2091.80876,100,20.0
2024.01.18 11:00,2092.35458,2092.89953,2092.23671,2092.53697,100,20.0
2024.01.18 11:15,2092.95313,2093.73516,2092.34193,2093.52257,100,20.0
2024.01.18 11:30,2093.24286,2093.75896,2092.96141,2093.19762,100,20.0
2024.01.18 11:45,2094.14288,2095.22272,2093.77326,2094.35512,100,20.0
2024.01.18 12:00,2094.45018,2094.70637,2094.15511,2094.47859,100,20.0
2024.01.18 12:15,2094.37988,2095.26720,2094.19685,2095.01312,100,20.0
2024.01.18 12:30,2094.90186,2095.48153,2094.26212,2094.57574,100,20.0
2024.01.18 12:45,2094.57599,2095.20103,2094.26083,2094.79169,100,20.0
2024.01.18 13:00,2094.12424,2094.52343,2093.57946,2093.58646,100,20.0
2024.01.18 13:15,2095.16851,2095.61479,2094.99044,2095.49356,100,20.0
2024.01.18 13:30,2095.78902,2095.88315,2095.38409,2095.48559,100,20.0
2024.01.18 13:45,2096.22636,2097.03704,2096.07966,2096.73690,100,20.0
2024.01.18 14:00,2095.98516,2095.99021,2095.82345,2095.95367,100,20.0
2024.01.18 14:15,2095.55278,2096.07143,2095.19400,2095.30421,100,20.0
2024.01.18 14:30,2094.67775,2095.25919,2094.36277,2094.72393,100,20.0
2024.01.18 14:45,2094.79168,2095.00395,2094.29583,2094.93409,100,20.0
2024.01.18 15:00,2094.95417,2095.31827,2094.45974,2095.00936,100,20.0
2024.01.18 15:15,2094.84000,2095.00858,2094.11138,2094.28731,100,20.0
2024.01.18 15:30,2093.63494,2094.30436,2093.47905,2093.87622,100,20.0
2024.01.18 15:45,2093.90232,2095.12027,2093.73753,2094.75956,100,20.0
2024.01.18 16:00,2093.63291,2093.72223,2093.26352,2093.43197,100,20.0
2024.01.18 16:15,2093.26631,2093.69668,2092.81495,2093.12057,100,20.0
2024.01.18 16:30,2093.54175,2093.71165,2092.55888,2092.68291,100,20.0
2024.01.18 16:45,2092.54262,2092.87633,2092.21412,2092.29632,100,20.0
2024.01.18 17:00,2091.57269,2093.40682,2091.11057,2092.93356,100,20.0
2024.01.18 17:15,2093.67118,2094.25473,2093.22740,2094.11259,100,20.0
2024.01.18 17:30,2094.59693,2094.64429,2094.33321,2094.47802,100,20.0
2024.01.18 17:45,2094.14625,2095.03114,2093.85981,2094.81644,100,20.0
2024.01.18 18:00,2095.80584,2096.00743,2095.38694,2095.79709,100,20.0
2024.01.18 18:15,2095.84770,2095.91896,2095.10647,2095.68592,100,20.0
2024.01.18 18:30,2096.28010,2096.60318,2096.06483,2096.30754,100,20.0
2024.01.18 18:45,2096.96764,2097.19893,2096.59578,2096.96312,100,20.0
2024.01.18 19:00,2097.16018,2097.55981,2096.49101,2096.56960,100,20.0
2024.01.18 19:15,2097.04051,2097.36879,2096.73376,2096.87862,100,20.0
2024.01.18 19:30,2096.29187,2097.41195,2095.44356,2097.33432,100,20.0
2024.01.18 19:45,2097.53455,2097.75713,2097.40960,2097.59700,100,20.0
2024.01.18 20:00,2097.54049,2097.80619,2097.07141,2097.73328,100,20.0
2024.01.18 20:15,2098.31695,2099.11611,2098.09436,2098.79844,100,20.0
2024.01.18 20:30,2099.89250,2099.89441,2099.37344,2099.83838,100,20.0
2024.01.18 20:45,2099.94432,2100.79095,2099.74757,2100.36108,100,20.0
2024.01.18 21:00,2098.81737,2099.95287,2098.36739,2099.45538,100,20.0
2024.01.18 21:15,2099.47954,2099.53070,2098.80937,2098.87330,100,20.0
2024.01.18 21:30,2099.40597,2099.73896,2099.36372,2099.43858,100,20.0
2024.01.18 21:45,2099.57254,2100.62340,2099.37157,2100.36752,100,20.0
2024.01.18 22:00,2099.37445,2099.72429,2099.32376,2099.61962,100,20.0
2024.01.18 22:15,2100.36208,2100.96680,2100.18692,2100.78623,100,20.0
2024.01.18 22:30,2100.77799,2100.90415,2099.63556,2100.13644,100,20.0
2024.01.18 22:45,2100.36647,2100.46767,2100.02425,2100.03726,100,20.0
2024.01.18 23:00,2100.52738,2101.00337,2099.72193,2100.72591,100,20.0
2024.01.18 23:15,2100.41300,2100.59770,2100.23970,2100.33751,100,20.0
2024.01.18 23:30,2100.65471,2100.94500,2099.67034,2100.30207,100,20.0
2024.01.18 23:45,2101.09799,2101.34554,2100.78789,2101.13499,100,20.0
2024.01.19 00:00,2100.92034,2101.31068,2100.90478,2100.94172,100,20.0
2024.01.19 00:15,2101.64155,2101.94545,2101.44115,2101.68783,100,20.0
2024.01.19 00:30,2101.61054,2101.67962,2101.55710,2101.60793,100,20.0
2024.01.19 00:45,2101.12417,2101.43896,2101.05514,2101.07890,100,20.0
2024.01.19 01:00,2102.31289,2103.08185,2101.19402,2101.35492,100,20.0
2024.01.19 01:15,2101.33853,2102.40436,2101.18864,2101.95009,100,20.0
2024.01.19 01:30,2102.57965,2103.06488,2102.47911,2102.76084,100,20.0
2024.01.19 01:45,2102.72821,2103.15990,2102.32368,2102.48966,100,20.0
2024.01.19 02:00,2101.02893,2101.56644,2100.54649,2100.67685,100,20.0
2024.01.19 02:15,2101.51855,2101.65898,2101.50872,2101.57713,100,20.0
2024.01.19 02:30,2101.62217,2102.87139,2101.23597,2102.46070,100,20.0
2024.01.19 02:45,2101.80007,2102.25046,2101.17847,2101.53749,100,20.0
2024.01.19 03:00,2101.13830,2102.07489,2100.78499,2101.66848,100,20.0
2024.01.19 03:15,2100.02681,2100.72583,2099.20289,2099.55527,100,20.0
2024.01.19 03:30,2100.57739,2100.70704,2099.92577,2100.47590,100,20.0
2024.01.19 03:45,2101.06741,2102.52909,2100.97917,2101.93125,100,20.0
2024.01.19 04:00,2103.71386,2104.39683,2102.68584,2104.31612,100,20.0
2024.01.19 04:15,2105.70982,2106.00333,2104.77251,2105.21552,100,20.0
2024.01.19 04:30,2104.75378,2105.12464,2104.57711,2104.96415,100,20.0
2024.01.19 04:45,2105.56902,2106.03479,2105.09915,2105.20889,100,20.0
2024.01.19 05:00,2105.31050,2106.75785,2105.16535,2106.36167,100,20.0
2024.01.19 05:15,2105.35629,2106.06270,2105.04331,2105.99383,100,20.0
2024.01.19 05:30,2106.23280,2106.69753,2105.44833,2106.57954,100,20.0
2024.01.19 05:45,2107.48648,2108.15701,2107.04411,2107.08961,100,20.0
2024.01.19 06:00,2106.88203,2107.47315,2106.83110,2107.46607,100,20.0
2024.01.19 06:15,2107.43831,2107.52568,2106.66311,2106.93345,100,20.0
2024.01.19 06:30,2106.94291,2107.73012,2106.31027,2106.59598,100,20.0
2024.01.19 06:45,2107.26941,2107.41530,2106.69502,2106.88261,100,20.0
2024.01.19 07:00,2107.86203,2108.69623,2107.57066,2108.32468,100,20.0
2024.01.19 07:15,2107.79786,2107.93270,2107.48656,2107.79901,100,20.0
2024.01.19 07:30,2106.72883,2106.73484,2105.45457,2105.58116,100,20.0
2024.01.19 07:45,2106.06851,2106.28824,2105.69168,2106.01905,100,20.0
2024.01.19 08:00,2106.25473,2106.83985,2106.25254,2106.63338,100,20.0
2024.01.19 08:15,2106.24211,2106.65071,2105.81362,2106.36913,100,20.0
2024.01.19 08:30,2106.31199,2106.87042,2105.86961,2105.93318,100,20.0
2024.01.19 08:45,2105.22483,2105.30662,2105.15601,2105.18985,100,20.0
2024.01.19 09:00,2107.33185,2107.74531,2106.95703,2107.59007,100,20.0
2024.01.19 09:15,2108.00610,2108.39479,2107.22062,2107.47418,100,20.0
2024.01.19 09:30,2108.05069,2108.40087,2107.88457,2108.13514,100,20.0
2024.01.19 09:45,2107.48458,2107.84145,2107.16170,2107.73933,100,20.0
2024.01.19 10:00,2107.95571,2108.14611,2107.49194,2107.82882,100,20.0
2024.01.19 10:15,2107.01230,2107.27092,2105.93141,2106.40491,100,20.0
2024.01.19 10:30,2106.66903,2107.15207,2106.46302,2106.74408,100,20.0
2024.01.19 10:45,2106.07495,2107.41368,2105.85242,2106.68005,100,20.0
2024.01.19 11:00,2106.32835,2108.15208,2105.78815,2107.48177,100,20.0
2024.01.19 11:15,2106.75936,2106.87561,2106.57382,2106.73366,100,20.0
2024.01.19 11:30,2106.76840,2107.11538,2106.72123,2107.10216,100,20.0
2024.01.19 11:45,2107.64757,2108.07887,2107.54384,2108.02584,100,20.0
2024.01.19 12:00,2107.61645,2108.02574,2106.97861,2107.31860,100,20.0
2024.01.19 12:15,2107.57202,2107.83167,2106.88385,2107.65782,100,20.0
2024.01.19 12:30,2106.75413,2107.85150,2106.66375,2107.31249,100,20.0
2024.01.19 12:45,2107.69640,2107.94614,2107.42746,2107.46933,100,20.0
2024.01.19 13:00,2108.72381,2109.43390,2108.58517,2109.01550,100,20.0
2024.01.19 13:15,2108.95708,2109.98715,2108.82212,2109.59943,100,20.0
2024.01.19 13:30,2110.50504,2110.59776,2110.14958,2110.17250,100,20.0
2024.01.19 13:45,2109.84095,2109.90564,2109.03591,2109.84688,100,20.0
2024.01.19 14:00,2110.45136,2111.04017,2110.33880,2110.76313,100,20.0
2024.01.19 14:15,2110.03101,2110.08714,2108.88837,2108.94868,100,20.0
2024.01.19 14:30,2109.89859,2110.85506,2109.63606,2110.62513,100,20.0
2024.01.19 14:45,2110.59754,2110.70323,2110.35958,2110.68501,100,20.0
2024.01.19 15:00,2109.95487,2110.53622,2109.39963,2110.38039,100,20.0
2024.01.19 15:15,2110.37381,2111.14187,2110.12840,2110.19717,100,20.0
2024.01.19 15:30,2110.04157,2110.28766,2109.91730,2110.14130,100,20.0
2024.01.19 15:45,2109.98096,2110.79211,2109.97403,2110.25144,100,20.0
2024.01.19 16:00,2109.01048,2109.24352,2108.32497,2108.83672,100,20.0
2024.01.19 16:15,2108.43671,2108.84388,2108.19274,2108.32997,100,20.0
2024.01.19 16:30,2108.63790,2108.68641,2108.53902,2108.60601,100,20.0
2024.01.19 16:45,2108.83700,2109.86725,2108.34927,2109.52271,100,20.0
2024.01.19 17:00,2109.42830,2110.22613,2109.14446,2109.17013,100,20.0
2024.01.19 17:15,2110.31427,2110.87585,2109.88847,2110.13832,100,20.0
2024.01.19 17:30,2110.46141,2111.01453,2109.92937,2110.62031,100,20.0
2024.01.19 17:45,2110.77233,2111.34739,2110.18433,2110.41978,100,20.0
2024.01.19 18:00,2110.09955,2110.62189,2109.72583,2110.26314,100,20.0
2024.01.19 18:15,2110.70666,2111.05056,2110.40449,2110.92458,100,20.0
2024.01.19 18:30,2110.61600,2110.72758,2109.84599,2110.15138,100,20.0
2024.01.19 18:45,2109.42144,2110.56051,2109.09033,2110.31307,100,20.0
2024.01.19 19:00,2110.32421,2110.37143,2110.05418,2110.18701,100,20.0
2024.01.19 19:15,2110.07284,2110.31938,2109.99991,2110.16621,100,20.0
2024.01.19 19:30,2110.29501,2110.65714,2109.53800,2109.93057,100,20.0
2024.01.19 19:45,2108.82179,2109.52030,2108.78569,2109.21168,100,20.0
2024.01.19 20:00,2109.78049,2110.12156,2109.31381,2109.38190,100,20.0
2024.01.19 20:15,2108.26984,2108.81379,2108.11887,2108.43406,100,20.0
2024.01.19 20:30,2108.07700,2108.43468,2107.74929,2107.80509,100,20.0
2024.01.19 20:45,2108.06854,2108.94400,2107.90665,2108.69616,100,20.0
2024.01.19 21:00,2109.72473,2109.85898,2109.35388,2109.64633,100,20.0
2024.01.19 21:15,2108.53992,2109.09349,2108.33994,2108.76875,100,20.0
2024.01.19 21:30,2109.30986,2109.32104,2108.46690,2108.56760,100,20.0
2024.01.19 21:45,2109.13403,2110.63123,2108.87780,2109.93932,100,20.0
2024.01.19 22:00,2109.16732,2109.32971,2108.86891,2109.06875,100,20.0
2024.01.19 22:15,2108.50199,2108.93217,2107.89047,2108.14442,100,20.0
2024.01.19 22:30,2108.54330,2108.86103,2108.02134,2108.65774,100,20.0
2024.01.19 22:45,2109.42872,2109.43726,2108.94266,2109.31628,100,20.0
2024.01.19 23:00,2109.36359,2109.67400,2109.32247,2109.44815,100,20.0
2024.01.19 23:15,2109.86445,2109.86705,2107.98660,2108.53182,100,20.0
2024.01.19 23:30,2108.90709,2109.22099,2108.39168,2108.42435,100,20.0
2024.01.19 23:45,2108.24573,2108.64153,2108.14750,2108.15338,100,20.0
2024.01.20 00:00,2108.18723,2108.61311,2107.81894,2108.60412,100,20.0
2024.01.20 00:15,2108.44227,2108.68398,2108.43611,2108.53277,100,20.0
2024.01.20 00:30,2108.62605,2109.92535,2108.19292,2109.13436,100,20.0
2024.01.20 00:45,2110.11332,2111.18141,2108.67814,2108.85507,100,20.0
2024.01.20 01:00,2109.16073,2109.56362,2108.19511,2108.43901,100,20.0
2024.01.20 01:15,2108.52608,2108.78564,2108.00142,2108.14113,100,20.0
2024.01.20 01:30,2108.14812,2109.12427,2107.69122,2108.59041,100,20.0
2024.01.20 01:45,2107.28243,2107.60684,2106.60332,2107.35435,100,20.0
2024.01.20 02:00,2106.70163,2107.02388,2106.18210,2106.85976,100,20.0
2024.01.20 02:15,2106.74920,2106.86739,2106.58665,2106.71775,100,20.0
2024.01.20 02:30,2106.92718,2107.38696,2106.91012,2107.02209,100,20.0
2024.01.20 02:45,2107.02260,2107.14026,2106.92860,2107.01092,100,20.0
2024.01.20 03:00,2106.95821,2108.03402,2106.36583,2107.43974,100,20.0
2024.01.20 03:15,2106.99801,2107.89526,2106.37988,2107.64275,100,20.0
2024.01.20 03:30,2106.71832,2107.06906,2106.45909,2106.94205,100,20.0
2024.01.20 03:45,2107.32930,2107.96368,2106.78647,2107.64066,100,20.0
2024.01.20 04:00,2108.15090,2108.22448,2107.03816,2107.62156,100,20.0
2024.01.20 04:15,2107.70829,2107.85430,2107.60892,2107.84071,100,20.0
2024.01.20 04:30,2108.64498,2109.31088,2108.25426,2108.90154,100,20.0
2024.01.20 04:45,2108.33247,2109.08286,2108.14834,2108.78050,100,20.0
2024.01.20 05:00,2108.33290,2108.38308,2107.66403,2107.91607,100,20.0
2024.01.20 05:15,2107.97512,2108.38195,2107.20888,2107.90494,100,20.0
2024.01.20 05:30,2108.77738,2109.52436,2108.57483,2109.47734,100,20.0
2024.01.20 05:45,2109.30062,2110.27904,2109.14122,2110.22680,100,20.0
2024.01.20 06:00,2111.30861,2111.87971,2110.94193,2111.76754,100,20.0
2024.01.20 06:15,2111.69850,2112.58649,2111.62524,2112.48211,100,20.0
2024.01.20 06:30,2112.03646,2112.60482,2111.12188,2111.48049,100,20.0
2024.01.20 06:45,2110.98514,2111.14482,2109.46312,2109.46842,100,20.0
2024.01.20 07:00,2109.59713,2109.65751,2109.15346,2109.16731,100,20.0
2024.01.20 07:15,2109.02073,2110.93851,2108.74931,2110.39200,100,20.0
2024.01.20 07:30,2110.43968,2110.68273,2109.91665,2110.57006,100,20.0
2024.01.20 07:45,2110.67677,2111.13687,2110.35053,2110.94624,100,20.0
2024.01.20 08:00,2110.70548,2111.08559,2109.34195,2109.53328,100,20.0
2024.01.20 08:15,2109.49752,2110.06163,2109.15972,2109.62619,100,20.0
2024.01.20 08:30,2110.24588,2110.91461,2109.66285,2110.70035,100,20.0
2024.01.20 08:45,2110.08463,2110.95686,2110.00010,2110.89520,100,20.0
2024.01.20 09:00,2110.29760,2110.30059,2109.60972,2110.04610,100,20.0
2024.01.20 09:15,2111.27105,2112.06094,2111.03554,2112.00998,100,20.0
2024.01.20 09:30,2112.34634,2112.98603,2111.98340,2112.23698,100,20.0
2024.01.20 09:45,2111.73213,2112.27944,2111.37484,2111.89507,100,20.0
2024.01.20 10:00,2112.16875,2113.13338,2111.98391,2112.32327,100,20.0
2024.01.20 10:15,2112.94954,2113.21263,2112.78282,2113.15111,100,20.0
2024.01.20 10:30,2113.21485,2113.34891,2112.84836,2112.91148,100,20.0
2024.01.20 10:45,2112.93648,2113.66962,2112.73247,2113.32061,100,20.0
2024.01.20 11:00,2113.31488,2113.41903,2113.03647,2113.04000,100,20.0
2024.01.20 11:15,2114.01999,2114.44676,2113.58078,2113.89182,100,20.0
2024.01.20 11:30,2114.18548,2114.37143,2113.22869,2113.70435,100,20.0
2024.01.20 11:45,2114.34231,2114.73266,2114.02414,2114.22626,100,20.0
2024.01.20 12:00,2113.62647,2114.27212,2113.28490,2113.50257,100,20.0
2024.01.20 12:15,2112.94979,2113.20847,2112.74847,2112.89714,100,20.0
2024.01.20 12:30,2112.88434,2113.85746,2112.80538,2113.57728,100,20.0
2024.01.20 12:45,2113.77518,2114.01154,2113.49641,2113.59619,100,20.0
2024.01.20 13:00,2113.15012,2114.52484,2113.04437,2114.47239,100,20.0
2024.01.20 13:15,2113.72055,2114.27208,2113.66635,2114.06983,100,20.0
2024.01.20 13:30,2114.12904,2114.97640,2113.90265,2114.71301,100,20.0
2024.01.20 13:45,2114.85754,2115.85681,2113.07884,2113.71665,100,20.0
2024.01.20 14:00,2113.81891,2114.26833,2113.03855,2113.47039,100,20.0
2024.01.20 14:15,2112.68631,2113.40729,2112.21887,2113.21291,100,20.0
2024.01.20 14:30,2113.04971,2113.59235,2112.59807,2112.91116,100,20.0
2024.01.20 14:45,2112.69569,2113.39805,2112.07236,2112.46303,100,20.0
2024.01.20 15:00,2112.59442,2112.78503,2112.22596,2112.30624,100,20.0
2024.01.20 15:15,2111.29223,2112.13129,2110.41313,2111.78935,100,20.0
2024.01.20 15:30,2112.70121,2112.88291,2112.06716,2112.41926,100,20.0
2024.01.20 15:45,2112.75073,2113.55916,2112.38221,2112.68083,100,20.0
2024.01.20 16:00,2113.58256,2114.03170,2113.43377,2113.74381,100,20.0
2024.01.20 16:15,2113.20125,2113.43007,2113.15527,2113.35245,100,20.0
2024.01.20 16:30,2113.19901,2113.42580,2112.58865,2113.08720,100,20.0
2024.01.20 16:45,2114.24250,2114.57562,2113.30103,2113.42719,100,20.0
2024.01.20 17:00,2113.83897,2114.00374,2113.39219,2113.46497,100,20.0
2024.01.20 17:15,2113.64472,2113.76444,2113.58328,2113.60604,100,20.0
2024.01.20 17:30,2114.85287,2115.05225,2114.24284,2114.98146,100,20.0
2024.01.20 17:45,2115.18790,2115.38435,2114.60056,2114.77844,100,20.0
2024.01.20 18:00,2115.05737,2116.33755,2114.89939,2116.07296,100,20.0
2024.01.20 18:15,2116.99181,2117.08008,2116.71285,2116.76765,100,20.0
2024.01.20 18:30,2116.68174,2117.30672,2116.33811,2116.41538,100,20.0
2024.01.20 18:45,2116.12705,2116.92139,2116.11289,2116.57461,100,20.0
2024.01.20 19:00,2116.40803,2117.92911,2116.37917,2117.74880,100,20.0
2024.01.20 19:15,2117.65448,2118.62546,2117.09250,2118.60387,100,20.0
2024.01.20 19:30,2118.61710,2119.20057,2117.73575,2118.33735,100,20.0
2024.01.20 19:45,2117.10263,2117.75551,2117.02684,2117.19510,100,20.0
2024.01.20 20:00,2118.36944,2118.76575,2117.88544,2118.26072,100,20.0
2024.01.20 20:15,2117.93317,2118.06422,2117.20495,2117.26961,100,20.0
2024.01.20 20:30,2117.48579,2117.52450,2117.01406,2117.23517,100,20.0
2024.01.20 20:45,2118.17511,2118.65509,2118.07456,2118.19563,100,20.0
2024.01.20 21:00,2117.98052,2118.09944,2117.88109,2117.96681,100,20.0
2024.01.20 21:15,2117.31328,2117.88746,2116.85855,2117.52764,100,20.0
2024.01.20 21:30,2116.59385,2116.72554,2115.91393,2116.40363,100,20.0
2024.01.20 21:45,2115.71402,2115.77407,2115.28197,2115.39139,100,20.0
2024.01.20 22:00,2116.46382,2116.75453,2115.10933,2115.37534,100,20.0
2024.01.20 22:15,2116.12134,2117.21752,2115.76885,2115.94937,100,20.0
2024.01.20 22:30,2116.33744,2117.73162,2115.91684,2116.86602,100,20.0
2024.01.20 22:45,2117.82358,2118.13748,2116.77983,2117.13625,100,20.0
2024.01.20 23:00,2117.23077,2117.32713,2117.15598,2117.31867,100,20.0
2024.01.20 23:15,2117.43003,2117.53898,2117.32510,2117.44028,100,20.0
2024.01.20 23:30,2116.58329,2117.04268,2116.22213,2116.29830,100,20.0
2024.01.20 23:45,2116.18262,2116.29116,2116.13898,2116.25087,100,20.0
2024.01.21 00:00,2115.77257,2116.02081,2115.35946,2115.41976,100,20.0
2024.01.21 00:15,2115.98371,2116.58144,2115.77855,2116.43276,100,20.0
2024.01.21 00:30,2116.24889,2116.47378,2116.02384,2116.37224,100,20.0
2024.01.21 00:45,2116.92646,2117.36821,2116.45861,2117.09414,100,20.0
2024.01.21 01:00,2117.14337,2117.29555,2116.44783,2116.80021,100,20.0
2024.01.21 01:15,2117.23222,2118.21970,2116.60747,2117.90073,100,20.0
2024.01.21 01:30,2117.48858,2117.89488,2116.75663,2116.80422,100,20.0
2024.01.21 01:45,2116.24871,2116.66414,2115.10429,2115.49231,100,20.0
2024.01.21 02:00,2114.73667,2115.14887,2114.51704,2115.01342,100,20.0
2024.01.21 02:15,2114.79027,2114.82776,2113.87809,2114.36453,100,20.0
2024.01.21 02:30,2114.76575,2115.38539,2114.35367,2114.93890,100,20.0
2024.01.21 02:45,2114.77759,2115.42143,2114.67645,2115.17768,100,20.0
2024.01.21 03:00,2115.87235,2115.95339,2115.15833,2115.60701,100,20.0
2024.01.21 03:15,2115.31398,2115.95295,2115.16055,2115.61421,100,20.0
2024.01.21 03:30,2116.03181,2116.55340,2115.45375,2115.75726,100,20.0
2024.01.21 03:45,2115.86975,2116.37558,2115.55337,2115.67250,100,20.0
2024.01.21 04:00,2116.79710,2117.15925,2116.78187,2116.84300,100,20.0
2024.01.21 04:15,2116.49521,2117.57431,2116.14276,2117.51987,100,20.0
2024.01.21 04:30,2117.18205,2117.45953,2117.13529,2117.38766,100,20.0
2024.01.21 04:45,2116.72848,2116.72908,2116.49811,2116.65667,100,20.0
2024.01.21 05:00,2117.50925,2117.55016,2116.22764,2116.32793,100,20.0
2024.01.21 05:15,2116.62090,2117.77024,2116.61958,2117.10077,100,20.0
2024.01.21 05:30,2117.88954,2118.00945,2117.01654,2117.26858,100,20.0
2024.01.21 05:45,2117.25609,2117.43722,2117.01945,2117.29264,100,20.0
2024.01.21 06:00,2116.73026,2117.40240,2116.62137,2116.95859,100,20.0
2024.01.21 06:15,2117.29683,2118.13845,2117.23284,2117.46434,100,20.0
2024.01.21 06:30,2118.08558,2118.79245,2117.23503,2118.55122,100,20.0
2024.01.21 06:45,2118.67212,2119.31409,2118.55504,2118.62750,100,20.0
2024.01.21 07:00,2118.87679,2119.22000,2118.25970,2118.37148,100,20.0
2024.01.21 07:15,2118.56695,2119.13549,2117.51912,2117.56614,100,20.0
2024.01.21 07:30,2117.27825,2118.12513,2117.07112,2118.02578,100,20.0
2024.01.21 07:45,2118.54284,2118.85183,2117.64007,2118.08569,100,20.0
2024.01.21 08:00,2117.67430,2118.46515,2117.38549,2118.06458,100,20.0
2024.01.21 08:15,2117.84725,2118.51596,2117.63121,2118.04527,100,20.0
2024.01.21 08:30,2118.54066,2120.22679,2118.47559,2120.11481,100,20.0
2024.01.21 08:45,2120.28132,2120.35323,2119.63166,2119.98599,100,20.0
2024.01.21 09:00,2119.69208,2120.11989,2119.16284,2120.01864,100,20.0
2024.01.21 09:15,2120.51302,2121.89892,2120.43147,2121.41862,100,20.0
2024.01.21 09:30,2120.63210,2120.96709,2119.96687,2120.92203,100,20.0
2024.01.21 09:45,2119.66807,2120.19698,2119.11046,2119.76151,100,20.0
2024.01.21 10:00,2120.56493,2121.87697,2120.36702,2121.28984,100,20.0
2024.01.21 10:15,2121.99482,2122.33054,2121.96981,2122.30769,100,20.0
2024.01.21 10:30,2122.51113,2123.46630,2121.82802,2123.34098,100,20.0
2024.01.21 10:45,2123.01935,2123.64866,2122.71365,2123.15621,100,20.0
2024.01.21 11:00,2123.43113,2123.46786,2122.97777,2123.39608,100,20.0
2024.01.21 11:15,2123.52631,2123.93208,2122.78046,2123.03946,100,20.0
2024.01.21 11:30,2123.50512,2124.12807,2123.12244,2123.91782,100,20.0
2024.01.21 11:45,2123.91742,2124.16568,2123.29127,2123.60197,100,20.0
2024.01.21 12:00,2123.21380,2123.94469,2122.97135,2123.36817,100,20.0
2024.01.21 12:15,2123.30606,2123.36989,2122.43209,2122.65311,100,20.0
2024.01.21 12:30,2122.77299,2122.98621,2122.33421,2122.66564,100,20.0
2024.01.21 12:45,2122.32527,2122.52493,2120.55594,2121.02451,100,20.0
2024.01.21 13:00,2120.08665,2120.26486,2118.79118,2119.16388,100,20.0
2024.01.21 13:15,2119.62501,2120.14864,2119.33991,2119.66388,100,20.0
2024.01.21 13:30,2120.02207,2120.64759,2119.64516,2120.62097,100,20.0
2024.01.21 13:45,2119.74482,2120.39356,2119.45769,2120.02027,100,20.0
2024.01.21 14:00,2119.86602,2120.44670,2119.68276,2120.10350,100,20.0
2024.01.21 14:15,2120.46169,2120.68888,2120.15623,2120.49957,100,20.0
2024.01.21 14:30,2119.80055,2120.90509,2119.41259,2120.43957,100,20.0
2024.01.21 14:45,2120.73582,2121.06053,2118.90777,2119.19779,100,20.0
2024.01.21 15:00,2118.81642,2119.91430,2118.60430,2119.38585,100,20.0
2024.01.21 15:15,2119.36720,2120.07456,2118.97158,2119.80979,100,20.0
2024.01.21 15:30,2119.64391,2119.78364,2119.53040,2119.71355,100,20.0
2024.01.21 15:45,2119.15642,2119.78340,2118.39744,2118.99855,100,20.0
2024.01.21 16:00,2118.43539,2119.12971,2117.60282,2118.33614,100,20.0
2024.01.21 16:15,2117.98096,2118.07615,2116.91872,2117.51411,100,20.0
2024.01.21 16:30,2116.88297,2118.17263,2116.88215,2117.18292,100,20.0
2024.01.21 16:45,2118.08965,2118.49989,2117.52467,2118.02038,100,20.0
2024.01.21 17:00,2118.73245,2118.95850,2118.58343,2118.59781,100,20.0
2024.01.21 17:15,2119.07652,2119.54046,2119.00805,2119.11005,100,20.0
2024.01.21 17:30,2119.74633,2119.93670,2118.98197,2119.90750,100,20.0
2024.01.21 17:45,2120.00841,2120.31223,2119.27222,2119.45418,100,20.0
2024.01.21 18:00,2119.09608,2120.12260,2118.88067,2119.27690,100,20.0
2024.01.21 18:15,2119.79008,2119.93232,2119.39628,2119.52083,100,20.0
2024.01.21 18:30,2119.16275,2119.95230,2118.91582,2119.90196,100,20.0
2024.01.21 18:45,2118.56924,2119.13880,2118.22933,2119.04122,100,20.0
2024.01.21 19:00,2118.77642,2119.60105,2118.54925,2119.27958,100,20.0
2024.01.21 19:15,2118.77998,2119.01704,2118.63589,2118.90607,100,20.0
2024.01.21 19:30,2118.33885,2118.64331,2117.78372,2117.90472,100,20.0
2024.01.21 19:45,2117.92965,2118.90837,2117.67985,2118.69988,100,20.0
2024.01.21 20:00,2117.58349,2117.60924,2116.60525,2117.15233,100,20.0
2024.01.21 20:15,2117.19180,2117.88619,2117.05858,2117.58575,100,20.0
2024.01.21 20:30,2118.19500,2119.01533,2117.74241,2118.74628,100,20.0
2024.01.21 20:45,2119.73466,2120.14238,2119.69584,2120.13869,100,20.0
2024.01.21 21:00,2121.30637,2122.00638,2121.13580,2121.92788,100,20.0
2024.01.21 21:15,2120.98150,2121.03973,2120.53525,2120.82015,100,20.0
2024.01.21 21:30,2121.87586,2122.43237,2120.34410,2121.00921,100,20.0
2024.01.21 21:45,2121.76342,2122.76560,2121.74920,2122.17425,100,20.0
2024.01.21 22:00,2122.46893,2123.11848,2122.23791,2122.92098,100,20.0
2024.01.21 22:15,2123.37593,2123.48801,2123.35602,2123.36052,100,20.0
2024.01.21 22:30,2123.72583,2124.44552,2123.33106,2124.21293,100,20.0
2024.01.21 22:45,2123.98080,2124.92512,2123.63285,2124.29061,100,20.0
2024.01.21 23:00,2124.46248,2125.44819,2124.04385,2124.92760,100,20.0
2024.01.21 23:15,2124.90792,2125.05205,2124.71053,2124.87709,100,20.0
2024.01.21 23:30,2124.92580,2125.10330,2124.38547,2124.66010,100,20.0
2024.01.21 23:45,2125.40059,2125.66567,2124.47493,2124.99707,100,20.0
2024.01.22 00:00,2125.88990,2127.16995,2125.77974,2127.14464,100,20.0
2024.01.22 00:15,2127.49422,2127.87789,2127.02874,2127.58969,100,20.0
2024.01.22 00:30,2127.99242,2128.57486,2127.70942,2128.54894,100,20.0
2024.01.22 00:45,2129.02810,2129.59833,2128.93819,2129.50962,100,20.0
2024.01.22 01:00,2129.70126,2130.12819,2128.62088,2129.39547,100,20.0
2024.01.22 01:15,2130.18461,2130.92841,2130.13283,2130.65837,100,20.0
2024.01.22 01:30,2131.46806,2132.79512,2131.26946,2132.41248,100,20.0
2024.01.22 01:45,2131.75003,2132.22306,2131.54231,2131.66177,100,20.0
2024.01.22 02:00,2131.48096,2131.84492,2130.53942,2130.85191,100,20.0
2024.01.22 02:15,2130.75876,2131.94334,2130.47003,2131.56134,100,20.0
2024.01.22 02:30,2130.93022,2131.55787,2130.67795,2130.81070,100,20.0
2024.01.22 02:45,2129.67270,2130.10045,2129.59213,2129.72295,100,20.0
2024.01.22 03:00,2129.95624,2130.99298,2129.68915,2130.84954,100,20.0
2024.01.22 03:15,2131.74449,2132.29850,2131.54199,2132.00182,100,20.0
2024.01.22 03:30,2133.25667,2133.31964,2132.51592,2132.81820,100,20.0
2024.01.22 03:45,2132.35749,2132.67104,2132.18013,2132.35491,100,20.0
2024.01.22 04:00,2133.58698,2133.68479,2133.29039,2133.41067,100,20.0
2024.01.22 04:15,2135.01196,2135.51285,2134.95885,2135.20374,100,20.0
2024.01.22 04:30,2135.31097,2135.89214,2135.16476,2135.53996,100,20.0
2024.01.22 04:45,2136.61322,2137.19887,2135.30322,2135.67954,100,20.0
2024.01.22 05:00,2135.81154,2136.00407,2135.24211,2135.84787,100,20.0
2024.01.22 05:15,2136.30026,2137.40995,2136.14265,2136.82066,100,20.0
2024.01.22 05:30,2136.63087,2137.32044,2136.28803,2137.15116,100,20.0
2024.01.22 05:45,2136.68407,2137.39706,2136.24081,2137.25151,100,20.0
2024.01.22 06:00,2137.05340,2137.27777,2136.51038,2136.57319,100,20.0
2024.01.22 06:15,2136.20216,2136.40244,2136.17613,2136.37753,100,20.0
2024.01.22 06:30,2137.12716,2137.47641,2136.83209,2137.07475,100,20.0
2024.01.22 06:45,2136.50694,2137.19511,2136.19156,2136.72068,100,20.0
2024.01.22 07:00,2136.72329,2136.72605,2136.48919,2136.61666,100,20.0
2024.01.22 07:15,2135.84794,2136.34825,2135.73998,2135.80763,100,20.0
2024.01.22 07:30,2136.53859,2136.60790,2136.41686,2136.60468,100,20.0
2024.01.22 07:45,2136.14057,2136.44564,2136.08011,2136.34529,100,20.0
2024.01.22 08:00,2136.65160,2137.47861,2136.49880,2137.28930,100,20.0
2024.01.22 08:15,2137.55519,2138.22723,2137.04792,2138.04509,100,20.0
2024.01.22 08:30,2139.07559,2139.75576,2138.62670,2139.60053,100,20.0
2024.01.22 08:45,2139.67632,2140.58522,2139.37637,2140.11435,100,20.0
2024.01.22 09:00,2139.62088,2140.06661,2139.62025,2139.84073,100,20.0
2024.01.22 09:15,2140.09591,2140.24534,2139.51025,2139.62793,100,20.0
2024.01.22 09:30,2138.35144,2138.65909,2138.09290,2138.23599,100,20.0
2024.01.22 09:45,2137.98270,2138.38225,2137.39075,2137.67471,100,20.0
2024.01.22 10:00,2138.36205,2139.97671,2138.02149,2139.23905,100,20.0
2024.01.22 10:15,2140.25798,2141.23651,2139.92680,2140.62799,100,20.0
2024.01.22 10:30,2141.23806,2142.10468,2140.97460,2141.74682,100,20.0
2024.01.22 10:45,2141.01267,2141.36965,2140.14767,2140.54702,100,20.0
2024.01.22 11:00,2140.12509,2141.04077,2139.91867,2140.67421,100,20.0
2024.01.22 11:15,2139.96362,2140.37264,2139.26117,2139.63313,100,20.0
2024.01.22 11:30,2139.21157,2139.52100,2138.92934,2139.27877,100,20.0
2024.01.22 11:45,2138.28667,2138.94062,2138.24340,2138.57014,100,20.0
2024.01.22 12:00,2138.84525,2139.65899,2138.11723,2138.31932,100,20.0
2024.01.22 12:15,2138.02287,2138.03338,2136.94278,2137.88303,100,20.0
2024.01.22 12:30,2137.70198,2138.39979,2137.16010,2138.19063,100,20.0
2024.01.22 12:45,2138.29591,2138.53720,2138.24217,2138.28598,100,20.0
2024.01.22 13:00,2137.77166,2137.90877,2136.83579,2137.23040,100,20.0
2024.01.22 13:15,2137.43432,2137.67103,2137.28039,2137.49870,100,20.0
2024.01.22 13:30,2137.51673,2137.83500,2137.30118,2137.62829,100,20.0
2024.01.22 13:45,2137.95007,2138.26305,2137.55052,2137.69259,100,20.0
2024.01.22 14:00,2138.45480,2138.77648,2136.70110,2137.03608,100,20.0
2024.01.22 14:15,2136.30690,2136.60324,2136.29651,2136.41440,100,20.0
2024.01.22 14:30,2135.59831,2136.06342,2135.40740,2135.53562,100,20.0
2024.01.22 14:45,2136.17639,2137.30513,2136.13745,2136.98320,100,20.0
2024.01.22 15:00,2137.25437,2137.51194,2136.75777,2137.17354,100,20.0
2024.01.22 15:15,2138.17923,2139.47638,2137.89557,2138.70566,100,20.0
2024.01.22 15:30,2139.29300,2139.51063,2138.62332,2138.72243,100,20.0
2024.01.22 15:45,2138.43037,2138.53136,2137.89193,2138.26937,100,20.0
2024.01.22 16:00,2137.78159,2138.03730,2137.58625,2137.75959,100,20.0
2024.01.22 16:15,2137.81827,2138.52762,2137.73365,2137.85027,100,20.0
2024.01.22 16:30,2138.82263,2140.00660,2138.73260,2139.27220,100,20.0
2024.01.22 16:45,2139.28559,2140.24444,2138.92705,2140.10333,100,20.0
2024.01.22 17:00,2140.20356,2141.21891,2140.14136,2140.91662,100,20.0
2024.01.22 17:15,2140.68552,2141.22083,2140.15351,2140.25637,100,20.0
2024.01.22 17:30,2140.58795,2141.23829,2140.51287,2140.95050,100,20.0
2024.01.22 17:45,2141.07362,2141.15635,2140.74764,2141.12043,100,20.0
2024.01.22 18:00,2141.35822,2141.46414,2140.61981,2141.16747,100,20.0
2024.01.22 18:15,2142.34026,2142.34386,2141.47048,2141.67665,100,20.0
2024.01.22 18:30,2142.01203,2142.68439,2141.21687,2142.50626,100,20.0
2024.01.22 18:45,2141.80200,2142.50635,2141.60027,2142.30732,100,20.0
2024.01.22 19:00,2143.80458,2144.04721,2143.48657,2143.58251,100,20.0
2024.01.22 19:15,2144.21974,2144.47173,2143.89397,2144.25370,100,20.0
2024.01.22 19:30,2144.01983,2145.42180,2143.98074,2144.69685,100,20.0
2024.01.22 19:45,2144.82222,2145.22815,2144.33110,2144.67377,100,20.0
2024.01.22 20:00,2144.19105,2144.34056,2143.92743,2144.33100,100,20.0
2024.01.22 20:15,2144.04967,2144.50867,2144.02385,2144.23215,100,20.0
2024.01.22 20:30,2143.99564,2144.35826,2143.68021,2143.79196,100,20.0
2024.01.22 20:45,2144.51973,2145.41447,2143.61455,2143.68147,100,20.0
2024.01.22 21:00,2143.81721,2143.94437,2143.28327,2143.69338,100,20.0
2024.01.22 21:15,2143.55284,2143.59335,2143.03828,2143.17559,100,20.0
2024.01.22 21:30,2143.03657,2143.55500,2142.86401,2143.20011,100,20.0
2024.01.22 21:45,2143.47060,2144.14123,2143.43086,2143.59547,100,20.0
2024.01.22 22:00,2143.19659,2144.58110,2142.89936,2144.19822,100,20.0
2024.01.22 22:15,2143.92638,2144.61997,2143.85413,2144.45467,100,20.0
2024.01.22 22:30,2144.91591,2145.23983,2144.89245,2145.12803,100,20.0
2024.01.22 22:45,2144.88237,2146.80128,2144.49714,2145.97496,100,20.0
2024.01.22 23:00,2147.13094,2147.30606,2146.87522,2147.10585,100,20.0
2024.01.22 23:15,2147.43412,2147.50362,2146.18753,2146.65037,100,20.0
2024.01.22 23:30,2146.95813,2147.57293,2146.76534,2147.56446,100,20.0
2024.01.22 23:45,2147.61293,2148.49537,2147.49572,2148.04667,100,20.0
2024.01.23 00:00,2148.80008,2149.08475,2148.36968,2148.78963,100,20.0
2024.01.23 00:15,2148.80171,2149.04841,2148.56991,2148.86779,100,20.0
2024.01.23 00:30,2148.12977,2149.00520,2147.83566,2148.74159,100,20.0
2024.01.23 00:45,2148.57770,2149.16091,2148.53413,2148.96148,100,20.0
2024.01.23 01:00,2148.35564,2148.36159,2147.84754,2148.21616,100,20.0
2024.01.23 01:15,2148.15058,2148.50794,2147.62534,2148.37036,100,20.0
2024.01.23 01:30,2149.23721,2149.28578,2148.57983,2148.84143,100,20.0
2024.01.23 01:45,2148.29119,2148.80703,2147.42332,2147.82196,100,20.0
2024.01.23 02:00,2147.87806,2147.91418,2146.45463,2147.02153,100,20.0
2024.01.23 02:15,2147.60877,2149.07095,2147.45696,2148.31146,100,20.0
2024.01.23 02:30,2147.98371,2148.36191,2147.88176,2147.90037,100,20.0
2024.01.23 02:45,2148.38149,2148.48059,2147.84292,2148.46328,100,20.0
2024.01.23 03:00,2148.45410,2149.02826,2147.59691,2148.35930,100,20.0
2024.01.23 03:15,2148.16038,2148.29127,2147.64369,2147.87838,100,20.0
2024.01.23 03:30,2148.41614,2148.56861,2147.52273,2148.02380,100,20.0
2024.01.23 03:45,2148.68092,2148.99776,2148.31467,2148.89218,100,20.0
2024.01.23 04:00,2147.83859,2148.58520,2147.14053,2148.15845,100,20.0
2024.01.23 04:15,2147.92017,2147.98555,2147.53017,2147.70297,100,20.0
2024.01.23 04:30,2147.50833,2148.03229,2147.24325,2147.80023,100,20.0
2024.01.23 04:45,2148.98792,2150.48706,2148.72137,2149.93385,100,20.0
2024.01.23 05:00,2149.98309,2150.88937,2149.74003,2150.37007,100,20.0
2024.01.23 05:15,2150.45152,2151.63469,2150.19957,2151.28405,100,20.0
2024.01.23 05:30,2151.20402,2151.70899,2151.09493,2151.46620,100,20.0
2024.01.23 05:45,2150.50927,2150.83003,2149.94132,2150.46097,100,20.0
2024.01.23 06:00,2148.98622,2149.18142,2148.74784,2148.87766,100,20.0
2024.01.23 06:15,2148.17411,2148.27338,2147.71051,2147.85293,100,20.0
2024.01.23 06:30,2148.32341,2148.36576,2147.28723,2147.72124,100,20.0
2024.01.23 06:45,2146.69168,2146.91492,2146.27877,2146.39043,100,20.0
2024.01.23 07:00,2146.10156,2146.40312,2145.88772,2146.05042,100,20.0
2024.01.23 07:15,2146.54423,2146.64951,2145.71992,2145.98270,100,20.0
2024.01.23 07:30,2145.45488,2146.63013,2145.28091,2146.48770,100,20.0
2024.01.23 07:45,2146.26681,2146.32573,2145.43318,2145.89708,100,20.0
2024.01.23 08:00,2145.84646,2145.91182,2145.23505,2145.69737,100,20.0
2024.01.23 08:15,2144.13911,2144.66034,2142.13694,2142.95280,100,20.0
2024.01.23 08:30,2143.09611,2143.64006,2142.79139,2143.41265,100,20.0
2024.01.23 08:45,2142.51877,2142.56047,2142.00111,2142.33982,100,20.0
2024.01.23 09:00,2142.68262,2142.72587,2142.42053,2142.51666,100,20.0
2024.01.23 09:15,2141.62035,2141.97952,2141.24349,2141.55996,100,20.0
2024.01.23 09:30,2141.78488,2141.87205,2141.10094,2141.66924,100,20.0
2024.01.23 09:45,2141.67457,2141.77369,2141.59295,2141.63482,100,20.0
2024.01.23 10:00,2142.29489,2143.43476,2142.26765,2143.09259,100,20.0
2024.01.23 10:15,2142.70004,2142.86049,2142.47866,2142.74361,100,20.0
2024.01.23 10:30,2143.10811,2143.59300,2142.11856,2142.61999,100,20.0
2024.01.23 10:45,2142.88048,2143.10018,2142.28659,2142.44926,100,20.0
2024.01.23 11:00,2142.61467,2143.17842,2141.98894,2142.86386,100,20.0
2024.01.23 11:15,2142.74294,2143.31500,2142.56936,2142.63886,100,20.0
2024.01.23 11:30,2142.14252,2142.46952,2141.77080,2141.84241,100,20.0
2024.01.23 11:45,2141.33086,2141.75609,2141.05291,2141.11026,100,20.0
2024.01.23 12:00,2140.87476,2141.33984,2140.80387,2141.04403,100,20.0
2024.01.23 12:15,2140.97622,2141.27854,2140.20159,2140.71370,100,20.0
2024.01.23 12:30,2141.78778,2142.60776,2141.56948,2141.82296,100,20.0
2024.01.23 12:45,2142.59294,2142.65452,2142.07299,2142.45192,100,20.0
2024.01.23 13:00,2143.17689,2143.70090,2142.34907,2142.99757,100,20.0
2024.01.23 13:15,2142.63247,2144.01832,2142.24434,2144.01318,100,20.0
2024.01.23 13:30,2144.29100,2144.64440,2144.06077,2144.44977,100,20.0
2024.01.23 13:45,2145.00899,2145.26542,2143.90163,2144.17514,100,20.0
2024.01.23 14:00,2144.42364,2144.88297,2144.12831,2144.63716,100,20.0
2024.01.23 14:15,2144.71650,2144.73469,2144.41321,2144.42945,100,20.0
2024.01.23 14:30,2144.60209,2144.78292,2144.41700,2144.50302,100,20.0
2024.01.23 14:45,2143.40591,2144.19920,2142.62910,2143.08936,100,20.0
2024.01.23 15:00,2143.41928,2143.86899,2142.68648,2142.83987,100,20.0
2024.01.23 15:15,2141.92298,2142.23278,2141.87674,2142.13238,100,20.0
2024.01.23 15:30,2141.54306,2141.60964,2140.56015,2140.89155,100,20.0
2024.01.23 15:45,2140.57348,2140.98634,2140.19386,2140.36255,100,20.0
2024.01.23 16:00,2140.17841,2140.35672,2139.88863,2140.03096,100,20.0
2024.01.23 16:15,2140.49550,2141.54324,2140.08858,2141.34823,100,20.0
2024.01.23 16:30,2141.41620,2142.01527,2141.27477,2141.71038,100,20.0
2024.01.23 16:45,2141.94850,2142.31367,2141.44737,2142.10041,100,20.0
2024.01.23 17:00,2141.91452,2142.34905,2141.84207,2142.30771,100,20.0
2024.01.23 17:15,2143.11758,2143.14681,2143.10316,2143.11508,100,20.0
2024.01.23 17:30,2142.33529,2143.05630,2142.11168,2142.84305,100,20.0
2024.01.23 17:45,2143.66114,2144.53181,2143.57878,2144.40055,100,20.0
2024.01.23 18:00,2143.97706,2144.33140,2143.95473,2144.08135,100,20.0
2024.01.23 18:15,2143.64369,2144.19944,2142.99382,2144.01730,100,20.0
2024.01.23 18:30,2144.22821,2144.29556,2143.54674,2144.27457,100,20.0
2024.01.23 18:45,2144.61712,2145.40240,2143.11387,2143.54857,100,20.0
2024.01.23 19:00,2143.51505,2143.72649,2142.50657,2142.61502,100,20.0
2024.01.23 19:15,2142.04666,2142.52643,2141.75755,2142.40414,100,20.0
2024.01.23 19:30,2141.62824,2142.07134,2140.70001,2141.34248,100,20.0
2024.01.23 19:45,2141.13271,2141.90851,2141.07761,2141.49524,100,20.0
2024.01.23 20:00,2141.76790,2142.11617,2140.41558,2140.63122,100,20.0
2024.01.23 20:15,2140.81817,2140.95192,2139.75651,2139.84605,100,20.0
2024.01.23 20:30,2140.19282,2140.72717,2138.61202,2138.74231,100,20.0
2024.01.23 20:45,2137.62129,2138.22687,2137.61961,2137.82324,100,20.0
2024.01.23 21:00,2136.67955,2136.88084,2136.21400,2136.51032,100,20.0
2024.01.23 21:15,2135.88789,2136.07723,2135.26131,2135.48063,100,20.0
2024.01.23 21:30,2135.96626,2137.37125,2135.68961,2137.18042,100,20.0
2024.01.23 21:45,2136.68253,2137.91216,2135.93478,2137.86194,100,20.0
2024.01.23 22:00,2136.71353,2136.75745,2136.11838,2136.15218,100,20.0
2024.01.23 22:15,2136.55745,2136.88530,2136.16058,2136.50510,100,20.0
2024.01.23 22:30,2136.78189,2137.38264,2136.61757,2137.18665,100,20.0
2024.01.23 22:45,2137.16075,2138.34601,2136.82230,2137.89296,100,20.0
2024.01.23 23:00,2137.97562,2138.03284,2137.80144,2137.98186,100,20.0
2024.01.23 23:15,2138.60507,2139.42362,2138.40149,2138.71448,100,20.0
2024.01.23 23:30,2138.36451,2138.99136,2137.99903,2138.73205,100,20.0
2024.01.23 23:45,2138.96495,2139.81627,2138.92952,2139.74886,100,20.0
2024.01.24 00:00,2140.18629,2140.32058,2139.34080,2139.63680,100,20.0
2024.01.24 00:15,2139.95700,2140.25808,2139.45228,2140.10180,100,20.0
2024.01.24 00:30,2139.30697,2140.45840,2139.13175,2139.83410,100,20.0
2024.01.24 00:45,2139.67348,2140.31607,2139.28470,2139.79362,100,20.0
2024.01.24 01:00,2139.77138,2140.08511,2138.87679,2139.22901,100,20.0
2024.01.24 01:15,2139.81038,2140.37346,2139.33233,2139.76686,100,20.0
2024.01.24 01:30,2139.99732,2140.39242,2138.35098,2139.17292,100,20.0
2024.01.24 01:45,2139.47911,2139.97732,2139.02428,2139.32475,100,20.0
2024.01.24 02:00,2139.80159,2139.91925,2139.58444,2139.80383,100,20.0
2024.01.24 02:15,2139.91168,2140.04107,2139.40902,2139.68510,100,20.0
2024.01.24 02:30,2140.81132,2141.14302,2140.66808,2140.90374,100,20.0
2024.01.24 02:45,2140.67614,2140.99430,2140.20914,2140.92536,100,20.0
2024.01.24 03:00,2140.55191,2140.78565,2139.76759,2140.21040,100,20.0
2024.01.24 03:15,2140.55742,2140.83166,2139.51940,2139.66436,100,20.0
2024.01.24 03:30,2140.49015,2141.52793,2140.35298,2140.94896,100,20.0
2024.01.24 03:45,2141.44466,2141.93041,2141.04814,2141.10588,100,20.0
2024.01.24 04:00,2140.15473,2140.48224,2139.28938,2139.59941,100,20.0
2024.01.24 04:15,2140.24959,2140.91880,2139.59538,2140.03395,100,20.0
2024.01.24 04:30,2140.98188,2141.35257,2140.31671,2140.77059,100,20.0
2024.01.24 04:45,2140.78782,2141.66214,2140.50034,2140.57453,100,20.0
2024.01.24 05:00,2139.85467,2140.24869,2139.50860,2140.06297,100,20.0
2024.01.24 05:15,2141.23620,2142.04094,2141.20937,2141.94825,100,20.0
2024.01.24 05:30,2141.68904,2142.50362,2141.59809,2142.38010,100,20.0
2024.01.24 05:45,2142.46003,2143.16973,2142.39927,2142.75729,100,20.0
2024.01.24 06:00,2142.63528,2142.65102,2141.94753,2142.24123,100,20.0
2024.01.24 06:15,2142.61156,2143.13121,2142.15396,2142.72626,100,20.0
2024.01.24 06:30,2142.68953,2142.87699,2142.46840,2142.72361,100,20.0
2024.01.24 06:45,2142.28144,2143.13871,2141.87669,2142.23797,100,20.0
2024.01.24 07:00,2141.69515,2141.71686,2140.82618,2140.97376,100,20.0
2024.01.24 07:15,2140.43406,2141.53498,2140.32418,2141.08169,100,20.0
2024.01.24 07:30,2140.13168,2140.86947,2139.65336,2140.20843,100,20.0
2024.01.24 07:45,2141.38702,2141.57832,2141.05547,2141.52666,100,20.0
2024.01.24 08:00,2141.28746,2141.89340,2141.19373,2141.88290,100,20.0
2024.01.24 08:15,2141.98671,2142.16300,2141.55353,2142.10544,100,20.0
2024.01.24 08:30,2142.08776,2142.36431,2142.04907,2142.05694,100,20.0
2024.01.24 08:45,2141.62460,2142.07120,2141.57582,2141.58567,100,20.0
2024.01.24 09:00,2142.56677,2142.81926,2142.51316,2142.74488,100,20.0
2024.01.24 09:15,2142.48504,2142.74977,2142.22041,2142.33213,100,20.0
2024.01.24 09:30,2142.73581,2143.51630,2142.09439,2143.30815,100,20.0
2024.01.24 09:45,2143.88022,2145.10256,2143.16088,2144.96554,100,20.0
2024.01.24 10:00,2143.77703,2143.81160,2143.46462,2143.52632,100,20.0
2024.01.24 10:15,2143.71553,2143.89474,2143.35340,2143.41718,100,20.0
2024.01.24 10:30,2143.64045,2143.67646,2143.11885,2143.39697,100,20.0
2024.01.24 10:45,2142.97806,2143.10893,2142.37694,2142.81767,100,20.0
2024.01.24 11:00,2143.46767,2143.96765,2143.37576,2143.55345,100,20.0
2024.01.24 11:15,2143.01353,2143.07613,2142.21396,2142.42500,100,20.0
2024.01.24 11:30,2142.93084,2143.34013,2142.76851,2143.21106,100,20.0
2024.01.24 11:45,2143.21918,2143.37134,2141.98014,2142.26202,100,20.0
2024.01.24 12:00,2142.10438,2142.22245,2141.97947,2142.15468,100,20.0
2024.01.24 12:15,2142.05543,2142.07045,2141.23525,2141.44312,100,20.0
2024.01.24 12:30,2142.59986,2142.94073,2142.21624,2142.43807,100,20.0
2024.01.24 12:45,2142.85382,2142.90336,2142.80881,2142.87697,100,20.0
2024.01.24 13:00,2142.39860,2142.73400,2141.36602,2142.23834,100,20.0
2024.01.24 13:15,2142.05120,2142.28712,2141.84241,2142.02589,100,20.0
2024.01.24 13:30,2142.36747,2142.99968,2141.86530,2142.69514,100,20.0
2024.01.24 13:45,2142.54305,2142.55455,2140.98410,2141.41845,100,20.0
2024.01.24 14:00,2142.36909,2143.03327,2142.32650,2142.61243,100,20.0
2024.01.24 14:15,2142.81347,2144.48093,2142.75003,2143.67204,100,20.0
2024.01.24 14:30,2142.75018,2142.82638,2141.98557,2142.45294,100,20.0
2024.01.24 14:45,2142.56208,2142.58586,2141.81288,2141.99822,100,20.0
2024.01.24 15:00,2143.35481,2143.67549,2142.87394,2143.66870,100,20.0
2024.01.24 15:15,2142.49516,2143.74781,2142.30573,2143.27024,100,20.0
2024.01.24 15:30,2141.36629,2142.29181,2141.34827,2141.93481,100,20.0
2024.01.24 15:45,2140.91880,2142.04053,2140.67501,2141.98802,100,20.0
2024.01.24 16:00,2141.91914,2142.14425,2141.31878,2141.49230,100,20.0
2024.01.24 16:15,2140.82050,2141.87236,2140.78187,2141.28063,100,20.0
2024.01.24 16:30,2140.47189,2140.62917,2140.28835,2140.43204,100,20.0
2024.01.24 16:45,2140.40844,2140.55075,2140.13778,2140.43650,100,20.0
2024.01.24 17:00,2140.86807,2141.33700,2139.91908,2140.54750,100,20.0
2024.01.24 17:15,2140.61113,2140.90767,2140.09921,2140.28458,100,20.0
2024.01.24 17:30,2141.75534,2141.92983,2141.42137,2141.91485,100,20.0
2024.01.24 17:45,2141.72944,2142.00538,2141.17522,2141.84384,100,20.0
2024.01.24 18:00,2142.28128,2142.98397,2142.01590,2142.70596,100,20.0
2024.01.24 18:15,2142.77392,2142.97350,2142.37274,2142.95466,100,20.0
2024.01.24 18:30,2142.11925,2142.52317,2142.06879,2142.43215,100,20.0
2024.01.24 18:45,2142.98825,2143.11798,2142.54680,2142.91006,100,20.0
2024.01.24 19:00,2144.21570,2144.48227,2143.78939,2144.42968,100,20.0
2024.01.24 19:15,2144.12264,2144.70231,2143.50454,2143.75818,100,20.0
2024.01.24 19:30,2144.11167,2144.82672,2143.92857,2144.76022,100,20.0
2024.01.24 19:45,2145.65512,2146.24428,2145.35113,2145.89505,100,20.0
2024.01.24 20:00,2145.88330,2145.93840,2144.85862,2144.91569,100,20.0
2024.01.24 20:15,2144.46767,2144.84412,2144.04756,2144.80931,100,20.0
2024.01.24 20:30,2145.51564,2145.70364,2145.30291,2145.37079,100,20.0
2024.01.24 20:45,2145.82655,2146.33355,2145.79149,2146.03597,100,20.0
2024.01.24 21:00,2146.34756,2146.72278,2146.34323,2146.49848,100,20.0
2024.01.24 21:15,2146.68274,2146.69569,2146.12399,2146.14673,100,20.0
2024.01.24 21:30,2146.85688,2148.14387,2146.59292,2147.46381,100,20.0
2024.01.24 21:45,2148.25925,2148.63768,2147.51888,2147.92359,100,20.0
2024.01.24 22:00,2148.21372,2148.69308,2147.97726,2148.25613,100,20.0
2024.01.24 22:15,2147.74047,2147.90810,2146.90477,2146.91342,100,20.0
2024.01.24 22:30,2147.04749,2147.36864,2146.51272,2146.95882,100,20.0
2024.01.24 22:45,2146.75317,2147.34622,2146.52689,2147.09676,100,20.0
2024.01.24 23:00,2146.73460,2146.91900,2146.46743,2146.63629,100,20.0
2024.01.24 23:15,2145.73513,2146.12033,2145.20941,2145.49986,100,20.0
2024.01.24 23:30,2145.59838,2146.07780,2145.13409,2145.83368,100,20.0
2024.01.24 23:45,2145.31871,2146.83820,2145.16158,2146.43356,100,20.0
2024.01.25 00:00,2147.11591,2147.23177,2146.26589,2146.28277,100,20.0
2024.01.25 00:15,2146.28360,2146.41629,2145.88666,2145.97745,100,20.0
2024.01.25 00:30,2145.98096,2146.07325,2145.76585,2145.89520,100,20.0
2024.01.25 00:45,2146.04357,2147.04529,2145.44352,2146.42943,100,20.0
2024.01.25 01:00,2146.45560,2146.51297,2146.02648,2146.24793,100,20.0
2024.01.25 01:15,2146.67382,2146.82382,2145.25144,2145.81644,100,20.0
2024.01.25 01:30,2146.24779,2147.40422,2145.81176,2146.80433,100,20.0
2024.01.25 01:45,2147.32155,2147.33901,2146.32784,2146.95087,100,20.0
2024.01.25 02:00,2145.91979,2146.60391,2145.90138,2146.31789,100,20.0
2024.01.25 02:15,2145.79811,2146.47744,2145.47835,2146.01766,100,20.0
2024.01.25 02:30,2146.03594,2146.39173,2145.42702,2145.53845,100,20.0
2024.01.25 02:45,2145.97680,2147.24806,2145.39019,2146.99049,100,20.0
2024.01.25 03:00,2146.78098,2147.29106,2146.61559,2146.64207,100,20.0
2024.01.25 03:15,2146.66421,2147.34766,2145.89591,2146.06719,100,20.0
2024.01.25 03:30,2146.46328,2146.79031,2146.08232,2146.36284,100,20.0
2024.01.25 03:45,2146.42160,2146.64418,2146.40435,2146.42995,100,20.0
2024.01.25 04:00,2146.36496,2146.87904,2146.02006,2146.52771,100,20.0
2024.01.25 04:15,2147.57898,2147.75325,2146.93822,2147.19480,100,20.0
2024.01.25 04:30,2146.56549,2146.91006,2145.99776,2146.56041,100,20.0
2024.01.25 04:45,2146.30813,2146.73888,2145.50362,2146.13533,100,20.0
2024.01.25 05:00,2146.03636,2146.43598,2145.51203,2146.15417,100,20.0
2024.01.25 05:15,2146.10185,2146.85684,2145.88514,2146.77367,100,20.0
2024.01.25 05:30,2146.74555,2146.89928,2145.55469,2146.09448,100,20.0
2024.01.25 05:45,2146.40033,2146.93891,2145.92424,2146.75603,100,20.0
2024.01.25 06:00,2147.51448,2148.23024,2147.37603,2147.96308,100,20.0
2024.01.25 06:15,2147.22962,2148.21923,2146.59850,2148.09746,100,20.0
2024.01.25 06:30,2148.83788,2149.39239,2148.60598,2148.70297,100,20.0
2024.01.25 06:45,2148.41560,2148.68533,2147.50459,2147.53027,100,20.0
2024.01.25 07:00,2147.81885,2147.94458,2147.10450,2147.27749,100,20.0
2024.01.25 07:15,2146.47016,2146.76274,2145.03906,2145.70494,100,20.0
2024.01.25 07:30,2145.03290,2145.33403,2144.37748,2145.22488,100,20.0
2024.01.25 07:45,2146.28098,2147.18720,2146.19964,2146.86069,100,20.0
2024.01.25 08:00,2146.91967,2146.92730,2146.34413,2146.63257,100,20.0
2024.01.25 08:15,2146.91791,2147.00076,2146.52740,2146.78439,100,20.0
2024.01.25 08:30,2146.82853,2147.28083,2145.85475,2146.05695,100,20.0
2024.01.25 08:45,2146.59055,2146.62315,2145.97660,2146.30694,100,20.0
2024.01.25 09:00,2146.74002,2147.54272,2144.76813,2145.19284,100,20.0
2024.01.25 09:15,2145.64648,2146.05158,2145.15653,2145.61058,100,20.0
2024.01.25 09:30,2145.64594,2147.18148,2145.23059,2146.43569,100,20.0
2024.01.25 09:45,2147.04256,2147.29337,2145.78442,2146.12289,100,20.0
2024.01.25 10:00,2146.38127,2147.01754,2146.33166,2146.60203,100,20.0
2024.01.25 10:15,2146.46006,2146.56080,2145.59578,2146.33823,100,20.0
2024.01.25 10:30,2146.28745,2147.10496,2145.96252,2146.93019,100,20.0
2024.01.25 10:45,2147.15522,2148.20662,2146.96205,2147.87346,100,20.0
2024.01.25 11:00,2147.72906,2147.89627,2147.55558,2147.63174,100,20.0
2024.01.25 11:15,2147.39794,2147.66314,2147.15294,2147.63323,100,20.0
2024.01.25 11:30,2148.28638,2149.14509,2147.67111,2147.73307,100,20.0
2024.01.25 11:45,2148.35172,2148.48325,2148.30595,2148.46170,100,20.0
2024.01.25 12:00,2148.18983,2148.20888,2147.68201,2148.10718,100,20.0
2024.01.25 12:15,2148.39672,2148.60498,2147.99893,2148.21268,100,20.0
2024.01.25 12:30,2148.64057,2149.02180,2148.38384,2148.59791,100,20.0
2024.01.25 12:45,2148.38292,2149.40915,2147.93444,2149.19728,100,20.0
2024.01.25 13:00,2149.21887,2149.74132,2149.05507,2149.49496,100,20.0
2024.01.25 13:15,2150.02045,2150.44334,2149.14737,2150.37749,100,20.0
2024.01.25 13:30,2150.15298,2150.99155,2149.44828,2149.92259,100,20.0
2024.01.25 13:45,2150.15612,2150.94346,2149.89964,2150.62952,100,20.0
2024.01.25 14:00,2151.48659,2152.06124,2151.39431,2152.01422,100,20.0
2024.01.25 14:15,2151.99026,2152.21720,2151.94464,2152.04622,100,20.0
2024.01.25 14:30,2152.15694,2152.29430,2151.50426,2152.13292,100,20.0
2024.01.25 14:45,2151.66534,2151.76476,2151.36719,2151.56588,100,20.0
2024.01.25 15:00,2150.58359,2150.80240,2149.68956,2149.81422,100,20.0
2024.01.25 15:15,2149.99918,2150.13622,2149.17089,2149.71943,100,20.0
2024.01.25 15:30,2150.38429,2150.84262,2150.16255,2150.32418,100,20.0
2024.01.25 15:45,2149.18653,2149.44241,2148.23403,2148.83032,100,20.0
2024.01.25 16:00,2148.14062,2148.67530,2147.74914,2148.03134,100,20.0
2024.01.25 16:15,2147.26858,2147.62375,2146.65202,2146.90461,100,20.0
2024.01.25 16:30,2147.03625,2148.01100,2146.74332,2147.73544,100,20.0
2024.01.25 16:45,2147.10524,2147.19663,2145.36808,2145.98450,100,20.0
2024.01.25 17:00,2146.04066,2146.65091,2145.90647,2146.20663,100,20.0
2024.01.25 17:15,2146.10111,2146.55484,2145.84372,2146.28349,100,20.0
2024.01.25 17:30,2146.97878,2147.11153,2146.43486,2146.89707,100,20.0
2024.01.25 17:45,2146.66045,2148.20956,2146.22674,2147.53338,100,20.0
2024.01.25 18:00,2148.26139,2148.95938,2148.24597,2148.37576,100,20.0
2024.01.25 18:15,2147.35216,2147.72277,2146.66289,2146.99898,100,20.0
2024.01.25 18:30,2148.01912,2148.32254,2147.61826,2147.78065,100,20.0
2024.01.25 18:45,2147.99873,2148.91931,2147.27256,2148.78335,100,20.0
2024.01.25 19:00,2148.49020,2148.94022,2148.39151,2148.44015,100,20.0
2024.01.25 19:15,2149.08674,2149.36499,2147.84656,2148.27998,100,20.0
2024.01.25 19:30,2147.58276,2147.91432,2146.75358,2147.06508,100,20.0
2024.01.25 19:45,2146.71002,2146.98118,2145.61653,2146.23384,100,20.0
2024.01.25 20:00,2146.26308,2146.94144,2146.02447,2146.89828,100,20.0
2024.01.25 20:15,2147.33430,2147.74233,2146.66940,2146.68569,100,20.0
2024.01.25 20:30,2146.63001,2147.32808,2145.50738,2145.84431,100,20.0
2024.01.25 20:45,2145.75196,2146.40442,2144.69647,2144.85596,100,20.0
2024.01.25 21:00,2144.43967,2144.51606,2143.71409,2144.07044,100,20.0
2024.01.25 21:15,2143.92769,2144.59561,2143.76185,2143.78037,100,20.0
2024.01.25 21:30,2143.63103,2143.77591,2143.44181,2143.58598,100,20.0
2024.01.25 21:45,2144.01892,2144.71251,2142.96550,2144.40232,100,20.0
2024.01.25 22:00,2144.71882,2145.09734,2143.05662,2143.23293,100,20.0
2024.01.25 22:15,2144.15330,2144.72260,2144.02181,2144.40090,100,20.0
2024.01.25 22:30,2144.16187,2145.65166,2143.91071,2145.08333,100,20.0
2024.01.25 22:45,2144.52365,2144.53504,2144.27101,2144.37500,100,20.0
2024.01.25 23:00,2144.87573,2144.92496,2144.43046,2144.56703,100,20.0
2024.01.25 23:15,2145.65749,2145.99349,2145.57688,2145.84096,100,20.0
2024.01.25 23:30,2146.29650,2146.45423,2145.64962,2145.97009,100,20.0
2024.01.25 23:45,2145.59562,2146.86090,2145.31291,2146.78201,100,20.0
2024.01.26 00:00,2145.89576,2146.03790,2145.06245,2145.41920,100,20.0
2024.01.26 00:15,2145.49848,2145.71407,2145.17145,2145.21589,100,20.0
2024.01.26 00:30,2144.54134,2144.74023,2144.23089,2144.49050,100,20.0
2024.01.26 00:45,2144.50677,2144.56548,2143.91054,2144.34438,100,20.0
2024.01.26 01:00,2144.79392,2144.98608,2144.64572,2144.88805,100,20.0
2024.01.26 01:15,2144.70976,2144.88688,2143.95888,2144.39467,100,20.0
2024.01.26 01:30,2144.87538,2145.09995,2143.77655,2144.13532,100,20.0
2024.01.26 01:45,2144.76174,2146.44099,2144.74457,2146.03452,100,20.0
2024.01.26 02:00,2146.31854,2147.23517,2145.97768,2146.00144,100,20.0
2024.01.26 02:15,2146.56873,2146.99246,2146.40926,2146.84304,100,20.0
2024.01.26 02:30,2147.85539,2149.18205,2147.09244,2149.11360,100,20.0
2024.01.26 02:45,2148.73457,2149.26459,2148.45857,2148.83628,100,20.0
2024.01.26 03:00,2148.89871,2149.25549,2148.81641,2148.85375,100,20.0
2024.01.26 03:15,2149.00118,2149.31947,2148.95642,2149.18079,100,20.0
2024.01.26 03:30,2149.34023,2149.63703,2148.77238,2148.88583,100,20.0
2024.01.26 03:45,2149.48535,2149.58708,2148.75279,2148.82571,100,20.0
2024.01.26 04:00,2148.86565,2149.03662,2147.57458,2148.10089,100,20.0
2024.01.26 04:15,2148.23839,2150.18266,2147.67592,2148.98482,100,20.0
2024.01.26 04:30,2148.03721,2148.55794,2147.76657,2148.35238,100,20.0
2024.01.26 04:45,2147.90958,2147.93608,2146.84340,2147.22988,100,20.0
2024.01.26 05:00,2147.26662,2147.29024,2147.10286,2147.20843,100,20.0
2024.01.26 05:15,2147.95171,2149.23720,2147.49990,2148.70947,100,20.0
2024.01.26 05:30,2148.76888,2148.78025,2148.25909,2148.51718,100,20.0
2024.01.26 05:45,2148.88497,2149.60303,2148.56315,2149.41807,100,20.0
2024.01.26 06:00,2149.03755,2149.22484,2148.75792,2148.98435,100,20.0
2024.01.26 06:15,2149.06280,2149.60289,2148.66423,2148.83222,100,20.0
2024.01.26 06:30,2149.05894,2149.76338,2149.03078,2149.50206,100,20.0
2024.01.26 06:45,2148.68531,2148.88210,2148.25953,2148.33493,100,20.0
2024.01.26 07:00,2148.26866,2148.57361,2147.61362,2147.94942,100,20.0
2024.01.26 07:15,2149.09138,2149.41329,2148.85583,2149.23280,100,20.0
2024.01.26 07:30,2148.66176,2148.98066,2147.75010,2148.20826,100,20.0
2024.01.26 07:45,2147.94325,2148.58477,2147.75463,2147.92192,100,20.0
2024.01.26 08:00,2147.36187,2147.66370,2145.81739,2146.08299,100,20.0
2024.01.26 08:15,2144.35981,2144.80629,2143.88711,2144.09028,100,20.0
2024.01.26 08:30,2143.24119,2143.48283,2143.05798,2143.43913,100,20.0
2024.01.26 08:45,2144.29071,2144.70989,2143.06452,2143.13056,100,20.0
2024.01.26 09:00,2143.22333,2143.41751,2142.95431,2143.01273,100,20.0
2024.01.26 09:15,2143.23962,2143.65987,2142.68731,2142.98874,100,20.0
2024.01.26 09:30,2142.75976,2142.76544,2142.17436,2142.32201,100,20.0
2024.01.26 09:45,2142.26732,2142.36054,2142.13676,2142.29744,100,20.0
2024.01.26 10:00,2141.93313,2142.50880,2141.82121,2142.25762,100,20.0
2024.01.26 10:15,2142.62930,2142.71623,2142.36797,2142.64009,100,20.0
2024.01.26 10:30,2142.76538,2142.87372,2142.11726,2142.12607,100,20.0
2024.01.26 10:45,2141.95948,2142.15840,2141.31452,2141.85188,100,20.0
2024.01.26 11:00,2142.01394,2142.24848,2141.90655,2142.21340,100,20.0
2024.01.26 11:15,2141.87332,2142.20879,2141.68934,2142.18333,100,20.0
2024.01.26 11:30,2142.32311,2142.45109,2140.45826,2141.22067,100,20.0
2024.01.26 11:45,2140.64749,2140.67040,2139.63477,2140.50307,100,20.0
2024.01.26 12:00,2140.82038,2140.82711,2140.47539,2140.67034,100,20.0
2024.01.26 12:15,2140.41298,2140.58575,2139.56319,2139.81778,100,20.0
2024.01.26 12:30,2137.77298,2138.32326,2137.45864,2138.31178,100,20.0
2024.01.26 12:45,2139.43082,2139.67992,2138.54969,2139.05981,100,20.0
2024.01.26 13:00,2139.44974,2139.69031,2139.29511,2139.41087,100,20.0
2024.01.26 13:15,2139.73764,2140.58709,2139.56546,2140.20719,100,20.0
2024.01.26 13:30,2139.75936,2139.89998,2139.09324,2139.71103,100,20.0
2024.01.26 13:45,2138.24744,2138.33339,2137.06808,2137.20908,100,20.0
2024.01.26 14:00,2137.34649,2137.37793,2136.94829,2137.28361,100,20.0
2024.01.26 14:15,2137.27980,2137.35686,2136.70241,2136.82994,100,20.0
2024.01.26 14:30,2137.97933,2138.53485,2137.21474,2137.52413,100,20.0
2024.01.26 14:45,2137.78278,2138.39575,2137.07711,2137.43595,100,20.0
2024.01.26 15:00,2137.94505,2138.70411,2137.93636,2138.29497,100,20.0
2024.01.26 15:15,2137.77121,2138.54503,2137.01148,2137.54889,100,20.0
2024.01.26 15:30,2138.15621,2138.47534,2137.04934,2137.88475,100,20.0
2024.01.26 15:45,2137.30666,2137.47595,2136.18623,2137.02332,100,20.0
2024.01.26 16:00,2137.67243,2138.08033,2137.44208,2137.67878,100,20.0
2024.01.26 16:15,2137.43798,2137.89900,2137.16404,2137.73265,100,20.0
2024.01.26 16:30,2137.38121,2137.72527,2137.18721,2137.22176,100,20.0
2024.01.26 16:45,2137.89670,2138.06174,2137.22994,2137.57390,100,20.0
2024.01.26 17:00,2137.60824,2137.99670,2135.57723,2136.67415,100,20.0
2024.01.26 17:15,2137.06176,2137.13185,2135.50256,2135.73296,100,20.0
2024.01.26 17:30,2135.51718,2135.72161,2135.05606,2135.26891,100,20.0
2024.01.26 17:45,2134.13686,2134.22926,2133.55805,2133.93654,100,20.0
2024.01.26 18:00,2133.23891,2133.50972,2132.58275,2132.65959,100,20.0
2024.01.26 18:15,2133.18457,2133.40477,2132.33297,2132.43660,100,20.0
2024.01.26 18:30,2132.92509,2133.21675,2132.13807,2132.45389,100,20.0
2024.01.26 18:45,2132.62975,2132.77577,2131.72856,2132.26391,100,20.0
2024.01.26 19:00,2132.93631,2134.17838,2132.90314,2133.56309,100,20.0
2024.01.26 19:15,2135.08824,2136.19124,2134.50495,2136.17317,100,20.0
2024.01.26 19:30,2137.81468,2138.12881,2136.91041,2137.20626,100,20.0
2024.01.26 19:45,2136.36296,2137.02257,2135.63857,2136.87625,100,20.0
2024.01.26 20:00,2136.67277,2136.94404,2136.28155,2136.85657,100,20.0
2024.01.26 20:15,2136.87325,2137.43573,2136.57035,2136.66167,100,20.0
2024.01.26 20:30,2135.96424,2136.00278,2135.69079,2135.72726,100,20.0
2024.01.26 20:45,2136.62863,2136.87027,2136.36926,2136.43103,100,20.0
2024.01.26 21:00,2136.04842,2136.17345,2135.64055,2136.12383,100,20.0
2024.01.26 21:15,2135.13806,2135.21220,2134.67915,2134.76779,100,20.0
2024.01.26 21:30,2133.85030,2134.10803,2133.53171,2133.81616,100,20.0
2024.01.26 21:45,2134.84610,2134.92972,2134.44446,2134.67232,100,20.0
2024.01.26 22:00,2134.53624,2134.57050,2133.83615,2134.01134,100,20.0
2024.01.26 22:15,2133.49076,2134.41455,2133.13455,2133.58441,100,20.0
2024.01.26 22:30,2133.54443,2133.73418,2132.26973,2132.91700,100,20.0
2024.01.26 22:45,2133.59967,2133.78075,2133.19174,2133.38197,100,20.0
2024.01.26 23:00,2133.45747,2133.47652,2132.76973,2133.29545,100,20.0
2024.01.26 23:15,2133.38086,2134.39806,2133.05314,2134.01545,100,20.0
2024.01.26 23:30,2133.94640,2135.39654,2133.70132,2134.60990,100,20.0
2024.01.26 23:45,2135.15637,2135.39456,2134.30300,2135.02121,100,20.0
2024.01.27 00:00,2135.48288,2136.00697,2135.40802,2136.00383,100,20.0
2024.01.27 00:15,2136.90233,2136.90320,2136.37494,2136.42586,100,20.0
2024.01.27 00:30,2137.03668,2137.11167,2136.56655,2136.86029,100,20.0
2024.01.27 00:45,2136.57873,2136.81841,2136.40360,2136.61939,100,20.0
2024.01.27 01:00,2136.70321,2136.74953,2136.29134,2136.52661,100,20.0
2024.01.27 01:15,2136.31285,2136.47964,2135.47254,2135.67064,100,20.0
2024.01.27 01:30,2134.92265,2135.20772,2134.64719,2134.68328,100,20.0
2024.01.27 01:45,2135.50530,2136.18681,2134.79394,2135.26114,100,20.0
2024.01.27 02:00,2135.08889,2135.48671,2134.71863,2134.87474,100,20.0
2024.01.27 02:15,2134.11717,2134.25368,2133.48784,2133.67197,100,20.0
2024.01.27 02:30,2133.65878,2135.39825,2133.53976,2135.00351,100,20.0
2024.01.27 02:45,2136.26591,2137.06521,2135.72471,2137.00784,100,20.0
2024.01.27 03:00,2136.65742,2136.69674,2136.26682,2136.55105,100,20.0
2024.01.27 03:15,2137.25178,2137.60514,2137.05910,2137.28042,100,20.0
2024.01.27 03:30,2137.98125,2138.70270,2137.61363,2138.50142,100,20.0
2024.01.27 03:45,2138.52513,2138.56177,2137.14164,2137.50059,100,20.0
2024.01.27 04:00,2137.21913,2137.60780,2136.87749,2137.50199,100,20.0
2024.01.27 04:15,2137.25594,2137.52134,2136.86854,2137.23775,100,20.0
2024.01.27 04:30,2137.02421,2137.21724,2136.32216,2136.73071,100,20.0
2024.01.27 04:45,2136.70360,2137.30507,2136.40308,2136.98810,100,20.0
2024.01.27 05:00,2136.69941,2137.92835,2136.53856,2137.54097,100,20.0
2024.01.27 05:15,2138.27928,2138.73390,2137.48989,2137.60580,100,20.0
2024.01.27 05:30,2138.20534,2138.40857,2137.90475,2137.90570,100,20.0
2024.01.27 05:45,2138.54821,2139.07192,2138.43601,2138.57034,100,20.0
2024.01.27 06:00,2138.66716,2139.31040,2138.48454,2138.81420,100,20.0
2024.01.27 06:15,2138.87695,2139.20850,2138.52570,2139.12695,100,20.0
2024.01.27 06:30,2139.45567,2140.93408,2138.90642,2140.48751,100,20.0
2024.01.27 06:45,2140.43235,2141.73707,2140.10187,2141.24380,100,20.0
2024.01.27 07:00,2140.96041,2141.48436,2140.85122,2140.94564,100,20.0
2024.01.27 07:15,2141.55103,2141.84149,2140.63829,2141.04553,100,20.0
2024.01.27 07:30,2140.57520,2140.65286,2139.72691,2140.48949,100,20.0
2024.01.27 07:45,2139.27802,2139.31657,2138.79261,2138.86152,100,20.0
2024.01.27 08:00,2138.96016,2139.51429,2138.90764,2139.16610,100,20.0
2024.01.27 08:15,2139.36046,2139.47977,2138.64779,2138.98612,100,20.0
2024.01.27 08:30,2137.95716,2138.60016,2137.51966,2138.42938,100,20.0
2024.01.27 08:45,2139.19093,2139.28800,2138.48016,2138.99832,100,20.0
2024.01.27 09:00,2137.98645,2138.10426,2136.99599,2137.39518,100,20.0
2024.01.27 09:15,2136.69092,2137.11066,2136.67044,2136.91129,100,20.0
2024.01.27 09:30,2136.31605,2137.31808,2135.79053,2136.58869,100,20.0
2024.01.27 09:45,2136.05044,2136.61091,2135.39131,2135.87640,100,20.0
2024.01.27 10:00,2135.59054,2135.87450,2135.56023,2135.85830,100,20.0
2024.01.27 10:15,2136.29923,2138.12592,2135.87439,2137.01175,100,20.0
2024.01.27 10:30,2137.27232,2137.88332,2136.79927,2137.02769,100,20.0
2024.01.27 10:45,2137.50741,2138.52924,2137.48453,2138.18235,100,20.0
2024.01.27 11:00,2138.21259,2138.83936,2137.89932,2138.48851,100,20.0
2024.01.27 11:15,2138.28621,2138.81155,2138.13915,2138.60303,100,20.0
2024.01.27 11:30,2138.29256,2138.42086,2137.79177,2138.41180,100,20.0
2024.01.27 11:45,2139.07503,2139.36691,2138.64676,2138.82289,100,20.0
2024.01.27 12:00,2138.45140,2138.58648,2138.35429,2138.55276,100,20.0
2024.01.27 12:15,2138.01987,2138.40151,2137.54498,2137.61031,100,20.0
2024.01.27 12:30,2137.45530,2137.93159,2136.58207,2137.34746,100,20.0
2024.01.27 12:45,2137.30643,2137.53061,2137.15223,2137.33870,100,20.0
2024.01.27 13:00,2138.27475,2138.35911,2138.04503,2138.22134,100,20.0
2024.01.27 13:15,2137.40670,2138.29340,2137.03598,2137.17886,100,20.0
2024.01.27 13:30,2137.32666,2137.58487,2137.21842,2137.48860,100,20.0
2024.01.27 13:45,2137.34842,2137.42945,2136.91663,2136.98265,100,20.0
2024.01.27 14:00,2137.12440,2137.38138,2137.03888,2137.26724,100,20.0
2024.01.27 14:15,2137.21348,2137.50374,2135.69123,2136.25806,100,20.0
2024.01.27 14:30,2135.53704,2135.64425,2135.37450,2135.63608,100,20.0
2024.01.27 14:45,2135.55319,2135.56358,2134.76722,2134.99939,100,20.0
2024.01.27 15:00,2135.43891,2135.58772,2135.17195,2135.54181,100,20.0
2024.01.27 15:15,2135.67565,2135.79918,2135.19155,2135.50287,100,20.0
2024.01.27 15:30,2136.18800,2136.48349,2136.03874,2136.15290,100,20.0
2024.01.27 15:45,2136.49550,2136.92908,2136.35920,2136.74514,100,20.0
2024.01.27 16:00,2136.50560,2136.52620,2136.07807,2136.39981,100,20.0
2024.01.27 16:15,2136.93454,2138.44541,2136.84230,2138.06029,100,20.0
2024.01.27 16:30,2138.06377,2138.74317,2137.35104,2137.92856,100,20.0
2024.01.27 16:45,2137.82603,2138.24946,2137.30789,2137.67262,100,20.0
2024.01.27 17:00,2137.91941,2138.03149,2137.48963,2137.71348,100,20.0
2024.01.27 17:15,2137.86428,2138.16261,2136.94785,2137.16980,100,20.0
2024.01.27 17:30,2137.77418,2137.94348,2137.04711,2137.21894,100,20.0
2024.01.27 17:45,2136.65916,2137.33774,2136.25617,2137.29583,100,20.0
2024.01.27 18:00,2137.63108,2138.01657,2136.42988,2137.72921,100,20.0
2024.01.27 18:15,2137.96428,2138.28216,2137.56143,2137.67596,100,20.0
2024.01.27 18:30,2137.65686,2137.85528,2136.98878,2137.02346,100,20.0
2024.01.27 18:45,2136.82542,2137.56900,2136.45455,2137.10310,100,20.0
2024.01.27 19:00,2136.99594,2137.39143,2136.30629,2136.64385,100,20.0
2024.01.27 19:15,2136.47622,2136.68545,2135.74478,2135.84345,100,20.0
2024.01.27 19:30,2136.65626,2138.07938,2136.60141,2137.75487,100,20.0
2024.01.27 19:45,2137.44552,2138.20983,2137.13795,2137.97335,100,20.0
2024.01.27 20:00,2137.71707,2138.64092,2137.60358,2138.12312,100,20.0
2024.01.27 20:15,2138.15864,2139.16120,2137.78332,2138.67337,100,20.0
2024.01.27 20:30,2139.23501,2140.35998,2138.61438,2140.13220,100,20.0
2024.01.27 20:45,2141.09318,2141.30705,2139.73254,2139.98684,100,20.0
2024.01.27 21:00,2139.18447,2139.57465,2139.05012,2139.13978,100,20.0
2024.01.27 21:15,2138.70164,2139.19202,2138.51420,2138.68367,100,20.0
2024.01.27 21:30,2139.65139,2140.22837,2138.82677,2139.96905,100,20.0
2024.01.27 21:45,2140.42365,2141.30015,2139.97419,2141.27545,100,20.0
2024.01.27 22:00,2140.15187,2140.60901,2139.57505,2139.78175,100,20.0
2024.01.27 22:15,2139.87346,2141.09310,2139.66033,2140.36604,100,20.0
2024.01.27 22:30,2140.39691,2140.80725,2140.28955,2140.61879,100,20.0
2024.01.27 22:45,2140.75762,2141.18597,2140.08601,2140.22320,100,20.0
2024.01.27 23:00,2139.99699,2140.82839,2139.78353,2140.70705,100,20.0
2024.01.27 23:15,2140.72542,2141.42757,2140.51500,2141.14264,100,20.0
2024.01.27 23:30,2141.68748,2142.82663,2141.35661,2142.17464,100,20.0
2024.01.27 23:45,2142.10108,2142.72435,2141.55214,2141.73660,100,20.0
2024.01.28 00:00,2141.54488,2142.17302,2140.98610,2141.93488,100,20.0
2024.01.28 00:15,2140.89175,2140.99390,2140.58586,2140.72468,100,20.0
2024.01.28 00:30,2140.63353,2141.01413,2140.07762,2140.19555,100,20.0
2024.01.28 00:45,2140.17498,2140.49988,2139.77773,2140.11990,100,20.0
2024.01.28 01:00,2141.21739,2142.49863,2140.17840,2141.72447,100,20.0
2024.01.28 01:15,2142.86634,2143.78597,2142.34222,2142.79503,100,20.0
2024.01.28 01:30,2142.44755,2142.93268,2141.90743,2142.89702,100,20.0
2024.01.28 01:45,2143.23619,2144.03640,2142.98209,2143.24451,100,20.0
2024.01.28 02:00,2143.44310,2143.56317,2142.55926,2142.71883,100,20.0
2024.01.28 02:15,2143.09068,2143.86001,2142.56504,2143.77856,100,20.0
2024.01.28 02:30,2143.78279,2144.14388,2143.65143,2144.01016,100,20.0
2024.01.28 02:45,2144.23125,2144.50688,2143.79411,2144.12595,100,20.0
2024.01.28 03:00,2142.46187,2143.05810,2142.36134,2142.55381,100,20.0
2024.01.28 03:15,2142.47866,2143.08580,2141.84115,2142.25881,100,20.0
2024.01.28 03:30,2141.41334,2141.64760,2140.49780,2141.08766,100,20.0
2024.01.28 03:45,2141.76032,2142.27047,2141.62172,2142.24433,100,20.0
2024.01.28 04:00,2142.68777,2142.87018,2142.49437,2142.54931,100,20.0
2024.01.28 04:15,2141.74986,2141.81648,2141.61418,2141.73394,100,20.0
2024.01.28 04:30,2141.95617,2142.30004,2141.66860,2142.28814,100,20.0
2024.01.28 04:45,2144.20888,2144.26298,2142.02370,2143.17139,100,20.0
2024.01.28 05:00,2143.62140,2144.22997,2142.74275,2143.15925,100,20.0
2024.01.28 05:15,2142.12462,2142.30037,2142.09705,2142.20722,100,20.0
2024.01.28 05:30,2140.95047,2141.01177,2140.00181,2140.61048,100,20.0
2024.01.28 05:45,2140.86057,2140.98856,2140.77559,2140.83346,100,20.0
2024.01.28 06:00,2140.42603,2140.56829,2140.33369,2140.53093,100,20.0
2024.01.28 06:15,2140.82261,2141.62457,2140.48546,2141.37494,100,20.0
2024.01.28 06:30,2141.08425,2141.13435,2140.50443,2140.71071,100,20.0
2024.01.28 06:45,2140.28737,2141.18893,2140.14603,2140.54400,100,20.0
2024.01.28 07:00,2140.54018,2140.97838,2140.50798,2140.86340,100,20.0
2024.01.28 07:15,2141.24899,2141.52668,2141.08436,2141.21533,100,20.0
2024.01.28 07:30,2141.75478,2142.43002,2141.61726,2142.21013,100,20.0
2024.01.28 07:45,2141.93589,2142.53954,2141.65184,2142.14562,100,20.0
2024.01.28 08:00,2142.63294,2142.82113,2142.17037,2142.74903,100,20.0
2024.01.28 08:15,2143.16391,2143.20870,2143.03133,2143.11652,100,20.0
2024.01.28 08:30,2142.23489,2142.96417,2141.93659,2142.08320,100,20.0
2024.01.28 08:45,2142.91998,2143.29434,2142.69632,2143.22876,100,20.0
2024.01.28 09:00,2143.42005,2143.68460,2142.50860,2142.75217,100,20.0
2024.01.28 09:15,2144.14695,2144.65791,2144.10840,2144.49114,100,20.0
2024.01.28 09:30,2145.16070,2146.30196,2144.91462,2145.98307,100,20.0
2024.01.28 09:45,2145.84290,2146.96994,2145.54064,2146.57785,100,20.0
2024.01.28 10:00,2146.87458,2147.56198,2146.74987,2147.48168,100,20.0
2024.01.28 10:15,2148.38042,2148.62360,2147.88257,2147.92790,100,20.0
2024.01.28 10:30,2147.91146,2148.10567,2147.28269,2147.35871,100,20.0
2024.01.28 10:45,2146.90524,2147.27876,2146.58248,2147.03549,100,20.0
2024.01.28 11:00,2147.12569,2147.56467,2147.02651,2147.29305,100,20.0
2024.01.28 11:15,2147.15813,2148.55585,2146.83986,2148.13409,100,20.0
2024.01.28 11:30,2148.44087,2148.58704,2148.05285,2148.35950,100,20.0
2024.01.28 11:45,2147.68451,2148.42714,2146.29708,2146.96349,100,20.0
2024.01.28 12:00,2146.62710,2147.14940,2146.14252,2146.89451,100,20.0
2024.01.28 12:15,2147.65796,2147.71989,2147.08165,2147.54014,100,20.0
2024.01.28 12:30,2147.58347,2148.11511,2147.30660,2147.41295,100,20.0
2024.01.28 12:45,2146.63736,2146.80193,2145.84952,2146.27509,100,20.0
2024.01.28 13:00,2146.21213,2147.13141,2146.00236,2146.73765,100,20.0
2024.01.28 13:15,2146.98233,2147.70322,2145.85726,2147.67044,100,20.0
2024.01.28 13:30,2148.39631,2149.14818,2148.01364,2148.24503,100,20.0
2024.01.28 13:45,2149.12581,2149.68397,2148.72939,2149.29296,100,20.0
2024.01.28 14:00,2149.10579,2149.35305,2148.13564,2148.70633,100,20.0
2024.01.28 14:15,2149.82843,2149.90239,2148.79087,2149.31976,100,20.0
2024.01.28 14:30,2150.24415,2150.41329,2149.37960,2149.84324,100,20.0
2024.01.28 14:45,2149.85959,2150.50828,2149.73160,2150.19491,100,20.0
2024.01.28 15:00,2150.13821,2151.37954,2150.08078,2151.01658,100,20.0
2024.01.28 15:15,2150.61185,2151.05306,2150.11562,2150.45272,100,20.0
2024.01.28 15:30,2150.30455,2150.63237,2149.25816,2149.66068,100,20.0
2024.01.28 15:45,2149.49810,2149.58298,2149.21549,2149.22386,100,20.0
2024.01.28 16:00,2149.22611,2150.09330,2149.10023,2149.50013,100,20.0
2024.01.28 16:15,2149.83436,2149.95419,2149.81441,2149.86211,100,20.0
2024.01.28 16:30,2149.64801,2150.25917,2149.56411,2150.24478,100,20.0
2024.01.28 16:45,2149.34947,2150.76526,2149.13813,2150.42798,100,20.0
2024.01.28 17:00,2151.08393,2151.91718,2150.42002,2151.79769,100,20.0
2024.01.28 17:15,2151.98226,2152.48887,2151.59631,2152.25820,100,20.0
2024.01.28 17:30,2152.61845,2152.68343,2152.21573,2152.27583,100,20.0
2024.01.28 17:45,2151.59305,2152.83886,2150.93027,2152.56530,100,20.0
2024.01.28 18:00,2152.82963,2153.09049,2152.41028,2152.44326,100,20.0
2024.01.28 18:15,2152.12464,2152.36500,2152.02244,2152.02420,100,20.0
2024.01.28 18:30,2152.78778,2153.38851,2152.21129,2153.08444,100,20.0
2024.01.28 18:45,2153.09475,2154.40205,2153.06151,2153.60855,100,20.0
2024.01.28 19:00,2153.89607,2154.31361,2153.54502,2154.13437,100,20.0
2024.01.28 19:15,2153.63804,2154.40597,2153.25441,2154.17448,100,20.0
2024.01.28 19:30,2154.33854,2155.22066,2154.02083,2155.08123,100,20.0
2024.01.28 19:45,2154.84957,2155.38246,2154.25732,2154.50265,100,20.0
2024.01.28 20:00,2154.35643,2154.51068,2153.26674,2154.05273,100,20.0
2024.01.28 20:15,2154.34690,2154.97776,2154.04575,2154.35979,100,20.0
2024.01.28 20:30,2154.47994,2154.68633,2153.65399,2153.95789,100,20.0
2024.01.28 20:45,2154.05952,2154.62975,2152.43028,2152.89168,100,20.0
2024.01.28 21:00,2153.17818,2153.85714,2152.56614,2152.92057,100,20.0
2024.01.28 21:15,2152.90299,2152.91144,2152.52433,2152.76065,100,20.0
2024.01.28 21:30,2153.29129,2153.33679,2152.36322,2153.10302,100,20.0
2024.01.28 21:45,2153.52856,2154.16392,2153.18191,2153.99975,100,20.0
2024.01.28 22:00,2152.85446,2153.29204,2152.08262,2152.13638,100,20.0
2024.01.28 22:15,2152.20361,2152.63442,2152.17536,2152.28221,100,20.0
2024.01.28 22:30,2152.69515,2153.21815,2151.96201,2152.47552,100,20.0
2024.01.28 22:45,2153.46746,2153.63106,2153.23661,2153.28312,100,20.0
2024.01.28 23:00,2153.67599,2154.21027,2153.50308,2153.78699,100,20.0
2024.01.28 23:15,2154.22964,2154.40055,2154.17588,2154.24468,100,20.0
2024.01.28 23:30,2154.95336,2155.58783,2154.84295,2155.04010,100,20.0
2024.01.28 23:45,2155.29967,2155.77592,2154.90990,2155.05497,100,20.0
2024.01.29 00:00,2155.51144,2156.47682,2155.47569,2155.96958,100,20.0
2024.01.29 00:15,2155.95975,2156.36038,2155.76876,2156.26756,100,20.0
2024.01.29 00:30,2157.00620,2157.02334,2156.90234,2157.01569,100,20.0
2024.01.29 00:45,2156.95913,2157.58856,2156.65088,2157.38907,100,20.0
2024.01.29 01:00,2156.69924,2157.66872,2155.86026,2155.93260,100,20.0
2024.01.29 01:15,2155.58608,2156.02417,2155.11018,2155.81781,100,20.0
2024.01.29 01:30,2156.99864,2157.21774,2156.73761,2156.75795,100,20.0
2024.01.29 01:45,2157.44996,2157.94831,2156.78175,2157.92991,100,20.0
2024.01.29 02:00,2157.86219,2158.76146,2157.81393,2158.20899,100,20.0
2024.01.29 02:15,2158.24817,2158.40017,2157.54681,2157.82233,100,20.0
2024.01.29 02:30,2157.55719,2158.44832,2157.43804,2157.97494,100,20.0
2024.01.29 02:45,2157.49161,2158.08175,2157.33036,2157.98322,100,20.0
2024.01.29 03:00,2158.87164,2159.62048,2158.20939,2159.22226,100,20.0
2024.01.29 03:15,2159.80141,2159.97827,2159.14864,2159.53065,100,20.0
2024.01.29 03:30,2158.25687,2159.15267,2158.04719,2158.48105,100,20.0
2024.01.29 03:45,2157.59658,2159.12132,2157.52896,2158.77609,100,20.0
2024.01.29 04:00,2159.15440,2159.40263,2158.29113,2158.63899,100,20.0
2024.01.29 04:15,2158.33155,2159.38409,2158.00522,2158.18078,100,20.0
2024.01.29 04:30,2157.69409,2157.96460,2157.49313,2157.65283,100,20.0
2024.01.29 04:45,2157.47504,2159.03427,2157.35351,2158.39733,100,20.0
2024.01.29 05:00,2159.74225,2160.20619,2159.38802,2159.52146,100,20.0
2024.01.29 05:15,2159.92481,2160.12906,2159.24685,2159.42176,100,20.0
2024.01.29 05:30,2158.74348,2159.05995,2158.03970,2158.07607,100,20.0
2024.01.29 05:45,2157.91547,2158.76274,2157.87463,2158.49453,100,20.0
2024.01.29 06:00,2158.60951,2159.36998,2158.30483,2159.07590,100,20.0
2024.01.29 06:15,2158.88472,2159.14357,2158.50165,2159.04916,100,20.0
2024.01.29 06:30,2159.41446,2160.03783,2158.97224,2160.01030,100,20.0
2024.01.29 06:45,2160.18391,2161.22439,2159.98899,2160.58117,100,20.0
2024.01.29 07:00,2160.84578,2161.26390,2160.63645,2160.67616,100,20.0
2024.01.29 07:15,2159.88720,2159.96985,2159.06763,2159.35339,100,20.0
2024.01.29 07:30,2158.56920,2158.82097,2157.97321,2158.73527,100,20.0
2024.01.29 07:45,2159.50053,2159.83512,2159.43119,2159.82321,100,20.0
2024.01.29 08:00,2160.22543,2161.00020,2160.12462,2160.55119,100,20.0
2024.01.29 08:15,2160.26543,2160.39472,2159.96497,2160.00519,100,20.0
2024.01.29 08:30,2160.69984,2161.62718,2160.54991,2161.15062,100,20.0
2024.01.29 08:45,2161.19226,2161.90380,2160.64881,2160.79794,100,20.0
2024.01.29 09:00,2160.88301,2161.19608,2160.11164,2160.81938,100,20.0
2024.01.29 09:15,2161.13508,2161.41173,2160.22969,2160.39440,100,20.0
2024.01.29 09:30,2160.30862,2160.93045,2159.98083,2160.47649,100,20.0
2024.01.29 09:45,2160.03221,2160.52016,2159.94449,2160.45391,100,20.0
2024.01.29 10:00,2161.32360,2161.48501,2160.54175,2160.85369,100,20.0
2024.01.29 10:15,2160.39734,2160.70151,2160.34998,2160.46743,100,20.0
2024.01.29 10:30,2161.14317,2161.96421,2161.06101,2161.89619,100,20.0
2024.01.29 10:45,2160.90515,2161.33835,2160.50652,2160.95741,100,20.0
2024.01.29 11:00,2160.47779,2161.30727,2159.93686,2161.26122,100,20.0
2024.01.29 11:15,2161.90438,2163.47502,2161.80646,2162.98521,100,20.0
2024.01.29 11:30,2163.26597,2163.65868,2163.05931,2163.30886,100,20.0
2024.01.29 11:45,2164.06278,2164.82858,2163.99499,2164.37333,100,20.0
2024.01.29 12:00,2164.00049,2164.24513,2163.25143,2163.43153,100,20.0
2024.01.29 12:15,2164.12046,2164.19900,2163.85188,2163.86328,100,20.0
2024.01.29 12:30,2163.24479,2163.86746,2163.14419,2163.51140,100,20.0
2024.01.29 12:45,2164.04116,2165.05170,2163.41415,2164.42472,100,20.0
2024.01.29 13:00,2164.56898,2165.11387,2164.01756,2164.97983,100,20.0
2024.01.29 13:15,2165.07889,2165.25493,2164.47831,2164.69431,100,20.0
2024.01.29 13:30,2164.78089,2165.40461,2163.90066,2165.12398,100,20.0
2024.01.29 13:45,2165.18976,2165.31759,2165.08025,2165.27413,100,20.0
2024.01.29 14:00,2166.02138,2166.41399,2165.48202,2165.56797,100,20.0
2024.01.29 14:15,2165.96230,2166.36469,2165.02271,2165.30457,100,20.0
2024.01.29 14:30,2165.65223,2165.98335,2165.24590,2165.63295,100,20.0
2024.01.29 14:45,2165.93155,2166.44986,2164.09644,2165.00256,100,20.0
2024.01.29 15:00,2165.48626,2166.09288,2164.72477,2164.89853,100,20.0
2024.01.29 15:15,2165.82763,2166.09890,2165.71626,2165.86928,100,20.0
2024.01.29 15:30,2166.31448,2166.71333,2165.50015,2165.99569,100,20.0
2024.01.29 15:45,2165.55066,2166.00989,2165.44559,2165.75750,100,20.0
2024.01.29 16:00,2165.76189,2166.99879,2165.70242,2166.55582,100,20.0
2024.01.29 16:15,2166.86331,2167.51051,2166.78160,2167.42434,100,20.0
2024.01.29 16:30,2167.59742,2167.94061,2167.27581,2167.63521,100,20.0
2024.01.29 16:45,2167.48432,2167.54220,2166.61760,2167.03873,100,20.0
2024.01.29 17:00,2166.96153,2167.38854,2166.73207,2167.34029,100,20.0
2024.01.29 17:15,2166.33681,2166.57960,2166.06144,2166.11500,100,20.0
2024.01.29 17:30,2166.86262,2167.17488,2166.44781,2166.81363,100,20.0
2024.01.29 17:45,2167.14312,2168.69496,2166.95757,2167.75710,100,20.0
2024.01.29 18:00,2167.99780,2168.49278,2167.86968,2168.23396,100,20.0
2024.01.29 18:15,2169.32469,2169.97660,2169.19014,2169.52334,100,20.0
2024.01.29 18:30,2170.74076,2171.76227,2170.71843,2171.65743,100,20.0
2024.01.29 18:45,2172.79079,2172.95335,2172.31845,2172.59851,100,20.0
2024.01.29 19:00,2172.01739,2172.32013,2171.90229,2172.00515,100,20.0
2024.01.29 19:15,2172.28499,2172.70443,2170.97126,2171.10639,100,20.0
2024.01.29 19:30,2170.73034,2171.11271,2169.52748,2170.06008,100,20.0
2024.01.29 19:45,2170.83969,2171.95177,2170.78612,2171.39489,100,20.0
2024.01.29 20:00,2171.23785,2173.08593,2170.96436,2172.52407,100,20.0
2024.01.29 20:15,2172.75486,2172.82074,2171.75868,2172.08907,100,20.0
2024.01.29 20:30,2172.83098,2174.01449,2172.17120,2173.56957,100,20.0
2024.01.29 20:45,2173.12943,2174.23630,2171.98070,2172.58695,100,20.0
2024.01.29 21:00,2173.32812,2173.74254,2172.71550,2173.62746,100,20.0
2024.01.29 21:15,2174.07003,2174.16543,2173.30907,2173.53330,100,20.0
2024.01.29 21:30,2174.25898,2174.30241,2173.05986,2173.80868,100,20.0
2024.01.29 21:45,2174.16293,2174.26511,2173.84538,2173.96736,100,20.0
2024.01.29 22:00,2174.64888,2174.69984,2174.60472,2174.64044,100,20.0
2024.01.29 22:15,2175.04030,2175.23528,2173.61444,2173.99303,100,20.0
2024.01.29 22:30,2173.92921,2174.05266,2173.32738,2173.71314,100,20.0
2024.01.29 22:45,2173.05417,2174.19754,2172.56612,2173.79350,100,20.0
2024.01.29 23:00,2171.90681,2172.26224,2171.27034,2171.40726,100,20.0
2024.01.29 23:15,2171.30597,2172.15797,2171.04112,2172.04058,100,20.0
2024.01.29 23:30,2172.65711,2172.88066,2172.32956,2172.66491,100,20.0
2024.01.29 23:45,2173.07263,2173.12332,2171.43228,2172.23763,100,20.0
2024.01.30 00:00,2171.99226,2172.31774,2171.94023,2172.17511,100,20.0
2024.01.30 00:15,2172.01495,2172.10670,2170.48789,2170.60343,100,20.0
2024.01.30 00:30,2170.22273,2170.51438,2169.65514,2169.67367,100,20.0
2024.01.30 00:45,2168.72092,2169.02066,2168.26026,2168.63638,100,20.0
2024.01.30 01:00,2168.47484,2169.21725,2168.08637,2168.82747,100,20.0
2024.01.30 01:15,2169.51576,2169.76503,2169.26797,2169.61397,100,20.0
2024.01.30 01:30,2170.00472,2170.56435,2169.89004,2169.90711,100,20.0
2024.01.30 01:45,2169.09800,2170.31037,2168.49819,2169.52969,100,20.0
2024.01.30 02:00,2168.59184,2168.84497,2168.02377,2168.33897,100,20.0
2024.01.30 02:15,2167.19687,2167.51290,2166.62218,2167.36193,100,20.0
2024.01.30 02:30,2166.43101,2166.63585,2166.34858,2166.36311,100,20.0
2024.01.30 02:45,2166.10390,2166.87460,2165.88770,2166.55986,100,20.0
2024.01.30 03:00,2166.32628,2166.44040,2166.04921,2166.43890,100,20.0
2024.01.30 03:15,2166.27163,2167.21610,2165.84743,2165.99419,100,20.0
2024.01.30 03:30,2165.66909,2165.94359,2164.91170,2165.15508,100,20.0
2024.01.30 03:45,2166.28486,2166.83764,2166.00053,2166.11096,100,20.0
2024.01.30 04:00,2165.15792,2166.18422,2164.86558,2165.83794,100,20.0
2024.01.30 04:15,2164.98557,2165.59904,2164.64898,2165.46176,100,20.0
2024.01.30 04:30,2165.19715,2166.90791,2165.11277,2165.69930,100,20.0
2024.01.30 04:45,2166.01873,2166.35359,2165.55326,2165.77171,100,20.0
2024.01.30 05:00,2166.20088,2167.06306,2166.11104,2166.75096,100,20.0
2024.01.30 05:15,2166.40015,2166.68900,2165.99981,2166.28746,100,20.0
2024.01.30 05:30,2166.00586,2166.07503,2165.66240,2165.76723,100,20.0
2024.01.30 05:45,2166.00017,2166.56817,2165.87844,2166.24398,100,20.0
2024.01.30 06:00,2167.20804,2167.75584,2166.70924,2167.13998,100,20.0
2024.01.30 06:15,2167.73243,2168.21321,2167.38547,2167.80203,100,20.0
2024.01.30 06:30,2167.85057,2167.99212,2166.79556,2167.17968,100,20.0
2024.01.30 06:45,2166.09065,2166.44397,2164.40919,2165.20285,100,20.0
2024.01.30 07:00,2165.46949,2166.29849,2165.25826,2166.01159,100,20.0
2024.01.30 07:15,2166.78502,2166.81678,2165.47771,2166.09513,100,20.0
2024.01.30 07:30,2166.79056,2167.24672,2166.54838,2167.10116,100,20.0
2024.01.30 07:45,2167.52688,2167.59488,2166.43485,2166.51042,100,20.0
2024.01.30 08:00,2167.57805,2167.70408,2166.18577,2166.84856,100,20.0
2024.01.30 08:15,2166.96107,2167.56263,2166.41734,2167.53193,100,20.0
2024.01.30 08:30,2168.57231,2168.79913,2168.05973,2168.59658,100,20.0
2024.01.30 08:45,2169.51696,2170.23225,2168.91700,2169.32449,100,20.0
2024.01.30 09:00,2169.01194,2169.11273,2168.40379,2168.88924,100,20.0
2024.01.30 09:15,2168.17610,2168.36943,2167.81672,2168.06624,100,20.0
2024.01.30 09:30,2167.38143,2167.50709,2166.35817,2166.77468,100,20.0
2024.01.30 09:45,2166.79148,2167.97241,2166.26774,2167.14597,100,20.0
2024.01.30 10:00,2167.44656,2167.67657,2166.22276,2166.64223,100,20.0
2024.01.30 10:15,2168.08059,2169.49003,2167.68632,2169.10082,100,20.0
2024.01.30 10:30,2169.72918,2170.55112,2169.67151,2170.02240,100,20.0
2024.01.30 10:45,2170.51446,2170.75296,2169.88209,2170.31735,100,20.0
2024.01.30 11:00,2170.16548,2170.28757,2169.67923,2170.06844,100,20.0
2024.01.30 11:15,2169.34592,2169.76271,2169.18638,2169.70360,100,20.0
2024.01.30 11:30,2170.01386,2170.18999,2169.55116,2169.90249,100,20.0
2024.01.30 11:45,2170.90206,2171.96497,2170.32938,2171.91561,100,20.0
2024.01.30 12:00,2170.66267,2171.32472,2170.40471,2170.93366,100,20.0
2024.01.30 12:15,2171.48422,2171.79109,2170.80354,2171.16122,100,20.0
2024.01.30 12:30,2171.60263,2171.98185,2171.13788,2171.95783,100,20.0
2024.01.30 12:45,2173.08170,2173.70859,2172.59945,2173.42822,100,20.0
2024.01.30 13:00,2174.21456,2174.32706,2173.09747,2173.73775,100,20.0
2024.01.30 13:15,2173.60954,2173.79225,2173.06544,2173.78739,100,20.0
2024.01.30 13:30,2174.75815,2175.09319,2173.27174,2173.79925,100,20.0
2024.01.30 13:45,2175.44137,2175.80212,2175.06209,2175.75821,100,20.0
2024.01.30 14:00,2174.90756,2175.26705,2174.18658,2175.21193,100,20.0
2024.01.30 14:15,2175.10373,2175.39701,2174.30438,2174.45063,100,20.0
2024.01.30 14:30,2173.57017,2173.96902,2173.42465,2173.46253,100,20.0
2024.01.30 14:45,2173.19265,2173.35036,2172.55522,2172.71022,100,20.0
2024.01.30 15:00,2172.55291,2173.57154,2172.18549,2172.92451,100,20.0
2024.01.30 15:15,2174.25109,2174.27023,2172.52389,2172.89984,100,20.0
2024.01.30 15:30,2173.59059,2173.67763,2173.04983,2173.30577,100,20.0
2024.01.30 15:45,2172.94226,2173.02493,2172.46137,2172.68596,100,20.0
2024.01.30 16:00,2173.10224,2173.72166,2172.61486,2172.75839,100,20.0
2024.01.30 16:15,2172.24626,2172.33153,2171.85201,2171.87344,100,20.0
2024.01.30 16:30,2171.42425,2172.37457,2171.20345,2171.80736,100,20.0
2024.01.30 16:45,2171.46513,2171.76965,2171.23518,2171.53497,100,20.0
2024.01.30 17:00,2170.61674,2170.87253,2169.68373,2170.35404,100,20.0
2024.01.30 17:15,2170.70676,2170.99860,2170.19646,2170.31335,100,20.0
2024.01.30 17:30,2170.54115,2171.06854,2169.18875,2169.77880,100,20.0
2024.01.30 17:45,2169.45824,2170.14747,2169.44042,2169.77778,100,20.0
2024.01.30 18:00,2170.05817,2170.87779,2169.88243,2170.60261,100,20.0
2024.01.30 18:15,2170.89630,2171.42829,2170.74358,2171.36837,100,20.0
2024.01.30 18:30,2171.29825,2173.07774,2171.22071,2172.36182,100,20.0
2024.01.30 18:45,2173.00040,2173.57010,2172.80372,2173.15971,100,20.0
2024.01.30 19:00,2173.07385,2173.72037,2172.86100,2173.10929,100,20.0
2024.01.30 19:15,2173.86119,2174.31123,2173.81627,2174.15579,100,20.0
2024.01.30 19:30,2173.89512,2174.04525,2173.82266,2173.85871,100,20.0
2024.01.30 19:45,2174.77213,2175.12343,2174.05996,2174.87415,100,20.0
2024.01.30 20:00,2175.75223,2176.00939,2175.49798,2175.79217,100,20.0
2024.01.30 20:15,2176.37861,2176.56198,2175.33379,2175.99221,100,20.0
2024.01.30 20:30,2176.36056,2176.66556,2175.97149,2176.17674,100,20.0
2024.01.30 20:45,2176.97717,2177.24524,2176.10859,2176.61609,100,20.0
2024.01.30 21:00,2176.61770,2177.09828,2176.15102,2176.93856,100,20.0
2024.01.30 21:15,2176.96036,2177.50380,2176.95801,2177.23974,100,20.0
2024.01.30 21:30,2176.54591,2177.75736,2176.49670,2177.57430,100,20.0
2024.01.30 21:45,2178.46362,2178.52780,2178.40932,2178.50007,100,20.0
2024.01.30 22:00,2179.35222,2179.84806,2178.75898,2178.82359,100,20.0
2024.01.30 22:15,2179.64506,2179.84318,2179.45521,2179.75142,100,20.0
2024.01.30 22:30,2178.64196,2179.26170,2178.57332,2179.01455,100,20.0
2024.01.30 22:45,2179.95091,2180.08590,2179.23694,2179.34027,100,20.0
2024.01.30 23:00,2180.55526,2181.41498,2180.37074,2181.20257,100,20.0
2024.01.30 23:15,2180.68740,2181.02768,2179.59388,2180.08762,100,20.0
2024.01.30 23:30,2179.32048,2180.66927,2178.72836,2180.64597,100,20.0
2024.01.30 23:45,2180.66564,2180.88055,2179.88566,2179.91019,100,20.0
2024.01.31 00:00,2180.01926,2180.37985,2179.84281,2179.94426,100,20.0
2024.01.31 00:15,2180.08924,2180.20013,2178.80666,2179.11534,100,20.0
2024.01.31 00:30,2179.29890,2179.86392,2179.15909,2179.62790,100,20.0
2024.01.31 00:45,2180.01803,2180.25163,2179.06285,2179.33168,100,20.0
2024.01.31 01:00,2178.31352,2179.33993,2178.29802,2178.64157,100,20.0
2024.01.31 01:15,2178.73383,2179.20632,2178.62781,2178.78991,100,20.0
2024.01.31 01:30,2179.03738,2179.90414,2178.68400,2179.74533,100,20.0
2024.01.31 01:45,2179.78275,2179.93698,2179.43198,2179.46558,100,20.0
2024.01.31 02:00,2179.15161,2179.30549,2178.83299,2179.14338,100,20.0
2024.01.31 02:15,2179.35212,2179.61555,2178.54525,2178.79410,100,20.0
2024.01.31 02:30,2179.35658,2180.84845,2179.11488,2180.17987,100,20.0
2024.01.31 02:45,2180.37135,2181.42971,2180.23653,2180.84753,100,20.0
2024.01.31 03:00,2181.02742,2181.69265,2180.18290,2180.29090,100,20.0
2024.01.31 03:15,2179.69061,2179.94161,2179.13437,2179.57020,100,20.0
2024.01.31 03:30,2179.06846,2179.79718,2178.36242,2179.66858,100,20.0
2024.01.31 03:45,2181.03671,2181.47554,2179.80313,2180.16927,100,20.0
2024.01.31 04:00,2179.47633,2179.98359,2178.90080,2179.23644,100,20.0
2024.01.31 04:15,2179.66042,2179.86504,2178.89605,2179.54730,100,20.0
2024.01.31 04:30,2180.01511,2180.76960,2179.64206,2180.69296,100,20.0
2024.01.31 04:45,2182.17636,2182.91428,2181.98187,2182.09820,100,20.0
2024.01.31 05:00,2181.60071,2181.94207,2181.55105,2181.73006,100,20.0
2024.01.31 05:15,2182.51373,2182.52113,2182.38047,2182.43646,100,20.0
2024.01.31 05:30,2182.40927,2184.31691,2182.03152,2183.92508,100,20.0
2024.01.31 05:45,2182.91987,2183.88452,2182.87022,2182.98159,100,20.0
2024.01.31 06:00,2182.71330,2183.22288,2182.50002,2182.79887,100,20.0
2024.01.31 06:15,2183.76403,2184.64520,2183.62338,2184.10725,100,20.0
2024.01.31 06:30,2185.14533,2185.71553,2185.00153,2185.25335,100,20.0
2024.01.31 06:45,2184.37260,2185.22147,2184.29353,2185.04687,100,20.0
2024.01.31 07:00,2185.16535,2186.76271,2184.47604,2186.15874,100,20.0
2024.01.31 07:15,2186.66756,2186.74625,2185.91452,2186.07547,100,20.0
2024.01.31 07:30,2185.39291,2185.69649,2184.63932,2184.70490,100,20.0
2024.01.31 07:45,2185.51775,2185.62977,2185.45586,2185.57761,100,20.0
2024.01.31 08:00,2186.74523,2187.07187,2186.01436,2186.18901,100,20.0
2024.01.31 08:15,2186.08053,2186.43193,2185.90171,2186.26884,100,20.0
2024.01.31 08:30,2185.98552,2186.93822,2185.69522,2186.48181,100,20.0
2024.01.31 08:45,2186.04134,2186.58111,2185.17393,2185.21842,100,20.0
2024.01.31 09:00,2184.70790,2184.74255,2183.68996,2184.10783,100,20.0
2024.01.31 09:15,2184.37600,2184.76744,2184.14446,2184.59028,100,20.0
2024.01.31 09:30,2185.04613,2185.52236,2183.69999,2184.24681,100,20.0
2024.01.31 09:45,2183.61775,2183.97972,2183.50482,2183.89628,100,20.0
2024.01.31 10:00,2182.86991,2182.93497,2182.26582,2182.70650,100,20.0
2024.01.31 10:15,2182.36069,2182.76187,2181.98447,2182.68783,100,20.0
2024.01.31 10:30,2183.02340,2184.23609,2182.43697,2183.91713,100,20.0
2024.01.31 10:45,2183.20359,2183.29068,2182.65679,2183.25511,100,20.0
2024.01.31 11:00,2183.47242,2183.58553,2183.18894,2183.36071,100,20.0
2024.01.31 11:15,2183.16099,2183.34729,2182.73118,2182.78625,100,20.0
2024.01.31 11:30,2184.63597,2185.05492,2184.20398,2184.28069,100,20.0
2024.01.31 11:45,2184.57303,2185.38307,2184.34327,2185.15053,100,20.0
2024.01.31 12:00,2184.87834,2185.44606,2184.80000,2185.23937,100,20.0
2024.01.31 12:15,2186.54421,2186.81629,2185.32169,2186.01726,100,20.0
2024.01.31 12:30,2186.37697,2186.98541,2186.30184,2186.78366,100,20.0
2024.01.31 12:45,2188.19313,2188.84362,2188.13545,2188.48482,100,20.0
2024.01.31 13:00,2189.32362,2190.07833,2189.27201,2189.79250,100,20.0
2024.01.31 13:15,2190.49997,2190.69676,2190.24173,2190.28502,100,20.0
2024.01.31 13:30,2190.56672,2190.96167,2190.36378,2190.56919,100,20.0
2024.01.31 13:45,2190.83384,2191.68703,2190.39215,2191.23580,100,20.0
2024.01.31 14:00,2190.10807,2190.26721,2189.06547,2189.78577,100,20.0
2024.01.31 14:15,2188.29675,2188.57965,2187.78950,2188.01300,100,20.0
2024.01.31 14:30,2187.68519,2188.58199,2187.35204,2188.42357,100,20.0
2024.01.31 14:45,2188.28913,2188.99622,2188.26188,2188.82490,100,20.0
2024.01.31 15:00,2188.84563,2189.47302,2188.63452,2188.81664,100,20.0
2024.01.31 15:15,2188.35812,2188.72537,2187.80535,2188.31834,100,20.0
2024.01.31 15:30,2188.90215,2189.26190,2188.67572,2189.21257,100,20.0
2024.01.31 15:45,2189.06734,2189.73864,2188.95773,2189.68030,100,20.0
2024.01.31 16:00,2189.42619,2189.70206,2189.27406,2189.69062,100,20.0
2024.01.31 16:15,2190.46124,2190.96285,2190.41256,2190.48961,100,20.0
2024.01.31 16:30,2190.39899,2191.08670,2190.18709,2190.78601,100,20.0
2024.01.31 16:45,2191.72462,2192.49187,2191.72318,2191.85034,100,20.0
2024.01.31 17:00,2191.64933,2192.09297,2191.01162,2191.55479,100,20.0
2024.01.31 17:15,2190.87794,2191.59015,2189.91490,2190.22846,100,20.0
2024.01.31 17:30,2190.80844,2190.88230,2189.70595,2190.34934,100,20.0
2024.01.31 17:45,2191.07841,2192.10336,2190.70734,2191.61236,100,20.0
2024.01.31 18:00,2192.00416,2192.63787,2191.96624,2192.45109,100,20.0
2024.01.31 18:15,2192.83006,2192.92068,2191.63690,2192.01455,100,20.0
2024.01.31 18:30,2192.07115,2192.26689,2191.98158,2192.06550,100,20.0
2024.01.31 18:45,2191.75507,2192.16290,2191.72077,2191.76524,100,20.0
2024.01.31 19:00,2191.31515,2191.64220,2190.65694,2191.37057,100,20.0
2024.01.31 19:15,2190.96981,2191.67761,2190.67037,2191.53337,100,20.0
2024.01.31 19:30,2191.66650,2192.53402,2191.63923,2192.20137,100,20.0
2024.01.31 19:45,2192.16228,2192.86300,2191.80769,2191.96728,100,20.0
2024.01.31 20:00,2191.85472,2192.44404,2191.21944,2192.30589,100,20.0
2024.01.31 20:15,2192.29838,2192.86179,2191.10501,2191.21374,100,20.0
2024.01.31 20:30,2192.40559,2192.78022,2192.18676,2192.58794,100,20.0
2024.01.31 20:45,2192.93092,2193.56247,2192.65302,2193.23517,100,20.0
2024.01.31 21:00,2194.05817,2194.27743,2193.58823,2193.75716,100,20.0
2024.01.31 21:15,2194.09856,2194.27158,2193.60638,2194.07744,100,20.0
2024.01.31 21:30,2193.60761,2193.92737,2193.27882,2193.62024,100,20.0
2024.01.31 21:45,2193.57533,2194.01514,2192.70824,2192.88504,100,20.0
2024.01.31 22:00,2192.43130,2192.47755,2192.05633,2192.39228,100,20.0
2024.01.31 22:15,2191.65343,2192.44745,2190.69852,2190.98900,100,20.0
2024.01.31 22:30,2190.86056,2191.15901,2190.13633,2190.29902,100,20.0
2024.01.31 22:45,2189.95768,2190.26017,2188.51952,2188.62284,100,20.0
2024.01.31 23:00,2188.51199,2188.51933,2187.46287,2187.92643,100,20.0
2024.01.31 23:15,2188.57552,2188.97286,2188.06752,2188.77515,100,20.0
2024.01.31 23:30,2187.98197,2188.39333,2187.34921,2187.52755,100,20.0
2024.01.31 23:45,2188.10021,2188.61589,2187.95165,2188.41495,100,20.0
2024.02.01 00:00,2188.94608,2189.07673,2188.58779,2189.06069,100,20.0
2024.02.01 00:15,2189.02461,2189.76064,2188.74376,2189.30529,100,20.0
2024.02.01 00:30,2189.75383,2189.80550,2189.20484,2189.47681,100,20.0
2024.02.01 00:45,2188.94662,2189.23482,2188.32566,2188.42245,100,20.0
2024.02.01 01:00,2188.36905,2188.51287,2187.34635,2187.67947,100,20.0
2024.02.01 01:15,2188.21994,2188.51845,2187.66517,2188.16706,100,20.0
2024.02.01 01:30,2187.80362,2188.12594,2186.74118,2187.73354,100,20.0
2024.02.01 01:45,2187.87785,2189.16907,2187.38808,2188.77159,100,20.0
2024.02.01 02:00,2187.87437,2188.38980,2187.64266,2187.81556,100,20.0
2024.02.01 02:15,2187.27535,2187.65470,2186.30490,2186.79269,100,20.0
2024.02.01 02:30,2187.17162,2187.61586,2185.72288,2186.29756,100,20.0
2024.02.01 02:45,2185.94433,2186.14250,2185.91005,2185.96668,100,20.0
2024.02.01 03:00,2185.71688,2185.95218,2185.08683,2185.31513,100,20.0
2024.02.01 03:15,2186.06466,2186.40718,2185.39558,2185.67441,100,20.0
2024.02.01 03:30,2185.04940,2185.49458,2184.81857,2185.08115,100,20.0
2024.02.01 03:45,2184.40729,2184.96845,2183.75768,2184.83703,100,20.0
2024.02.01 04:00,2183.82755,2183.86997,2183.57832,2183.82580,100,20.0
2024.02.01 04:15,2183.30864,2183.69573,2183.22265,2183.22510,100,20.0
2024.02.01 04:30,2182.85721,2183.16746,2182.68034,2183.13226,100,20.0
2024.02.01 04:45,2183.39088,2184.09740,2183.22089,2183.71383,100,20.0
2024.02.01 05:00,2184.06706,2184.34271,2183.90039,2184.28805,100,20.0
2024.02.01 05:15,2184.69118,2184.95640,2184.06760,2184.44700,100,20.0
2024.02.01 05:30,2183.54794,2183.65217,2183.02960,2183.12885,100,20.0
2024.02.01 05:45,2183.09930,2183.87886,2183.07047,2183.68749,100,20.0
2024.02.01 06:00,2183.52290,2183.64145,2182.73719,2182.85081,100,20.0
2024.02.01 06:15,2183.23041,2183.94296,2183.06336,2183.08121,100,20.0
2024.02.01 06:30,2184.72091,2185.51356,2184.04471,2185.26520,100,20.0
2024.02.01 06:45,2185.38888,2185.84684,2185.01843,2185.14348,100,20.0
2024.02.01 07:00,2183.69256,2184.86019,2183.64356,2184.17340,100,20.0
2024.02.01 07:15,2184.52339,2185.47180,2184.50648,2185.10482,100,20.0
2024.02.01 07:30,2185.00716,2185.05202,2184.39698,2184.52177,100,20.0
2024.02.01 07:45,2183.96589,2184.28158,2183.51034,2184.09085,100,20.0
2024.02.01 08:00,2185.02592,2185.99701,2184.58837,2185.61935,100,20.0
2024.02.01 08:15,2186.01356,2187.01778,2185.71883,2186.52418,100,20.0
2024.02.01 08:30,2186.65793,2187.25642,2186.56336,2187.15590,100,20.0
2024.02.01 08:45,2186.57173,2187.46821,2186.56335,2187.26458,100,20.0
2024.02.01 09:00,2188.45007,2188.75626,2188.43588,2188.56203,100,20.0
2024.02.01 09:15,2187.61176,2188.29412,2187.23886,2188.17297,100,20.0
2024.02.01 09:30,2188.15914,2188.20616,2187.46304,2187.78487,100,20.0
2024.02.01 09:45,2188.05009,2188.26318,2187.82738,2187.98053,100,20.0
2024.02.01 10:00,2188.67162,2189.80665,2187.67854,2189.04316,100,20.0
2024.02.01 10:15,2189.71082,2189.87206,2189.39970,2189.53428,100,20.0
2024.02.01 10:30,2188.54235,2188.76012,2188.39474,2188.56925,100,20.0
2024.02.01 10:45,2189.27197,2189.83312,2188.59888,2189.26496,100,20.0
2024.02.01 11:00,2188.40047,2189.25056,2188.13527,2188.64627,100,20.0
2024.02.01 11:15,2189.31681,2189.75469,2189.19317,2189.65294,100,20.0
2024.02.01 11:30,2187.92858,2188.58161,2187.81509,2188.47779,100,20.0
2024.02.01 11:45,2188.43833,2188.59658,2188.11338,2188.29515,100,20.0
2024.02.01 12:00,2188.36457,2188.69206,2187.51373,2187.95310,100,20.0
2024.02.01 12:15,2188.11294,2188.39626,2187.86071,2188.07586,100,20.0
2024.02.01 12:30,2187.79637,2188.32897,2187.03106,2188.09555,100,20.0
2024.02.01 12:45,2187.83993,2187.97080,2187.76264,2187.76789,100,20.0
2024.02.01 13:00,2188.40637,2189.94806,2188.18896,2189.51852,100,20.0
2024.02.01 13:15,2190.64127,2191.04313,2190.38914,2190.56428,100,20.0
2024.02.01 13:30,2190.39277,2191.40272,2189.73675,2190.27593,100,20.0
2024.02.01 13:45,2191.07480,2191.37007,2190.87188,2191.20759,100,20.0
2024.02.01 14:00,2190.74142,2191.51779,2190.66326,2190.68235,100,20.0
2024.02.01 14:15,2191.04282,2191.53275,2190.83719,2191.15480,100,20.0
2024.02.01 14:30,2190.32104,2190.79807,2189.75401,2190.46892,100,20.0
2024.02.01 14:45,2189.81523,2190.13757,2189.56631,2189.59573,100,20.0
2024.02.01 15:00,2189.89260,2189.93360,2188.89404,2189.07984,100,20.0
2024.02.01 15:15,2190.12883,2190.85412,2190.06604,2190.16445,100,20.0
2024.02.01 15:30,2190.63323,2191.30571,2190.26851,2190.85614,100,20.0
2024.02.01 15:45,2190.86883,2191.44450,2190.07802,2190.08786,100,20.0
2024.02.01 16:00,2189.22990,2189.77305,2189.16068,2189.34212,100,20.0
2024.02.01 16:15,2189.17326,2189.89912,2189.05104,2189.88513,100,20.0
2024.02.01 16:30,2189.62839,2190.44938,2189.47481,2189.81005,100,20.0
2024.02.01 16:45,2191.35239,2191.72378,2191.26846,2191.52490,100,20.0
2024.02.01 17:00,2191.40365,2191.48502,2191.35264,2191.40147,100,20.0
2024.02.01 17:15,2191.85050,2192.22352,2190.98007,2191.52156,100,20.0
2024.02.01 17:30,2192.18415,2192.19889,2191.38323,2192.10140,100,20.0
2024.02.01 17:45,2192.52676,2192.99725,2192.06116,2192.31348,100,20.0
2024.02.01 18:00,2191.71697,2192.58112,2191.66763,2192.40455,100,20.0
2024.02.01 18:15,2192.07143,2192.18269,2191.57181,2191.83446,100,20.0
2024.02.01 18:30,2192.42250,2192.70285,2191.81559,2192.66612,100,20.0
2024.02.01 18:45,2193.11683,2193.25623,2191.92482,2192.55941,100,20.0
2024.02.01 19:00,2192.76650,2193.20911,2191.75504,2192.01299,100,20.0
2024.02.01 19:15,2191.17897,2191.22871,2191.14130,2191.18443,100,20.0
2024.02.01 19:30,2191.37671,2191.74608,2191.05419,2191.17826,100,20.0
2024.02.01 19:45,2192.43819,2192.57656,2191.90477,2192.35378,100,20.0
2024.02.01 20:00,2190.94809,2191.39852,2190.44998,2191.00129,100,20.0
2024.02.01 20:15,2191.08205,2191.08924,2190.34009,2190.67647,100,20.0
2024.02.01 20:30,2191.04106,2191.25070,2190.57246,2190.60987,100,20.0
2024.02.01 20:45,2191.09964,2191.21377,2190.08571,2190.49847,100,20.0
2024.02.01 21:00,2191.35455,2191.92823,2190.80013,2191.71104,100,20.0
2024.02.01 21:15,2192.03211,2193.83355,2191.84028,2193.63559,100,20.0
2024.02.01 21:30,2193.24111,2194.33127,2191.77404,2192.57443,100,20.0
2024.02.01 21:45,2192.78527,2193.89635,2192.18001,2193.85674,100,20.0
2024.02.01 22:00,2193.68974,2194.76349,2193.35397,2194.32823,100,20.0
2024.02.01 22:15,2194.32616,2194.80624,2193.70990,2194.52735,100,20.0
2024.02.01 22:30,2194.59436,2196.00708,2194.29176,2195.16795,100,20.0
2024.02.01 22:45,2195.52479,2195.53476,2194.90046,2195.06921,100,20.0
2024.02.01 23:00,2195.05701,2195.07916,2194.08641,2194.84391,100,20.0
2024.02.01 23:15,2194.19059,2194.26419,2193.57329,2193.78315,100,20.0
2024.02.01 23:30,2194.73168,2194.81261,2194.64569,2194.78991,100,20.0
2024.02.01 23:45,2194.79088,2195.86668,2194.50324,2195.42243,100,20.0
2024.02.02 00:00,2195.79437,2196.13540,2194.95824,2195.30620,100,20.0
2024.02.02 00:15,2195.23290,2197.09794,2195.16586,2196.26709,100,20.0
2024.02.02 00:30,2196.90405,2197.32046,2196.63161,2196.77763,100,20.0
2024.02.02 00:45,2197.46171,2197.61494,2197.34463,2197.39827,100,20.0
2024.02.02 01:00,2197.87179,2198.76079,2197.65100,2198.52744,100,20.0
2024.02.02 01:15,2198.90677,2199.15263,2197.57975,2198.24297,100,20.0
2024.02.02 01:30,2198.66205,2198.85819,2198.53018,2198.84159,100,20.0
2024.02.02 01:45,2197.97145,2198.63888,2196.39886,2196.65292,100,20.0
2024.02.02 02:00,2196.32397,2196.43786,2195.82241,2196.10433,100,20.0
2024.02.02 02:15,2196.78614,2196.85241,2196.48692,2196.66943,100,20.0
2024.02.02 02:30,2196.20282,2196.39017,2195.59771,2196.24886,100,20.0
2024.02.02 02:45,2195.92696,2196.04211,2194.96093,2195.59993,100,20.0
2024.02.02 03:00,2195.22994,2195.36672,2194.05791,2194.16621,100,20.0
2024.02.02 03:15,2194.23660,2194.37314,2193.21731,2193.56074,100,20.0
2024.02.02 03:30,2194.23749,2194.46888,2193.94141,2194.10192,100,20.0
2024.02.02 03:45,2193.51939,2194.48916,2193.40283,2194.38741,100,20.0
2024.02.02 04:00,2194.64943,2194.98360,2194.38717,2194.55203,100,20.0
2024.02.02 04:15,2194.37824,2194.81438,2193.32802,2193.94434,100,20.0
2024.02.02 04:30,2194.76848,2195.10093,2194.06959,2194.27892,100,20.0
2024.02.02 04:45,2194.64721,2194.95629,2194.44744,2194.78910,100,20.0
2024.02.02 05:00,2194.20739,2194.82409,2193.80115,2194.70976,100,20.0
2024.02.02 05:15,2194.07346,2194.32410,2193.68263,2193.70933,100,20.0
2024.02.02 05:30,2194.59549,2194.79632,2193.78149,2194.45771,100,20.0
2024.02.02 05:45,2194.56355,2194.56458,2194.09348,2194.45703,100,20.0
2024.02.02 06:00,2195.02258,2195.70577,2195.02178,2195.12254,100,20.0
2024.02.02 06:15,2194.95508,2195.01749,2194.40170,2194.66180,100,20.0
2024.02.02 06:30,2194.76140,2195.54268,2194.65663,2195.09022,100,20.0
2024.02.02 06:45,2195.24705,2196.29455,2195.09433,2196.22948,100,20.0
2024.02.02 07:00,2195.77618,2195.94040,2195.77214,2195.79483,100,20.0
2024.02.02 07:15,2195.88985,2196.20212,2195.47785,2195.79291,100,20.0
2024.02.02 07:30,2196.51647,2197.01276,2195.75628,2196.33486,100,20.0
2024.02.02 07:45,2195.82125,2196.71846,2195.72432,2196.01642,100,20.0
2024.02.02 08:00,2195.58555,2195.78952,2195.23894,2195.44692,100,20.0
2024.02.02 08:15,2196.19771,2197.12651,2196.05906,2196.49740,100,20.0
2024.02.02 08:30,2197.46531,2197.88143,2196.70357,2197.87604,100,20.0
2024.02.02 08:45,2198.61438,2198.86756,2198.40452,2198.43109,100,20.0
2024.02.02 09:00,2198.48174,2198.80865,2197.59137,2198.02342,100,20.0
2024.02.02 09:15,2198.17925,2199.05948,2198.17836,2198.78453,100,20.0
2024.02.02 09:30,2198.71353,2198.79870,2197.38184,2198.13582,100,20.0
2024.02.02 09:45,2198.86234,2199.75680,2198.29968,2199.49669,100,20.0
2024.02.02 10:00,2200.11675,2200.76023,2199.90939,2200.33774,100,20.0
2024.02.02 10:15,2199.09247,2199.51415,2198.82054,2199.05403,100,20.0
2024.02.02 10:30,2198.63102,2199.52123,2198.46988,2199.08268,100,20.0
2024.02.02 10:45,2198.72143,2199.34649,2198.22133,2199.20384,100,20.0
2024.02.02 11:00,2198.32423,2198.36277,2197.22948,2198.19290,100,20.0
2024.02.02 11:15,2197.18964,2197.28225,2196.67639,2196.91591,100,20.0
2024.02.02 11:30,2196.59158,2196.66916,2196.08298,2196.26360,100,20.0
2024.02.02 11:45,2196.26089,2196.77177,2195.80605,2196.10394,100,20.0
2024.02.02 12:00,2196.34922,2196.49764,2195.37153,2196.00322,100,20.0
2024.02.02 12:15,2195.73908,2196.27829,2195.62806,2196.25500,100,20.0
2024.02.02 12:30,2196.25061,2196.48303,2196.22492,2196.33827,100,20.0
2024.02.02 12:45,2196.38978,2196.96255,2195.98683,2196.79574,100,20.0
2024.02.02 13:00,2196.41743,2196.72665,2195.74293,2196.11655,100,20.0
2024.02.02 13:15,2195.54334,2195.67218,2194.82545,2195.05078,100,20.0
2024.02.02 13:30,2194.89159,2195.28330,2194.33638,2195.00317,100,20.0
2024.02.02 13:45,2194.98457,2195.56886,2194.93157,2194.98002,100,20.0
2024.02.02 14:00,2194.77716,2194.82395,2193.72660,2193.78882,100,20.0
2024.02.02 14:15,2192.78338,2193.19562,2192.17137,2192.79865,100,20.0
2024.02.02 14:30,2192.71924,2192.99768,2192.39517,2192.76777,100,20.0
2024.02.02 14:45,2192.89589,2193.39825,2192.08156,2192.57480,100,20.0
2024.02.02 15:00,2194.14257,2194.78685,2193.36251,2193.84660,100,20.0
2024.02.02 15:15,2193.20040,2193.34424,2192.24716,2192.94063,100,20.0
2024.02.02 15:30,2192.94873,2193.04238,2192.29580,2192.61439,100,20.0
2024.02.02 15:45,2192.39810,2192.65548,2190.98427,2191.67706,100,20.0
2024.02.02 16:00,2191.77252,2193.05062,2191.54924,2192.03702,100,20.0
2024.02.02 16:15,2192.10527,2192.37969,2191.57909,2192.00211,100,20.0
2024.02.02 16:30,2191.36987,2191.44477,2190.59691,2190.73650,100,20.0
2024.02.02 16:45,2191.30206,2192.07619,2190.98448,2191.67941,100,20.0
2024.02.02 17:00,2190.16346,2191.34027,2190.14588,2190.62675,100,20.0
2024.02.02 17:15,2190.47583,2190.65224,2190.02246,2190.15088,100,20.0
2024.02.02 17:30,2189.66965,2190.77856,2189.41306,2190.34185,100,20.0
2024.02.02 17:45,2191.44339,2191.80475,2191.16359,2191.38645,100,20.0
2024.02.02 18:00,2192.39113,2192.69442,2191.95561,2192.58050,100,20.0
2024.02.02 18:15,2192.14646,2192.27789,2191.92064,2192.05403,100,20.0
2024.02.02 18:30,2192.10089,2193.60552,2191.59642,2193.21035,100,20.0
2024.02.02 18:45,2193.85251,2194.14003,2193.81407,2193.89741,100,20.0
2024.02.02 19:00,2194.35937,2194.45996,2193.81773,2194.16560,100,20.0
2024.02.02 19:15,2194.96281,2195.61023,2194.34467,2194.65812,100,20.0
2024.02.02 19:30,2194.46343,2194.72756,2193.91231,2194.60776,100,20.0
2024.02.02 19:45,2194.76463,2194.82570,2193.62219,2194.17626,100,20.0
2024.02.02 20:00,2193.79108,2194.04851,2193.59997,2193.81996,100,20.0
2024.02.02 20:15,2195.15099,2195.37922,2194.33555,2194.72638,100,20.0
2024.02.02 20:30,2195.53634,2196.64412,2195.44905,2195.71941,100,20.0
2024.02.02 20:45,2196.98237,2197.35388,2196.95938,2197.13652,100,20.0
2024.02.02 21:00,2197.07475,2197.31004,2195.88505,2195.98228,100,20.0
2024.02.02 21:15,2195.92377,2196.68218,2195.82418,2196.65938,100,20.0
2024.02.02 21:30,2195.50930,2196.17941,2194.85246,2195.97920,100,20.0
2024.02.02 21:45,2195.90305,2196.03125,2195.59747,2195.82540,100,20.0
2024.02.02 22:00,2197.22598,2197.26996,2196.54568,2196.88722,100,20.0
2024.02.02 22:15,2196.84156,2197.45769,2196.63104,2196.65872,100,20.0
2024.02.02 22:30,2197.13566,2197.71826,2196.78064,2197.68273,100,20.0
2024.02.02 22:45,2198.37036,2199.91079,2197.98723,2199.43103,100,20.0
2024.02.02 23:00,2199.53965,2201.02173,2199.44718,2200.46186,100,20.0
2024.02.02 23:15,2200.00427,2200.44583,2199.88337,2200.23692,100,20.0
2024.02.02 23:30,2199.75756,2201.09803,2199.73486,2200.62405,100,20.0
2024.02.02 23:45,2200.85120,2202.06162,2200.49498,2201.74132,100,20.0
2024.02.03 00:00,2203.91596,2204.28820,2203.14948,2203.28377,100,20.0
2024.02.03 00:15,2204.09269,2204.99536,2203.39879,2204.70129,100,20.0
2024.02.03 00:30,2204.35186,2204.78625,2204.04681,2204.63223,100,20.0
2024.02.03 00:45,2203.66386,2204.19179,2203.12864,2203.44381,100,20.0
2024.02.03 01:00,2203.41367,2204.31416,2203.27926,2204.16684,100,20.0
2024.02.03 01:15,2203.94847,2204.80293,2203.22170,2204.52721,100,20.0
2024.02.03 01:30,2204.19658,2204.83900,2204.04740,2204.63862,100,20.0
2024.02.03 01:45,2203.92000,2204.22404,2203.81859,2204.01507,100,20.0
2024.02.03 02:00,2203.16548,2203.78799,2203.10708,2203.49937,100,20.0
2024.02.03 02:15,2203.70134,2204.51756,2203.45047,2204.47171,100,20.0
2024.02.03 02:30,2204.65545,2205.26663,2204.55065,2204.90807,100,20.0
2024.02.03 02:45,2205.60503,2205.71511,2205.01850,2205.32965,100,20.0
2024.02.03 03:00,2205.93987,2206.51077,2205.69042,2205.89558,100,20.0
2024.02.03 03:15,2205.33601,2205.46063,2204.33219,2204.66304,100,20.0
2024.02.03 03:30,2203.63196,2204.04065,2203.42467,2203.74007,100,20.0
2024.02.03 03:45,2204.52321,2205.22246,2203.40891,2203.72720,100,20.0
2024.02.03 04:00,2203.70771,2203.79872,2202.93237,2203.43975,100,20.0
2024.02.03 04:15,2204.41620,2205.09628,2204.31559,2204.38130,100,20.0
2024.02.03 04:30,2204.35172,2205.91819,2204.29022,2205.66893,100,20.0
2024.02.03 04:45,2205.78348,2206.10349,2204.63285,2205.68256,100,20.0
2024.02.03 05:00,2206.64423,2206.92311,2205.92307,2206.21824,100,20.0
2024.02.03 05:15,2206.27826,2206.61398,2206.13509,2206.33985,100,20.0
2024.02.03 05:30,2205.27758,2205.48067,2204.68419,2204.86912,100,20.0
2024.02.03 05:45,2205.36624,2205.98109,2204.70652,2204.72494,100,20.0
2024.02.03 06:00,2203.78591,2204.06220,2203.01327,2203.40669,100,20.0
2024.02.03 06:15,2203.42726,2203.81584,2203.31505,2203.78966,100,20.0
2024.02.03 06:30,2204.33888,2204.66181,2204.03340,2204.21025,100,20.0
2024.02.03 06:45,2204.56966,2205.19121,2204.42283,2204.85501,100,20.0
2024.02.03 07:00,2204.54834,2204.71758,2203.60455,2203.68047,100,20.0
2024.02.03 07:15,2204.51973,2204.55356,2203.49235,2203.99234,100,20.0
2024.02.03 07:30,2203.29704,2204.31548,2203.26035,2203.95951,100,20.0
2024.02.03 07:45,2203.88368,2204.09298,2202.96696,2203.44444,100,20.0
2024.02.03 08:00,2203.51069,2204.01807,2203.46864,2204.00497,100,20.0
2024.02.03 08:15,2203.82709,2204.30116,2203.73590,2204.28669,100,20.0
2024.02.03 08:30,2205.08384,2205.18045,2204.62839,2204.75126,100,20.0
2024.02.03 08:45,2205.45501,2206.04861,2205.25304,2205.83463,100,20.0
2024.02.03 09:00,2207.20091,2207.54374,2206.69134,2206.95780,100,20.0
2024.02.03 09:15,2207.70695,2209.01272,2207.70639,2208.62958,100,20.0
2024.02.03 09:30,2207.30665,2207.80593,2207.16927,2207.43622,100,20.0
2024.02.03 09:45,2207.60214,2207.63147,2207.07297,2207.21436,100,20.0
2024.02.03 10:00,2206.21166,2206.53649,2205.73385,2206.53586,100,20.0
2024.02.03 10:15,2206.00148,2206.74336,2204.97890,2205.22987,100,20.0
2024.02.03 10:30,2204.79703,2204.96892,2204.72449,2204.92698,100,20.0
2024.02.03 10:45,2204.77049,2204.91686,2204.04515,2204.53115,100,20.0
2024.02.03 11:00,2204.64082,2205.07074,2204.50346,2204.93604,100,20.0
2024.02.03 11:15,2204.97934,2205.80288,2203.99811,2205.21208,100,20.0
2024.02.03 11:30,2204.79841,2205.40459,2204.11004,2205.09821,100,20.0
2024.02.03 11:45,2204.95990,2204.97181,2204.23585,2204.59630,100,20.0
2024.02.03 12:00,2204.59491,2205.84426,2204.38800,2205.82113,100,20.0
2024.02.03 12:15,2205.79957,2205.93054,2205.03152,2205.55820,100,20.0
2024.02.03 12:30,2205.57662,2205.64003,2205.22115,2205.40943,100,20.0
2024.02.03 12:45,2205.01444,2205.21569,2204.37363,2204.54869,100,20.0
2024.02.03 13:00,2204.68576,2204.88061,2204.05369,2204.25490,100,20.0
2024.02.03 13:15,2203.90703,2204.47329,2203.84500,2204.47252,100,20.0
2024.02.03 13:30,2205.20319,2205.49101,2204.52006,2204.54803,100,20.0
2024.02.03 13:45,2203.91585,2204.62984,2203.60558,2204.49626,100,20.0
2024.02.03 14:00,2204.50253,2205.83392,2204.27042,2205.57464,100,20.0
2024.02.03 14:15,2206.72405,2207.05398,2206.26709,2207.01038,100,20.0
2024.02.03 14:30,2207.38443,2208.23804,2206.85767,2207.73122,100,20.0
2024.02.03 14:45,2207.76238,2207.92225,2206.96588,2207.52690,100,20.0
2024.02.03 15:00,2207.80416,2208.41978,2207.66326,2208.10118,100,20.0
2024.02.03 15:15,2208.36790,2208.56803,2208.09603,2208.21433,100,20.0
2024.02.03 15:30,2208.03871,2208.66994,2207.31950,2208.20624,100,20.0
2024.02.03 15:45,2208.45566,2209.54749,2208.08315,2209.02416,100,20.0
2024.02.03 16:00,2208.11665,2208.34792,2207.70380,2208.32783,100,20.0
2024.02.03 16:15,2207.37466,2207.83002,2207.09538,2207.54925,100,20.0
2024.02.03 16:30,2208.05847,2208.52060,2207.22130,2207.81664,100,20.0
2024.02.03 16:45,2207.79954,2207.90942,2207.15385,2207.31123,100,20.0
2024.02.03 17:00,2207.46760,2207.50285,2207.13344,2207.41557,100,20.0
2024.02.03 17:15,2207.46711,2208.33497,2206.79861,2207.22377,100,20.0
2024.02.03 17:30,2207.53122,2208.52085,2207.09037,2208.05197,100,20.0
2024.02.03 17:45,2207.52983,2208.56159,2207.36795,2207.96293,100,20.0
2024.02.03 18:00,2208.40501,2208.64335,2208.08439,2208.53338,100,20.0
2024.02.03 18:15,2208.46876,2209.51751,2208.08940,2209.02592,100,20.0
2024.02.03 18:30,2208.45541,2209.83523,2207.79889,2209.27920,100,20.0
2024.02.03 18:45,2208.90974,2209.79394,2208.15673,2208.61751,100,20.0
2024.02.03 19:00,2208.91528,2210.17427,2208.76037,2210.13423,100,20.0
2024.02.03 19:15,2209.32458,2209.41399,2208.68027,2209.09258,100,20.0
2024.02.03 19:30,2207.96568,2208.23907,2207.88187,2207.95176,100,20.0
2024.02.03 19:45,2208.12365,2208.38597,2207.96807,2208.37238,100,20.0
2024.02.03 20:00,2208.27715,2208.74885,2208.24592,2208.37901,100,20.0
2024.02.03 20:15,2209.81990,2210.22955,2208.53135,2208.96896,100,20.0
2024.02.03 20:30,2208.87017,2209.50564,2208.09304,2208.39108,100,20.0
2024.02.03 20:45,2209.04645,2209.67188,2208.86546,2209.04242,100,20.0
2024.02.03 21:00,2209.60210,2209.88263,2208.85682,2209.03000,100,20.0
2024.02.03 21:15,2207.81053,2208.83656,2207.40076,2208.29336,100,20.0
2024.02.03 21:30,2207.95052,2208.46708,2207.56731,2207.64892,100,20.0
2024.02.03 21:45,2208.56544,2208.96922,2208.42879,2208.54564,100,20.0
2024.02.03 22:00,2208.12766,2208.19431,2207.51186,2208.10836,100,20.0
2024.02.03 22:15,2208.60468,2208.69873,2208.00043,2208.29420,100,20.0
2024.02.03 22:30,2209.78363,2209.90131,2208.73738,2209.54271,100,20.0
2024.02.03 22:45,2209.52633,2210.06881,2209.39832,2209.86055,100,20.0
2024.02.03 23:00,2210.36057,2211.29634,2209.69489,2210.98096,100,20.0
2024.02.03 23:15,2210.72163,2211.31678,2210.56259,2211.18993,100,20.0
2024.02.03 23:30,2211.51964,2211.69778,2210.88716,2211.39408,100,20.0
2024.02.03 23:45,2210.53917,2210.86557,2210.02991,2210.04859,100,20.0
2024.02.04 00:00,2210.68996,2210.93419,2210.27320,2210.67341,100,20.0
2024.02.04 00:15,2211.78713,2212.27008,2211.18061,2211.82873,100,20.0
2024.02.04 00:30,2212.23223,2212.35622,2211.37118,2211.66468,100,20.0
2024.02.04 00:45,2211.93568,2211.98532,2211.52966,2211.78418,100,20.0
2024.02.04 01:00,2211.36769,2211.37016,2210.23636,2210.86583,100,20.0
2024.02.04 01:15,2210.10556,2210.60817,2209.28843,2210.40151,100,20.0
2024.02.04 01:30,2210.39932,2210.51142,2209.63512,2209.90718,100,20.0
2024.02.04 01:45,2209.81908,2210.03798,2208.84024,2209.63753,100,20.0
2024.02.04 02:00,2209.74782,2209.81325,2209.41535,2209.56420,100,20.0
2024.02.04 02:15,2209.02940,2210.24066,2208.89834,2210.01123,100,20.0
2024.02.04 02:30,2210.83504,2211.07197,2209.83042,2210.90329,100,20.0
2024.02.04 02:45,2211.14723,2211.14767,2210.60474,2210.77673,100,20.0
2024.02.04 03:00,2210.34076,2210.96480,2210.16752,2210.94226,100,20.0
2024.02.04 03:15,2210.38718,2210.91236,2210.09621,2210.61516,100,20.0
2024.02.04 03:30,2210.40337,2210.87647,2210.00647,2210.76490,100,20.0
2024.02.04 03:45,2211.12262,2211.62701,2210.13833,2210.82149,100,20.0
2024.02.04 04:00,2211.76842,2211.90830,2210.32766,2210.83480,100,20.0
2024.02.04 04:15,2210.97848,2211.35434,2210.44025,2210.73323,100,20.0
2024.02.04 04:30,2210.82133,2211.20026,2210.53201,2210.70566,100,20.0
2024.02.04 04:45,2211.86137,2212.50182,2211.35977,2212.08217,100,20.0
2024.02.04 05:00,2212.64617,2213.23306,2212.50232,2212.67280,100,20.0
2024.02.04 05:15,2213.92572,2214.34798,2212.67743,2213.09489,100,20.0
2024.02.04 05:30,2214.16440,2214.37505,2213.34846,2213.51816,100,20.0
2024.02.04 05:45,2215.45376,2216.29694,2214.93498,2215.70714,100,20.0
2024.02.04 06:00,2214.69616,2215.62245,2214.59377,2214.99175,100,20.0
2024.02.04 06:15,2214.22771,2214.43324,2213.89573,2213.98856,100,20.0
2024.02.04 06:30,2214.01395,2214.42308,2213.57220,2213.65522,100,20.0
2024.02.04 06:45,2213.29512,2213.64124,2213.15208,2213.57593,100,20.0
2024.02.04 07:00,2213.17629,2213.60077,2212.38538,2213.38246,100,20.0
2024.02.04 07:15,2214.16359,2214.56006,2213.22668,2213.58508,100,20.0
2024.02.04 07:30,2213.79851,2214.46815,2213.79164,2214.44889,100,20.0
2024.02.04 07:45,2214.36395,2214.71577,2213.59283,2214.54642,100,20.0
2024.02.04 08:00,2214.61306,2215.21525,2213.75198,2214.18336,100,20.0
2024.02.04 08:15,2213.69909,2213.97901,2213.25535,2213.40495,100,20.0
2024.02.04 08:30,2213.19583,2213.46498,2212.98832,2213.28246,100,20.0
2024.02.04 08:45,2212.86866,2212.89012,2212.16030,2212.23303,100,20.0
2024.02.04 09:00,2211.43039,2211.68119,2211.15568,2211.31585,100,20.0
2024.02.04 09:15,2212.58901,2213.00931,2212.48909,2213.00674,100,20.0
2024.02.04 09:30,2212.90291,2213.80213,2212.40472,2213.25587,100,20.0
2024.02.04 09:45,2213.80461,2214.06775,2212.78106,2213.58253,100,20.0
2024.02.04 10:00,2213.98753,2214.66184,2213.49981,2213.64682,100,20.0
2024.02.04 10:15,2213.04399,2213.12275,2212.42613,2212.43581,100,20.0
2024.02.04 10:30,2211.94188,2211.99089,2211.45771,2211.54397,100,20.0
2024.02.04 10:45,2211.89202,2212.90492,2211.65826,2212.52714,100,20.0
2024.02.04 11:00,2212.12962,2213.40528,2212.00618,2213.23271,100,20.0
2024.02.04 11:15,2213.35278,2213.70620,2213.28805,2213.57275,100,20.0
2024.02.04 11:30,2212.97954,2213.14718,2212.65534,2212.75423,100,20.0
2024.02.04 11:45,2212.09119,2212.71763,2211.89475,2212.45236,100,20.0
2024.02.04 12:00,2212.15231,2212.67967,2211.74394,2212.02273,100,20.0
2024.02.04 12:15,2210.45495,2210.67964,2209.38991,2210.04546,100,20.0
2024.02.04 12:30,2210.64301,2211.08292,2209.94520,2210.06192,100,20.0
2024.02.04 12:45,2210.26741,2210.84205,2210.07645,2210.16169,100,20.0
2024.02.04 13:00,2210.70473,2210.99534,2210.32370,2210.82428,100,20.0
2024.02.04 13:15,2211.61324,2211.86557,2210.43290,2211.00071,100,20.0
2024.02.04 13:30,2211.29306,2212.05989,2210.81161,2211.20323,100,20.0
2024.02.04 13:45,2211.20553,2212.15705,2210.77373,2211.38152,100,20.0
2024.02.04 14:00,2210.81509,2211.19152,2210.71059,2211.16682,100,20.0
2024.02.04 14:15,2210.21410,2210.22293,2209.66797,2209.68502,100,20.0
2024.02.04 14:30,2209.76861,2209.88035,2209.74779,2209.86906,100,20.0
2024.02.04 14:45,2209.75973,2210.48499,2209.59055,2210.38723,100,20.0
2024.02.04 15:00,2210.87194,2211.06452,2210.59205,2211.00067,100,20.0
2024.02.04 15:15,2211.47315,2211.96406,2210.85851,2211.79325,100,20.0
2024.02.04 15:30,2210.98857,2211.11263,2210.31835,2210.49539,100,20.0
2024.02.04 15:45,2210.89388,2211.16437,2210.73188,2210.80583,100,20.0
2024.02.04 16:00,2211.20157,2211.37169,2211.12985,2211.17761,100,20.0
2024.02.04 16:15,2210.53692,2210.55267,2209.57193,2209.76804,100,20.0
2024.02.04 16:30,2208.99721,2209.01632,2208.30311,2208.84316,100,20.0
2024.02.04 16:45,2209.28889,2210.78602,2208.67264,2210.07386,100,20.0
2024.02.04 17:00,2211.05201,2211.33828,2210.91491,2211.12647,100,20.0
2024.02.04 17:15,2210.80882,2211.51957,2209.99819,2210.14657,100,20.0
2024.02.04 17:30,2208.90551,2209.11962,2208.45501,2209.10886,100,20.0
2024.02.04 17:45,2209.12357,2211.65263,2208.83047,2211.07258,100,20.0
2024.02.04 18:00,2211.05718,2212.09112,2210.72270,2211.72188,100,20.0
2024.02.04 18:15,2211.32590,2211.49208,2210.70793,2210.77699,100,20.0
2024.02.04 18:30,2210.39244,2211.50545,2210.07265,2211.43195,100,20.0
2024.02.04 18:45,2209.81817,2209.99460,2209.33505,2209.44288,100,20.0
2024.02.04 19:00,2209.45758,2210.04180,2208.76288,2209.95113,100,20.0
2024.02.04 19:15,2209.86728,2210.40676,2209.62951,2209.82474,100,20.0
2024.02.04 19:30,2209.98117,2210.30636,2209.44671,2209.58957,100,20.0
2024.02.04 19:45,2210.30737,2210.98049,2210.21960,2210.60934,100,20.0
2024.02.04 20:00,2211.41566,2212.67519,2211.34102,2212.17792,100,20.0
2024.02.04 20:15,2211.40081,2211.76163,2210.83878,2210.85399,100,20.0
2024.02.04 20:30,2210.32663,2210.94598,2209.72312,2210.00508,100,20.0
2024.02.04 20:45,2210.74703,2210.84453,2210.44712,2210.79782,100,20.0
2024.02.04 21:00,2211.45866,2212.07050,2210.86963,2211.01444,100,20.0
2024.02.04 21:15,2210.73142,2211.28385,2210.34021,2211.05188,100,20.0
2024.02.04 21:30,2210.50781,2211.25286,2210.30089,2210.31503,100,20.0
2024.02.04 21:45,2209.93324,2210.11909,2209.23940,2209.62126,100,20.0
2024.02.04 22:00,2209.15780,2209.31960,2207.98464,2208.44576,100,20.0
2024.02.04 22:15,2208.73088,2210.24963,2208.49336,2209.58967,100,20.0
2024.02.04 22:30,2210.22951,2211.09792,2209.59582,2210.48292,100,20.0
2024.02.04 22:45,2210.14226,2210.43703,2209.35246,2210.06214,100,20.0
2024.02.04 23:00,2209.75754,2209.96764,2209.10167,2209.41917,100,20.0
2024.02.04 23:15,2209.34459,2209.91559,2208.63702,2208.98380,100,20.0
2024.02.04 23:30,2209.98146,2210.78012,2209.53657,2210.61682,100,20.0
2024.02.04 23:45,2211.00937,2211.84824,2210.95389,2211.68891,100,20.0
2024.02.05 00:00,2211.88924,2212.43246,2211.82554,2212.18262,100,20.0
2024.02.05 00:15,2212.42908,2212.71856,2210.83818,2211.26719,100,20.0
2024.02.05 00:30,2210.94093,2211.36330,2210.23188,2211.06347,100,20.0
2024.02.05 00:45,2210.38396,2210.90039,2210.04092,2210.59021,100,20.0
2024.02.05 01:00,2212.06704,2213.27092,2211.71112,2211.81646,100,20.0
2024.02.05 01:15,2211.64984,2211.69149,2210.92844,2211.22401,100,20.0
2024.02.05 01:30,2210.46424,2210.82707,2209.67730,2210.21642,100,20.0
2024.02.05 01:45,2209.31374,2209.32822,2208.91042,2209.03128,100,20.0
2024.02.05 02:00,2209.07868,2209.61973,2208.72623,2209.27638,100,20.0
2024.02.05 02:15,2209.55766,2210.03707,2207.87567,2208.33448,100,20.0
2024.02.05 02:30,2208.22634,2208.22739,2207.61162,2207.68624,100,20.0
2024.02.05 02:45,2208.72574,2209.07004,2208.43074,2209.06183,100,20.0
2024.02.05 03:00,2209.18267,2209.62322,2208.70274,2209.10597,100,20.0
2024.02.05 03:15,2209.11269,2209.80007,2209.00900,2209.17800,100,20.0
2024.02.05 03:30,2208.78767,2209.31485,2208.28071,2208.99375,100,20.0
2024.02.05 03:45,2209.00690,2209.58929,2208.81359,2209.26406,100,20.0
2024.02.05 04:00,2209.40928,2209.73263,2208.91710,2209.58488,100,20.0
2024.02.05 04:15,2210.25334,2210.31545,2209.95136,2210.20455,100,20.0
2024.02.05 04:30,2210.23546,2210.27135,2210.05847,2210.10916,100,20.0
2024.02.05 04:45,2209.31486,2209.48293,2209.22821,2209.45310,100,20.0
2024.02.05 05:00,2209.70485,2210.22588,2209.07629,2210.07699,100,20.0
2024.02.05 05:15,2209.62846,2210.20458,2209.27501,2209.38930,100,20.0
2024.02.05 05:30,2209.42188,2209.60884,2208.79076,2209.07562,100,20.0
2024.02.05 05:45,2209.94928,2210.66549,2209.17051,2209.61625,100,20.0
2024.02.05 06:00,2210.18818,2210.75893,2209.81154,2210.64190,100,20.0
2024.02.05 06:15,2211.47517,2212.21661,2211.12869,2212.12668,100,20.0
2024.02.05 06:30,2211.78945,2213.00123,2211.67005,2212.30778,100,20.0
2024.02.05 06:45,2213.77097,2213.92858,2213.41638,2213.90555,100,20.0
2024.02.05 07:00,2215.43872,2215.79434,2214.92680,2215.40810,100,20.0
2024.02.05 07:15,2215.12875,2216.07430,2214.89850,2215.60846,100,20.0
2024.02.05 07:30,2216.03426,2216.26147,2215.61937,2215.75560,100,20.0
2024.02.05 07:45,2215.17009,2216.40464,2215.12417,2216.09766,100,20.0
2024.02.05 08:00,2215.02899,2215.39817,2214.80872,2215.20440,100,20.0
2024.02.05 08:15,2214.90671,2214.99519,2214.43699,2214.70377,100,20.0
2024.02.05 08:30,2214.37537,2214.61142,2214.29997,2214.45967,100,20.0
2024.02.05 08:45,2214.06768,2214.56007,2213.77705,2213.81901,100,20.0
2024.02.05 09:00,2214.32142,2214.57420,2214.04694,2214.27817,100,20.0
2024.02.05 09:15,2215.12300,2215.61106,2214.31440,2215.28558,100,20.0
2024.02.05 09:30,2215.05393,2215.13555,2213.95123,2214.55559,100,20.0
2024.02.05 09:45,2215.43496,2215.89126,2214.73499,2215.06086,100,20.0
2024.02.05 10:00,2214.74480,2215.00203,2214.17670,2214.21883,100,20.0
2024.02.05 10:15,2214.04679,2214.49206,2213.67664,2213.69073,100,20.0
2024.02.05 10:30,2212.94241,2213.06469,2212.22158,2212.61392,100,20.0
2024.02.05 10:45,2211.66357,2211.93001,2210.96752,2211.61233,100,20.0
2024.02.05 11:00,2211.79018,2211.79198,2210.61224,2210.89218,100,20.0
2024.02.05 11:15,2211.89882,2212.21061,2211.52503,2212.09416,100,20.0
2024.02.05 11:30,2213.27597,2213.88951,2212.92981,2213.25989,100,20.0
2024.02.05 11:45,2213.61516,2214.33837,2213.60568,2213.81061,100,20.0
2024.02.05 12:00,2214.89278,2215.86510,2214.83570,2215.43555,100,20.0
2024.02.05 12:15,2216.19666,2216.41518,2215.72611,2216.05535,100,20.0
2024.02.05 12:30,2215.75389,2217.31602,2215.49779,2216.33081,100,20.0
2024.02.05 12:45,2215.82931,2216.16485,2215.39622,2215.57460,100,20.0
2024.02.05 13:00,2216.17886,2216.60859,2215.22505,2215.98434,100,20.0
2024.02.05 13:15,2216.86767,2216.96465,2216.27632,2216.84676,100,20.0
2024.02.05 13:30,2217.30400,2217.30980,2216.96092,2217.01120,100,20.0
2024.02.05 13:45,2217.02898,2217.46985,2216.43210,2216.60144,100,20.0
2024.02.05 14:00,2216.69389,2217.80283,2216.64361,2217.08121,100,20.0
2024.02.05 14:15,2216.95704,2217.91843,2216.39340,2217.32745,100,20.0
2024.02.05 14:30,2217.63252,2217.80533,2217.54607,2217.62302,100,20.0
2024.02.05 14:45,2217.99448,2218.29977,2217.13392,2217.22034,100,20.0
2024.02.05 15:00,2217.06873,2218.31002,2216.98519,2217.87566,100,20.0
2024.02.05 15:15,2218.10712,2218.65286,2217.56530,2217.78400,100,20.0
2024.02.05 15:30,2217.93300,2218.19695,2217.38357,2217.39568,100,20.0
2024.02.05 15:45,2217.80202,2218.47212,2217.35748,2217.46208,100,20.0
2024.02.05 16:00,2217.87398,2218.07733,2217.09389,2217.53818,100,20.0
2024.02.05 16:15,2217.05546,2217.77195,2216.40290,2217.58297,100,20.0
2024.02.05 16:30,2216.19260,2216.26315,2215.88936,2216.05142,100,20.0
2024.02.05 16:45,2216.61007,2216.94895,2216.26478,2216.27810,100,20.0
2024.02.05 17:00,2215.73175,2216.04463,2214.83177,2214.94683,100,20.0
2024.02.05 17:15,2215.14694,2216.11720,2214.79796,2215.52255,100,20.0
2024.02.05 17:30,2215.23612,2215.44579,2214.85761,2215.10138,100,20.0
2024.02.05 17:45,2215.35832,2216.29645,2215.02975,2216.14830,100,20.0
2024.02.05 18:00,2216.76824,2216.96126,2215.37478,2215.66014,100,20.0
2024.02.05 18:15,2215.70938,2216.63715,2215.57166,2216.42064,100,20.0
2024.02.05 18:30,2215.33364,2216.05224,2215.18703,2215.58148,100,20.0
2024.02.05 18:45,2215.91152,2216.14623,2215.54284,2216.13801,100,20.0
2024.02.05 19:00,2215.34624,2215.81826,2214.63290,2215.11680,100,20.0
2024.02.05 19:15,2214.34233,2214.62411,2214.16998,2214.58269,100,20.0
2024.02.05 19:30,2214.47551,2214.84261,2213.82821,2213.88086,100,20.0
2024.02.05 19:45,2214.46324,2214.47212,2214.14382,2214.33032,100,20.0
2024.02.05 20:00,2213.65670,2213.67066,2213.24449,2213.64452,100,20.0
2024.02.05 20:15,2214.03266,2214.54317,2213.70236,2214.22482,100,20.0
2024.02.05 20:30,2213.79585,2214.65539,2213.71186,2214.36978,100,20.0
2024.02.05 20:45,2214.85293,2215.30461,2214.35283,2214.44326,100,20.0
2024.02.05 21:00,2214.50906,2215.35197,2214.41769,2214.52795,100,20.0
2024.02.05 21:15,2215.01832,2215.37829,2214.92113,2215.29231,100,20.0
2024.02.05 21:30,2214.50134,2214.54974,2213.75767,2214.22796,100,20.0
2024.02.05 21:45,2214.63095,2215.22209,2213.60368,2214.55943,100,20.0
2024.02.05 22:00,2215.18224,2215.40023,2214.69459,2215.31524,100,20.0
2024.02.05 22:15,2215.43120,2215.91056,2215.32896,2215.79228,100,20.0
2024.02.05 22:30,2215.90664,2216.70080,2215.71721,2216.17064,100,20.0
2024.02.05 22:45,2217.00416,2217.11017,2216.28013,2216.41183,100,20.0
2024.02.05 23:00,2217.49808,2218.03780,2217.09701,2217.25621,100,20.0
2024.02.05 23:15,2217.11480,2217.32821,2216.77168,2216.82734,100,20.0
2024.02.05 23:30,2216.19621,2216.41965,2215.76433,2215.92170,100,20.0
2024.02.05 23:45,2215.87236,2216.54408,2215.58549,2216.45808,100,20.0
2024.02.06 00:00,2216.95031,2217.74986,2216.04965,2216.31178,100,20.0
2024.02.06 00:15,2215.94765,2216.19922,2215.83040,2215.84474,100,20.0
2024.02.06 00:30,2215.17686,2215.68508,2215.12176,2215.63926,100,20.0
2024.02.06 00:45,2215.53531,2215.81786,2215.36429,2215.53887,100,20.0
2024.02.06 01:00,2214.67379,2215.04426,2214.47444,2214.97083,100,20.0
2024.02.06 01:15,2215.59208,2215.86505,2215.12951,2215.24932,100,20.0
2024.02.06 01:30,2214.71453,2215.63761,2214.71419,2215.23489,100,20.0
2024.02.06 01:45,2215.67478,2216.22512,2215.27281,2215.79957,100,20.0
2024.02.06 02:00,2216.50573,2216.99348,2216.44850,2216.82020,100,20.0
2024.02.06 02:15,2215.45057,2216.25561,2215.40175,2216.23636,100,20.0
2024.02.06 02:30,2216.37993,2216.79028,2216.12641,2216.57047,100,20.0
2024.02.06 02:45,2216.56774,2217.48980,2216.42244,2216.75861,100,20.0
2024.02.06 03:00,2216.76553,2218.18808,2216.72958,2217.66296,100,20.0
2024.02.06 03:15,2218.21811,2219.86742,2218.00014,2219.82515,100,20.0
2024.02.06 03:30,2219.57434,2219.65362,2219.10048,2219.46564,100,20.0
2024.02.06 03:45,2219.51708,2219.73767,2219.49757,2219.66098,100,20.0
2024.02.06 04:00,2218.69043,2218.87852,2217.96042,2218.23677,100,20.0
2024.02.06 04:15,2217.80242,2218.31621,2217.77267,2217.86148,100,20.0
2024.02.06 04:30,2217.58307,2218.23236,2217.41341,2218.19269,100,20.0
2024.02.06 04:45,2217.08566,2217.15907,2216.86306,2217.00065,100,20.0
2024.02.06 05:00,2216.65560,2217.30710,2216.04379,2216.23390,100,20.0
2024.02.06 05:15,2216.45327,2217.27367,2216.19587,2216.41496,100,20.0
2024.02.06 05:30,2215.53511,2216.27618,2215.25449,2215.99383,100,20.0
2024.02.06 05:45,2216.82666,2216.94608,2215.95255,2216.38929,100,20.0
2024.02.06 06:00,2216.30386,2216.60409,2215.90789,2216.38059,100,20.0
2024.02.06 06:15,2216.42160,2217.34026,2216.19931,2216.83004,100,20.0
2024.02.06 06:30,2216.99536,2217.84496,2215.62108,2216.15105,100,20.0
2024.02.06 06:45,2216.23076,2216.34970,2215.85510,2216.02928,100,20.0
2024.02.06 07:00,2215.79040,2215.98501,2214.89166,2214.97844,100,20.0
2024.02.06 07:15,2213.93523,2214.25857,2213.55994,2213.57367,100,20.0
2024.02.06 07:30,2214.72052,2214.79670,2214.47578,2214.75353,100,20.0
2024.02.06 07:45,2215.54741,2215.74906,2214.76434,2215.25155,100,20.0
2024.02.06 08:00,2214.96350,2215.12088,2214.44211,2215.03750,100,20.0
2024.02.06 08:15,2215.55888,2216.21854,2215.33434,2215.91272,100,20.0
2024.02.06 08:30,2215.95374,2216.13025,2215.59570,2215.79452,100,20.0
2024.02.06 08:45,2215.42209,2215.80330,2214.89944,2215.15616,100,20.0
2024.02.06 09:00,2214.68974,2215.60320,2214.60547,2215.01275,100,20.0
2024.02.06 09:15,2215.19689,2215.69879,2214.87207,2215.13141,100,20.0
2024.02.06 09:30,2215.85894,2216.18569,2215.43540,2216.14782,100,20.0
2024.02.06 09:45,2215.92080,2216.77926,2215.76886,2216.61677,100,20.0
2024.02.06 10:00,2216.24600,2216.77036,2215.93251,2216.16248,100,20.0
2024.02.06 10:15,2215.96401,2216.30033,2215.64676,2215.90237,100,20.0
2024.02.06 10:30,2216.50150,2216.87527,2216.19137,2216.34245,100,20.0
2024.02.06 10:45,2215.54936,2216.86621,2214.97904,2216.44802,100,20.0
2024.02.06 11:00,2216.30735,2217.03436,2216.11729,2216.20269,100,20.0
2024.02.06 11:15,2215.99515,2216.50293,2215.72894,2216.22182,100,20.0
2024.02.06 11:30,2216.91394,2217.73056,2216.77945,2217.49372,100,20.0
2024.02.06 11:45,2216.80490,2217.09608,2216.74138,2216.74592,100,20.0
2024.02.06 12:00,2216.78450,2217.11622,2216.18947,2216.55994,100,20.0
2024.02.06 12:15,2217.01141,2217.11318,2216.42558,2216.43905,100,20.0
2024.02.06 12:30,2216.67106,2216.68034,2216.11839,2216.21517,100,20.0
2024.02.06 12:45,2216.15049,2216.58971,2215.88247,2216.15335,100,20.0
2024.02.06 13:00,2216.85181,2217.16567,2216.50300,2216.70513,100,20.0
2024.02.06 13:15,2216.50746,2216.81836,2215.47455,2216.42601,100,20.0
2024.02.06 13:30,2216.29148,2216.64813,2215.84513,2215.87230,100,20.0
2024.02.06 13:45,2216.59856,2217.13130,2216.30707,2216.77905,100,20.0
2024.02.06 14:00,2216.83223,2217.00156,2216.74499,2216.76108,100,20.0
2024.02.06 14:15,2215.65466,2216.22462,2215.60840,2215.71004,100,20.0
2024.02.06 14:30,2215.61746,2215.83853,2213.85729,2214.18169,100,20.0
2024.02.06 14:45,2214.59818,2215.62203,2214.56182,2214.64313,100,20.0
2024.02.06 15:00,2214.15039,2215.06669,2213.76758,2214.86163,100,20.0
2024.02.06 15:15,2215.21252,2216.08818,2215.06089,2215.49876,100,20.0
2024.02.06 15:30,2214.61386,2214.70610,2214.00326,2214.25429,100,20.0
2024.02.06 15:45,2214.77775,2215.61354,2214.32151,2215.61006,100,20.0
2024.02.06 16:00,2215.28728,2215.77097,2214.93112,2215.73712,100,20.0
2024.02.06 16:15,2215.51999,2215.90978,2214.78761,2215.58738,100,20.0
2024.02.06 16:30,2216.24652,2216.66947,2215.37534,2216.19100,100,20.0
2024.02.06 16:45,2216.66725,2216.98309,2216.39421,2216.58678,100,20.0
2024.02.06 17:00,2216.23136,2216.51457,2215.08107,2215.29813,100,20.0
2024.02.06 17:15,2215.72275,2215.90252,2215.12340,2215.24151,100,20.0
2024.02.06 17:30,2215.44310,2216.18780,2214.85970,2215.23413,100,20.0
2024.02.06 17:45,2215.02280,2215.83339,2214.93286,2215.79309,100,20.0
2024.02.06 18:00,2215.79303,2216.88070,2215.40286,2216.48404,100,20.0
2024.02.06 18:15,2216.60321,2216.68246,2216.39578,2216.57677,100,20.0
2024.02.06 18:30,2217.09288,2217.17573,2215.65662,2216.43273,100,20.0
2024.02.06 18:45,2216.31906,2216.41651,2215.84391,2215.85589,100,20.0
2024.02.06 19:00,2214.96350,2214.99773,2214.29918,2214.31265,100,20.0
2024.02.06 19:15,2214.19189,2214.24510,2212.85953,2213.45200,100,20.0
2024.02.06 19:30,2212.90418,2214.42748,2212.71984,2213.76575,100,20.0
2024.02.06 19:45,2214.30061,2214.90068,2214.20026,2214.43698,100,20.0
2024.02.06 20:00,2214.13844,2214.65692,2214.09150,2214.40442,100,20.0
2024.02.06 20:15,2214.31375,2214.32967,2213.46974,2213.50101,100,20.0
2024.02.06 20:30,2213.91253,2214.13314,2213.53257,2213.96967,100,20.0
2024.02.06 20:45,2214.53412,2214.92450,2213.66253,2214.27935,100,20.0
2024.02.06 21:00,2214.82679,2215.17015,2214.35408,2214.38494,100,20.0
2024.02.06 21:15,2214.59010,2215.19608,2214.12690,2214.27848,100,20.0
2024.02.06 21:30,2214.64134,2214.96748,2214.53531,2214.64427,100,20.0
2024.02.06 21:45,2215.02204,2215.19296,2213.86598,2214.00949,100,20.0
2024.02.06 22:00,2215.18972,2215.96327,2214.88648,2215.73439,100,20.0
2024.02.06 22:15,2215.31614,2215.70929,2214.16237,2214.85223,100,20.0
2024.02.06 22:30,2214.91412,2215.38497,2214.17423,2214.55554,100,20.0
2024.02.06 22:45,2215.47294,2215.92825,2214.84838,2215.65799,100,20.0
2024.02.06 23:00,2215.00760,2215.74502,2214.55743,2215.26506,100,20.0
2024.02.06 23:15,2215.56449,2216.17707,2214.73719,2214.79325,100,20.0
2024.02.06 23:30,2214.68082,2214.69392,2213.37605,2213.68481,100,20.0
2024.02.06 23:45,2214.10062,2214.13815,2213.50644,2213.92496,100,20.0
2024.02.07 00:00,2214.97702,2215.44687,2214.72061,2215.41468,100,20.0
2024.02.07 00:15,2215.46130,2215.51129,2215.35340,2215.39581,100,20.0
2024.02.07 00:30,2216.19920,2216.59014,2215.88659,2215.97925,100,20.0
2024.02.07 00:45,2215.33276,2215.36656,2215.16737,2215.30831,100,20.0
2024.02.07 01:00,2215.36176,2215.80872,2214.61129,2214.79409,100,20.0
2024.02.07 01:15,2213.98492,2214.18650,2212.84131,2212.95470,100,20.0
2024.02.07 01:30,2212.38998,2212.58308,2211.70846,2212.44854,100,20.0
2024.02.07 01:45,2212.70802,2213.04474,2212.33116,2212.51544,100,20.0
2024.02.07 02:00,2213.05660,2213.47389,2212.98345,2212.98543,100,20.0
2024.02.07 02:15,2213.10291,2213.48926,2212.43989,2213.39626,100,20.0
2024.02.07 02:30,2212.93251,2213.12572,2212.80213,2213.04561,100,20.0
2024.02.07 02:45,2212.20078,2212.43729,2211.92608,2212.24374,100,20.0
2024.02.07 03:00,2213.16034,2213.60944,2212.52811,2212.54775,100,20.0
2024.02.07 03:15,2212.06492,2212.39477,2211.12315,2211.57115,100,20.0
2024.02.07 03:30,2211.60246,2212.16085,2211.21730,2212.10374,100,20.0
2024.02.07 03:45,2211.88275,2211.92202,2211.77234,2211.87829,100,20.0
2024.02.07 04:00,2212.01489,2212.33192,2211.38586,2212.27136,100,20.0
2024.02.07 04:15,2211.47573,2212.15899,2211.46549,2211.89038,100,20.0
2024.02.07 04:30,2212.37936,2212.80523,2211.68269,2212.27535,100,20.0
2024.02.07 04:45,2212.70098,2214.02955,2211.88881,2212.02500,100,20.0
2024.02.07 05:00,2212.66418,2213.63487,2212.61667,2213.11035,100,20.0
2024.02.07 05:15,2212.25806,2212.42438,2210.88275,2211.30454,100,20.0
2024.02.07 05:30,2211.93057,2213.00379,2211.92029,2212.80188,100,20.0
2024.02.07 05:45,2212.51709,2212.59078,2211.50188,2211.99473,100,20.0
2024.02.07 06:00,2212.85018,2213.38269,2212.17083,2213.15136,100,20.0
2024.02.07 06:15,2212.47339,2212.59819,2212.36394,2212.46038,100,20.0
2024.02.07 06:30,2212.65790,2213.08706,2212.07427,2212.98048,100,20.0
2024.02.07 06:45,2212.34936,2212.72572,2211.92489,2212.24448,100,20.0
2024.02.07 07:00,2210.91877,2211.05200,2210.46142,2210.47863,100,20.0
2024.02.07 07:15,2210.14939,2210.44381,2209.67425,2210.10094,100,20.0
2024.02.07 07:30,2210.88463,2211.69381,2210.14208,2210.76234,100,20.0
2024.02.07 07:45,2211.92563,2212.70547,2211.87149,2212.33918,100,20.0
2024.02.07 08:00,2212.25667,2212.33788,2212.05997,2212.09091,100,20.0
2024.02.07 08:15,2212.34104,2212.62261,2212.13971,2212.60267,100,20.0
2024.02.07 08:30,2213.57920,2214.54762,2213.46244,2214.41177,100,20.0
2024.02.07 08:45,2214.65505,2214.77115,2214.17236,2214.26852,100,20.0
2024.02.07 09:00,2214.18035,2214.86176,2213.53286,2214.48872,100,20.0
2024.02.07 09:15,2214.80645,2215.59075,2214.54605,2215.20110,100,20.0
2024.02.07 09:30,2214.87992,2216.21265,2214.55161,2215.70832,100,20.0
2024.02.07 09:45,2216.57126,2216.81960,2216.48630,2216.62138,100,20.0
2024.02.07 10:00,2216.33243,2216.48151,2215.27136,2215.52476,100,20.0
2024.02.07 10:15,2216.07509,2216.63881,2215.64179,2216.46539,100,20.0
2024.02.07 10:30,2217.54995,2217.84477,2216.12350,2216.57993,100,20.0
2024.02.07 10:45,2216.70929,2216.94650,2216.13934,2216.47317,100,20.0
2024.02.07 11:00,2216.11912,2216.13396,2215.51784,2216.06933,100,20.0
2024.02.07 11:15,2215.66011,2217.12654,2215.23891,2216.96895,100,20.0
2024.02.07 11:30,2216.26051,2216.62027,2215.88473,2216.15221,100,20.0
2024.02.07 11:45,2216.15141,2216.83474,2216.08694,2216.46977,100,20.0
2024.02.07 12:00,2215.81567,2216.26620,2215.41140,2215.48104,100,20.0
2024.02.07 12:15,2216.40722,2217.05238,2216.36532,2216.76366,100,20.0
2024.02.07 12:30,2216.18554,2216.51665,2216.00054,2216.37140,100,20.0
2024.02.07 12:45,2215.90520,2216.19713,2214.97806,2215.06863,100,20.0
2024.02.07 13:00,2215.54353,2216.32899,2213.91621,2214.57414,100,20.0
2024.02.07 13:15,2213.72356,2214.00773,2213.35184,2213.60876,100,20.0
2024.02.07 13:30,2214.08093,2214.49360,2213.91106,2214.27189,100,20.0
2024.02.07 13:45,2214.11842,2214.73582,2213.47907,2213.82659,100,20.0
2024.02.07 14:00,2213.56205,2213.80789,2212.83980,2213.18226,100,20.0
2024.02.07 14:15,2213.35151,2213.91492,2212.93333,2213.78619,100,20.0
2024.02.07 14:30,2213.25234,2213.92150,2212.57282,2213.37349,100,20.0
2024.02.07 14:45,2213.96441,2215.51230,2213.74312,2214.87658,100,20.0
2024.02.07 15:00,2215.36136,2215.91016,2215.11113,2215.56008,100,20.0
2024.02.07 15:15,2215.16423,2215.53008,2214.19234,2214.47545,100,20.0
2024.02.07 15:30,2213.88077,2214.03892,2213.12348,2213.30787,100,20.0
2024.02.07 15:45,2214.07137,2214.67976,2213.91555,2213.95273,100,20.0
2024.02.07 16:00,2213.14689,2213.85396,2212.94108,2213.32327,100,20.0
2024.02.07 16:15,2213.49063,2213.64520,2212.90308,2213.11682,100,20.0
2024.02.07 16:30,2212.77603,2212.98047,2212.67954,2212.68750,100,20.0
2024.02.07 16:45,2213.09789,2213.17959,2212.66423,2212.99819,100,20.0
2024.02.07 17:00,2213.65130,2213.92960,2212.92585,2213.58343,100,20.0
2024.02.07 17:15,2213.88964,2214.85007,2213.84629,2214.32002,100,20.0
2024.02.07 17:30,2214.65362,2214.65485,2214.40659,2214.45145,100,20.0
2024.02.07 17:45,2214.86150,2216.10333,2214.43788,2216.01559,100,20.0
2024.02.07 18:00,2216.80593,2217.33540,2216.74897,2216.83400,100,20.0
2024.02.07 18:15,2217.18041,2218.04738,2216.68507,2217.80779,100,20.0
2024.02.07 18:30,2216.45775,2216.81258,2215.58864,2215.98654,100,20.0
2024.02.07 18:45,2215.62175,2216.28891,2215.12528,2215.41617,100,20.0
2024.02.07 19:00,2215.93302,2215.95572,2215.50206,2215.52009,100,20.0
2024.02.07 19:15,2215.67718,2216.06359,2215.59414,2216.00840,100,20.0
2024.02.07 19:30,2215.72530,2216.02991,2215.19405,2215.33182,100,20.0
2024.02.07 19:45,2216.12538,2216.38675,2215.62090,2215.88640,100,20.0
2024.02.07 20:00,2215.17419,2215.19064,2213.80320,2214.50982,100,20.0
2024.02.07 20:15,2214.90324,2215.07865,2214.79254,2214.96235,100,20.0
2024.02.07 20:30,2214.46955,2214.48287,2214.00671,2214.28557,100,20.0
2024.02.07 20:45,2214.52504,2215.00139,2214.15227,2214.21469,100,20.0
2024.02.07 21:00,2212.94419,2213.52681,2212.65599,2212.69120,100,20.0
2024.02.07 21:15,2214.14739,2214.78605,2213.38323,2213.74399,100,20.0
2024.02.07 21:30,2214.50623,2215.28230,2214.00911,2214.84104,100,20.0
2024.02.07 21:45,2215.77592,2216.30095,2214.99911,2215.94052,100,20.0
2024.02.07 22:00,2216.78828,2217.27362,2216.51984,2216.54938,100,20.0
2024.02.07 22:15,2217.11502,2217.78067,2216.46067,2217.58936,100,20.0
2024.02.07 22:30,2217.85535,2218.35169,2217.42610,2217.71849,100,20.0
2024.02.07 22:45,2217.76950,2217.90731,2217.03440,2217.47430,100,20.0
2024.02.07 23:00,2217.53164,2218.28546,2216.93538,2216.94827,100,20.0
2024.02.07 23:15,2217.07910,2217.82192,2217.06191,2217.78661,100,20.0
2024.02.07 23:30,2217.62353,2217.92666,2217.07129,2217.78363,100,20.0
2024.02.07 23:45,2217.94517,2218.28338,2216.98902,2217.06870,100,20.0
2024.02.08 00:00,2215.93550,2216.49033,2215.44938,2216.16444,100,20.0
2024.02.08 00:15,2215.69463,2215.97530,2214.86791,2215.84080,100,20.0
2024.02.08 00:30,2216.27257,2216.59300,2216.24605,2216.52023,100,20.0
2024.02.08 00:45,2217.00216,2218.23777,2216.40143,2218.09813,100,20.0
2024.02.08 01:00,2218.36509,2218.67329,2218.19367,2218.30705,100,20.0
2024.02.08 01:15,2218.21248,2218.66156,2218.06882,2218.47905,100,20.0
2024.02.08 01:30,2218.42783,2218.78378,2217.69482,2217.92259,100,20.0
2024.02.08 01:45,2218.29482,2218.34832,2217.63024,2218.17698,100,20.0
2024.02.08 02:00,2218.55635,2218.59100,2217.66505,2217.99072,100,20.0
2024.02.08 02:15,2217.59909,2217.68370,2216.88465,2217.49487,100,20.0
2024.02.08 02:30,2217.45244,2217.86788,2216.87848,2217.31350,100,20.0
2024.02.08 02:45,2217.88085,2218.39131,2216.97130,2217.24334,100,20.0
2024.02.08 03:00,2216.25037,2217.28095,2215.53709,2216.78456,100,20.0
2024.02.08 03:15,2216.24523,2216.90666,2215.23412,2216.75647,100,20.0
2024.02.08 03:30,2216.61918,2217.86440,2216.53119,2217.46891,100,20.0
2024.02.08 03:45,2217.97254,2218.43585,2217.13018,2217.37701,100,20.0
2024.02.08 04:00,2216.96696,2217.28730,2216.73450,2216.79141,100,20.0
2024.02.08 04:15,2217.40579,2218.25865,2217.21145,2218.03228,100,20.0
2024.02.08 04:30,2218.30754,2218.49400,2217.30804,2217.85556,100,20.0
2024.02.08 04:45,2217.09776,2217.43248,2215.66934,2215.99618,100,20.0
2024.02.08 05:00,2216.13094,2216.59988,2215.67098,2216.41711,100,20.0
2024.02.08 05:15,2215.90653,2216.33484,2215.26434,2215.50149,100,20.0
2024.02.08 05:30,2215.63382,2216.24021,2215.63126,2216.03701,100,20.0
2024.02.08 05:45,2216.91307,2217.98289,2216.45780,2217.49635,100,20.0
2024.02.08 06:00,2217.89364,2218.29555,2217.39371,2217.40989,100,20.0
2024.02.08 06:15,2217.48617,2218.43786,2217.39539,2218.24528,100,20.0
2024.02.08 06:30,2218.47119,2219.13313,2217.91423,2218.69763,100,20.0
2024.02.08 06:45,2218.58943,2218.64243,2218.33747,2218.41490,100,20.0
2024.02.08 07:00,2217.84602,2218.17581,2217.74709,2217.78398,100,20.0
2024.02.08 07:15,2217.72923,2218.89422,2217.55986,2218.34216,100,20.0
2024.02.08 07:30,2217.99697,2218.12951,2217.24453,2217.51341,100,20.0
2024.02.08 07:45,2217.42470,2218.74201,2217.07086,2218.27072,100,20.0
2024.02.08 08:00,2218.29219,2218.63012,2218.27798,2218.58191,100,20.0
2024.02.08 08:15,2219.43206,2219.94520,2219.41889,2219.59145,100,20.0
2024.02.08 08:30,2219.32576,2219.96115,2219.27912,2219.86574,100,20.0
2024.02.08 08:45,2220.39029,2221.93708,2220.38505,2221.79229,100,20.0
2024.02.08 09:00,2221.67999,2222.13925,2220.46063,2221.34754,100,20.0
2024.02.08 09:15,2222.70795,2223.51664,2222.30241,2222.97482,100,20.0
2024.02.08 09:30,2221.42382,2221.77787,2221.31931,2221.71938,100,20.0
2024.02.08 09:45,2221.23291,2222.06969,2220.73832,2221.85770,100,20.0
2024.02.08 10:00,2221.14338,2221.86903,2221.05953,2221.42712,100,20.0
2024.02.08 10:15,2221.19371,2222.05981,2220.98315,2221.06544,100,20.0
2024.02.08 10:30,2221.50696,2221.94730,2220.43049,2220.45351,100,20.0
2024.02.08 10:45,2220.27434,2220.63234,2219.74107,2219.95186,100,20.0
2024.02.08 11:00,2220.53631,2221.17122,2220.17243,2220.37010,100,20.0
2024.02.08 11:15,2221.39406,2221.41940,2220.88658,2221.00847,100,20.0
2024.02.08 11:30,2221.28880,2221.73980,2220.52419,2220.74625,100,20.0
2024.02.08 11:45,2219.55967,2219.82263,2218.64193,2219.17939,100,20.0
2024.02.08 12:00,2218.92014,2219.04446,2218.35275,2218.53888,100,20.0
2024.02.08 12:15,2219.02929,2220.38593,2218.71931,2219.97790,100,20.0
2024.02.08 12:30,2220.33682,2221.49128,2219.68704,2220.95786,100,20.0
2024.02.08 12:45,2221.45674,2221.79407,2220.98090,2221.05874,100,20.0
2024.02.08 13:00,2221.65594,2221.85516,2221.12283,2221.32167,100,20.0
2024.02.08 13:15,2223.25375,2223.42726,2221.92204,2222.12579,100,20.0
2024.02.08 13:30,2222.83758,2222.99812,2222.15372,2222.24444,100,20.0
2024.02.08 13:45,2223.37030,2223.69512,2223.03221,2223.04469,100,20.0
2024.02.08 14:00,2223.58182,2223.87651,2222.85757,2223.06566,100,20.0
2024.02.08 14:15,2222.72639,2222.84194,2222.12004,2222.42668,100,20.0
2024.02.08 14:30,2221.94629,2222.38994,2221.66729,2222.16024,100,20.0
2024.02.08 14:45,2222.80523,2223.43406,2222.59649,2223.37472,100,20.0
2024.02.08 15:00,2223.20409,2223.55538,2223.16319,2223.51046,100,20.0
2024.02.08 15:15,2223.67378,2224.25039,2222.59017,2222.97608,100,20.0
2024.02.08 15:30,2222.23541,2223.50641,2221.88667,2222.92592,100,20.0
2024.02.08 15:45,2223.70676,2224.21987,2222.98401,2223.96279,100,20.0
2024.02.08 16:00,2223.48150,2223.66669,2223.15512,2223.53655,100,20.0
2024.02.08 16:15,2222.96953,2223.37786,2222.76264,2223.34108,100,20.0
2024.02.08 16:30,2223.34087,2224.23812,2223.29343,2223.89108,100,20.0
2024.02.08 16:45,2224.75949,2225.09746,2224.56343,2224.60787,100,20.0
2024.02.08 17:00,2224.29110,2224.49331,2223.92338,2224.40351,100,20.0
2024.02.08 17:15,2224.47544,2224.71280,2223.25051,2224.26469,100,20.0
2024.02.08 17:30,2225.10002,2225.10335,2224.61634,2224.76090,100,20.0
2024.02.08 17:45,2225.48074,2225.64869,2225.26269,2225.31881,100,20.0
2024.02.08 18:00,2225.06069,2225.14014,2224.24443,2224.69600,100,20.0
2024.02.08 18:15,2225.76140,2226.04254,2225.30885,2225.38786,100,20.0
2024.02.08 18:30,2226.33766,2226.56393,2225.89022,2226.12897,100,20.0
2024.02.08 18:45,2226.09429,2226.47771,2225.73162,2225.89585,100,20.0
2024.02.08 19:00,2225.54233,2225.90906,2225.18280,2225.28096,100,20.0
2024.02.08 19:15,2225.48541,2225.82447,2225.37810,2225.63278,100,20.0
2024.02.08 19:30,2225.65989,2226.63519,2225.04841,2226.60237,100,20.0
2024.02.08 19:45,2226.50660,2226.70499,2225.71745,2225.89820,100,20.0
2024.02.08 20:00,2226.42621,2228.49893,2226.09363,2227.24923,100,20.0
2024.02.08 20:15,2226.77089,2227.25618,2226.43230,2226.94951,100,20.0
2024.02.08 20:30,2227.04537,2227.20616,2226.64640,2226.89523,100,20.0
2024.02.08 20:45,2226.29948,2226.81041,2225.57701,2225.95381,100,20.0
2024.02.08 21:00,2224.47066,2225.48877,2224.36897,2225.41768,100,20.0
2024.02.08 21:15,2225.48068,2225.61847,2224.37992,2224.86580,100,20.0
2024.02.08 21:30,2224.90230,2225.76248,2224.60899,2225.59608,100,20.0
2024.02.08 21:45,2225.81365,2225.97818,2225.66176,2225.93907,100,20.0
2024.02.08 22:00,2226.22593,2227.43534,2225.98949,2226.94912,100,20.0
2024.02.08 22:15,2226.42205,2226.53072,2225.83348,2226.15194,100,20.0
2024.02.08 22:30,2225.66563,2225.92460,2225.60574,2225.71288,100,20.0
2024.02.08 22:45,2225.84819,2226.08328,2225.40900,2225.92961,100,20.0
2024.02.08 23:00,2226.07944,2226.16764,2225.57953,2225.61044,100,20.0
2024.02.08 23:15,2225.93533,2226.45169,2225.41963,2225.68025,100,20.0
2024.02.08 23:30,2224.90153,2225.05785,2223.80793,2223.97599,100,20.0
2024.02.08 23:45,2223.51890,2224.00892,2222.89537,2223.01043,100,20.0
2024.02.09 00:00,2222.58878,2222.97867,2222.28520,2222.47710,100,20.0
2024.02.09 00:15,2221.40842,2222.66121,2221.13032,2222.24586,100,20.0
2024.02.09 00:30,2223.04833,2223.42557,2222.14388,2222.58919,100,20.0
2024.02.09 00:45,2222.47968,2222.86681,2221.56292,2221.70195,100,20.0
2024.02.09 01:00,2221.87095,2222.78793,2221.61458,2221.98169,100,20.0
2024.02.09 01:15,2222.38029,2222.52464,2221.39982,2221.69041,100,20.0
2024.02.09 01:30,2221.81871,2221.93405,2221.70361,2221.83393,100,20.0
2024.02.09 01:45,2221.78691,2221.81774,2221.31155,2221.47967,100,20.0
2024.02.09 02:00,2222.59580,2222.73479,2221.96906,2222.19609,100,20.0
2024.02.09 02:15,2222.60452,2224.20957,2222.20093,2223.77760,100,20.0
2024.02.09 02:30,2225.05994,2225.61358,2224.16306,2224.27955,100,20.0
2024.02.09 02:45,2223.70074,2223.77167,2223.13481,2223.21866,100,20.0
2024.02.09 03:00,2222.94846,2222.99853,2222.72453,2222.77956,100,20.0
2024.02.09 03:15,2222.80787,2223.83319,2222.47499,2223.38831,100,20.0
2024.02.09 03:30,2223.46793,2224.50982,2223.22046,2224.15020,100,20.0
2024.02.09 03:45,2223.53417,2223.83039,2222.95941,2223.22723,100,20.0
2024.02.09 04:00,2223.52961,2223.72529,2223.01682,2223.60260,100,20.0
2024.02.09 04:15,2223.51527,2224.08871,2222.92490,2223.19300,100,20.0
2024.02.09 04:30,2223.88819,2224.01112,2223.70136,2223.85309,100,20.0
2024.02.09 04:45,2222.65578,2224.37429,2222.60415,2223.95314,100,20.0
2024.02.09 05:00,2224.17271,2225.50125,2223.71472,2225.05063,100,20.0
2024.02.09 05:15,2225.74388,2226.13208,2225.70284,2225.74861,100,20.0
2024.02.09 05:30,2225.83789,2226.27461,2225.07403,2225.32307,100,20.0
2024.02.09 05:45,2225.23182,2226.28016,2224.73290,2226.11729,100,20.0
2024.02.09 06:00,2226.38229,2226.40148,2226.13212,2226.38442,100,20.0
2024.02.09 06:15,2226.70828,2226.93111,2225.36266,2225.99760,100,20.0
2024.02.09 06:30,2226.07752,2226.23061,2225.66639,2225.81861,100,20.0
2024.02.09 06:45,2226.15119,2226.98870,2226.01376,2226.95016,100,20.0
2024.02.09 07:00,2227.05106,2227.94729,2226.82015,2227.46670,100,20.0
2024.02.09 07:15,2227.61644,2227.61667,2226.97383,2227.33910,100,20.0
2024.02.09 07:30,2227.17844,2227.36535,2226.84907,2227.08662,100,20.0
2024.02.09 07:45,2224.49755,2225.82226,2224.30820,2225.55837,100,20.0
2024.02.09 08:00,2225.29926,2225.61624,2224.90725,2225.41525,100,20.0
2024.02.09 08:15,2223.81992,2224.80105,2223.51111,2223.90961,100,20.0
2024.02.09 08:30,2225.51277,2225.57235,2224.82071,2225.10083,100,20.0
2024.02.09 08:45,2223.74414,2223.90382,2222.95692,2223.23360,100,20.0
2024.02.09 09:00,2222.78390,2223.22378,2222.44235,2222.92478,100,20.0
2024.02.09 09:15,2223.11858,2223.62130,2222.28650,2222.61624,100,20.0
2024.02.09 09:30,2223.30795,2223.61563,2222.52246,2222.74857,100,20.0
2024.02.09 09:45,2223.17529,2223.40469,2222.29914,2222.58878,100,20.0
2024.02.09 10:00,2223.89950,2224.12967,2223.78669,2224.05364,100,20.0
2024.02.09 10:15,2223.61534,2223.87221,2223.26184,2223.59174,100,20.0
2024.02.09 10:30,2223.03374,2223.23869,2222.87783,2223.16432,100,20.0
2024.02.09 10:45,2223.92330,2224.18569,2223.33571,2223.61412,100,20.0
2024.02.09 11:00,2223.35575,2223.59320,2222.93088,2222.96109,100,20.0
2024.02.09 11:15,2223.48536,2223.67749,2223.14926,2223.34899,100,20.0
2024.02.09 11:30,2222.53767,2222.57934,2222.28003,2222.52549,100,20.0
2024.02.09 11:45,2222.40087,2223.31862,2221.86270,2222.83820,100,20.0
2024.02.09 12:00,2223.17928,2224.04157,2221.19514,2221.70508,100,20.0
2024.02.09 12:15,2221.19158,2222.39977,2221.17196,2222.12512,100,20.0
2024.02.09 12:30,2222.79761,2224.37831,2222.53039,2223.68936,100,20.0
2024.02.09 12:45,2223.90933,2224.07913,2223.37555,2223.86156,100,20.0
2024.02.09 13:00,2225.17132,2225.87842,2224.94675,2225.73062,100,20.0
2024.02.09 13:15,2224.79292,2224.98612,2224.23758,2224.26521,100,20.0
2024.02.09 13:30,2225.23543,2225.28423,2224.04248,2224.35099,100,20.0
2024.02.09 13:45,2224.58901,2225.04168,2224.52796,2224.76042,100,20.0
2024.02.09 14:00,2224.43469,2225.02516,2223.06812,2223.85501,100,20.0
2024.02.09 14:15,2224.14176,2224.42962,2221.71526,2222.88952,100,20.0
2024.02.09 14:30,2223.55618,2223.57591,2222.76649,2223.20803,100,20.0
2024.02.09 14:45,2223.86554,2224.04136,2223.06170,2223.22653,100,20.0
2024.02.09 15:00,2223.19359,2223.85747,2222.84169,2223.44285,100,20.0
2024.02.09 15:15,2222.73463,2224.18433,2222.27142,2223.71470,100,20.0
2024.02.09 15:30,2224.34158,2224.51516,2223.04529,2223.24359,100,20.0
2024.02.09 15:45,2223.26096,2223.51108,2223.14546,2223.19683,100,20.0
2024.02.09 16:00,2223.03520,2223.63096,2222.77930,2223.14128,100,20.0
2024.02.09 16:15,2223.53409,2223.73277,2222.93291,2223.52665,100,20.0
2024.02.09 16:30,2223.65046,2224.12530,2223.49781,2223.82265,100,20.0
2024.02.09 16:45,2223.40694,2224.21516,2222.25612,2222.26406,100,20.0
2024.02.09 17:00,2222.08904,2223.09319,2221.92899,2222.30541,100,20.0
2024.02.09 17:15,2222.27196,2222.88947,2222.02124,2222.36338,100,20.0
2024.02.09 17:30,2222.29677,2223.09442,2222.14481,2222.65099,100,20.0
2024.02.09 17:45,2221.87110,2222.67121,2221.39493,2222.35623,100,20.0
2024.02.09 18:00,2222.56541,2223.36752,2221.94113,2222.40459,100,20.0
2024.02.09 18:15,2222.77086,2224.44923,2222.70536,2223.47677,100,20.0
2024.02.09 18:30,2224.39098,2225.08351,2224.30149,2224.79326,100,20.0
2024.02.09 18:45,2225.37089,2225.69433,2224.96766,2225.22841,100,20.0
2024.02.09 19:00,2224.99657,2225.62230,2224.62248,2225.52348,100,20.0
2024.02.09 19:15,2226.05489,2226.68015,2225.53971,2226.37962,100,20.0
2024.02.09 19:30,2226.33737,2226.92406,2226.25063,2226.91486,100,20.0
2024.02.09 19:45,2226.53810,2226.82360,2226.38696,2226.73037,100,20.0
2024.02.09 20:00,2226.49343,2226.74145,2226.38796,2226.74061,100,20.0
2024.02.09 20:15,2226.42769,2226.79716,2225.38012,2225.57658,100,20.0
2024.02.09 20:30,2224.32534,2224.40106,2223.34448,2223.42934,100,20.0
2024.02.09 20:45,2223.75554,2223.95884,2223.69713,2223.77233,100,20.0
2024.02.09 21:00,2223.19893,2224.01309,2222.89108,2223.98287,100,20.0
2024.02.09 21:15,2222.82116,2223.26844,2221.42645,2221.69327,100,20.0
2024.02.09 21:30,2221.61137,2222.34572,2221.38733,2222.29126,100,20.0
2024.02.09 21:45,2221.90695,2222.40932,2221.08830,2221.13504,100,20.0
2024.02.09 22:00,2221.48504,2222.34919,2221.05001,2221.77357,100,20.0
2024.02.09 22:15,2223.01365,2224.03189,2222.99808,2223.52811,100,20.0
2024.02.09 22:30,2222.67884,2223.31798,2221.78525,2222.47804,100,20.0
2024.02.09 22:45,2222.52484,2222.95888,2222.25701,2222.82182,100,20.0
2024.02.09 23:00,2223.30947,2223.78317,2222.59511,2222.74117,100,20.0
2024.02.09 23:15,2222.35204,2222.55892,2222.07439,2222.17408,100,20.0
2024.02.09 23:30,2221.56942,2221.73204,2220.86787,2221.05586,100,20.0
2024.02.09 23:45,2221.53506,2221.57815,2221.31921,2221.51442,100,20.0
2024.02.10 00:00,2221.66410,2222.40578,2221.39511,2221.90142,100,20.0
2024.02.10 00:15,2222.08090,2222.46317,2222.02213,2222.44089,100,20.0
2024.02.10 00:30,2222.51552,2222.52450,2221.80354,2222.39542,100,20.0
2024.02.10 00:45,2221.53254,2221.63042,2220.82710,2221.37245,100,20.0
2024.02.10 01:00,2220.39613,2220.54679,2219.54760,2219.81654,100,20.0
2024.02.10 01:15,2219.61303,2219.95471,2218.85491,2219.73666,100,20.0
2024.02.10 01:30,2221.10658,2221.51998,2220.58892,2220.87592,100,20.0
2024.02.10 01:45,2221.30844,2221.34446,2219.92727,2220.53573,100,20.0
2024.02.10 02:00,2219.87867,2220.39907,2219.51435,2220.02056,100,20.0
2024.02.10 02:15,2220.08607,2220.46920,2219.81714,2220.34893,100,20.0
2024.02.10 02:30,2221.37350,2221.47910,2220.52588,2220.73252,100,20.0
2024.02.10 02:45,2220.59227,2221.02069,2220.05419,2220.59995,100,20.0
2024.02.10 03:00,2220.59685,2221.65441,2220.38702,2221.32967,100,20.0
2024.02.10 03:15,2219.93534,2220.21903,2219.67635,2220.18877,100,20.0
2024.02.10 03:30,2220.10016,2220.75558,2219.78503,2220.47583,100,20.0
2024.02.10 03:45,2219.39173,2220.34459,2219.07597,2220.15868,100,20.0
2024.02.10 04:00,2221.27208,2221.31005,2220.13670,2220.29755,100,20.0
2024.02.10 04:15,2220.86625,2221.64528,2220.47635,2221.35654,100,20.0
2024.02.10 04:30,2221.19306,2221.84375,2220.94522,2221.20711,100,20.0
2024.02.10 04:45,2220.81323,2220.89301,2219.60529,2220.13616,100,20.0
2024.02.10 05:00,2220.48818,2221.47013,2220.29778,2220.74129,100,20.0
2024.02.10 05:15,2220.24047,2220.80502,2220.22296,2220.38417,100,20.0
2024.02.10 05:30,2220.45597,2221.12440,2219.80200,2219.96517,100,20.0
2024.02.10 05:45,2220.07839,2220.08440,2219.22845,2219.35372,100,20.0
2024.02.10 06:00,2219.57124,2219.90263,2219.03252,2219.24281,100,20.0
2024.02.10 06:15,2219.12807,2219.30895,2219.02846,2219.23645,100,20.0
2024.02.10 06:30,2218.82042,2219.24910,2217.77522,2218.00273,100,20.0
2024.02.10 06:45,2216.76469,2217.06517,2215.34163,2215.52114,100,20.0
2024.02.10 07:00,2215.04072,2215.74222,2214.78748,2215.72303,100,20.0
2024.02.10 07:15,2215.34362,2215.84708,2214.50830,2214.89910,100,20.0
2024.02.10 07:30,2214.47064,2214.60032,2213.66300,2213.90398,100,20.0
2024.02.10 07:45,2214.08118,2214.52572,2213.88481,2214.03881,100,20.0
2024.02.10 08:00,2214.79094,2215.24432,2214.46983,2215.08665,100,20.0
2024.02.10 08:15,2214.99403,2215.44076,2213.96943,2213.99199,100,20.0
2024.02.10 08:30,2214.88780,2215.41426,2214.09629,2214.45454,100,20.0
2024.02.10 08:45,2215.14651,2215.43855,2213.70955,2214.71187,100,20.0
2024.02.10 09:00,2214.33306,2214.69685,2213.83024,2214.10965,100,20.0
2024.02.10 09:15,2214.45029,2215.20401,2214.04451,2214.58580,100,20.0
2024.02.10 09:30,2214.27120,2214.61899,2213.19697,2213.40507,100,20.0
2024.02.10 09:45,2214.57371,2214.75540,2214.20956,2214.43473,100,20.0
2024.02.10 10:00,2214.45656,2215.54618,2214.20031,2214.79822,100,20.0
2024.02.10 10:15,2214.27258,2215.01838,2213.91569,2214.96125,100,20.0
2024.02.10 10:30,2214.50459,2215.81366,2214.15604,2214.94545,100,20.0
2024.02.10 10:45,2215.69152,2215.97247,2215.17908,2215.94008,100,20.0
2024.02.10 11:00,2215.12778,2215.27394,2215.00657,2215.19214,100,20.0
2024.02.10 11:15,2214.60159,2215.04665,2214.55289,2214.58897,100,20.0
2024.02.10 11:30,2214.03087,2214.24852,2213.49850,2213.65632,100,20.0
2024.02.10 11:45,2213.69854,2214.27141,2213.17747,2213.45802,100,20.0
2024.02.10 12:00,2213.45670,2213.94228,2213.22288,2213.42638,100,20.0
2024.02.10 12:15,2214.61598,2214.86431,2214.22830,2214.30122,100,20.0
2024.02.10 12:30,2213.87263,2214.06584,2213.87077,2214.02521,100,20.0
2024.02.10 12:45,2212.91917,2213.61082,2212.90795,2213.24052,100,20.0
2024.02.10 13:00,2213.29047,2214.18130,2212.79132,2213.84776,100,20.0
2024.02.10 13:15,2213.49340,2213.75258,2212.89598,2213.20389,100,20.0
2024.02.10 13:30,2213.30714,2213.73493,2212.88453,2213.48837,100,20.0
2024.02.10 13:45,2212.95932,2213.58898,2212.61331,2213.52890,100,20.0
2024.02.10 14:00,2213.37650,2213.49660,2213.35179,2213.36752,100,20.0
2024.02.10 14:15,2213.79008,2214.29149,2213.26600,2214.26494,100,20.0
2024.02.10 14:30,2213.66798,2214.71359,2213.60267,2214.58423,100,20.0
2024.02.10 14:45,2214.58489,2214.63274,2214.04980,2214.12444,100,20.0
2024.02.10 15:00,2215.13161,2216.42586,2214.77259,2215.65838,100,20.0
2024.02.10 15:15,2215.94135,2216.64172,2215.21906,2215.87838,100,20.0
2024.02.10 15:30,2215.24769,2215.56439,2214.50531,2214.97487,100,20.0
2024.02.10 15:45,2215.63869,2216.29401,2215.32170,2215.78404,100,20.0
2024.02.10 16:00,2215.27756,2215.41310,2215.07218,2215.21871,100,20.0
2024.02.10 16:15,2215.73925,2215.79759,2214.77244,2215.50414,100,20.0
2024.02.10 16:30,2215.49813,2215.84690,2215.42317,2215.58739,100,20.0
2024.02.10 16:45,2215.59177,2215.89234,2215.40560,2215.68148,100,20.0
2024.02.10 17:00,2216.61906,2218.07783,2216.21089,2217.96117,100,20.0
2024.02.10 17:15,2217.80364,2218.03011,2217.03214,2217.68711,100,20.0
2024.02.10 17:30,2217.48346,2219.13350,2217.32782,2219.01961,100,20.0
2024.02.10 17:45,2220.07666,2220.88795,2219.48233,2220.50763,100,20.0
2024.02.10 18:00,2220.84899,2221.25389,2220.79246,2221.04771,100,20.0
2024.02.10 18:15,2220.33276,2220.58634,2219.62821,2219.80183,100,20.0
2024.02.10 18:30,2220.30886,2220.52724,2219.74970,2220.43930,100,20.0
2024.02.10 18:45,2220.59905,2220.83019,2220.46559,2220.55710,100,20.0
2024.02.10 19:00,2220.73366,2221.06404,2220.02020,2220.85181,100,20.0
2024.02.10 19:15,2221.59193,2221.62373,2220.77184,2221.58628,100,20.0
2024.02.10 19:30,2222.90797,2223.27461,2222.71505,2223.14537,100,20.0
2024.02.10 19:45,2222.64980,2222.78906,2222.27979,2222.39212,100,20.0
2024.02.10 20:00,2222.37508,2222.72283,2222.13307,2222.53019,100,20.0
2024.02.10 20:15,2223.12308,2224.57248,2222.86367,2224.20560,100,20.0
2024.02.10 20:30,2224.87764,2224.96996,2223.94223,2224.19340,100,20.0
2024.02.10 20:45,2224.45664,2224.76945,2224.07469,2224.50355,100,20.0
2024.02.10 21:00,2224.21101,2224.52939,2223.59661,2223.78671,100,20.0
2024.02.10 21:15,2224.24413,2224.72097,2224.02144,2224.35160,100,20.0
2024.02.10 21:30,2224.72242,2225.30465,2224.02128,2224.13510,100,20.0
2024.02.10 21:45,2223.15160,2223.34448,2222.47155,2222.50753,100,20.0
2024.02.10 22:00,2222.03896,2222.26670,2221.98975,2222.23191,100,20.0
2024.02.10 22:15,2221.65521,2222.39312,2221.43584,2222.07303,100,20.0
2024.02.10 22:30,2222.13703,2222.67803,2221.75619,2221.81172,100,20.0
2024.02.10 22:45,2221.40773,2221.43441,2220.98639,2221.42773,100,20.0
2024.02.10 23:00,2222.01538,2222.60655,2221.82506,2222.48888,100,20.0
2024.02.10 23:15,2222.88835,2223.20668,2222.31266,2222.66339,100,20.0
2024.02.10 23:30,2222.04149,2222.10294,2221.50285,2222.04416,100,20.0
2024.02.10 23:45,2222.56379,2222.83215,2221.66603,2222.18528,100,20.0
2024.02.11 00:00,2223.31816,2223.91808,2222.94061,2223.13641,100,20.0
2024.02.11 00:15,2223.14022,2224.01975,2223.10146,2223.62570,100,20.0
2024.02.11 00:30,2223.73038,2224.16965,2222.60244,2222.68032,100,20.0
2024.02.11 00:45,2223.58878,2223.97799,2222.57966,2222.95641,100,20.0
2024.02.11 01:00,2223.07947,2223.24924,2222.26504,2222.46455,100,20.0
2024.02.11 01:15,2221.53290,2221.54373,2220.94180,2221.52715,100,20.0
2024.02.11 01:30,2219.81493,2219.96963,2219.70913,2219.86695,100,20.0
2024.02.11 01:45,2219.90362,2220.08100,2219.14506,2219.80919,100,20.0
2024.02.11 02:00,2220.68196,2220.95888,2220.38092,2220.53950,100,20.0
2024.02.11 02:15,2221.36664,2221.56595,2220.23176,2220.88044,100,20.0
2024.02.11 02:30,2221.13213,2221.37007,2220.91903,2220.98569,100,20.0
2024.02.11 02:45,2222.04138,2222.33550,2221.38869,2222.04570,100,20.0
2024.02.11 03:00,2222.67443,2223.40185,2222.48069,2223.22417,100,20.0
2024.02.11 03:15,2224.29260,2225.47876,2224.04258,2224.92240,100,20.0
2024.02.11 03:30,2224.59178,2225.29255,2223.55849,2223.75504,100,20.0
2024.02.11 03:45,2223.79693,2224.01147,2223.20327,2223.72725,100,20.0
2024.02.11 04:00,2224.31603,2225.46458,2224.11968,2224.98175,100,20.0
2024.02.11 04:15,2224.83732,2225.37418,2224.72880,2224.82090,100,20.0
2024.02.11 04:30,2224.69277,2225.47174,2224.34723,2224.89754,100,20.0
2024.02.11 04:45,2225.35093,2226.02120,2225.33504,2225.88216,100,20.0
2024.02.11 05:00,2225.90169,2226.75477,2225.89712,2226.70486,100,20.0
2024.02.11 05:15,2225.56040,2226.38577,2225.02856,2226.34765,100,20.0
2024.02.11 05:30,2226.29299,2226.98832,2226.12157,2226.46568,100,20.0
2024.02.11 05:45,2226.76016,2226.83615,2224.56975,2224.99917,100,20.0
2024.02.11 06:00,2224.13500,2224.41956,2224.01387,2224.27537,100,20.0
2024.02.11 06:15,2223.67285,2224.26462,2223.45256,2224.11813,100,20.0
2024.02.11 06:30,2223.34058,2223.77521,2222.76265,2222.82223,100,20.0
2024.02.11 06:45,2222.43495,2222.81452,2222.02968,2222.26021,100,20.0
2024.02.11 07:00,2222.29913,2223.06874,2222.05536,2222.79824,100,20.0
2024.02.11 07:15,2222.10472,2222.42116,2221.50431,2221.83833,100,20.0
2024.02.11 07:30,2221.44411,2221.51058,2221.03508,2221.14280,100,20.0
2024.02.11 07:45,2220.66113,2220.99228,2220.00180,2220.17081,100,20.0
2024.02.11 08:00,2220.32949,2221.00348,2219.64321,2220.21554,100,20.0
2024.02.11 08:15,2220.74516,2222.03208,2220.56357,2221.24038,100,20.0
2024.02.11 08:30,2221.50620,2222.53220,2220.40925,2221.80208,100,20.0
2024.02.11 08:45,2221.89202,2222.51449,2221.80284,2222.26998,100,20.0
2024.02.11 09:00,2223.52671,2225.06192,2223.42922,2224.75146,100,20.0
2024.02.11 09:15,2224.70644,2225.35219,2224.40777,2224.83645,100,20.0
2024.02.11 09:30,2225.19021,2225.88749,2225.07759,2225.80614,100,20.0
2024.02.11 09:45,2224.48440,2224.92817,2224.06220,2224.64803,100,20.0
2024.02.11 10:00,2224.83031,2225.26232,2224.05411,2224.39817,100,20.0
2024.02.11 10:15,2225.00096,2225.18725,2223.90224,2224.48510,100,20.0
2024.02.11 10:30,2222.76625,2223.70176,2222.55649,2223.15292,100,20.0
2024.02.11 10:45,2222.62999,2223.63349,2222.32292,2223.38935,100,20.0
2024.02.11 11:00,2223.52551,2224.23523,2223.28555,2223.95535,100,20.0
2024.02.11 11:15,2224.55131,2225.12596,2224.32112,2224.73442,100,20.0
2024.02.11 11:30,2225.64229,2226.00451,2225.14175,2225.60308,100,20.0
2024.02.11 11:45,2226.59068,2227.64949,2226.34875,2226.88600,100,20.0
2024.02.11 12:00,2228.35159,2229.29111,2228.12398,2228.83831,100,20.0
2024.02.11 12:15,2229.33085,2229.37306,2228.58771,2229.13810,100,20.0
2024.02.11 12:30,2228.04570,2228.14441,2228.02515,2228.03817,100,20.0
2024.02.11 12:45,2228.19088,2228.23085,2227.39019,2227.54194,100,20.0
2024.02.11 13:00,2226.88259,2227.44558,2226.50837,2226.52470,100,20.0
2024.02.11 13:15,2226.90487,2227.02785,2226.56749,2227.01791,100,20.0
2024.02.11 13:30,2226.15629,2226.50549,2225.73971,2225.76778,100,20.0
2024.02.11 13:45,2227.34159,2227.75134,2226.80672,2227.69294,100,20.0
2024.02.11 14:00,2228.42433,2228.61253,2227.72091,2227.82130,100,20.0
2024.02.11 14:15,2227.83764,2227.95748,2227.33849,2227.77971,100,20.0
2024.02.11 14:30,2228.00236,2228.42522,2227.62853,2227.70847,100,20.0
2024.02.11 14:45,2226.44114,2226.59378,2226.07181,2226.53760,100,20.0
2024.02.11 15:00,2225.56357,2225.75359,2224.77167,2224.77930,100,20.0
2024.02.11 15:15,2225.50025,2225.91680,2225.31951,2225.75594,100,20.0
2024.02.11 15:30,2225.26728,2226.16413,2224.99529,2225.49374,100,20.0
2024.02.11 15:45,2225.34757,2226.13263,2225.06758,2225.81110,100,20.0
