time,open,high,low,close,volume,spread
2024.01.01 00:00,1999.78826,1999.95753,1999.50733,1999.55149,100,20.0
2024.01.01 00:15,1999.56379,2000.03091,1998.78550,1998.79536,100,20.0
2024.01.01 00:30,1998.75737,1999.28825,1998.61992,1999.11790,100,20.0
2024.01.01 00:45,1998.34562,1998.48273,1997.29360,1998.02964,100,20.0
2024.01.01 01:00,1999.30661,1999.50121,1998.42978,1998.52632,100,20.0
2024.01.01 01:15,1998.19909,1998.50478,1997.48186,1997.85698,100,20.0
2024.01.01 01:30,1997.15513,1998.59836,1997.05363,1997.81475,100,20.0
2024.01.01 01:45,1996.78335,1997.38391,1995.94009,1996.13702,100,20.0
2024.01.01 02:00,1996.73046,1997.55447,1996.63419,1996.78422,100,20.0
2024.01.01 02:15,1996.40523,1996.52563,1996.33740,1996.43452,100,20.0
2024.01.01 02:30,1995.79369,1995.87609,1994.95678,1995.69992,100,20.0
2024.01.01 02:45,1995.94343,1997.77445,1995.39124,1997.35523,100,20.0
2024.01.01 03:00,1996.81680,1998.09612,1996.59014,1997.35519,100,20.0
2024.01.01 03:15,1996.86312,1997.86629,1996.69173,1997.44842,100,20.0
2024.01.01 03:30,1998.84060,1998.97068,1998.76855,1998.78105,100,20.0
2024.01.01 03:45,1998.56682,1998.77132,1998.50067,1998.61248,100,20.0
2024.01.01 04:00,2000.00694,2000.45731,1999.70709,1999.74109,100,20.0
2024.01.01 04:15,1999.80476,2000.16798,1999.59329,1999.96375,100,20.0
2024.01.01 04:30,2000.34562,2000.59339,2000.27946,2000.47486,100,20.0
2024.01.01 04:45,1999.69550,2000.23343,1999.36456,2000.04298,100,20.0
2024.01.01 05:00,2000.22289,2000.66316,1999.50775,1999.77815,100,20.0
2024.01.01 05:15,1999.56016,2000.32495,1999.52635,1999.69181,100,20.0
2024.01.01 05:30,2000.19282,2001.16853,1999.25882,2000.86647,100,20.0
2024.01.01 05:45,1999.98161,2000.33437,1999.80394,2000.18932,100,20.0
2024.01.01 06:00,2000.57279,2001.08601,1998.90655,1999.55414,100,20.0
2024.01.01 06:15,1999.62414,2000.63022,1999.60207,1999.98614,100,20.0
2024.01.01 06:30,2000.41536,2000.81245,1999.95841,2000.14752,100,20.0
2024.01.01 06:45,2000.25255,2001.88327,1999.62708,2001.63796,100,20.0
2024.01.01 07:00,2000.55147,2001.24581,2000.21127,2000.98000,100,20.0
2024.01.01 07:15,2000.98194,2001.56163,2000.29578,2001.29958,100,20.0
2024.01.01 07:30,2000.92948,2001.26009,2000.22636,2000.37498,100,20.0
2024.01.01 07:45,1998.93266,1999.48732,1998.48325,1999.35869,100,20.0
2024.01.01 08:00,1999.86982,2000.00332,1999.24740,1999.38366,100,20.0
2024.01.01 08:15,1999.19310,1999.31074,1997.55769,1998.40640,100,20.0
2024.01.01 08:30,1997.78928,1998.22448,1997.60843,1998.01650,100,20.0
2024.01.01 08:45,1997.67214,1997.95957,1997.01894,1997.11472,100,20.0
2024.01.01 09:00,1996.85172,1997.05864,1996.45618,1996.69325,100,20.0
2024.01.01 09:15,1996.52928,1996.80907,1996.18316,1996.75759,100,20.0
2024.01.01 09:30,1997.20125,1997.55575,1997.05924,1997.25494,100,20.0
2024.01.01 09:45,1998.02878,1998.22226,1997.03488,1997.75112,100,20.0
2024.01.01 10:00,1998.45304,1998.90177,1997.88962,1998.37659,100,20.0
2024.01.01 10:15,1997.74136,1997.98386,1997.25289,1997.67023,100,20.0
2024.01.01 10:30,1996.73476,1996.88848,1995.60538,1995.98375,100,20.0
2024.01.01 10:45,1996.47527,1996.92339,1996.26817,1996.51155,100,20.0
2024.01.01 11:00,1995.90438,1996.67222,1995.76705,1996.55617,100,20.0
2024.01.01 11:15,1996.01473,1996.43719,1995.76500,1995.79541,100,20.0
2024.01.01 11:30,1995.38642,1995.57777,1995.10719,1995.16825,100,20.0
2024.01.01 11:45,1994.87645,1995.67080,1994.68788,1995.65306,100,20.0
2024.01.01 12:00,1995.60884,1996.20105,1995.10724,1995.30395,100,20.0
2024.01.01 12:15,1995.21371,1995.46011,1995.11268,1995.40778,100,20.0
2024.01.01 12:30,1996.38257,1997.43417,1996.11830,1997.19150,100,20.0
2024.01.01 12:45,1997.49386,1997.90927,1997.19725,1997.52344,100,20.0
2024.01.01 13:00,1996.64759,1996.88051,1995.99563,1996.39380,100,20.0
2024.01.01 13:15,1996.38357,1996.64770,1995.54167,1995.89499,100,20.0
2024.01.01 13:30,1996.66952,1996.86066,1996.39527,1996.54900,100,20.0
2024.01.01 13:45,1996.14177,1996.37609,1995.55818,1995.58782,100,20.0
2024.01.01 14:00,1995.84009,1996.56364,1995.62188,1996.45121,100,20.0
2024.01.01 14:15,1996.27095,1996.45348,1996.10338,1996.36918,100,20.0
2024.01.01 14:30,1995.50880,1996.43665,1994.62221,1995.93324,100,20.0
2024.01.01 14:45,1996.22160,1997.51036,1995.65823,1996.93577,100,20.0
2024.01.01 15:00,1996.04129,1996.90545,1995.29561,1995.77197,100,20.0
2024.01.01 15:15,1995.34922,1995.83522,1994.98111,1995.80277,100,20.0
2024.01.01 15:30,1995.70374,1996.08833,1994.92664,1995.39114,100,20.0
2024.01.01 15:45,1994.84924,1995.93389,1994.74891,1995.22084,100,20.0
2024.01.01 16:00,1995.92719,1996.32997,1995.59756,1995.88246,100,20.0
2024.01.01 16:15,1995.35676,1995.41991,1994.27408,1994.65881,100,20.0
2024.01.01 16:30,1994.41108,1994.99918,1994.06228,1994.79401,100,20.0
2024.01.01 16:45,1993.92093,1993.92220,1993.65799,1993.73691,100,20.0
2024.01.01 17:00,1994.56470,1994.87601,1994.02905,1994.54572,100,20.0
2024.01.01 17:15,1995.01808,1995.30431,1994.83801,1994.88544,100,20.0
2024.01.01 17:30,1994.64874,1995.16336,1994.22078,1994.99016,100,20.0
2024.01.01 17:45,1995.93657,1996.67444,1995.92939,1996.62199,100,20.0
2024.01.01 18:00,1996.96366,1997.20095,1996.83055,1996.94420,100,20.0
2024.01.01 18:15,1997.42951,1998.21154,1997.12998,1997.75000,100,20.0
2024.01.01 18:30,1997.26758,1997.67444,1997.07382,1997.42132,100,20.0
2024.01.01 18:45,1997.17800,1997.81305,1996.26815,1996.39182,100,20.0
2024.01.01 19:00,1995.73463,1996.52125,1994.95938,1995.94009,100,20.0
2024.01.01 19:15,1995.87141,1996.12213,1994.55738,1994.88744,100,20.0
2024.01.01 19:30,1995.52289,1996.16648,1995.25056,1996.00318,100,20.0
2024.01.01 19:45,1995.54546,1996.27679,1995.39278,1996.17177,100,20.0
2024.01.01 20:00,1997.18959,1998.11083,1996.55044,1996.68705,100,20.0
2024.01.01 20:15,1996.41442,1997.12628,1995.33209,1997.11238,100,20.0
2024.01.01 20:30,1997.11545,1997.25179,1996.33785,1997.06432,100,20.0
2024.01.01 20:45,1997.75639,1997.82904,1996.22171,1996.75704,100,20.0
2024.01.01 21:00,1997.29193,1997.90830,1996.74531,1996.77561,100,20.0
2024.01.01 21:15,1996.73379,1996.84038,1996.08472,1996.51569,100,20.0
2024.01.01 21:30,1996.55384,1996.92219,1996.49988,1996.71157,100,20.0
2024.01.01 21:45,1995.81454,1996.05869,1995.68298,1995.83529,100,20.0
2024.01.01 22:00,1995.59101,1995.70177,1995.43581,1995.48330,100,20.0
2024.01.01 22:15,1995.65062,1995.88822,1994.77848,1995.20696,100,20.0
2024.01.01 22:30,1994.36257,1994.44611,1994.15194,1994.33000,100,20.0
2024.01.01 22:45,1994.43076,1995.00710,1994.24522,1994.33164,100,20.0
2024.01.01 23:00,1992.95214,1994.25437,1992.76123,1993.73781,100,20.0
2024.01.01 23:15,1994.32895,1994.33203,1993.96972,1994.25132,100,20.0
2024.01.01 23:30,1993.97480,1994.75539,1993.86407,1994.02773,100,20.0
2024.01.01 23:45,1994.25806,1994.31834,1993.58573,1993.69909,100,20.0
2024.01.02 00:00,1993.64052,1994.51086,1993.52133,1994.23528,100,20.0
2024.01.02 00:15,1994.33186,1994.93281,1994.06744,1994.92715,100,20.0
2024.01.02 00:30,1995.18063,1995.41528,1995.01257,1995.26116,100,20.0
2024.01.02 00:45,1995.88119,1996.19092,1995.79647,1996.00642,100,20.0
2024.01.02 01:00,1996.56944,1996.84919,1996.18721,1996.22975,100,20.0
2024.01.02 01:15,1996.58441,1996.91977,1996.48155,1996.62375,100,20.0
2024.01.02 01:30,1996.25817,1996.28408,1995.74358,1996.13912,100,20.0
2024.01.02 01:45,1996.01503,1996.24770,1995.62747,1995.63493,100,20.0
2024.01.02 02:00,1994.61985,1995.62838,1993.60912,1995.18759,100,20.0
2024.01.02 02:15,1996.42355,1996.65604,1995.52794,1996.16706,100,20.0
2024.01.02 02:30,1996.76258,1997.70601,1996.67100,1997.60865,100,20.0
2024.01.02 02:45,1997.82958,1998.16248,1997.42790,1997.84239,100,20.0
2024.01.02 03:00,1996.88435,1997.19028,1996.41403,1996.46058,100,20.0
2024.01.02 03:15,1995.71588,1995.90228,1994.91854,1995.21825,100,20.0
2024.01.02 03:30,1993.84480,1994.45570,1993.72290,1994.20555,100,20.0
2024.01.02 03:45,1995.00824,1996.23502,1994.51402,1995.59265,100,20.0
2024.01.02 04:00,1995.66793,1995.77754,1995.17719,1995.46773,100,20.0
2024.01.02 04:15,1995.71245,1995.82758,1994.62539,1995.54962,100,20.0
2024.01.02 04:30,1995.84665,1996.75815,1995.77881,1996.22387,100,20.0
2024.01.02 04:45,1996.92157,1997.86660,1996.23934,1997.49328,100,20.0
2024.01.02 05:00,1996.88914,1997.76615,1996.65359,1997.28051,100,20.0
2024.01.02 05:15,1996.66456,1997.24721,1996.59042,1996.69875,100,20.0
2024.01.02 05:30,1996.84321,1997.50002,1996.58112,1996.67041,100,20.0
2024.01.02 05:45,1997.27407,1997.60383,1996.47518,1996.73982,100,20.0
2024.01.02 06:00,1995.78725,1996.57115,1995.78453,1996.51790,100,20.0
2024.01.02 06:15,1996.68576,1997.18573,1996.44138,1996.55335,100,20.0
2024.01.02 06:30,1995.94544,1996.69816,1995.75494,1996.53348,100,20.0
2024.01.02 06:45,1996.24510,1996.37924,1995.01789,1995.58562,100,20.0
2024.01.02 07:00,1995.55908,1996.69170,1995.45921,1996.36073,100,20.0
2024.01.02 07:15,1997.06884,1997.80566,1996.34002,1997.36894,100,20.0
2024.01.02 07:30,1997.45259,1997.89461,1996.87507,1997.26682,100,20.0
2024.01.02 07:45,1997.20941,1997.35309,1996.00582,1996.23556,100,20.0
2024.01.02 08:00,1995.65361,1997.19255,1995.18428,1996.37396,100,20.0
2024.01.02 08:15,1996.46905,1996.91327,1996.13272,1996.30386,100,20.0
2024.01.02 08:30,1996.38364,1996.55676,1995.92554,1996.03280,100,20.0
2024.01.02 08:45,1996.15090,1996.44706,1994.87597,1995.22835,100,20.0
2024.01.02 09:00,1995.45686,1995.82224,1994.84026,1995.22371,100,20.0
2024.01.02 09:15,1995.41288,1996.14277,1995.34460,1995.85395,100,20.0
2024.01.02 09:30,1996.51276,1996.82378,1995.44227,1995.75005,100,20.0
2024.01.02 09:45,1996.04925,1996.05504,1995.64760,1995.87655,100,20.0
2024.01.02 10:00,1995.11849,1995.64225,1995.01627,1995.62527,100,20.0
2024.01.02 10:15,1995.69108,1996.55128,1995.58782,1995.99907,100,20.0
2024.01.02 10:30,1995.98955,1996.77486,1995.48532,1996.73710,100,20.0
2024.01.02 10:45,1996.82001,1996.92834,1996.53436,1996.63844,100,20.0
2024.01.02 11:00,1997.57941,1998.18164,1996.78921,1998.08672,100,20.0
2024.01.02 11:15,1998.08152,1998.62208,1998.05431,1998.15741,100,20.0
2024.01.02 11:30,1998.24817,1998.94303,1998.11029,1998.90693,100,20.0
2024.01.02 11:45,1998.18959,1998.44798,1998.05298,1998.16638,100,20.0
2024.01.02 12:00,1997.82105,1998.17942,1997.03827,1997.52375,100,20.0
2024.01.02 12:15,1998.58861,1998.81066,1997.83564,1998.25594,100,20.0
2024.01.02 12:30,1998.20068,1999.13074,1997.95549,1998.89525,100,20.0
2024.01.02 12:45,2000.09467,2000.57493,1999.86558,2000.23086,100,20.0
2024.01.02 13:00,2000.52531,2000.98235,2000.14455,2000.86249,100,20.0
2024.01.02 13:15,2000.42988,2000.52140,2000.12695,2000.17852,100,20.0
2024.01.02 13:30,2000.14530,2000.26772,1999.87411,2000.12098,100,20.0
2024.01.02 13:45,2000.48014,2001.19598,1999.37890,1999.48761,100,20.0
2024.01.02 14:00,1999.31764,1999.87496,1999.23026,1999.60179,100,20.0
2024.01.02 14:15,1999.60451,2000.11576,1999.53002,1999.82690,100,20.0
2024.01.02 14:30,1999.16043,1999.27186,1998.49841,1999.17949,100,20.0
2024.01.02 14:45,1998.09712,1998.27570,1997.75579,1998.12182,100,20.0
2024.01.02 15:00,1998.01414,1999.08809,1997.75191,1998.47719,100,20.0
2024.01.02 15:15,1998.60586,1999.88696,1998.59105,1999.17761,100,20.0
2024.01.02 15:30,1998.92794,1999.65356,1998.22747,1999.12241,100,20.0
2024.01.02 15:45,1999.97406,2000.32118,1999.42797,1999.92011,100,20.0
2024.01.02 16:00,1999.92031,2000.13245,1998.39457,1999.15720,100,20.0
2024.01.02 16:15,1999.16443,1999.38532,1998.51175,1998.98965,100,20.0
2024.01.02 16:30,1998.27007,1999.46563,1998.16129,1998.38616,100,20.0
2024.01.02 16:45,1998.29274,1998.32642,1997.89920,1998.03088,100,20.0
2024.01.02 17:00,1996.97869,1997.22298,1996.97812,1997.08645,100,20.0
2024.01.02 17:15,1996.68208,1996.97092,1996.18937,1996.32160,100,20.0
2024.01.02 17:30,1995.85719,1996.03678,1994.74157,1995.33966,100,20.0
2024.01.02 17:45,1994.84700,1995.24329,1992.78362,1993.99468,100,20.0
2024.01.02 18:00,1992.80850,1993.00315,1992.43302,1992.86063,100,20.0
2024.01.02 18:15,1992.46238,1992.74827,1992.44309,1992.66353,100,20.0
2024.01.02 18:30,1993.38362,1993.58417,1992.88478,1992.96409,100,20.0
2024.01.02 18:45,1993.54481,1993.98711,1993.41568,1993.91428,100,20.0
2024.01.02 19:00,1995.06983,1995.07060,1994.72617,1994.91045,100,20.0
2024.01.02 19:15,1994.93782,1995.48950,1994.30883,1995.39977,100,20.0
2024.01.02 19:30,1995.50777,1995.85059,1994.96110,1994.99288,100,20.0
2024.01.02 19:45,1995.10512,1995.35852,1994.23830,1994.87584,100,20.0
2024.01.02 20:00,1995.32427,1996.27462,1994.99690,1996.11198,100,20.0
2024.01.02 20:15,1995.82747,1996.55068,1995.65359,1996.55018,100,20.0
2024.01.02 20:30,1996.84896,1998.23268,1996.82358,1997.86837,100,20.0
2024.01.02 20:45,1998.21660,1998.89053,1997.90326,1998.71013,100,20.0
2024.01.02 21:00,1998.45248,1998.63912,1998.10979,1998.26782,100,20.0
2024.01.02 21:15,1998.35099,1999.31488,1998.30945,1999.01321,100,20.0
2024.01.02 21:30,1999.06931,1999.23615,1998.73909,1998.75866,100,20.0
2024.01.02 21:45,1998.45824,1999.82696,1998.16789,1999.24986,100,20.0
2024.01.02 22:00,1999.44026,1999.44831,1998.74286,1999.22978,100,20.0
2024.01.02 22:15,1999.87689,1999.90029,1999.68971,1999.84485,100,20.0
2024.01.02 22:30,1999.70826,2000.09938,1999.44426,1999.87550,100,20.0
2024.01.02 22:45,1999.82202,2000.51531,1999.53311,2000.05580,100,20.0
2024.01.02 23:00,1998.49885,1999.16287,1998.16239,1998.55218,100,20.0
2024.01.02 23:15,1998.08413,1998.23275,1997.87885,1998.16009,100,20.0
2024.01.02 23:30,1999.56142,1999.92401,1998.97053,1999.20118,100,20.0
2024.01.02 23:45,2000.12746,2000.56265,1999.92350,2000.33749,100,20.0
2024.01.03 00:00,2000.02030,2000.28983,1999.49867,2000.07862,100,20.0
2024.01.03 00:15,2000.79963,2001.74285,2000.69439,2001.44892,100,20.0
2024.01.03 00:30,2000.88802,2000.96200,1999.68524,2000.14902,100,20.0
2024.01.03 00:45,1999.88576,2000.41392,1999.16160,1999.16529,100,20.0
2024.01.03 01:00,1997.48226,1997.86699,1997.28931,1997.54997,100,20.0
2024.01.03 01:15,1997.48434,1997.52112,1995.58052,1996.31894,100,20.0
2024.01.03 01:30,1995.56989,1995.69112,1994.88946,1995.20024,100,20.0
2024.01.03 01:45,1994.62376,1995.55500,1994.55446,1995.00227,100,20.0
2024.01.03 02:00,1994.65862,1994.70507,1994.23943,1994.30972,100,20.0
2024.01.03 02:15,1993.80238,1993.80349,1992.81924,1993.35038,100,20.0
2024.01.03 02:30,1993.39686,1994.08537,1993.23994,1993.36496,100,20.0
2024.01.03 02:45,1992.72117,1993.82228,1991.97898,1993.58901,100,20.0
2024.01.03 03:00,1992.86547,1992.92534,1992.43145,1992.43480,100,20.0
2024.01.03 03:15,1991.80885,1992.24837,1991.74004,1992.05649,100,20.0
2024.01.03 03:30,1992.08858,1992.95810,1991.79544,1991.93669,100,20.0
2024.01.03 03:45,1992.28877,1992.89509,1992.27167,1992.76910,100,20.0
2024.01.03 04:00,1993.10501,1993.40570,1992.51751,1993.17407,100,20.0
2024.01.03 04:15,1992.98310,1993.62553,1992.42330,1992.88781,100,20.0
2024.01.03 04:30,1992.60307,1992.95908,1991.63220,1991.84810,100,20.0
2024.01.03 04:45,1991.60611,1991.74701,1991.57323,1991.61076,100,20.0
2024.01.03 05:00,1991.59304,1993.57637,1991.30505,1992.73561,100,20.0
2024.01.03 05:15,1991.17887,1991.86942,1990.96747,1991.26557,100,20.0
2024.01.03 05:30,1990.89722,1991.80393,1990.77711,1991.30652,100,20.0
2024.01.03 05:45,1991.34286,1991.88498,1991.17054,1991.64188,100,20.0
2024.01.03 06:00,1991.68154,1992.55247,1991.47162,1991.54430,100,20.0
2024.01.03 06:15,1991.91904,1992.61684,1991.88278,1992.48417,100,20.0
2024.01.03 06:30,1993.28725,1993.59580,1993.10423,1993.39148,100,20.0
2024.01.03 06:45,1993.28810,1993.37817,1992.42420,1992.64116,100,20.0
2024.01.03 07:00,1992.88453,1993.56325,1992.30857,1992.71032,100,20.0
2024.01.03 07:15,1992.40322,1994.06343,1992.07240,1993.51785,100,20.0
2024.01.03 07:30,1993.43255,1993.80250,1993.15345,1993.24391,100,20.0
2024.01.03 07:45,1992.88891,1994.06539,1992.50945,1993.49223,100,20.0
2024.01.03 08:00,1992.91308,1993.46118,1992.63859,1993.42147,100,20.0
2024.01.03 08:15,1993.74185,1993.81696,1993.17401,1993.20963,100,20.0
2024.01.03 08:30,1992.74724,1993.29670,1992.43992,1993.10827,100,20.0
2024.01.03 08:45,1992.26115,1992.70989,1992.03666,1992.41760,100,20.0
2024.01.03 09:00,1992.31503,1992.46330,1991.73870,1992.18781,100,20.0
2024.01.03 09:15,1992.75525,1992.99227,1992.72698,1992.73554,100,20.0
2024.01.03 09:30,1992.50338,1992.94892,1991.87668,1991.88221,100,20.0
2024.01.03 09:45,1991.80685,1993.02664,1991.60513,1992.57381,100,20.0
2024.01.03 10:00,1992.71200,1992.81692,1992.12392,1992.52367,100,20.0
2024.01.03 10:15,1992.67835,1993.17547,1992.50645,1992.76451,100,20.0
2024.01.03 10:30,1993.46109,1994.22842,1993.36615,1994.16220,100,20.0
2024.01.03 10:45,1994.44586,1995.26446,1994.20405,1994.85104,100,20.0
2024.01.03 11:00,1994.81882,1995.24852,1994.76229,1995.22823,100,20.0
2024.01.03 11:15,1995.91876,1996.53601,1995.68291,1996.39416,100,20.0
2024.01.03 11:30,1997.28335,1997.81552,1997.23720,1997.44824,100,20.0
2024.01.03 11:45,1997.04764,1997.14004,1996.63259,1996.88316,100,20.0
2024.01.03 12:00,1996.68219,1996.95931,1996.06168,1996.20038,100,20.0
2024.01.03 12:15,1996.04504,1996.61695,1995.94947,1996.38470,100,20.0
2024.01.03 12:30,1995.77530,1996.50192,1995.05990,1995.35595,100,20.0
2024.01.03 12:45,1995.64508,1996.28064,1995.34132,1996.14863,100,20.0
2024.01.03 13:00,1995.83025,1995.94689,1995.35864,1995.80982,100,20.0
2024.01.03 13:15,1995.89120,1996.22346,1995.53357,1996.21175,100,20.0
2024.01.03 13:30,1995.60591,1995.91743,1995.02080,1995.18641,100,20.0
2024.01.03 13:45,1996.34078,1997.01474,1995.72714,1996.44021,100,20.0
2024.01.03 14:00,1996.51932,1997.53929,1995.67390,1997.20448,100,20.0
2024.01.03 14:15,1997.37177,1997.38614,1996.89403,1996.96949,100,20.0
2024.01.03 14:30,1997.88215,1998.69463,1996.76616,1998.20604,100,20.0
2024.01.03 14:45,1998.09323,1998.61590,1997.62226,1997.98604,100,20.0
2024.01.03 15:00,1997.53078,1998.67988,1997.23499,1998.38926,100,20.0
2024.01.03 15:15,1997.81858,1997.95593,1996.67449,1996.94220,100,20.0
2024.01.03 15:30,1997.40229,1998.32763,1997.00119,1997.58748,100,20.0
2024.01.03 15:45,1998.36626,1998.49452,1998.32011,1998.48583,100,20.0
2024.01.03 16:00,1997.39995,1997.58322,1996.88008,1997.00294,100,20.0
2024.01.03 16:15,1996.93631,1997.08313,1996.10423,1996.21507,100,20.0
2024.01.03 16:30,1996.54649,1996.68232,1996.26268,1996.33930,100,20.0
2024.01.03 16:45,1995.38041,1995.75222,1994.64582,1995.69692,100,20.0
2024.01.03 17:00,1996.71841,1996.84267,1996.45831,1996.73439,100,20.0
2024.01.03 17:15,1996.53074,1996.98314,1995.22148,1995.99356,100,20.0
2024.01.03 17:30,1995.64014,1995.78486,1995.40596,1995.70610,100,20.0
2024.01.03 17:45,1995.03022,1995.71799,1994.75620,1994.84800,100,20.0
2024.01.03 18:00,1995.23635,1995.65910,1994.59148,1995.07846,100,20.0
2024.01.03 18:15,1995.65284,1996.33849,1995.16113,1995.80638,100,20.0
2024.01.03 18:30,1996.52281,1996.70551,1995.35916,1996.02797,100,20.0
2024.01.03 18:45,1996.24543,1996.43906,1995.73581,1996.42335,100,20.0
2024.01.03 19:00,1996.11065,1996.36741,1996.07189,1996.26898,100,20.0
2024.01.03 19:15,1996.64738,1996.79046,1995.95469,1996.55676,100,20.0
2024.01.03 19:30,1996.55697,1997.19401,1996.33732,1996.78514,100,20.0
2024.01.03 19:45,1996.87022,1996.97845,1995.35718,1995.93124,100,20.0
2024.01.03 20:00,1996.10918,1996.20373,1995.84414,1996.14988,100,20.0
2024.01.03 20:15,1995.91104,1996.67198,1995.74011,1996.20887,100,20.0
2024.01.03 20:30,1996.29466,1997.11147,1995.61043,1996.64275,100,20.0
2024.01.03 20:45,1996.90710,1997.22699,1996.84451,1996.87374,100,20.0
2024.01.03 21:00,1997.44147,1998.17393,1997.07898,1997.50628,100,20.0
2024.01.03 21:15,1996.83481,1997.60839,1996.37954,1997.53173,100,20.0
2024.01.03 21:30,1997.19739,1997.60305,1996.77470,1996.87836,100,20.0
2024.01.03 21:45,1995.71492,1996.31130,1994.97715,1996.08511,100,20.0
2024.01.03 22:00,1995.89575,1996.05551,1995.57417,1995.71369,100,20.0
2024.01.03 22:15,1995.01305,1995.10764,1994.40648,1994.64101,100,20.0
2024.01.03 22:30,1995.24886,1995.33654,1994.34833,1995.06220,100,20.0
2024.01.03 22:45,1994.81232,1995.89865,1994.57068,1995.60617,100,20.0
2024.01.03 23:00,1994.89522,1995.04408,1993.74997,1994.26717,100,20.0
2024.01.03 23:15,1993.74356,1994.05427,1993.40693,1993.68175,100,20.0
2024.01.03 23:30,1992.42780,1993.34114,1991.20780,1991.73111,100,20.0
2024.01.03 23:45,1991.91409,1991.95514,1991.32261,1991.43153,100,20.0
2024.01.04 00:00,1991.94659,1992.41107,1991.45607,1991.47911,100,20.0
2024.01.04 00:15,1991.02035,1991.44359,1990.66833,1990.67663,100,20.0
2024.01.04 00:30,1991.23675,1991.26798,1990.91752,1991.11115,100,20.0
2024.01.04 00:45,1991.39581,1992.31558,1991.09422,1991.85183,100,20.0
2024.01.04 01:00,1991.14638,1992.13578,1990.77800,1991.83455,100,20.0
2024.01.04 01:15,1992.60609,1993.22441,1992.47778,1992.58375,100,20.0
2024.01.04 01:30,1992.35189,1992.93493,1992.17214,1992.66086,100,20.0
2024.01.04 01:45,1992.74550,1993.18839,1992.03222,1992.33012,100,20.0
2024.01.04 02:00,1992.32335,1992.86416,1991.93407,1992.50671,100,20.0
2024.01.04 02:15,1992.73744,1993.71295,1992.72146,1993.13721,100,20.0
2024.01.04 02:30,1993.00481,1993.24757,1992.94772,1993.19198,100,20.0
2024.01.04 02:45,1992.21425,1992.61619,1991.91213,1992.10634,100,20.0
2024.01.04 03:00,1991.79951,1992.50788,1991.78076,1992.06673,100,20.0
2024.01.04 03:15,1991.31381,1991.47585,1990.81464,1991.09895,100,20.0
2024.01.04 03:30,1990.66831,1991.24640,1989.94504,1990.42577,100,20.0
2024.01.04 03:45,1989.56832,1990.39724,1989.02323,1990.14608,100,20.0
2024.01.04 04:00,1990.71886,1990.73059,1989.47831,1989.99523,100,20.0
2024.01.04 04:15,1990.95364,1990.99672,1989.65069,1990.10796,100,20.0
2024.01.04 04:30,1990.11329,1990.41742,1989.85051,1989.98620,100,20.0
2024.01.04 04:45,1990.62575,1990.90577,1990.55495,1990.78198,100,20.0
2024.01.04 05:00,1990.42753,1990.95450,1990.30413,1990.88101,100,20.0
2024.01.04 05:15,1990.15249,1992.04133,1989.96231,1991.86123,100,20.0
2024.01.04 05:30,1992.13314,1993.32750,1991.61726,1992.91552,100,20.0
2024.01.04 05:45,1993.19560,1993.93080,1993.00069,1993.18305,100,20.0
2024.01.04 06:00,1993.23597,1993.96440,1992.96437,1993.39100,100,20.0
2024.01.04 06:15,1993.81888,1994.07459,1993.39787,1993.89181,100,20.0
2024.01.04 06:30,1994.10473,1995.68705,1994.01210,1995.03035,100,20.0
2024.01.04 06:45,1994.78630,1995.12084,1994.65267,1994.94586,100,20.0
2024.01.04 07:00,1994.93686,1994.97955,1994.31504,1994.61165,100,20.0
2024.01.04 07:15,1995.19676,1996.16160,1994.88688,1995.93187,100,20.0
2024.01.04 07:30,1995.25421,1996.33858,1995.20911,1995.89054,100,20.0
2024.01.04 07:45,1995.41762,1995.82295,1995.23989,1995.65379,100,20.0
2024.01.04 08:00,1995.66103,1996.21369,1995.02984,1995.30752,100,20.0
2024.01.04 08:15,1994.90610,1995.18582,1993.75716,1994.38929,100,20.0
2024.01.04 08:30,1994.00955,1994.19400,1993.51767,1993.67100,100,20.0
2024.01.04 08:45,1993.78353,1994.25783,1992.83099,1993.15145,100,20.0
2024.01.04 09:00,1992.03481,1992.40039,1990.99695,1991.78894,100,20.0
2024.01.04 09:15,1992.24228,1992.41635,1991.32886,1991.67761,100,20.0
2024.01.04 09:30,1991.55006,1991.65854,1990.44869,1990.64590,100,20.0
2024.01.04 09:45,1990.56477,1991.68331,1990.02950,1991.26978,100,20.0
2024.01.04 10:00,1990.07660,1990.82644,1989.91489,1989.99739,100,20.0
2024.01.04 10:15,1990.17560,1990.20523,1989.61118,1990.05049,100,20.0
2024.01.04 10:30,1990.59084,1991.29709,1990.02238,1991.04274,100,20.0
2024.01.04 10:45,1990.06296,1990.28996,1989.44436,1989.59303,100,20.0
2024.01.04 11:00,1989.34814,1989.66965,1988.49389,1988.75401,100,20.0
2024.01.04 11:15,1988.30866,1989.61018,1988.10207,1988.69557,100,20.0
2024.01.04 11:30,1986.89968,1987.08085,1985.77366,1986.08577,100,20.0
2024.01.04 11:45,1986.25993,1986.53835,1985.43058,1986.16144,100,20.0
2024.01.04 12:00,1986.11031,1986.34827,1986.00288,1986.20735,100,20.0
2024.01.04 12:15,1986.36296,1987.19271,1986.31943,1987.01422,100,20.0
2024.01.04 12:30,1987.54397,1987.55310,1986.66296,1986.92472,100,20.0
2024.01.04 12:45,1987.15675,1987.18777,1986.38988,1986.45747,100,20.0
2024.01.04 13:00,1987.25580,1987.74754,1986.73640,1987.53722,100,20.0
2024.01.04 13:15,1987.83766,1988.13978,1986.97380,1987.19590,100,20.0
2024.01.04 13:30,1987.02423,1987.41009,1986.82876,1987.40069,100,20.0
2024.01.04 13:45,1988.43631,1988.51735,1987.73767,1987.91666,100,20.0
2024.01.04 14:00,1988.16726,1988.34804,1987.06409,1987.50329,100,20.0
2024.01.04 14:15,1986.90458,1987.08441,1986.40194,1986.52855,100,20.0
2024.01.04 14:30,1986.19901,1986.75693,1986.13919,1986.40856,100,20.0
2024.01.04 14:45,1986.91836,1987.06591,1986.03166,1986.39044,100,20.0
2024.01.04 15:00,1987.02995,1987.33566,1986.79259,1987.27167,100,20.0
2024.01.04 15:15,1987.71932,1987.94671,1987.61352,1987.89633,100,20.0
2024.01.04 15:30,1988.06441,1988.35319,1987.37983,1987.46273,100,20.0
2024.01.04 15:45,1987.30935,1987.56289,1986.94597,1987.41565,100,20.0
2024.01.04 16:00,1987.02296,1987.38954,1986.07039,1986.69671,100,20.0
2024.01.04 16:15,1986.56758,1987.64638,1986.43170,1987.14936,100,20.0
2024.01.04 16:30,1987.44575,1987.68310,1986.98542,1987.06810,100,20.0
2024.01.04 16:45,1986.86744,1987.34044,1986.84143,1987.29413,100,20.0
2024.01.04 17:00,1988.07419,1988.79912,1987.28393,1988.48167,100,20.0
2024.01.04 17:15,1987.98973,1988.55803,1987.80692,1988.46891,100,20.0
2024.01.04 17:30,1989.03094,1989.54838,1988.85419,1989.41095,100,20.0
2024.01.04 17:45,1990.23352,1990.88799,1989.88867,1990.69553,100,20.0
2024.01.04 18:00,1990.86428,1991.03064,1990.56113,1990.75082,100,20.0
2024.01.04 18:15,1990.35895,1991.02859,1989.90628,1991.00426,100,20.0
2024.01.04 18:30,1991.36702,1991.58717,1991.33162,1991.53566,100,20.0
2024.01.04 18:45,1991.22653,1991.23122,1991.18142,1991.22854,100,20.0
2024.01.04 19:00,1992.27314,1992.53154,1992.03039,1992.04633,100,20.0
2024.01.04 19:15,1991.91901,1992.31145,1990.63910,1991.10699,100,20.0
2024.01.04 19:30,1990.60842,1991.10973,1989.65836,1990.47339,100,20.0
2024.01.04 19:45,1991.21560,1991.86844,1990.91273,1991.47931,100,20.0
2024.01.04 20:00,1990.65613,1991.32134,1990.37201,1990.99080,100,20.0
2024.01.04 20:15,1991.92999,1992.34620,1991.83869,1992.26710,100,20.0
2024.01.04 20:30,1992.01692,1992.06610,1991.32643,1991.53307,100,20.0
2024.01.04 20:45,1991.06256,1991.53272,1990.39271,1990.91130,100,20.0
2024.01.04 21:00,1991.19802,1992.10277,1990.94248,1991.19701,100,20.0
2024.01.04 21:15,1991.08030,1991.39268,1990.67385,1991.02636,100,20.0
2024.01.04 21:30,1991.12005,1991.76512,1991.03754,1991.59510,100,20.0
2024.01.04 21:45,1992.55250,1993.13403,1992.39639,1992.72895,100,20.0
2024.01.04 22:00,1993.32598,1993.59290,1993.13229,1993.57526,100,20.0
2024.01.04 22:15,1993.20245,1993.23583,1992.71860,1992.94585,100,20.0
2024.01.04 22:30,1993.84145,1994.32072,1992.71111,1993.02056,100,20.0
2024.01.04 22:45,1992.11439,1992.29881,1991.78492,1992.24296,100,20.0
2024.01.04 23:00,1991.13677,1991.21081,1989.88067,1990.23575,100,20.0
2024.01.04 23:15,1989.85999,1990.27494,1989.59760,1990.16839,100,20.0
2024.01.04 23:30,1989.64235,1990.85242,1989.36730,1990.12038,100,20.0
2024.01.04 23:45,1990.52652,1990.87901,1990.21056,1990.80051,100,20.0
2024.01.05 00:00,1989.87630,1990.27790,1988.63880,1989.08756,100,20.0
2024.01.05 00:15,1988.40740,1989.25516,1988.30951,1988.77232,100,20.0
2024.01.05 00:30,1988.42825,1988.70682,1987.82286,1988.25840,100,20.0
2024.01.05 00:45,1987.90676,1988.68025,1987.16658,1987.21458,100,20.0
2024.01.05 01:00,1986.73820,1987.37266,1985.75112,1986.28647,100,20.0
2024.01.05 01:15,1985.78044,1986.05263,1985.40463,1985.71507,100,20.0
2024.01.05 01:30,1984.34052,1984.56656,1983.97033,1984.27040,100,20.0
2024.01.05 01:45,1983.91336,1984.26254,1983.58053,1983.75713,100,20.0
2024.01.05 02:00,1983.02638,1983.42485,1982.91707,1983.35436,100,20.0
2024.01.05 02:15,1983.72231,1984.08102,1983.04694,1983.18080,100,20.0
2024.01.05 02:30,1983.54811,1983.69418,1982.56151,1982.91485,100,20.0
2024.01.05 02:45,1982.57617,1983.30297,1982.37459,1982.51418,100,20.0
2024.01.05 03:00,1983.25896,1983.29693,1981.48630,1982.76647,100,20.0
2024.01.05 03:15,1982.69250,1982.79210,1981.65162,1982.08127,100,20.0
2024.01.05 03:30,1982.36528,1982.88708,1982.11688,1982.32740,100,20.0
2024.01.05 03:45,1983.14103,1983.28381,1982.95422,1983.06216,100,20.0
2024.01.05 04:00,1983.61952,1983.66774,1982.15668,1982.44614,100,20.0
2024.01.05 04:15,1981.69650,1982.20446,1980.15646,1980.47669,100,20.0
2024.01.05 04:30,1980.85689,1981.30366,1980.16314,1981.26420,100,20.0
2024.01.05 04:45,1981.72360,1981.86526,1981.23079,1981.25223,100,20.0
2024.01.05 05:00,1980.89307,1981.48964,1980.72976,1981.20841,100,20.0
2024.01.05 05:15,1981.70813,1981.86289,1981.50230,1981.69201,100,20.0
2024.01.05 05:30,1981.81486,1983.52464,1981.42032,1982.60285,100,20.0
2024.01.05 05:45,1982.97791,1983.44480,1982.25056,1983.27426,100,20.0
2024.01.05 06:00,1982.81455,1983.67492,1982.60533,1983.59590,100,20.0
2024.01.05 06:15,1983.59708,1983.86522,1982.90331,1983.73601,100,20.0
2024.01.05 06:30,1982.72344,1982.91088,1982.42678,1982.53938,100,20.0
2024.01.05 06:45,1981.59481,1981.93966,1981.28858,1981.33710,100,20.0
2024.01.05 07:00,1980.95077,1981.11054,1980.64924,1980.93173,100,20.0
2024.01.05 07:15,1980.83960,1981.43333,1980.15212,1981.10512,100,20.0
2024.01.05 07:30,1981.14245,1981.67546,1980.80368,1981.34781,100,20.0
2024.01.05 07:45,1981.09734,1981.69673,1980.67681,1981.59094,100,20.0
2024.01.05 08:00,1981.02040,1981.33035,1980.77537,1980.99233,100,20.0
2024.01.05 08:15,1980.91926,1981.73509,1980.31125,1980.65477,100,20.0
2024.01.05 08:30,1980.97046,1981.12882,1980.12792,1980.42835,100,20.0
2024.01.05 08:45,1979.95070,1979.99128,1979.21871,1979.59091,100,20.0
2024.01.05 09:00,1979.05098,1979.08644,1978.44999,1978.52397,100,20.0
2024.01.05 09:15,1978.78691,1979.22941,1978.37334,1978.70718,100,20.0
2024.01.05 09:30,1978.05327,1978.15802,1977.90908,1978.01270,100,20.0
2024.01.05 09:45,1976.93486,1977.74753,1976.78811,1977.50321,100,20.0
2024.01.05 10:00,1977.97587,1978.59383,1977.81797,1978.32621,100,20.0
2024.01.05 10:15,1977.20243,1978.67798,1977.02130,1978.15984,100,20.0
2024.01.05 10:30,1978.01121,1978.22248,1977.77385,1978.09786,100,20.0
2024.01.05 10:45,1977.64940,1978.72511,1977.47694,1978.17511,100,20.0
2024.01.05 11:00,1977.91829,1977.97886,1977.58672,1977.73136,100,20.0
2024.01.05 11:15,1978.91038,1979.38906,1978.59630,1978.95162,100,20.0
2024.01.05 11:30,1977.38245,1978.16803,1977.16444,1977.60955,100,20.0
2024.01.05 11:45,1977.30152,1977.34351,1976.52815,1977.04128,100,20.0
2024.01.05 12:00,1976.84443,1977.62126,1976.64364,1976.98085,100,20.0
2024.01.05 12:15,1976.68874,1976.77424,1976.21141,1976.28930,100,20.0
2024.01.05 12:30,1976.36691,1977.08696,1975.89694,1976.11297,100,20.0
2024.01.05 12:45,1976.38798,1977.12060,1975.64067,1976.75004,100,20.0
2024.01.05 13:00,1977.17971,1977.89404,1977.01122,1977.58741,100,20.0
2024.01.05 13:15,1977.02837,1977.31182,1976.71053,1976.94028,100,20.0
2024.01.05 13:30,1976.65323,1977.05521,1975.77652,1975.99318,100,20.0
2024.01.05 13:45,1974.26466,1974.66886,1973.85166,1973.85959,100,20.0
2024.01.05 14:00,1973.74740,1974.13025,1973.61129,1973.82432,100,20.0
2024.01.05 14:15,1973.59235,1974.20647,1973.29521,1973.87071,100,20.0
2024.01.05 14:30,1974.20027,1975.38201,1974.02980,1975.03602,100,20.0
2024.01.05 14:45,1973.73081,1974.58033,1973.05229,1974.39847,100,20.0
2024.01.05 15:00,1974.48921,1974.58739,1973.78233,1973.84121,100,20.0
2024.01.05 15:15,1974.10929,1974.51551,1973.88019,1974.10234,100,20.0
2024.01.05 15:30,1973.50399,1973.81672,1972.86591,1973.77067,100,20.0
2024.01.05 15:45,1973.20167,1973.29249,1972.69835,1972.80378,100,20.0
2024.01.05 16:00,1972.47425,1972.84467,1971.11085,1971.92232,100,20.0
2024.01.05 16:15,1971.93131,1971.93583,1971.10409,1971.16849,100,20.0
2024.01.05 16:30,1971.76984,1971.94150,1971.06943,1971.35169,100,20.0
2024.01.05 16:45,1971.31502,1972.23840,1971.12424,1971.94847,100,20.0
2024.01.05 17:00,1970.35817,1970.79118,1969.83801,1970.38397,100,20.0
2024.01.05 17:15,1970.68682,1971.32363,1969.86501,1970.25008,100,20.0
2024.01.05 17:30,1970.58348,1971.87194,1970.01190,1971.77344,100,20.0
2024.01.05 17:45,1971.58627,1971.85493,1971.28330,1971.40401,100,20.0
2024.01.05 18:00,1970.82638,1970.89924,1970.29544,1970.48601,100,20.0
2024.01.05 18:15,1970.53569,1970.71780,1970.21518,1970.47423,100,20.0
2024.01.05 18:30,1970.14362,1970.45306,1969.01958,1969.29297,100,20.0
2024.01.05 18:45,1968.99272,1969.92258,1968.64952,1969.41862,100,20.0
2024.01.05 19:00,1968.79651,1969.21170,1967.31880,1968.03931,100,20.0
2024.01.05 19:15,1967.39557,1967.45016,1966.81588,1967.31807,100,20.0
2024.01.05 19:30,1967.00061,1968.29193,1966.17348,1968.09935,100,20.0
2024.01.05 19:45,1968.44566,1968.56495,1967.35944,1968.13596,100,20.0
2024.01.05 20:00,1967.99572,1968.72496,1967.99153,1968.09205,100,20.0
2024.01.05 20:15,1968.06509,1968.44225,1967.54686,1968.19657,100,20.0
2024.01.05 20:30,1967.85386,1968.40647,1967.55074,1968.14040,100,20.0
2024.01.05 20:45,1966.94649,1967.32358,1966.88863,1967.15459,100,20.0
2024.01.05 21:00,1967.09444,1967.77012,1966.90611,1967.72225,100,20.0
2024.01.05 21:15,1968.06847,1968.41678,1967.15616,1967.47915,100,20.0
2024.01.05 21:30,1967.80009,1967.93290,1967.53545,1967.55842,100,20.0
2024.01.05 21:45,1966.62524,1966.62560,1966.19202,1966.20699,100,20.0
2024.01.05 22:00,1966.17576,1966.42108,1966.15052,1966.19336,100,20.0
2024.01.05 22:15,1965.36015,1965.57083,1964.66158,1965.07802,100,20.0
2024.01.05 22:30,1965.25929,1965.39214,1964.49346,1965.26559,100,20.0
2024.01.05 22:45,1966.45647,1967.09527,1965.47837,1966.21958,100,20.0
2024.01.05 23:00,1966.77267,1967.69630,1966.70003,1967.41789,100,20.0
2024.01.05 23:15,1966.87673,1967.63156,1966.08735,1967.39216,100,20.0
2024.01.05 23:30,1966.13856,1966.14287,1965.69374,1965.72930,100,20.0
2024.01.05 23:45,1965.08249,1965.36044,1964.75282,1964.96817,100,20.0
2024.01.06 00:00,1965.01441,1965.89813,1964.85372,1965.78763,100,20.0
2024.01.06 00:15,1965.70013,1965.76980,1964.65425,1965.01252,100,20.0
2024.01.06 00:30,1966.11091,1966.45756,1965.58643,1965.83914,100,20.0
2024.01.06 00:45,1964.34047,1964.52540,1963.96788,1964.11411,100,20.0
2024.01.06 01:00,1964.19409,1964.61714,1964.02731,1964.16252,100,20.0
2024.01.06 01:15,1963.51953,1964.21146,1962.65742,1963.23455,100,20.0
2024.01.06 01:30,1963.66891,1964.55411,1962.89524,1964.40297,100,20.0
2024.01.06 01:45,1964.49822,1965.20173,1963.45941,1963.84606,100,20.0
2024.01.06 02:00,1964.04939,1964.61416,1963.93027,1964.02166,100,20.0
2024.01.06 02:15,1964.67078,1964.82746,1964.35827,1964.50513,100,20.0
2024.01.06 02:30,1964.15263,1965.75379,1964.12146,1965.18057,100,20.0
2024.01.06 02:45,1965.11582,1965.45762,1964.27647,1964.67941,100,20.0
2024.01.06 03:00,1963.73285,1964.16746,1963.59312,1963.63765,100,20.0
2024.01.06 03:15,1964.25110,1964.63963,1963.87582,1963.96723,100,20.0
2024.01.06 03:30,1963.15176,1964.04855,1963.00126,1963.83953,100,20.0
2024.01.06 03:45,1963.03966,1963.10161,1962.53911,1962.95177,100,20.0
2024.01.06 04:00,1964.00443,1964.22975,1963.91794,1964.20569,100,20.0
2024.01.06 04:15,1963.81734,1963.95425,1963.61604,1963.64165,100,20.0
2024.01.06 04:30,1962.87959,1963.65601,1962.60771,1963.38420,100,20.0
2024.01.06 04:45,1963.73982,1964.02001,1963.55250,1963.69855,100,20.0
2024.01.06 05:00,1963.83569,1964.07922,1963.00759,1963.13033,100,20.0
2024.01.06 05:15,1963.81658,1964.14212,1963.74821,1963.89874,100,20.0
2024.01.06 05:30,1963.37453,1963.49542,1963.02507,1963.41763,100,20.0
2024.01.06 05:45,1964.09326,1964.53376,1963.57440,1964.44577,100,20.0
2024.01.06 06:00,1964.47975,1964.61594,1963.88005,1964.28554,100,20.0
2024.01.06 06:15,1963.55422,1963.96997,1962.89478,1962.91278,100,20.0
2024.01.06 06:30,1963.26424,1963.76167,1962.89778,1962.91732,100,20.0
2024.01.06 06:45,1963.26237,1963.44263,1962.74841,1963.22584,100,20.0
2024.01.06 07:00,1962.98848,1963.00463,1962.27194,1962.58165,100,20.0
2024.01.06 07:15,1962.29235,1962.92535,1961.80312,1962.89730,100,20.0
2024.01.06 07:30,1963.05324,1963.98499,1962.61485,1963.51109,100,20.0
2024.01.06 07:45,1963.70640,1963.75270,1963.21048,1963.28274,100,20.0
2024.01.06 08:00,1963.16624,1963.45856,1962.79683,1962.88292,100,20.0
2024.01.06 08:15,1962.98272,1963.48448,1961.54431,1961.98504,100,20.0
2024.01.06 08:30,1961.37818,1961.82239,1960.86198,1961.10691,100,20.0
2024.01.06 08:45,1960.46836,1960.77029,1960.07354,1960.47768,100,20.0
2024.01.06 09:00,1960.13673,1960.39608,1959.51694,1960.21317,100,20.0
2024.01.06 09:15,1959.43564,1959.76375,1958.52410,1959.57179,100,20.0
2024.01.06 09:30,1959.35853,1959.77455,1958.38864,1958.90606,100,20.0
2024.01.06 09:45,1959.17355,1959.35547,1957.97749,1958.24138,100,20.0
2024.01.06 10:00,1958.38514,1958.72430,1957.43419,1957.74266,100,20.0
2024.01.06 10:15,1957.34141,1957.62378,1957.22701,1957.38844,100,20.0
2024.01.06 10:30,1957.02720,1957.16024,1956.28646,1956.56111,100,20.0
2024.01.06 10:45,1956.75057,1957.16197,1956.48112,1956.98068,100,20.0
2024.01.06 11:00,1958.10402,1958.43816,1957.42805,1958.25464,100,20.0
2024.01.06 11:15,1958.47718,1958.57057,1957.56237,1958.16765,100,20.0
2024.01.06 11:30,1958.19464,1958.34879,1957.65858,1957.90263,100,20.0
2024.01.06 11:45,1957.83261,1958.57171,1957.67040,1958.38907,100,20.0
2024.01.06 12:00,1958.87762,1959.10611,1958.84683,1958.95346,100,20.0
2024.01.06 12:15,1958.59954,1958.95773,1957.82366,1958.39050,100,20.0
2024.01.06 12:30,1959.55405,1959.78380,1959.21403,1959.24878,100,20.0
2024.01.06 12:45,1959.71712,1960.16465,1959.00585,1959.33535,100,20.0
2024.01.06 13:00,1959.37712,1960.16105,1959.28008,1960.14980,100,20.0
2024.01.06 13:15,1960.63206,1961.68164,1960.62797,1961.55101,100,20.0
2024.01.06 13:30,1960.68960,1960.72956,1959.71463,1960.27527,100,20.0
2024.01.06 13:45,1959.00703,1959.11912,1958.71868,1958.74057,100,20.0
2024.01.06 14:00,1957.21340,1957.24859,1956.27974,1956.73741,100,20.0
2024.01.06 14:15,1957.46735,1957.80862,1956.42556,1956.64927,100,20.0
2024.01.06 14:30,1956.25261,1956.95850,1956.07359,1956.86514,100,20.0
2024.01.06 14:45,1956.69887,1957.20830,1956.11876,1957.04897,100,20.0
2024.01.06 15:00,1956.59471,1957.62232,1956.41054,1957.27720,100,20.0
2024.01.06 15:15,1956.70647,1956.99858,1956.49065,1956.94530,100,20.0
2024.01.06 15:30,1956.43227,1956.45049,1955.89726,1956.00680,100,20.0
2024.01.06 15:45,1956.76832,1957.11400,1956.10121,1956.31992,100,20.0
2024.01.06 16:00,1955.64961,1955.85743,1955.24956,1955.26311,100,20.0
2024.01.06 16:15,1954.11313,1955.25302,1954.01336,1954.89505,100,20.0
2024.01.06 16:30,1955.47696,1956.70354,1955.28378,1956.39458,100,20.0
2024.01.06 16:45,1955.50367,1955.91799,1955.04222,1955.23546,100,20.0
2024.01.06 17:00,1953.84245,1955.59578,1953.71699,1954.79025,100,20.0
2024.01.06 17:15,1954.84411,1955.44546,1954.78802,1955.25553,100,20.0
2024.01.06 17:30,1956.75638,1957.40311,1956.51662,1957.20534,100,20.0
2024.01.06 17:45,1957.47723,1957.90543,1956.88932,1957.64576,100,20.0
2024.01.06 18:00,1956.19727,1956.35989,1955.08479,1955.57815,100,20.0
2024.01.06 18:15,1956.86255,1957.05541,1955.58886,1955.64235,100,20.0
2024.01.06 18:30,1955.80003,1955.99715,1955.50748,1955.93640,100,20.0
2024.01.06 18:45,1956.55368,1956.64429,1955.92026,1956.05311,100,20.0
2024.01.06 19:00,1956.66160,1956.97529,1955.65699,1956.80365,100,20.0
2024.01.06 19:15,1956.26270,1956.30965,1955.45519,1956.27165,100,20.0
2024.01.06 19:30,1956.08487,1956.74291,1955.85784,1956.42110,100,20.0
2024.01.06 19:45,1956.90767,1957.04011,1956.59325,1956.94024,100,20.0
2024.01.06 20:00,1956.41009,1956.51139,1955.98394,1956.01217,100,20.0
2024.01.06 20:15,1955.78412,1955.89711,1955.10690,1955.13714,100,20.0
2024.01.06 20:30,1954.21889,1954.27236,1954.11316,1954.14012,100,20.0
2024.01.06 20:45,1954.09132,1954.21461,1953.80366,1953.82178,100,20.0
2024.01.06 21:00,1955.05170,1955.71194,1954.92704,1955.49408,100,20.0
2024.01.06 21:15,1955.41084,1955.45814,1955.07969,1955.44727,100,20.0
2024.01.06 21:30,1955.54516,1956.23431,1955.06165,1956.10851,100,20.0
2024.01.06 21:45,1956.69772,1956.91546,1956.69062,1956.74507,100,20.0
2024.01.06 22:00,1957.29832,1957.66812,1957.11875,1957.54622,100,20.0
2024.01.06 22:15,1958.52894,1958.97960,1957.43762,1957.45930,100,20.0
2024.01.06 22:30,1957.75980,1958.36299,1957.12947,1957.37904,100,20.0
2024.01.06 22:45,1956.70789,1957.20608,1956.04118,1956.95088,100,20.0
2024.01.06 23:00,1958.71085,1959.09805,1958.35822,1958.98544,100,20.0
2024.01.06 23:15,1957.82614,1958.01938,1957.42623,1957.97591,100,20.0
2024.01.06 23:30,1957.10542,1957.81069,1956.96790,1957.27683,100,20.0
2024.01.06 23:45,1957.53040,1957.76161,1956.69175,1956.98551,100,20.0
2024.01.07 00:00,1956.53494,1956.88995,1956.52554,1956.65672,100,20.0
2024.01.07 00:15,1956.62484,1956.91308,1956.34829,1956.73508,100,20.0
2024.01.07 00:30,1957.51119,1958.68849,1957.42898,1958.57917,100,20.0
2024.01.07 00:45,1957.76111,1957.92360,1957.74942,1957.76856,100,20.0
2024.01.07 01:00,1956.68473,1957.07356,1956.62284,1956.64976,100,20.0
2024.01.07 01:15,1956.72842,1957.03839,1956.57420,1956.82424,100,20.0
2024.01.07 01:30,1956.52831,1956.77449,1956.46350,1956.61803,100,20.0
2024.01.07 01:45,1956.65759,1957.18744,1955.29837,1956.15100,100,20.0
2024.01.07 02:00,1955.69083,1956.31360,1955.61227,1956.05858,100,20.0
2024.01.07 02:15,1956.84376,1957.78492,1956.70565,1957.64621,100,20.0
2024.01.07 02:30,1957.69423,1958.19631,1956.84615,1957.24447,100,20.0
2024.01.07 02:45,1957.32111,1957.70406,1956.82768,1957.61282,100,20.0
2024.01.07 03:00,1957.87636,1958.43761,1957.54922,1958.08094,100,20.0
2024.01.07 03:15,1957.29126,1957.89728,1957.17768,1957.61884,100,20.0
2024.01.07 03:30,1958.04483,1958.44408,1957.77305,1958.10420,100,20.0
2024.01.07 03:45,1957.96055,1958.26896,1957.12753,1957.54215,100,20.0
2024.01.07 04:00,1957.31418,1957.61296,1956.16949,1956.22558,100,20.0
2024.01.07 04:15,1955.57764,1955.94672,1955.03553,1955.15916,100,20.0
2024.01.07 04:30,1955.74668,1956.56947,1955.20827,1956.48984,100,20.0
2024.01.07 04:45,1956.17951,1956.92590,1956.00837,1956.31314,100,20.0
2024.01.07 05:00,1956.40597,1957.06842,1955.93030,1955.97308,100,20.0
2024.01.07 05:15,1956.40839,1956.68923,1955.54234,1956.45011,100,20.0
2024.01.07 05:30,1956.63670,1956.75600,1956.23511,1956.35913,100,20.0
2024.01.07 05:45,1956.60788,1956.76232,1955.89192,1956.46433,100,20.0
2024.01.07 06:00,1956.21654,1956.71495,1955.25625,1955.70176,100,20.0
2024.01.07 06:15,1955.30695,1955.57784,1955.24215,1955.51487,100,20.0
2024.01.07 06:30,1955.12131,1955.15105,1954.46402,1954.85124,100,20.0
2024.01.07 06:45,1956.41487,1956.52270,1956.02543,1956.21290,100,20.0
2024.01.07 07:00,1955.23371,1955.49622,1954.84685,1955.14482,100,20.0
2024.01.07 07:15,1954.98729,1955.81217,1954.75558,1955.45322,100,20.0
2024.01.07 07:30,1955.10850,1955.25140,1955.00003,1955.15543,100,20.0
2024.01.07 07:45,1954.97594,1955.07126,1954.12322,1954.19012,100,20.0
2024.01.07 08:00,1953.31847,1953.65343,1951.63305,1952.27511,100,20.0
2024.01.07 08:15,1951.72577,1952.16856,1951.49883,1951.79054,100,20.0
2024.01.07 08:30,1950.56203,1950.70613,1950.05231,1950.42712,100,20.0
2024.01.07 08:45,1951.04985,1951.33107,1950.35436,1951.01155,100,20.0
2024.01.07 09:00,1950.86535,1951.71960,1950.37133,1951.38335,100,20.0
2024.01.07 09:15,1952.91754,1953.95911,1952.73597,1953.21849,100,20.0
2024.01.07 09:30,1952.84723,1953.35288,1952.49885,1953.29561,100,20.0
2024.01.07 09:45,1952.96196,1953.71316,1952.72335,1953.61899,100,20.0
2024.01.07 10:00,1953.76898,1954.31211,1953.57032,1953.98918,100,20.0
2024.01.07 10:15,1953.12404,1953.30175,1953.11392,1953.22970,100,20.0
2024.01.07 10:30,1953.52282,1953.63195,1952.56298,1952.66164,100,20.0
2024.01.07 10:45,1952.80949,1953.42944,1952.55105,1953.01649,100,20.0
2024.01.07 11:00,1953.12684,1954.31423,1953.11454,1954.14162,100,20.0
2024.01.07 11:15,1953.82135,1954.04997,1953.55103,1953.57146,100,20.0
2024.01.07 11:30,1953.08890,1954.03109,1952.81017,1953.50022,100,20.0
2024.01.07 11:45,1953.78137,1954.28518,1953.57118,1953.61274,100,20.0
2024.01.07 12:00,1953.85713,1953.88695,1952.76497,1953.16285,100,20.0
2024.01.07 12:15,1953.02200,1954.44864,1952.79229,1953.77507,100,20.0
2024.01.07 12:30,1953.44523,1953.51821,1952.94176,1953.23587,100,20.0
2024.01.07 12:45,1953.37347,1953.77371,1953.17145,1953.35937,100,20.0
2024.01.07 13:00,1953.53843,1955.08369,1953.28889,1954.65784,100,20.0
2024.01.07 13:15,1955.18855,1955.47430,1955.15322,1955.24081,100,20.0
2024.01.07 13:30,1955.81441,1957.27763,1955.18833,1957.16162,100,20.0
2024.01.07 13:45,1957.21465,1957.37203,1957.09503,1957.17683,100,20.0
2024.01.07 14:00,1957.80562,1958.20128,1957.12748,1957.77624,100,20.0
2024.01.07 14:15,1957.54583,1957.74139,1957.02189,1957.73047,100,20.0
2024.01.07 14:30,1957.85140,1958.12193,1957.48198,1958.12153,100,20.0
2024.01.07 14:45,1958.19347,1958.64271,1957.50202,1957.99532,100,20.0
2024.01.07 15:00,1957.90692,1958.42599,1957.49326,1957.58707,100,20.0
2024.01.07 15:15,1956.96899,1956.98695,1956.76919,1956.77151,100,20.0
2024.01.07 15:30,1956.90706,1957.47007,1956.57679,1956.95934,100,20.0
2024.01.07 15:45,1957.20262,1957.41532,1956.81947,1956.91317,100,20.0
2024.01.07 16:00,1957.14101,1957.31511,1957.05472,1957.17736,100,20.0
2024.01.07 16:15,1957.29500,1958.29212,1957.27960,1958.04590,100,20.0
2024.01.07 16:30,1957.31396,1957.58894,1957.03152,1957.25914,100,20.0
2024.01.07 16:45,1956.97609,1958.30230,1956.96628,1957.66691,100,20.0
2024.01.07 17:00,1958.55541,1959.08452,1958.30604,1958.74487,100,20.0
2024.01.07 17:15,1958.64445,1959.41616,1958.47956,1959.09309,100,20.0
2024.01.07 17:30,1958.51442,1958.92045,1957.89129,1958.32065,100,20.0
2024.01.07 17:45,1957.72576,1957.99265,1957.59085,1957.98867,100,20.0
2024.01.07 18:00,1957.68666,1958.28455,1956.96051,1957.42727,100,20.0
2024.01.07 18:15,1956.79518,1957.50587,1956.63799,1957.08130,100,20.0
2024.01.07 18:30,1956.81321,1957.33582,1956.80336,1957.07609,100,20.0
2024.01.07 18:45,1957.12972,1957.58118,1956.07065,1956.42840,100,20.0
2024.01.07 19:00,1956.80856,1957.15800,1955.90965,1956.06460,100,20.0
2024.01.07 19:15,1955.68110,1955.98901,1955.45245,1955.87648,100,20.0
2024.01.07 19:30,1955.97936,1955.98571,1955.30264,1955.33485,100,20.0
2024.01.07 19:45,1954.95763,1955.09505,1954.67336,1954.79194,100,20.0
2024.01.07 20:00,1954.58534,1955.46159,1954.49717,1955.14882,100,20.0
2024.01.07 20:15,1954.49999,1955.96168,1954.00988,1955.47136,100,20.0
2024.01.07 20:30,1955.12832,1955.51806,1954.78652,1955.04080,100,20.0
2024.01.07 20:45,1954.02139,1954.25382,1953.85512,1954.20974,100,20.0
2024.01.07 21:00,1953.60035,1954.46527,1953.29038,1953.69490,100,20.0
2024.01.07 21:15,1951.93851,1952.18329,1950.58903,1951.13228,100,20.0
2024.01.07 21:30,1950.45181,1951.54053,1950.33167,1950.77904,100,20.0
2024.01.07 21:45,1950.01540,1950.55889,1949.27663,1949.67789,100,20.0
2024.01.07 22:00,1949.06303,1949.67736,1948.27635,1948.45911,100,20.0
2024.01.07 22:15,1948.61889,1949.01053,1948.50555,1948.57003,100,20.0
2024.01.07 22:30,1947.25750,1947.42808,1946.80418,1946.83221,100,20.0
2024.01.07 22:45,1946.76260,1947.59542,1946.69471,1947.53316,100,20.0
2024.01.07 23:00,1947.98176,1948.77307,1947.89399,1948.45370,100,20.0
2024.01.07 23:15,1948.80657,1948.90345,1947.43305,1947.75293,100,20.0
2024.01.07 23:30,1947.91575,1948.43251,1947.55440,1947.84321,100,20.0
2024.01.07 23:45,1947.81383,1948.61838,1947.74955,1948.29057,100,20.0
2024.01.08 00:00,1948.87442,1950.11067,1948.50667,1949.73206,100,20.0
2024.01.08 00:15,1950.15333,1950.95145,1949.27448,1949.62316,100,20.0
2024.01.08 00:30,1948.56675,1948.60745,1948.06653,1948.54225,100,20.0
2024.01.08 00:45,1947.85794,1948.08084,1947.64130,1947.85063,100,20.0
2024.01.08 01:00,1948.02772,1948.45501,1947.75777,1948.39038,100,20.0
2024.01.08 01:15,1948.11196,1948.62398,1947.94364,1948.47662,100,20.0
2024.01.08 01:30,1948.00738,1948.40606,1947.61722,1948.26162,100,20.0
2024.01.08 01:45,1948.99474,1949.71482,1947.99703,1948.11945,100,20.0
2024.01.08 02:00,1948.24001,1948.55150,1947.83635,1947.96392,100,20.0
2024.01.08 02:15,1948.17869,1948.98194,1947.69856,1948.97708,100,20.0
2024.01.08 02:30,1949.37470,1949.93607,1949.34097,1949.71999,100,20.0
2024.01.08 02:45,1949.90464,1950.47520,1949.68511,1949.80243,100,20.0
2024.01.08 03:00,1949.89557,1951.23130,1949.86157,1950.79173,100,20.0
2024.01.08 03:15,1951.13885,1951.22544,1950.32367,1950.40792,100,20.0
2024.01.08 03:30,1950.63053,1950.72120,1950.35214,1950.53761,100,20.0
2024.01.08 03:45,1951.12272,1952.14122,1950.32007,1951.47631,100,20.0
2024.01.08 04:00,1950.34970,1950.50436,1950.15443,1950.45125,100,20.0
2024.01.08 04:15,1950.26845,1951.04633,1950.04986,1950.86407,100,20.0
2024.01.08 04:30,1950.31805,1951.09294,1949.94419,1950.76708,100,20.0
2024.01.08 04:45,1950.46533,1951.02433,1950.04364,1950.97342,100,20.0
2024.01.08 05:00,1949.19822,1949.56555,1948.27659,1948.58171,100,20.0
2024.01.08 05:15,1949.36350,1950.09912,1949.22468,1949.60827,100,20.0
2024.01.08 05:30,1949.91128,1950.08028,1949.41475,1949.82347,100,20.0
2024.01.08 05:45,1949.57330,1949.57828,1947.52201,1948.39618,100,20.0
2024.01.08 06:00,1947.79082,1948.02459,1946.81564,1946.84581,100,20.0
2024.01.08 06:15,1947.32313,1948.43550,1947.21793,1948.25381,100,20.0
2024.01.08 06:30,1948.16680,1949.23465,1947.72431,1948.84001,100,20.0
2024.01.08 06:45,1948.09927,1948.63044,1947.62632,1948.47903,100,20.0
2024.01.08 07:00,1947.58800,1948.02599,1947.36679,1947.99551,100,20.0
2024.01.08 07:15,1948.07285,1948.17192,1946.98619,1947.39841,100,20.0
2024.01.08 07:30,1947.32068,1947.43870,1946.54308,1946.73217,100,20.0
2024.01.08 07:45,1945.64699,1945.72307,1944.92964,1945.10908,100,20.0
2024.01.08 08:00,1946.45909,1946.83954,1945.87428,1946.56036,100,20.0
2024.01.08 08:15,1947.29112,1948.04726,1947.23787,1947.31938,100,20.0
2024.01.08 08:30,1948.16261,1948.20161,1947.80278,1948.01377,100,20.0
2024.01.08 08:45,1947.89187,1948.68137,1947.51644,1948.49023,100,20.0
2024.01.08 09:00,1948.51496,1948.96676,1948.01261,1948.41380,100,20.0
2024.01.08 09:15,1947.59415,1949.27934,1947.40137,1948.26289,100,20.0
2024.01.08 09:30,1947.27924,1947.29500,1946.72391,1946.98028,100,20.0
2024.01.08 09:45,1947.67306,1947.79692,1946.58351,1946.93579,100,20.0
2024.01.08 10:00,1946.58884,1946.81978,1946.07222,1946.26405,100,20.0
2024.01.08 10:15,1945.74350,1946.24446,1945.16262,1945.97356,100,20.0
2024.01.08 10:30,1945.81906,1945.96641,1944.75915,1945.00274,100,20.0
2024.01.08 10:45,1944.64884,1945.00413,1943.93637,1944.07847,100,20.0
2024.01.08 11:00,1943.83519,1944.16472,1942.49575,1942.73082,100,20.0
2024.01.08 11:15,1942.78279,1943.50314,1942.73303,1943.08923,100,20.0
2024.01.08 11:30,1943.18996,1943.37595,1942.32745,1943.25009,100,20.0
2024.01.08 11:45,1943.06223,1943.40921,1942.92339,1943.00540,100,20.0
2024.01.08 12:00,1943.95217,1944.48118,1943.78482,1944.08465,100,20.0
2024.01.08 12:15,1945.07822,1945.36288,1944.53371,1944.72605,100,20.0
2024.01.08 12:30,1946.00968,1946.27326,1945.18112,1945.44706,100,20.0
2024.01.08 12:45,1944.76110,1945.23945,1944.21839,1944.42478,100,20.0
2024.01.08 13:00,1944.88544,1946.19085,1944.64763,1945.41960,100,20.0
2024.01.08 13:15,1945.14255,1945.38551,1943.78944,1943.93394,100,20.0
2024.01.08 13:30,1944.46927,1945.01483,1944.28065,1944.99326,100,20.0
2024.01.08 13:45,1945.76332,1945.83010,1944.75515,1945.27579,100,20.0
2024.01.08 14:00,1944.44977,1944.76152,1944.02414,1944.37303,100,20.0
2024.01.08 14:15,1944.61315,1944.73404,1944.38651,1944.54669,100,20.0
2024.01.08 14:30,1944.86007,1944.89685,1944.68610,1944.72820,100,20.0
2024.01.08 14:45,1943.63101,1943.63138,1942.98784,1943.01530,100,20.0
2024.01.08 15:00,1943.75248,1943.90176,1942.50702,1943.12822,100,20.0
2024.01.08 15:15,1943.26236,1943.61353,1942.92611,1943.45509,100,20.0
2024.01.08 15:30,1943.40819,1943.75792,1943.36502,1943.58644,100,20.0
2024.01.08 15:45,1944.55481,1944.85029,1944.09665,1944.38219,100,20.0
2024.01.08 16:00,1944.12531,1945.06282,1944.07211,1944.74532,100,20.0
2024.01.08 16:15,1944.61075,1945.28239,1944.35214,1944.95062,100,20.0
2024.01.08 16:30,1945.47296,1946.03129,1945.33924,1945.56213,100,20.0
2024.01.08 16:45,1945.88078,1946.22453,1944.93971,1945.21822,100,20.0
2024.01.08 17:00,1945.23712,1945.49289,1944.17676,1945.44750,100,20.0
2024.01.08 17:15,1945.05056,1945.68308,1944.56489,1945.35138,100,20.0
2024.01.08 17:30,1945.60155,1946.20512,1945.41216,1945.86285,100,20.0
2024.01.08 17:45,1945.70285,1945.78292,1944.68731,1945.11711,100,20.0
2024.01.08 18:00,1944.82176,1945.26084,1944.26701,1945.12775,100,20.0
2024.01.08 18:15,1945.80045,1946.14356,1945.09947,1945.38779,100,20.0
2024.01.08 18:30,1945.95490,1946.25779,1945.60870,1945.68449,100,20.0
2024.01.08 18:45,1946.22658,1946.45966,1945.59372,1945.64731,100,20.0
2024.01.08 19:00,1946.28172,1947.46249,1945.95327,1947.09744,100,20.0
2024.01.08 19:15,1946.95577,1947.13790,1946.62706,1946.98620,100,20.0
2024.01.08 19:30,1946.40447,1946.95466,1946.12346,1946.66649,100,20.0
2024.01.08 19:45,1946.91170,1947.53376,1946.55306,1947.17402,100,20.0
2024.01.08 20:00,1947.71711,1947.90235,1946.80648,1947.30993,100,20.0
2024.01.08 20:15,1947.45089,1947.81673,1946.93209,1947.66535,100,20.0
2024.01.08 20:30,1947.94269,1948.69348,1947.88043,1948.49745,100,20.0
2024.01.08 20:45,1948.78681,1948.89859,1948.56016,1948.68457,100,20.0
2024.01.08 21:00,1948.76140,1948.90432,1948.09485,1948.42774,100,20.0
2024.01.08 21:15,1948.22104,1948.59709,1948.20084,1948.45150,100,20.0
2024.01.08 21:30,1948.39069,1949.15861,1948.37357,1948.85156,100,20.0
2024.01.08 21:45,1947.99807,1948.52621,1947.70243,1948.51208,100,20.0
2024.01.08 22:00,1947.18976,1947.56900,1946.87217,1947.31438,100,20.0
2024.01.08 22:15,1947.07152,1947.17488,1946.62210,1946.67995,100,20.0
2024.01.08 22:30,1946.92057,1947.93212,1946.27444,1947.36551,100,20.0
2024.01.08 22:45,1947.18202,1947.62435,1946.88169,1947.03311,100,20.0
2024.01.08 23:00,1946.29185,1948.26055,1946.12132,1947.90122,100,20.0
2024.01.08 23:15,1949.70622,1950.26451,1949.35121,1950.06332,100,20.0
2024.01.08 23:30,1949.60841,1949.92333,1949.58052,1949.67908,100,20.0
2024.01.08 23:45,1950.44093,1950.69137,1949.82195,1949.96908,100,20.0
2024.01.09 00:00,1948.82926,1948.91300,1948.33576,1948.41485,100,20.0
2024.01.09 00:15,1947.89414,1948.29298,1947.63309,1948.23271,100,20.0
2024.01.09 00:30,1948.05364,1948.13361,1947.41156,1947.74608,100,20.0
2024.01.09 00:45,1947.10994,1947.20237,1946.86434,1946.87001,100,20.0
2024.01.09 01:00,1946.64740,1947.69902,1946.44266,1947.00217,100,20.0
2024.01.09 01:15,1947.65051,1947.70482,1946.66070,1946.98916,100,20.0
2024.01.09 01:30,1947.29730,1947.60133,1946.73405,1946.79968,100,20.0
2024.01.09 01:45,1947.63550,1947.77964,1946.94898,1947.25966,100,20.0
2024.01.09 02:00,1946.93149,1947.60717,1946.91667,1947.14141,100,20.0
2024.01.09 02:15,1947.36947,1947.61453,1947.02817,1947.15981,100,20.0
2024.01.09 02:30,1946.82961,1947.08161,1946.39198,1946.80174,100,20.0
2024.01.09 02:45,1946.19905,1946.71365,1946.07196,1946.68159,100,20.0
2024.01.09 03:00,1945.67364,1945.87855,1945.22026,1945.40835,100,20.0
2024.01.09 03:15,1945.47563,1945.57913,1945.16933,1945.22760,100,20.0
2024.01.09 03:30,1946.11802,1946.54386,1945.38947,1945.64656,100,20.0
2024.01.09 03:45,1945.52398,1946.08696,1945.34590,1945.90737,100,20.0
2024.01.09 04:00,1946.33180,1946.93784,1946.09261,1946.86810,100,20.0
2024.01.09 04:15,1947.55954,1948.80559,1947.42908,1948.76003,100,20.0
2024.01.09 04:30,1948.13543,1948.68612,1947.16603,1947.97103,100,20.0
2024.01.09 04:45,1948.60159,1948.69733,1948.36950,1948.49933,100,20.0
2024.01.09 05:00,1946.98449,1947.76747,1946.53928,1946.70855,100,20.0
2024.01.09 05:15,1946.34649,1947.38852,1945.94433,1946.36575,100,20.0
2024.01.09 05:30,1946.35440,1946.47466,1945.03219,1945.71706,100,20.0
2024.01.09 05:45,1945.55172,1946.37350,1945.09873,1946.34064,100,20.0
2024.01.09 06:00,1946.55049,1947.02610,1946.36683,1946.91564,100,20.0
2024.01.09 06:15,1947.41227,1947.71790,1947.21545,1947.29348,100,20.0
2024.01.09 06:30,1946.99975,1947.58090,1946.72940,1947.28354,100,20.0
2024.01.09 06:45,1947.65379,1947.89757,1947.46871,1947.51815,100,20.0
2024.01.09 07:00,1946.76642,1947.25152,1945.57524,1945.71548,100,20.0
2024.01.09 07:15,1944.87285,1945.37814,1944.53297,1945.31989,100,20.0
2024.01.09 07:30,1944.22065,1944.66525,1943.91118,1944.24509,100,20.0
2024.01.09 07:45,1944.39458,1944.69282,1944.12698,1944.20717,100,20.0
2024.01.09 08:00,1945.69659,1945.99087,1945.42076,1945.78233,100,20.0
2024.01.09 08:15,1945.79408,1946.22834,1945.19879,1946.06786,100,20.0
2024.01.09 08:30,1945.66970,1946.18457,1945.45214,1945.88919,100,20.0
2024.01.09 08:45,1945.33954,1945.61593,1944.60169,1945.02549,100,20.0
2024.01.09 09:00,1943.90642,1944.91692,1943.74978,1944.68295,100,20.0
2024.01.09 09:15,1944.98362,1945.30003,1943.80100,1943.99447,100,20.0
2024.01.09 09:30,1943.62594,1943.94782,1942.56789,1943.05712,100,20.0
2024.01.09 09:45,1942.64986,1942.73425,1942.19728,1942.38791,100,20.0
2024.01.09 10:00,1942.67068,1942.74583,1941.77232,1942.17350,100,20.0
2024.01.09 10:15,1942.12223,1942.72160,1941.77206,1942.66115,100,20.0
2024.01.09 10:30,1942.69052,1942.85467,1942.38036,1942.57341,100,20.0
2024.01.09 10:45,1944.01779,1944.90179,1943.80529,1944.50410,100,20.0
2024.01.09 11:00,1944.56192,1944.85311,1943.78478,1944.54261,100,20.0
2024.01.09 11:15,1944.48792,1944.78748,1944.15255,1944.47832,100,20.0
2024.01.09 11:30,1944.96679,1946.04602,1944.57627,1945.53672,100,20.0
2024.01.09 11:45,1946.23118,1946.58942,1945.83921,1946.50874,100,20.0
2024.01.09 12:00,1946.69817,1946.76756,1946.38107,1946.68523,100,20.0
2024.01.09 12:15,1947.20695,1947.39059,1947.15023,1947.16900,100,20.0
2024.01.09 12:30,1947.74316,1948.14232,1947.42048,1947.56803,100,20.0
2024.01.09 12:45,1949.05631,1949.28893,1948.80169,1949.16717,100,20.0
2024.01.09 13:00,1949.82497,1950.01322,1949.55945,1949.66754,100,20.0
2024.01.09 13:15,1949.70449,1950.20965,1949.04946,1949.62586,100,20.0
2024.01.09 13:30,1948.90561,1949.50582,1948.51626,1949.25650,100,20.0
2024.01.09 13:45,1950.14585,1950.34710,1949.91957,1950.00936,100,20.0
2024.01.09 14:00,1950.27180,1950.48916,1950.26480,1950.36962,100,20.0
2024.01.09 14:15,1951.60220,1951.68661,1950.83238,1950.98106,100,20.0
2024.01.09 14:30,1949.25984,1949.68025,1949.20364,1949.48637,100,20.0
2024.01.09 14:45,1949.82805,1951.49532,1949.79782,1951.13401,100,20.0
2024.01.09 15:00,1950.91222,1952.19373,1950.31561,1951.19299,100,20.0
2024.01.09 15:15,1951.60404,1951.84161,1951.47473,1951.68307,100,20.0
2024.01.09 15:30,1951.71738,1952.20353,1951.38939,1951.84891,100,20.0
2024.01.09 15:45,1952.18412,1952.42525,1951.64585,1951.67127,100,20.0
2024.01.09 16:00,1951.75088,1952.03674,1950.59621,1950.87453,100,20.0
2024.01.09 16:15,1950.67240,1950.93325,1950.31558,1950.54751,100,20.0
2024.01.09 16:30,1951.20637,1951.67706,1950.80138,1951.48168,100,20.0
2024.01.09 16:45,1951.96828,1952.36555,1951.48436,1952.33639,100,20.0
2024.01.09 17:00,1952.09132,1952.11808,1951.14254,1951.27250,100,20.0
2024.01.09 17:15,1952.02423,1952.53646,1951.79493,1952.20272,100,20.0
2024.01.09 17:30,1952.56850,1953.07447,1950.51585,1951.43656,100,20.0
2024.01.09 17:45,1951.82098,1952.54615,1951.34177,1951.43917,100,20.0
2024.01.09 18:00,1951.51837,1951.79998,1951.12926,1951.59927,100,20.0
2024.01.09 18:15,1951.94238,1952.06171,1951.38793,1951.64038,100,20.0
2024.01.09 18:30,1952.85132,1954.06737,1952.52277,1953.74767,100,20.0
2024.01.09 18:45,1953.87914,1954.31405,1953.84457,1954.06862,100,20.0
2024.01.09 19:00,1954.78488,1954.84638,1954.44900,1954.83260,100,20.0
2024.01.09 19:15,1954.25495,1954.92274,1953.69403,1954.01815,100,20.0
2024.01.09 19:30,1952.90050,1953.64608,1952.63580,1953.63382,100,20.0
2024.01.09 19:45,1953.13306,1953.53995,1953.10403,1953.29199,100,20.0
2024.01.09 20:00,1953.81036,1954.20036,1953.34543,1953.80605,100,20.0
2024.01.09 20:15,1954.80198,1954.82764,1953.86660,1954.06285,100,20.0
2024.01.09 20:30,1953.56778,1953.84108,1953.34846,1953.49344,100,20.0
2024.01.09 20:45,1953.73393,1954.97262,1953.26993,1954.81276,100,20.0
2024.01.09 21:00,1954.73647,1954.95795,1954.58194,1954.74224,100,20.0
2024.01.09 21:15,1954.92312,1956.04466,1954.41942,1955.84011,100,20.0
2024.01.09 21:30,1955.15613,1956.27953,1954.98427,1955.37204,100,20.0
2024.01.09 21:45,1956.00337,1956.08918,1955.18143,1955.48427,100,20.0
2024.01.09 22:00,1955.49354,1956.09105,1954.95049,1955.52814,100,20.0
2024.01.09 22:15,1955.79285,1956.96195,1955.59034,1956.85951,100,20.0
2024.01.09 22:30,1957.62090,1958.53910,1956.99536,1957.36033,100,20.0
2024.01.09 22:45,1956.82729,1957.87133,1956.62670,1957.44247,100,20.0
2024.01.09 23:00,1956.31544,1956.90714,1956.13143,1956.34515,100,20.0
2024.01.09 23:15,1955.89403,1956.21553,1955.11834,1955.31469,100,20.0
2024.01.09 23:30,1955.45351,1955.73389,1955.00747,1955.18827,100,20.0
2024.01.09 23:45,1955.28270,1955.81720,1954.95233,1955.47329,100,20.0
2024.01.10 00:00,1955.60178,1955.82049,1955.30985,1955.55132,100,20.0
2024.01.10 00:15,1955.68447,1956.22011,1954.84632,1955.65796,100,20.0
2024.01.10 00:30,1955.72249,1956.12839,1955.52743,1955.94958,100,20.0
2024.01.10 00:45,1956.15396,1956.37262,1954.72166,1955.46216,100,20.0
2024.01.10 01:00,1957.08846,1957.16356,1956.84180,1957.00605,100,20.0
2024.01.10 01:15,1956.56977,1956.95364,1955.27542,1955.61306,100,20.0
2024.01.10 01:30,1955.25954,1955.80912,1954.80064,1955.64160,100,20.0
2024.01.10 01:45,1955.82580,1956.02197,1955.55781,1955.98365,100,20.0
2024.01.10 02:00,1955.44568,1955.76432,1954.30148,1954.60733,100,20.0
2024.01.10 02:15,1954.03354,1954.13969,1953.47229,1953.50299,100,20.0
2024.01.10 02:30,1952.61885,1953.84760,1952.56321,1952.94799,100,20.0
2024.01.10 02:45,1952.48186,1953.84333,1952.06785,1953.66761,100,20.0
2024.01.10 03:00,1955.07226,1955.48085,1954.93204,1955.23517,100,20.0
2024.01.10 03:15,1955.06840,1955.26281,1955.05454,1955.17717,100,20.0
2024.01.10 03:30,1954.55350,1955.40149,1954.28781,1954.86086,100,20.0
2024.01.10 03:45,1955.16423,1956.06785,1954.79708,1955.57107,100,20.0
2024.01.10 04:00,1956.52493,1956.65064,1956.04110,1956.53112,100,20.0
2024.01.10 04:15,1957.12649,1957.67878,1956.50652,1956.94094,100,20.0
2024.01.10 04:30,1956.22888,1956.44717,1955.87572,1956.05777,100,20.0
2024.01.10 04:45,1955.73744,1956.50302,1955.18361,1955.53228,100,20.0
2024.01.10 05:00,1954.81523,1954.94749,1954.05823,1954.57207,100,20.0
2024.01.10 05:15,1954.83475,1954.92603,1954.60846,1954.83440,100,20.0
2024.01.10 05:30,1954.55243,1956.04160,1954.39870,1955.15834,100,20.0
2024.01.10 05:45,1955.45987,1955.53676,1955.13405,1955.22861,100,20.0
2024.01.10 06:00,1955.47571,1956.45173,1955.23070,1956.29710,100,20.0
2024.01.10 06:15,1955.74845,1956.70245,1955.70591,1956.41281,100,20.0
2024.01.10 06:30,1956.28334,1956.39269,1955.80662,1956.01264,100,20.0
2024.01.10 06:45,1955.80916,1956.55503,1954.93448,1956.39224,100,20.0
2024.01.10 07:00,1956.69693,1956.91863,1956.26902,1956.82234,100,20.0
2024.01.10 07:15,1956.49804,1956.58854,1956.27547,1956.30893,100,20.0
2024.01.10 07:30,1955.34335,1955.63378,1954.37610,1954.89325,100,20.0
2024.01.10 07:45,1954.45077,1955.03682,1954.06466,1954.82896,100,20.0
2024.01.10 08:00,1954.61870,1955.06721,1953.74869,1954.27608,100,20.0
2024.01.10 08:15,1953.43416,1953.84311,1953.01051,1953.49964,100,20.0
2024.01.10 08:30,1953.59503,1954.43667,1953.40850,1953.81723,100,20.0
2024.01.10 08:45,1954.00846,1955.16020,1953.42250,1954.93708,100,20.0
2024.01.10 09:00,1954.71625,1955.17875,1954.09158,1954.97116,100,20.0
2024.01.10 09:15,1954.13551,1954.85896,1954.04460,1954.60945,100,20.0
2024.01.10 09:30,1953.79029,1953.87689,1953.66349,1953.66741,100,20.0
2024.01.10 09:45,1953.09786,1953.11766,1952.97299,1952.99599,100,20.0
2024.01.10 10:00,1952.72161,1953.45846,1952.47751,1953.36150,100,20.0
2024.01.10 10:15,1952.74781,1953.13360,1951.98148,1952.48288,100,20.0
2024.01.10 10:30,1951.54283,1951.96461,1950.30654,1950.49271,100,20.0
2024.01.10 10:45,1950.88988,1951.50470,1950.65919,1951.06841,100,20.0
2024.01.10 11:00,1952.80669,1953.36188,1951.81327,1951.98643,100,20.0
2024.01.10 11:15,1951.89149,1952.26348,1951.81893,1952.12017,100,20.0
2024.01.10 11:30,1952.48327,1952.94282,1952.11905,1952.26825,100,20.0
2024.01.10 11:45,1952.04174,1952.59300,1951.87018,1952.37517,100,20.0
2024.01.10 12:00,1952.63114,1954.37035,1952.47652,1953.43917,100,20.0
2024.01.10 12:15,1952.85548,1953.25608,1952.14052,1952.46391,100,20.0
2024.01.10 12:30,1952.13258,1953.11518,1951.84767,1952.68125,100,20.0
2024.01.10 12:45,1952.46625,1952.72361,1952.41314,1952.47192,100,20.0
2024.01.10 13:00,1952.88018,1953.31972,1952.55042,1952.75439,100,20.0
2024.01.10 13:15,1952.69515,1952.83960,1952.57126,1952.80921,100,20.0
2024.01.10 13:30,1951.73729,1951.81827,1951.32811,1951.46160,100,20.0
2024.01.10 13:45,1952.46807,1952.94939,1952.17482,1952.62334,100,20.0
2024.01.10 14:00,1952.20725,1952.94883,1952.17755,1952.48545,100,20.0
2024.01.10 14:15,1952.81019,1953.17915,1952.62510,1953.02914,100,20.0
2024.01.10 14:30,1952.04581,1953.03350,1951.73326,1952.86426,100,20.0
2024.01.10 14:45,1952.36663,1952.71347,1951.44147,1952.52600,100,20.0
2024.01.10 15:00,1953.48635,1953.52934,1953.26025,1953.49533,100,20.0
2024.01.10 15:15,1954.50721,1954.89864,1953.93767,1954.24574,100,20.0
2024.01.10 15:30,1954.51503,1955.24614,1954.14263,1954.73825,100,20.0
2024.01.10 15:45,1954.44891,1954.96962,1954.25570,1954.33368,100,20.0
2024.01.10 16:00,1953.01610,1953.87326,1952.05130,1953.65299,100,20.0
2024.01.10 16:15,1954.22415,1954.84857,1953.94718,1954.37306,100,20.0
2024.01.10 16:30,1955.48201,1955.49291,1954.91727,1955.33888,100,20.0
2024.01.10 16:45,1954.21902,1955.24434,1953.38528,1954.75743,100,20.0
2024.01.10 17:00,1954.59663,1955.03462,1953.30592,1953.39892,100,20.0
2024.01.10 17:15,1953.18138,1954.13624,1952.78121,1953.50672,100,20.0
2024.01.10 17:30,1953.34794,1953.84037,1953.13483,1953.18906,100,20.0
2024.01.10 17:45,1953.17253,1953.60349,1952.85859,1952.92408,100,20.0
2024.01.10 18:00,1953.19337,1953.69745,1953.09806,1953.29010,100,20.0
2024.01.10 18:15,1952.98840,1953.21893,1952.23734,1952.75862,100,20.0
2024.01.10 18:30,1953.22844,1953.55568,1953.03487,1953.37157,100,20.0
2024.01.10 18:45,1953.67632,1954.05036,1953.11399,1953.84247,100,20.0
2024.01.10 19:00,1953.23651,1954.12687,1952.97875,1953.49924,100,20.0
2024.01.10 19:15,1954.00631,1954.46413,1953.30692,1954.29587,100,20.0
2024.01.10 19:30,1953.75087,1955.05137,1952.98406,1954.54158,100,20.0
2024.01.10 19:45,1954.70581,1955.98575,1954.44431,1954.73888,100,20.0
2024.01.10 20:00,1954.30906,1954.44567,1953.48496,1953.78690,100,20.0
2024.01.10 20:15,1953.76435,1954.12602,1952.13547,1952.81142,100,20.0
2024.01.10 20:30,1952.10770,1952.28676,1951.50964,1951.74684,100,20.0
2024.01.10 20:45,1952.13077,1952.64652,1952.03455,1952.19287,100,20.0
2024.01.10 21:00,1952.52689,1953.08386,1952.35473,1952.70760,100,20.0
2024.01.10 21:15,1953.05369,1953.56568,1952.74536,1953.24827,100,20.0
2024.01.10 21:30,1953.80340,1954.29248,1951.79041,1952.66961,100,20.0
2024.01.10 21:45,1951.86541,1952.90018,1951.58457,1952.15752,100,20.0
2024.01.10 22:00,1951.68480,1951.77543,1950.48962,1950.65855,100,20.0
2024.01.10 22:15,1949.92836,1950.19839,1949.68573,1949.70844,100,20.0
2024.01.10 22:30,1949.18761,1949.62478,1947.92359,1948.70378,100,20.0
2024.01.10 22:45,1948.88729,1949.55889,1947.27400,1947.49625,100,20.0
2024.01.10 23:00,1947.64282,1948.20870,1947.11820,1947.90913,100,20.0
2024.01.10 23:15,1948.36798,1949.19917,1947.84577,1949.13352,100,20.0
2024.01.10 23:30,1949.15171,1950.25212,1948.99070,1950.15833,100,20.0
2024.01.10 23:45,1950.27896,1950.34964,1949.27092,1949.67524,100,20.0
2024.01.11 00:00,1948.96330,1949.75287,1948.75467,1949.50960,100,20.0
2024.01.11 00:15,1949.86857,1950.08468,1949.58503,1949.75962,100,20.0
2024.01.11 00:30,1950.18034,1950.43109,1949.05507,1949.54639,100,20.0
2024.01.11 00:45,1949.14356,1949.38213,1948.26575,1949.18343,100,20.0
2024.01.11 01:00,1948.48039,1949.60076,1948.44152,1948.95520,100,20.0
2024.01.11 01:15,1948.80876,1950.58730,1948.11277,1950.24399,100,20.0
2024.01.11 01:30,1949.79847,1950.39258,1949.54100,1950.30282,100,20.0
2024.01.11 01:45,1950.49467,1951.26383,1949.87855,1950.68311,100,20.0
2024.01.11 02:00,1949.57237,1950.08912,1949.17179,1950.01953,100,20.0
2024.01.11 02:15,1949.11871,1949.82560,1948.54390,1949.55236,100,20.0
2024.01.11 02:30,1949.68574,1949.74825,1948.92108,1949.34071,100,20.0
2024.01.11 02:45,1949.40745,1949.54902,1948.56158,1949.16133,100,20.0
2024.01.11 03:00,1948.80256,1949.11843,1948.61019,1948.99473,100,20.0
2024.01.11 03:15,1948.44441,1949.40076,1948.09117,1949.35437,100,20.0
2024.01.11 03:30,1948.57148,1949.33191,1947.39673,1947.80828,100,20.0
2024.01.11 03:45,1947.07253,1947.78710,1947.04903,1947.62306,100,20.0
2024.01.11 04:00,1947.16057,1947.20955,1947.09157,1947.17852,100,20.0
2024.01.11 04:15,1946.84371,1947.43710,1946.28912,1947.30803,100,20.0
2024.01.11 04:30,1945.96667,1947.47432,1945.92677,1946.65672,100,20.0
2024.01.11 04:45,1946.95240,1947.43604,1946.67372,1946.67485,100,20.0
2024.01.11 05:00,1946.49075,1946.70111,1946.22381,1946.55124,100,20.0
2024.01.11 05:15,1945.87409,1946.83664,1945.65011,1945.81372,100,20.0
2024.01.11 05:30,1946.04547,1946.09673,1945.10337,1945.51036,100,20.0
2024.01.11 05:45,1946.43693,1946.63221,1945.95539,1946.05391,100,20.0
2024.01.11 06:00,1946.18066,1947.34597,1945.93028,1946.81302,100,20.0
2024.01.11 06:15,1946.81552,1947.22673,1945.77188,1945.78864,100,20.0
2024.01.11 06:30,1945.88847,1946.86124,1945.68687,1946.65102,100,20.0
2024.01.11 06:45,1945.92063,1946.54412,1945.58668,1946.51691,100,20.0
2024.01.11 07:00,1947.93681,1948.35836,1947.80297,1947.95245,100,20.0
2024.01.11 07:15,1947.98312,1948.02097,1947.49974,1947.94877,100,20.0
2024.01.11 07:30,1948.75699,1950.19203,1948.22284,1949.42525,100,20.0
2024.01.11 07:45,1948.55514,1948.88974,1947.28680,1947.87077,100,20.0
2024.01.11 08:00,1947.21475,1947.31613,1946.77769,1947.10170,100,20.0
2024.01.11 08:15,1946.32786,1946.66346,1945.53219,1945.54750,100,20.0
2024.01.11 08:30,1945.34234,1946.18694,1944.95159,1946.00765,100,20.0
2024.01.11 08:45,1947.07745,1947.48960,1946.39860,1946.93781,100,20.0
2024.01.11 09:00,1947.47916,1948.85537,1947.22729,1948.38596,100,20.0
2024.01.11 09:15,1946.67946,1947.23014,1945.35971,1945.63165,100,20.0
2024.01.11 09:30,1945.17489,1945.57516,1944.78731,1944.99064,100,20.0
2024.01.11 09:45,1943.66367,1944.07813,1942.30466,1942.47589,100,20.0
2024.01.11 10:00,1942.18987,1942.36534,1941.51130,1941.84268,100,20.0
2024.01.11 10:15,1941.37598,1941.46481,1941.28449,1941.42062,100,20.0
2024.01.11 10:30,1941.46942,1941.75752,1940.44771,1940.75585,100,20.0
2024.01.11 10:45,1940.31562,1940.51324,1939.88761,1939.97588,100,20.0
2024.01.11 11:00,1939.44263,1939.50719,1938.62800,1938.91473,100,20.0
2024.01.11 11:15,1939.29375,1939.73016,1939.14913,1939.59276,100,20.0
2024.01.11 11:30,1938.44583,1938.58387,1937.94255,1938.17664,100,20.0
2024.01.11 11:45,1939.24467,1940.02166,1939.18650,1939.90248,100,20.0
2024.01.11 12:00,1939.36476,1939.69879,1939.18828,1939.19635,100,20.0
2024.01.11 12:15,1939.10161,1940.18098,1939.02334,1939.57185,100,20.0
2024.01.11 12:30,1939.15348,1939.32085,1938.60331,1939.24160,100,20.0
2024.01.11 12:45,1938.33521,1938.71268,1937.28807,1938.11437,100,20.0
2024.01.11 13:00,1938.33022,1939.62404,1938.26155,1939.15483,100,20.0
2024.01.11 13:15,1939.19418,1940.96600,1938.65358,1940.05749,100,20.0
2024.01.11 13:30,1941.11833,1941.33518,1940.30391,1940.34553,100,20.0
2024.01.11 13:45,1940.29047,1940.44824,1939.63294,1940.15817,100,20.0
2024.01.11 14:00,1940.46411,1940.64965,1940.06297,1940.33619,100,20.0
2024.01.11 14:15,1940.34429,1941.56274,1940.07777,1940.79134,100,20.0
2024.01.11 14:30,1940.90511,1941.18612,1940.53532,1941.09734,100,20.0
2024.01.11 14:45,1941.54024,1942.25008,1941.25836,1942.20897,100,20.0
2024.01.11 15:00,1942.44730,1944.09550,1942.27222,1943.47838,100,20.0
2024.01.11 15:15,1944.39589,1944.83877,1943.41899,1943.82759,100,20.0
2024.01.11 15:30,1944.57618,1945.14861,1944.54687,1944.95757,100,20.0
2024.01.11 15:45,1944.90722,1945.31868,1944.88357,1945.02274,100,20.0
2024.01.11 16:00,1943.94249,1943.97267,1942.50183,1943.03400,100,20.0
2024.01.11 16:15,1943.71962,1943.98146,1943.55835,1943.95856,100,20.0
2024.01.11 16:30,1943.93001,1944.70926,1943.90030,1944.47102,100,20.0
2024.01.11 16:45,1944.22659,1944.82887,1943.67305,1944.74211,100,20.0
2024.01.11 17:00,1945.31618,1946.02437,1945.29740,1945.71666,100,20.0
2024.01.11 17:15,1946.07585,1946.17720,1945.28321,1945.76594,100,20.0
2024.01.11 17:30,1945.51538,1946.26514,1945.32390,1945.87865,100,20.0
2024.01.11 17:45,1945.44627,1945.53801,1944.54570,1944.65036,100,20.0
2024.01.11 18:00,1944.64662,1945.59017,1944.55169,1944.64416,100,20.0
2024.01.11 18:15,1944.45432,1944.75640,1943.80936,1944.09509,100,20.0
2024.01.11 18:30,1943.90878,1945.48758,1943.58481,1945.35590,100,20.0
2024.01.11 18:45,1945.68114,1946.04510,1945.31723,1945.32912,100,20.0
2024.01.11 19:00,1945.27976,1945.63315,1944.12349,1944.58362,100,20.0
2024.01.11 19:15,1945.07263,1945.41102,1944.15834,1944.50659,100,20.0
2024.01.11 19:30,1944.94567,1945.07337,1944.66563,1944.80270,100,20.0
2024.01.11 19:45,1945.12087,1945.56785,1944.94330,1945.03639,100,20.0
2024.01.11 20:00,1944.44503,1944.61853,1943.74956,1944.04898,100,20.0
2024.01.11 20:15,1943.33617,1943.34894,1942.69837,1942.79837,100,20.0
2024.01.11 20:30,1943.09586,1943.17540,1942.29161,1942.32392,100,20.0
2024.01.11 20:45,1941.07806,1941.58078,1940.22440,1940.66924,100,20.0
2024.01.11 21:00,1939.95399,1941.19194,1939.73376,1941.12972,100,20.0
2024.01.11 21:15,1941.25842,1942.32828,1941.06740,1942.03510,100,20.0
2024.01.11 21:30,1941.38639,1942.55942,1941.20304,1942.38714,100,20.0
2024.01.11 21:45,1942.13697,1942.13930,1941.89806,1941.94207,100,20.0
2024.01.11 22:00,1940.81828,1940.93135,1939.26137,1940.07519,100,20.0
2024.01.11 22:15,1940.23445,1940.38238,1939.54185,1939.92442,100,20.0
2024.01.11 22:30,1939.42639,1939.56743,1939.05776,1939.18231,100,20.0
2024.01.11 22:45,1938.98437,1939.15794,1938.95694,1938.95723,100,20.0
2024.01.11 23:00,1937.71606,1938.76766,1937.34695,1938.66564,100,20.0
2024.01.11 23:15,1938.19015,1938.88595,1937.57714,1938.65350,100,20.0
2024.01.11 23:30,1939.17790,1941.15781,1938.51043,1940.83944,100,20.0
2024.01.11 23:45,1941.08161,1941.31857,1939.59492,1939.94697,100,20.0
2024.01.12 00:00,1939.88867,1940.73850,1939.79925,1940.43236,100,20.0
2024.01.12 00:15,1939.45723,1940.28415,1939.35445,1940.18310,100,20.0
2024.01.12 00:30,1939.82534,1940.15318,1939.06814,1939.39341,100,20.0
2024.01.12 00:45,1939.07691,1939.22558,1938.44206,1938.96321,100,20.0
2024.01.12 01:00,1938.24599,1938.32824,1937.76371,1938.24547,100,20.0
2024.01.12 01:15,1938.54942,1939.41311,1938.28191,1939.30922,100,20.0
2024.01.12 01:30,1939.23806,1939.99416,1939.12308,1939.39060,100,20.0
2024.01.12 01:45,1939.57445,1939.91479,1938.92672,1939.19852,100,20.0
2024.01.12 02:00,1938.95534,1939.57246,1938.91705,1939.17150,100,20.0
2024.01.12 02:15,1939.34377,1939.53733,1939.17650,1939.18501,100,20.0
2024.01.12 02:30,1939.87761,1939.98742,1939.21201,1939.26156,100,20.0
2024.01.12 02:45,1939.23432,1939.34298,1938.77954,1938.97196,100,20.0
2024.01.12 03:00,1938.18388,1938.76751,1937.74740,1937.80282,100,20.0
2024.01.12 03:15,1937.00948,1937.31830,1936.45231,1936.73910,100,20.0
2024.01.12 03:30,1937.21048,1937.68555,1937.11225,1937.16441,100,20.0
2024.01.12 03:45,1936.97600,1937.62350,1936.84107,1937.58211,100,20.0
2024.01.12 04:00,1936.98713,1937.26133,1936.53100,1936.68582,100,20.0
2024.01.12 04:15,1935.69642,1936.57662,1935.56249,1936.54717,100,20.0
2024.01.12 04:30,1936.07086,1936.48215,1935.59918,1935.91750,100,20.0
2024.01.12 04:45,1935.16086,1935.42821,1934.38608,1934.66864,100,20.0
2024.01.12 05:00,1934.34533,1934.46134,1933.18834,1933.45986,100,20.0
2024.01.12 05:15,1933.62657,1934.01919,1933.21176,1933.84448,100,20.0
2024.01.12 05:30,1933.66232,1934.31648,1933.37498,1933.89743,100,20.0
2024.01.12 05:45,1933.33449,1933.82098,1933.17958,1933.79297,100,20.0
2024.01.12 06:00,1933.05901,1933.63773,1932.90864,1933.11324,100,20.0
2024.01.12 06:15,1933.58948,1933.99036,1933.57170,1933.74724,100,20.0
2024.01.12 06:30,1932.94356,1933.04863,1932.20266,1932.52397,100,20.0
2024.01.12 06:45,1931.73990,1932.72771,1931.46015,1932.23994,100,20.0
2024.01.12 07:00,1932.54208,1933.46210,1932.40085,1933.16432,100,20.0
2024.01.12 07:15,1932.97954,1933.30523,1932.90029,1933.13050,100,20.0
2024.01.12 07:30,1934.00526,1934.89601,1933.38126,1934.73198,100,20.0
2024.01.12 07:45,1934.02567,1934.25602,1933.32968,1933.60160,100,20.0
2024.01.12 08:00,1933.52052,1934.28945,1933.44978,1933.70087,100,20.0
2024.01.12 08:15,1933.70817,1934.14313,1932.84833,1934.10358,100,20.0
2024.01.12 08:30,1934.30040,1934.37482,1933.35467,1933.70838,100,20.0
2024.01.12 08:45,1932.57527,1933.35210,1932.27223,1933.31291,100,20.0
2024.01.12 09:00,1932.95181,1933.43998,1932.63781,1933.10242,100,20.0
2024.01.12 09:15,1933.88578,1935.09056,1933.58304,1934.95528,100,20.0
2024.01.12 09:30,1934.14092,1934.54573,1933.80317,1933.88826,100,20.0
2024.01.12 09:45,1934.44247,1934.90186,1934.34061,1934.36750,100,20.0
2024.01.12 10:00,1934.05007,1934.14236,1933.65032,1933.67518,100,20.0
2024.01.12 10:15,1933.14861,1933.17269,1931.96107,1932.47306,100,20.0
2024.01.12 10:30,1932.82408,1933.21373,1932.62801,1932.96840,100,20.0
2024.01.12 10:45,1931.87587,1932.76423,1931.38192,1932.26346,100,20.0
2024.01.12 11:00,1932.50202,1933.41685,1932.03945,1932.10228,100,20.0
2024.01.12 11:15,1933.11616,1933.20619,1932.39529,1932.40329,100,20.0
2024.01.12 11:30,1931.61263,1931.95029,1931.08706,1931.59991,100,20.0
2024.01.12 11:45,1931.75484,1931.92730,1931.53793,1931.56777,100,20.0
2024.01.12 12:00,1932.01132,1932.04782,1931.74943,1931.87826,100,20.0
2024.01.12 12:15,1931.82263,1933.16310,1931.26807,1933.03146,100,20.0
2024.01.12 12:30,1932.53946,1932.54339,1932.33946,1932.46723,100,20.0
2024.01.12 12:45,1932.51329,1933.07167,1931.90596,1932.89830,100,20.0
2024.01.12 13:00,1933.14984,1934.48796,1933.09713,1933.82204,100,20.0
2024.01.12 13:15,1933.75054,1934.12922,1933.26920,1934.01698,100,20.0
2024.01.12 13:30,1932.92742,1933.70780,1932.84676,1933.16893,100,20.0
2024.01.12 13:45,1933.62971,1934.61325,1933.22640,1934.18107,100,20.0
2024.01.12 14:00,1934.59519,1934.74288,1934.51215,1934.69736,100,20.0
2024.01.12 14:15,1934.21178,1934.89936,1933.77324,1934.16898,100,20.0
2024.01.12 14:30,1932.73145,1933.04401,1932.29799,1932.60111,100,20.0
2024.01.12 14:45,1933.12806,1933.66588,1932.51434,1932.56686,100,20.0
2024.01.12 15:00,1933.11685,1933.31997,1931.85039,1932.39245,100,20.0
2024.01.12 15:15,1932.26362,1932.59808,1932.13141,1932.39693,100,20.0
2024.01.12 15:30,1931.11865,1931.29528,1930.77805,1931.19948,100,20.0
2024.01.12 15:45,1931.11157,1931.54548,1930.94730,1931.07148,100,20.0
2024.01.12 16:00,1930.74929,1930.98070,1930.07007,1930.68285,100,20.0
2024.01.12 16:15,1930.60820,1931.19183,1930.31217,1931.17473,100,20.0
2024.01.12 16:30,1929.67206,1930.30962,1929.01986,1929.33797,100,20.0
2024.01.12 16:45,1929.82924,1930.85738,1929.44154,1930.28954,100,20.0
2024.01.12 17:00,1930.28616,1930.89693,1929.67508,1929.75880,100,20.0
2024.01.12 17:15,1930.72195,1931.41856,1930.27820,1931.13140,100,20.0
2024.01.12 17:30,1931.43262,1931.69857,1931.31526,1931.54806,100,20.0
2024.01.12 17:45,1931.78010,1932.21863,1931.29391,1931.33329,100,20.0
2024.01.12 18:00,1931.10847,1931.68393,1930.46180,1930.60935,100,20.0
2024.01.12 18:15,1930.80617,1931.32452,1930.78160,1931.01833,100,20.0
2024.01.12 18:30,1931.76284,1931.81832,1930.99246,1931.35223,100,20.0
2024.01.12 18:45,1930.82625,1931.47916,1930.69957,1931.05251,100,20.0
2024.01.12 19:00,1929.67747,1930.52437,1929.43011,1930.33601,100,20.0
2024.01.12 19:15,1930.12785,1930.28512,1929.99123,1930.25020,100,20.0
2024.01.12 19:30,1929.87940,1930.14400,1929.39615,1929.44775,100,20.0
2024.01.12 19:45,1929.26369,1930.25328,1928.75742,1929.46096,100,20.0
2024.01.12 20:00,1929.80850,1930.73383,1929.67120,1930.70204,100,20.0
2024.01.12 20:15,1930.76950,1931.72919,1930.40309,1931.63729,100,20.0
2024.01.12 20:30,1931.25820,1931.28562,1930.95172,1931.27554,100,20.0
2024.01.12 20:45,1930.98640,1931.22886,1930.89615,1930.98167,100,20.0
2024.01.12 21:00,1929.67567,1930.21681,1929.44922,1929.78164,100,20.0
2024.01.12 21:15,1929.34816,1930.06483,1928.88189,1930.06133,100,20.0
2024.01.12 21:30,1930.34569,1930.48714,1929.99730,1930.20030,100,20.0
2024.01.12 21:45,1929.72249,1929.81938,1929.12861,1929.72192,100,20.0
2024.01.12 22:00,1929.74726,1930.52724,1929.55572,1930.24225,100,20.0
2024.01.12 22:15,1930.10749,1930.38250,1929.89703,1930.14858,100,20.0
2024.01.12 22:30,1930.75036,1931.19641,1930.38884,1930.53783,100,20.0
2024.01.12 22:45,1929.90169,1930.17165,1929.87277,1930.10990,100,20.0
2024.01.12 23:00,1929.80993,1931.06499,1929.53401,1930.66169,100,20.0
2024.01.12 23:15,1929.94670,1930.50964,1929.83936,1930.49484,100,20.0
2024.01.12 23:30,1929.64425,1930.32992,1929.15607,1930.17274,100,20.0
2024.01.12 23:45,1930.76026,1931.19257,1930.36532,1930.55578,100,20.0
2024.01.13 00:00,1929.58085,1929.96601,1928.78001,1928.90906,100,20.0
2024.01.13 00:15,1929.03057,1929.33883,1928.82464,1928.95571,100,20.0
2024.01.13 00:30,1928.69090,1929.46609,1928.44249,1929.27053,100,20.0
2024.01.13 00:45,1930.06935,1930.27151,1929.55896,1929.60975,100,20.0
2024.01.13 01:00,1928.96602,1929.64955,1928.90660,1929.64398,100,20.0
2024.01.13 01:15,1929.48480,1929.69801,1929.00220,1929.46525,100,20.0
2024.01.13 01:30,1929.84025,1930.35831,1929.35000,1929.45718,100,20.0
2024.01.13 01:45,1928.13732,1928.32755,1928.04854,1928.06392,100,20.0
2024.01.13 02:00,1927.74994,1928.15656,1927.33008,1927.68864,100,20.0
2024.01.13 02:15,1927.49642,1927.78647,1927.21481,1927.51859,100,20.0
2024.01.13 02:30,1927.78486,1928.00136,1927.12388,1927.66354,100,20.0
2024.01.13 02:45,1927.70214,1927.85262,1927.53056,1927.83351,100,20.0
2024.01.13 03:00,1927.26902,1927.72637,1926.88344,1927.10304,100,20.0
2024.01.13 03:15,1926.52517,1926.88956,1926.48735,1926.66129,100,20.0
2024.01.13 03:30,1926.52994,1928.29698,1926.36293,1927.82289,100,20.0
2024.01.13 03:45,1927.29771,1927.71875,1926.74373,1927.36866,100,20.0
2024.01.13 04:00,1926.89126,1927.61436,1925.99600,1926.89503,100,20.0
2024.01.13 04:15,1926.21330,1926.43151,1926.01688,1926.17674,100,20.0
2024.01.13 04:30,1925.15850,1925.31036,1924.77678,1925.04448,100,20.0
2024.01.13 04:45,1923.83862,1924.73909,1923.83426,1924.14210,100,20.0
2024.01.13 05:00,1924.02185,1924.32799,1923.70738,1923.75010,100,20.0
2024.01.13 05:15,1923.64393,1924.05842,1923.31909,1923.85117,100,20.0
2024.01.13 05:30,1924.59602,1925.01909,1923.96406,1924.06109,100,20.0
2024.01.13 05:45,1924.54576,1925.57621,1924.48959,1925.31066,100,20.0
2024.01.13 06:00,1925.32143,1925.54629,1924.73061,1925.44882,100,20.0
2024.01.13 06:15,1925.67083,1925.74666,1925.22177,1925.28981,100,20.0
2024.01.13 06:30,1925.32577,1925.32737,1925.15186,1925.32705,100,20.0
2024.01.13 06:45,1925.17900,1925.46813,1924.25800,1925.03985,100,20.0
2024.01.13 07:00,1925.30999,1925.76317,1925.14129,1925.47277,100,20.0
2024.01.13 07:15,1925.41915,1926.31303,1924.61230,1925.55164,100,20.0
2024.01.13 07:30,1926.20237,1926.96667,1926.15127,1926.90840,100,20.0
2024.01.13 07:45,1926.92679,1927.14310,1926.54422,1926.79500,100,20.0
2024.01.13 08:00,1926.18949,1927.34843,1926.18922,1926.59448,100,20.0
2024.01.13 08:15,1926.31013,1926.57001,1925.44556,1925.48376,100,20.0
2024.01.13 08:30,1925.13100,1926.06730,1924.73397,1925.60478,100,20.0
2024.01.13 08:45,1926.19705,1926.35998,1925.44775,1925.87036,100,20.0
2024.01.13 09:00,1926.25753,1926.42340,1925.05116,1925.20062,100,20.0
2024.01.13 09:15,1925.46358,1925.85435,1925.23582,1925.78275,100,20.0
2024.01.13 09:30,1926.27525,1927.23647,1925.85932,1927.20163,100,20.0
2024.01.13 09:45,1926.55424,1927.07546,1925.84981,1926.10304,100,20.0
2024.01.13 10:00,1925.94743,1926.01101,1924.65047,1925.22413,100,20.0
2024.01.13 10:15,1924.71314,1924.85820,1924.30249,1924.77391,100,20.0
2024.01.13 10:30,1924.65403,1924.84777,1924.10852,1924.29810,100,20.0
2024.01.13 10:45,1924.39035,1924.81955,1924.24720,1924.46476,100,20.0
2024.01.13 11:00,1924.36237,1924.90077,1924.20217,1924.41332,100,20.0
2024.01.13 11:15,1924.81407,1924.90663,1924.19244,1924.20568,100,20.0
2024.01.13 11:30,1924.70968,1924.85492,1924.44790,1924.55446,100,20.0
2024.01.13 11:45,1924.91454,1925.04393,1923.95978,1924.36480,100,20.0
2024.01.13 12:00,1925.43092,1927.40460,1925.27005,1927.02652,100,20.0
2024.01.13 12:15,1927.15236,1927.29251,1926.43637,1927.23795,100,20.0
2024.01.13 12:30,1926.03455,1926.37047,1925.65608,1926.15572,100,20.0
2024.01.13 12:45,1926.78580,1927.00511,1926.36256,1927.00242,100,20.0
2024.01.13 13:00,1925.66988,1927.13437,1924.86906,1926.37964,100,20.0
2024.01.13 13:15,1926.74685,1927.17704,1926.47873,1926.81073,100,20.0
2024.01.13 13:30,1927.21946,1927.43752,1926.55924,1926.86857,100,20.0
2024.01.13 13:45,1926.94654,1927.46421,1926.85156,1926.86740,100,20.0
2024.01.13 14:00,1927.49368,1928.61142,1927.24024,1928.33812,100,20.0
2024.01.13 14:15,1928.22523,1928.93081,1928.15813,1928.89923,100,20.0
2024.01.13 14:30,1928.87812,1928.97207,1928.40296,1928.69550,100,20.0
2024.01.13 14:45,1929.00143,1929.47387,1928.84689,1929.37732,100,20.0
2024.01.13 15:00,1928.07582,1928.36219,1927.96980,1928.17393,100,20.0
2024.01.13 15:15,1928.19715,1928.44030,1927.37029,1927.83641,100,20.0
2024.01.13 15:30,1928.44016,1929.03792,1928.04058,1928.45672,100,20.0
2024.01.13 15:45,1928.23502,1929.06779,1927.66472,1927.88527,100,20.0
2024.01.13 16:00,1928.41210,1928.67853,1927.57420,1928.55981,100,20.0
2024.01.13 16:15,1928.10266,1928.47696,1927.52567,1928.18316,100,20.0
2024.01.13 16:30,1927.62312,1927.75896,1927.05312,1927.60742,100,20.0
2024.01.13 16:45,1926.94509,1927.43078,1926.73195,1927.19832,100,20.0
2024.01.13 17:00,1926.42455,1926.72256,1925.91636,1926.42504,100,20.0
2024.01.13 17:15,1925.92285,1926.05740,1925.61567,1925.71465,100,20.0
2024.01.13 17:30,1925.62089,1925.64013,1924.86543,1925.19418,100,20.0
2024.01.13 17:45,1925.98984,1926.14401,1925.68799,1925.90275,100,20.0
2024.01.13 18:00,1925.61597,1926.11267,1925.35841,1925.84684,100,20.0
2024.01.13 18:15,1924.87694,1924.99181,1924.36245,1924.65796,100,20.0
2024.01.13 18:30,1924.85955,1925.10443,1924.73975,1924.77269,100,20.0
2024.01.13 18:45,1924.36264,1924.51106,1924.08366,1924.11764,100,20.0
2024.01.13 19:00,1924.19512,1924.50946,1923.94492,1924.11731,100,20.0
2024.01.13 19:15,1923.14589,1923.41838,1923.11921,1923.29952,100,20.0
2024.01.13 19:30,1922.13904,1922.61892,1921.39766,1921.96168,100,20.0
2024.01.13 19:45,1922.41169,1922.63755,1921.48871,1921.89431,100,20.0
2024.01.13 20:00,1921.66481,1922.35129,1921.02128,1921.69302,100,20.0
2024.01.13 20:15,1921.48133,1921.84238,1920.35300,1920.38448,100,20.0
2024.01.13 20:30,1919.82709,1920.29921,1919.53662,1919.69159,100,20.0
2024.01.13 20:45,1919.71214,1920.30503,1919.65484,1919.83108,100,20.0
2024.01.13 21:00,1919.28825,1919.54946,1918.87926,1918.91640,100,20.0
2024.01.13 21:15,1918.22339,1919.51045,1918.16910,1918.85142,100,20.0
2024.01.13 21:30,1919.35105,1920.29960,1917.88560,1918.15667,100,20.0
2024.01.13 21:45,1918.21077,1919.10687,1918.02553,1918.46575,100,20.0
2024.01.13 22:00,1917.54417,1917.74343,1916.94226,1917.56483,100,20.0
2024.01.13 22:15,1915.89216,1916.89452,1915.08345,1916.03866,100,20.0
2024.01.13 22:30,1915.49168,1915.89683,1915.22346,1915.27752,100,20.0
2024.01.13 22:45,1914.68278,1915.50440,1914.02717,1915.38337,100,20.0
2024.01.13 23:00,1914.26077,1914.75505,1914.13688,1914.42072,100,20.0
2024.01.13 23:15,1913.51915,1913.73117,1913.00778,1913.15491,100,20.0
2024.01.13 23:30,1911.96727,1912.42256,1911.84083,1912.18710,100,20.0
2024.01.13 23:45,1912.84214,1913.02467,1912.28983,1912.73511,100,20.0
2024.01.14 00:00,1912.57281,1912.79745,1911.51535,1911.68701,100,20.0
2024.01.14 00:15,1911.15948,1912.17746,1910.95505,1911.88735,100,20.0
2024.01.14 00:30,1914.11314,1914.88107,1913.75348,1914.62514,100,20.0
2024.01.14 00:45,1914.55635,1914.82168,1913.40824,1914.08139,100,20.0
2024.01.14 01:00,1914.57970,1914.62779,1913.14170,1913.22073,100,20.0
2024.01.14 01:15,1914.06585,1914.28269,1913.79333,1913.84981,100,20.0
2024.01.14 01:30,1913.11925,1913.12489,1911.73813,1912.50502,100,20.0
2024.01.14 01:45,1912.20538,1912.26793,1910.94803,1911.31109,100,20.0
2024.01.14 02:00,1911.93372,1912.23044,1911.69477,1912.20583,100,20.0
2024.01.14 02:15,1912.52958,1912.71318,1912.04348,1912.35382,100,20.0
2024.01.14 02:30,1912.11421,1912.14030,1911.69059,1911.91926,100,20.0
2024.01.14 02:45,1911.89775,1912.33582,1911.69561,1912.20631,100,20.0
2024.01.14 03:00,1912.33252,1912.81665,1912.02779,1912.20087,100,20.0
2024.01.14 03:15,1912.64047,1912.66742,1912.43910,1912.63562,100,20.0
2024.01.14 03:30,1912.67720,1913.20213,1912.52533,1912.60788,100,20.0
2024.01.14 03:45,1912.98934,1913.30096,1912.80924,1912.83482,100,20.0
2024.01.14 04:00,1913.48185,1913.51246,1913.25336,1913.33435,100,20.0
2024.01.14 04:15,1913.93363,1914.87180,1913.91867,1914.55027,100,20.0
2024.01.14 04:30,1914.49207,1915.05572,1914.23455,1914.86566,100,20.0
2024.01.14 04:45,1914.86280,1915.21793,1914.49804,1914.99656,100,20.0
2024.01.14 05:00,1915.24138,1915.95250,1915.03071,1915.57681,100,20.0
2024.01.14 05:15,1915.74263,1915.76267,1914.59665,1915.11962,100,20.0
2024.01.14 05:30,1914.42531,1914.97962,1913.46517,1913.89325,100,20.0
2024.01.14 05:45,1914.11589,1914.12464,1913.75995,1913.84589,100,20.0
2024.01.14 06:00,1912.50915,1912.89037,1912.19779,1912.70833,100,20.0
2024.01.14 06:15,1913.25647,1913.68234,1912.55451,1913.17937,100,20.0
2024.01.14 06:30,1912.35240,1912.36552,1911.43824,1912.05618,100,20.0
2024.01.14 06:45,1912.14968,1912.83543,1911.90684,1912.51510,100,20.0
2024.01.14 07:00,1912.90754,1912.94711,1912.22716,1912.36575,100,20.0
2024.01.14 07:15,1912.12897,1912.77042,1911.79908,1911.82071,100,20.0
2024.01.14 07:30,1911.15016,1911.62624,1909.99250,1910.24303,100,20.0
2024.01.14 07:45,1908.91264,1909.15442,1908.66017,1908.98739,100,20.0
2024.01.14 08:00,1908.72252,1909.42084,1908.65761,1909.19804,100,20.0
2024.01.14 08:15,1908.78338,1908.90138,1908.32291,1908.45978,100,20.0
2024.01.14 08:30,1909.20909,1909.94762,1907.62209,1908.64282,100,20.0
2024.01.14 08:45,1907.59279,1907.93371,1907.43320,1907.89699,100,20.0
2024.01.14 09:00,1907.88560,1908.32430,1907.62620,1907.90232,100,20.0
2024.01.14 09:15,1906.70432,1907.20168,1906.40269,1907.14593,100,20.0
2024.01.14 09:30,1906.98724,1907.63543,1906.53826,1906.70865,100,20.0
2024.01.14 09:45,1907.09976,1907.47022,1905.79802,1906.40783,100,20.0
2024.01.14 10:00,1906.44929,1906.67983,1905.44598,1905.56602,100,20.0
2024.01.14 10:15,1905.72409,1907.06474,1905.53309,1906.59328,100,20.0
2024.01.14 10:30,1906.75128,1906.99166,1906.26132,1906.77600,100,20.0
2024.01.14 10:45,1906.65639,1906.68160,1906.33481,1906.51804,100,20.0
2024.01.14 11:00,1906.36773,1906.60704,1906.31427,1906.56111,100,20.0
2024.01.14 11:15,1906.27887,1906.67120,1905.76806,1906.43750,100,20.0
2024.01.14 11:30,1906.31892,1906.56955,1905.26308,1905.59122,100,20.0
2024.01.14 11:45,1905.34367,1905.70714,1904.36346,1904.72238,100,20.0
2024.01.14 12:00,1905.67712,1906.07819,1905.43263,1905.82682,100,20.0
2024.01.14 12:15,1906.49524,1906.56965,1906.29810,1906.36450,100,20.0
2024.01.14 12:30,1906.16226,1907.37667,1905.72513,1907.32437,100,20.0
2024.01.14 12:45,1906.47990,1906.88541,1905.87959,1906.74982,100,20.0
2024.01.14 13:00,1907.42657,1908.54454,1907.16637,1908.50947,100,20.0
2024.01.14 13:15,1908.25826,1908.98338,1907.82291,1908.47142,100,20.0
2024.01.14 13:30,1908.20422,1909.08682,1908.10441,1908.88952,100,20.0
2024.01.14 13:45,1908.29606,1908.68906,1908.27398,1908.29446,100,20.0
2024.01.14 14:00,1908.53617,1909.18536,1908.09105,1908.89394,100,20.0
2024.01.14 14:15,1909.10298,1909.20705,1908.56668,1908.70713,100,20.0
2024.01.14 14:30,1908.45432,1908.68684,1908.34838,1908.62086,100,20.0
2024.01.14 14:45,1908.34281,1908.47895,1907.27966,1907.31877,100,20.0
2024.01.14 15:00,1906.84801,1907.27292,1906.21769,1906.56713,100,20.0
2024.01.14 15:15,1905.89004,1905.93586,1905.41608,1905.56827,100,20.0
2024.01.14 15:30,1904.70869,1904.80886,1903.98315,1904.15669,100,20.0
2024.01.14 15:45,1904.39027,1905.20570,1903.38396,1904.25293,100,20.0
2024.01.14 16:00,1904.21636,1905.64998,1903.91401,1905.19858,100,20.0
2024.01.14 16:15,1905.82816,1905.93687,1904.81329,1904.87278,100,20.0
2024.01.14 16:30,1904.88429,1905.01566,1904.22946,1904.31047,100,20.0
2024.01.14 16:45,1904.30613,1904.50888,1903.76951,1904.47455,100,20.0
2024.01.14 17:00,1904.98704,1905.62906,1904.76987,1905.62737,100,20.0
2024.01.14 17:15,1905.52254,1905.75941,1904.57836,1905.21939,100,20.0
2024.01.14 17:30,1905.64777,1905.69695,1905.04487,1905.60610,100,20.0
2024.01.14 17:45,1905.82175,1906.10902,1905.18906,1906.08184,100,20.0
2024.01.14 18:00,1906.59160,1907.12280,1906.55230,1906.86940,100,20.0
2024.01.14 18:15,1907.42195,1907.63957,1907.03987,1907.27711,100,20.0
2024.01.14 18:30,1906.73555,1907.26997,1906.50878,1906.64739,100,20.0
2024.01.14 18:45,1905.66534,1906.36476,1905.39262,1906.02714,100,20.0
2024.01.14 19:00,1905.81036,1905.92855,1905.12782,1905.33328,100,20.0
2024.01.14 19:15,1904.82926,1904.83558,1903.97971,1904.51974,100,20.0
2024.01.14 19:30,1904.86801,1904.96137,1903.92169,1904.02505,100,20.0
2024.01.14 19:45,1904.18178,1904.48334,1902.90689,1903.13981,100,20.0
2024.01.14 20:00,1902.90445,1903.21154,1902.22059,1903.05411,100,20.0
2024.01.14 20:15,1902.64625,1903.04340,1902.56025,1902.85833,100,20.0
2024.01.14 20:30,1902.63814,1902.76102,1901.80693,1901.88979,100,20.0
2024.01.14 20:45,1902.03021,1902.09374,1901.38601,1901.42295,100,20.0
2024.01.14 21:00,1900.97522,1902.40951,1900.54107,1901.83029,100,20.0
2024.01.14 21:15,1902.14593,1902.24315,1901.28484,1902.06688,100,20.0
2024.01.14 21:30,1901.41337,1902.27800,1901.38787,1902.10791,100,20.0
2024.01.14 21:45,1902.49857,1902.84528,1902.30877,1902.66041,100,20.0
2024.01.14 22:00,1902.64138,1902.71590,1901.41963,1901.44552,100,20.0
2024.01.14 22:15,1902.15350,1902.35368,1901.29953,1901.93095,100,20.0
2024.01.14 22:30,1901.53187,1902.55408,1901.06856,1902.36222,100,20.0
2024.01.14 22:45,1903.06081,1904.01731,1902.93491,1903.60577,100,20.0
2024.01.14 23:00,1903.49456,1904.14041,1903.40380,1903.67267,100,20.0
2024.01.14 23:15,1903.90949,1904.01512,1903.46168,1903.71767,100,20.0
2024.01.14 23:30,1904.41422,1904.52265,1904.23857,1904.30776,100,20.0
2024.01.14 23:45,1903.72129,1904.28660,1903.66133,1904.15870,100,20.0
2024.01.15 00:00,1903.69612,1903.86807,1903.22098,1903.38371,100,20.0
2024.01.15 00:15,1903.48443,1904.05346,1902.76239,1903.18519,100,20.0
2024.01.15 00:30,1903.77576,1904.15354,1903.56473,1903.71630,100,20.0
2024.01.15 00:45,1904.49861,1905.58950,1903.53350,1903.74264,100,20.0
2024.01.15 01:00,1903.08868,1903.09040,1902.49305,1902.99841,100,20.0
2024.01.15 01:15,1903.07978,1903.89695,1902.97422,1903.75045,100,20.0
2024.01.15 01:30,1903.80485,1904.11781,1903.19883,1903.46908,100,20.0
2024.01.15 01:45,1903.01233,1903.71022,1902.79433,1903.51310,100,20.0
2024.01.15 02:00,1903.96400,1905.19669,1903.50266,1904.91447,100,20.0
2024.01.15 02:15,1905.26330,1907.09172,1905.19854,1906.28382,100,20.0
2024.01.15 02:30,1906.31437,1906.90857,1905.83947,1906.02981,100,20.0
2024.01.15 02:45,1905.79419,1906.52106,1905.60960,1906.07043,100,20.0
2024.01.15 03:00,1906.37533,1906.38900,1905.80272,1906.01823,100,20.0
2024.01.15 03:15,1905.30135,1905.35334,1904.88818,1904.99870,100,20.0
2024.01.15 03:30,1905.56796,1906.60086,1905.42494,1906.35362,100,20.0
2024.01.15 03:45,1905.76629,1906.54853,1905.35678,1906.38170,100,20.0
2024.01.15 04:00,1906.41276,1906.46964,1904.83019,1904.98046,100,20.0
2024.01.15 04:15,1904.85474,1905.30320,1904.75391,1904.89902,100,20.0
2024.01.15 04:30,1904.20415,1904.22710,1903.51351,1903.60282,100,20.0
2024.01.15 04:45,1903.62956,1903.81593,1903.09147,1903.76788,100,20.0
2024.01.15 05:00,1903.31942,1903.76331,1903.12006,1903.66455,100,20.0
2024.01.15 05:15,1903.74658,1904.36668,1903.26601,1903.35000,100,20.0
2024.01.15 05:30,1903.56651,1903.82596,1903.05111,1903.29145,100,20.0
2024.01.15 05:45,1902.73444,1902.94692,1902.48128,1902.88136,100,20.0
2024.01.15 06:00,1903.04144,1903.52640,1902.85908,1903.04684,100,20.0
2024.01.15 06:15,1903.03833,1903.70161,1902.67053,1903.54557,100,20.0
2024.01.15 06:30,1902.92820,1903.09062,1902.55447,1903.03313,100,20.0
2024.01.15 06:45,1902.39641,1903.89942,1902.00097,1903.34340,100,20.0
2024.01.15 07:00,1902.00079,1902.09545,1901.46310,1901.70211,100,20.0
2024.01.15 07:15,1900.13586,1900.28397,1899.72908,1900.22362,100,20.0
2024.01.15 07:30,1900.43387,1901.59516,1899.85926,1901.19504,100,20.0
2024.01.15 07:45,1899.73960,1900.27560,1899.02637,1899.50054,100,20.0
2024.01.15 08:00,1899.24686,1899.77751,1898.56771,1899.21020,100,20.0
2024.01.15 08:15,1898.87358,1899.02066,1898.31327,1898.86819,100,20.0
2024.01.15 08:30,1898.51380,1899.32582,1898.34085,1899.00837,100,20.0
2024.01.15 08:45,1898.26151,1898.40312,1898.24137,1898.35654,100,20.0
2024.01.15 09:00,1897.66578,1898.12479,1897.37417,1897.50452,100,20.0
2024.01.15 09:15,1896.80467,1897.54370,1896.48775,1897.22810,100,20.0
2024.01.15 09:30,1896.20092,1896.54811,1895.91901,1896.45169,100,20.0
2024.01.15 09:45,1896.40878,1896.45827,1896.01636,1896.26448,100,20.0
2024.01.15 10:00,1895.07397,1896.08699,1894.61509,1895.15645,100,20.0
2024.01.15 10:15,1893.96852,1894.47985,1893.69656,1894.10558,100,20.0
2024.01.15 10:30,1894.19274,1894.82353,1894.02119,1894.41005,100,20.0
2024.01.15 10:45,1893.76093,1894.00978,1893.05378,1893.84404,100,20.0
2024.01.15 11:00,1893.81888,1893.82765,1892.99763,1893.19548,100,20.0
2024.01.15 11:15,1893.73086,1893.98681,1892.98345,1893.68048,100,20.0
2024.01.15 11:30,1893.51590,1893.60958,1893.34370,1893.44492,100,20.0
2024.01.15 11:45,1893.94516,1893.96094,1893.24770,1893.74026,100,20.0
2024.01.15 12:00,1892.80630,1892.82312,1892.41293,1892.69822,100,20.0
2024.01.15 12:15,1892.47961,1893.37651,1892.26815,1893.24768,100,20.0
2024.01.15 12:30,1892.79289,1893.54441,1892.21174,1893.42609,100,20.0
2024.01.15 12:45,1892.38059,1892.62467,1892.29393,1892.38857,100,20.0
2024.01.15 13:00,1892.32465,1893.06041,1891.54632,1891.58708,100,20.0
2024.01.15 13:15,1891.91734,1892.68500,1891.81844,1891.83602,100,20.0
2024.01.15 13:30,1890.70825,1891.35010,1890.10065,1890.35150,100,20.0
2024.01.15 13:45,1889.74540,1889.88564,1889.17458,1889.84366,100,20.0
2024.01.15 14:00,1889.68649,1889.82119,1889.45683,1889.65420,100,20.0
2024.01.15 14:15,1888.84384,1889.42525,1888.49698,1888.66488,100,20.0
2024.01.15 14:30,1888.34771,1888.48770,1887.42513,1888.10780,100,20.0
2024.01.15 14:45,1886.89228,1887.11977,1886.51638,1887.05419,100,20.0
2024.01.15 15:00,1886.40248,1886.75047,1884.93821,1885.07088,100,20.0
2024.01.15 15:15,1885.07159,1885.23185,1884.47931,1884.50871,100,20.0
2024.01.15 15:30,1883.78083,1884.24341,1883.40861,1883.89548,100,20.0
2024.01.15 15:45,1883.97778,1884.12203,1883.92048,1884.00487,100,20.0
2024.01.15 16:00,1884.02359,1884.12067,1883.39007,1883.79320,100,20.0
2024.01.15 16:15,1884.11476,1884.70693,1883.63452,1884.64632,100,20.0
2024.01.15 16:30,1884.53824,1884.63930,1883.95848,1884.58967,100,20.0
2024.01.15 16:45,1884.21011,1884.96322,1884.16158,1884.86040,100,20.0
2024.01.15 17:00,1885.39431,1885.92017,1884.78223,1885.53771,100,20.0
2024.01.15 17:15,1884.86250,1885.10794,1883.84936,1884.11138,100,20.0
2024.01.15 17:30,1883.36900,1884.28239,1883.17497,1884.09416,100,20.0
2024.01.15 17:45,1885.19683,1885.36009,1884.95326,1884.97249,100,20.0
2024.01.15 18:00,1885.85571,1886.80211,1885.62287,1886.50113,100,20.0
2024.01.15 18:15,1885.92453,1886.58295,1885.50300,1886.54963,100,20.0
2024.01.15 18:30,1884.48399,1885.13781,1883.93415,1884.60385,100,20.0
2024.01.15 18:45,1884.26215,1884.27089,1883.03252,1883.04241,100,20.0
2024.01.15 19:00,1882.75672,1883.17500,1882.32215,1882.98584,100,20.0
2024.01.15 19:15,1882.50209,1883.60400,1882.46233,1883.35410,100,20.0
2024.01.15 19:30,1883.47145,1883.57407,1883.06780,1883.34944,100,20.0
2024.01.15 19:45,1882.24781,1883.02203,1882.01085,1882.41502,100,20.0
2024.01.15 20:00,1883.78407,1884.16520,1883.59580,1883.82869,100,20.0
2024.01.15 20:15,1883.69724,1884.15342,1883.45092,1884.12383,100,20.0
2024.01.15 20:30,1882.55292,1883.11674,1882.40440,1882.60659,100,20.0
2024.01.15 20:45,1881.92894,1882.00205,1881.59453,1881.88805,100,20.0
2024.01.15 21:00,1881.08345,1881.69499,1880.38580,1881.48965,100,20.0
2024.01.15 21:15,1880.98150,1881.95647,1880.65580,1881.40609,100,20.0
2024.01.15 21:30,1881.36768,1881.88264,1881.12962,1881.50913,100,20.0
2024.01.15 21:45,1881.62843,1882.24544,1881.16488,1881.73564,100,20.0
2024.01.15 22:00,1881.15629,1881.23731,1879.90084,1880.51349,100,20.0
2024.01.15 22:15,1880.80926,1881.02586,1880.75253,1880.82145,100,20.0
2024.01.15 22:30,1881.80625,1882.12364,1881.75487,1882.10921,100,20.0
2024.01.15 22:45,1880.94652,1881.21129,1880.93499,1881.04357,100,20.0
2024.01.15 23:00,1880.38499,1880.72755,1879.54349,1879.91880,100,20.0
2024.01.15 23:15,1879.77034,1880.01931,1878.68050,1878.72813,100,20.0
2024.01.15 23:30,1879.36742,1881.12314,1878.88011,1880.55856,100,20.0
2024.01.15 23:45,1880.55781,1880.60664,1880.52313,1880.58424,100,20.0
2024.01.16 00:00,1880.27507,1880.35251,1879.57219,1879.67434,100,20.0
2024.01.16 00:15,1879.20565,1880.63452,1879.20150,1880.37264,100,20.0
2024.01.16 00:30,1879.59375,1880.09194,1879.20979,1879.62608,100,20.0
2024.01.16 00:45,1878.76440,1879.21029,1878.44333,1879.04261,100,20.0
2024.01.16 01:00,1878.52083,1878.95723,1877.42679,1877.46837,100,20.0
2024.01.16 01:15,1877.07342,1877.10004,1876.74979,1877.08613,100,20.0
2024.01.16 01:30,1876.58750,1876.90709,1876.56322,1876.59937,100,20.0
2024.01.16 01:45,1876.69157,1876.88701,1876.56943,1876.86417,100,20.0
2024.01.16 02:00,1877.09949,1877.56213,1876.88425,1877.53963,100,20.0
2024.01.16 02:15,1877.66384,1878.42636,1877.13886,1877.32594,100,20.0
2024.01.16 02:30,1876.98525,1877.95057,1876.96579,1877.48811,100,20.0
2024.01.16 02:45,1878.27610,1878.31892,1877.42545,1878.29787,100,20.0
2024.01.16 03:00,1877.51424,1878.23237,1876.98423,1877.09638,100,20.0
2024.01.16 03:15,1876.33680,1876.74603,1876.29149,1876.61459,100,20.0
2024.01.16 03:30,1877.21627,1877.40286,1876.78842,1876.90712,100,20.0
2024.01.16 03:45,1876.97662,1877.63236,1876.71021,1877.27195,100,20.0
2024.01.16 04:00,1877.41730,1877.68580,1876.76006,1876.99257,100,20.0
2024.01.16 04:15,1876.61144,1877.05857,1875.94060,1876.82963,100,20.0
2024.01.16 04:30,1877.26173,1878.28266,1877.22933,1877.94746,100,20.0
2024.01.16 04:45,1877.60950,1877.87267,1876.89156,1877.82035,100,20.0
2024.01.16 05:00,1878.75744,1878.96190,1878.66889,1878.93865,100,20.0
2024.01.16 05:15,1879.51321,1880.56367,1878.81213,1880.05203,100,20.0
2024.01.16 05:30,1879.84789,1879.91476,1878.57459,1879.07876,100,20.0
2024.01.16 05:45,1879.40118,1879.90177,1878.96368,1879.32056,100,20.0
2024.01.16 06:00,1879.19200,1879.68208,1878.34030,1878.74581,100,20.0
2024.01.16 06:15,1878.90188,1879.17573,1878.71816,1879.08976,100,20.0
2024.01.16 06:30,1879.35556,1879.92188,1879.04121,1879.84610,100,20.0
2024.01.16 06:45,1879.20138,1879.90423,1878.96753,1879.02701,100,20.0
2024.01.16 07:00,1878.80471,1879.07646,1878.57676,1878.65264,100,20.0
2024.01.16 07:15,1878.47080,1878.50109,1877.54221,1878.02121,100,20.0
2024.01.16 07:30,1878.76387,1878.79409,1877.93871,1878.41871,100,20.0
2024.01.16 07:45,1878.39422,1878.46777,1877.85600,1877.89049,100,20.0
2024.01.16 08:00,1877.97963,1878.97832,1877.45201,1878.69671,100,20.0
2024.01.16 08:15,1878.81482,1879.30588,1878.01094,1878.04804,100,20.0
2024.01.16 08:30,1878.40157,1878.50032,1877.37138,1877.54534,100,20.0
2024.01.16 08:45,1877.27759,1877.48167,1876.99335,1877.08567,100,20.0
2024.01.16 09:00,1877.48735,1878.03535,1877.16792,1877.81747,100,20.0
2024.01.16 09:15,1877.42158,1877.61377,1877.41113,1877.46338,100,20.0
2024.01.16 09:30,1877.23718,1877.90452,1876.90916,1877.89425,100,20.0
2024.01.16 09:45,1878.41260,1878.93994,1877.66426,1877.69582,100,20.0
2024.01.16 10:00,1877.35602,1878.09167,1877.33126,1877.54295,100,20.0
2024.01.16 10:15,1878.29696,1879.20371,1877.58422,1877.93396,100,20.0
2024.01.16 10:30,1876.83047,1877.35584,1876.10439,1876.42200,100,20.0
2024.01.16 10:45,1875.88404,1876.19020,1875.16237,1875.59282,100,20.0
2024.01.16 11:00,1876.90950,1877.06819,1876.34318,1876.61436,100,20.0
2024.01.16 11:15,1876.53700,1876.69248,1876.15556,1876.58217,100,20.0
2024.01.16 11:30,1876.32326,1877.12144,1875.71993,1876.74786,100,20.0
2024.01.16 11:45,1875.96817,1876.17053,1875.59229,1875.99448,100,20.0
2024.01.16 12:00,1876.62412,1877.02664,1876.00901,1876.77949,100,20.0
2024.01.16 12:15,1876.79725,1877.06581,1876.15881,1876.23549,100,20.0
2024.01.16 12:30,1876.24922,1877.03675,1875.47764,1875.83037,100,20.0
2024.01.16 12:45,1875.42125,1875.79785,1875.00238,1875.30543,100,20.0
2024.01.16 13:00,1876.70326,1877.67154,1876.20047,1877.49958,100,20.0
2024.01.16 13:15,1877.74350,1878.87802,1877.62735,1878.18974,100,20.0
2024.01.16 13:30,1879.00612,1879.06766,1877.88767,1877.95240,100,20.0
2024.01.16 13:45,1877.56888,1877.77835,1876.91756,1877.18678,100,20.0
2024.01.16 14:00,1877.56487,1877.61517,1877.04116,1877.23715,100,20.0
2024.01.16 14:15,1876.63769,1876.85484,1876.07750,1876.52969,100,20.0
2024.01.16 14:30,1875.60511,1876.60686,1875.51937,1876.43092,100,20.0
2024.01.16 14:45,1875.24746,1875.26978,1874.14998,1874.34559,100,20.0
2024.01.16 15:00,1875.61358,1876.18731,1875.45276,1875.99353,100,20.0
2024.01.16 15:15,1876.27581,1876.39769,1875.38093,1875.69115,100,20.0
2024.01.16 15:30,1875.12480,1875.41949,1874.41201,1874.94306,100,20.0
2024.01.16 15:45,1874.87821,1875.08416,1874.77426,1874.89427,100,20.0
2024.01.16 16:00,1873.76110,1874.47984,1873.13512,1874.09561,100,20.0
2024.01.16 16:15,1874.34209,1874.47528,1872.98585,1873.51701,100,20.0
2024.01.16 16:30,1872.98406,1873.49650,1872.34719,1872.55382,100,20.0
2024.01.16 16:45,1872.89351,1873.77709,1872.57887,1873.14131,100,20.0
2024.01.16 17:00,1872.98337,1873.47200,1871.96163,1872.57480,100,20.0
2024.01.16 17:15,1872.27319,1873.65953,1871.94944,1872.89804,100,20.0
2024.01.16 17:30,1872.37709,1872.76003,1871.46764,1871.59746,100,20.0
2024.01.16 17:45,1871.47877,1872.04558,1871.04530,1872.03711,100,20.0
2024.01.16 18:00,1871.71089,1872.59586,1871.55532,1872.15885,100,20.0
2024.01.16 18:15,1871.75606,1872.56111,1870.57547,1870.93325,100,20.0
2024.01.16 18:30,1871.49883,1872.26185,1871.03707,1872.10491,100,20.0
2024.01.16 18:45,1871.81990,1872.75197,1871.78096,1872.42939,100,20.0
2024.01.16 19:00,1872.25674,1873.53750,1872.17400,1873.34865,100,20.0
2024.01.16 19:15,1873.06272,1873.64785,1872.59687,1873.02209,100,20.0
2024.01.16 19:30,1872.79165,1873.26882,1872.56377,1873.05769,100,20.0
2024.01.16 19:45,1872.19508,1872.91152,1872.18667,1872.54923,100,20.0
2024.01.16 20:00,1872.36524,1873.36349,1872.08797,1872.55681,100,20.0
2024.01.16 20:15,1873.25294,1874.00888,1872.94450,1873.65452,100,20.0
2024.01.16 20:30,1874.05813,1874.77775,1874.03011,1874.41989,100,20.0
2024.01.16 20:45,1874.28040,1874.88525,1874.19279,1874.83667,100,20.0
2024.01.16 21:00,1873.89300,1874.68986,1873.34207,1874.41993,100,20.0
2024.01.16 21:15,1874.74048,1875.77471,1874.38320,1875.43173,100,20.0
2024.01.16 21:30,1875.50740,1876.94770,1875.49000,1876.61959,100,20.0
2024.01.16 21:45,1875.91173,1876.08283,1874.70347,1875.10751,100,20.0
2024.01.16 22:00,1874.68707,1874.82518,1873.98734,1874.34145,100,20.0
2024.01.16 22:15,1873.96031,1874.45299,1873.48694,1874.05200,100,20.0
2024.01.16 22:30,1875.55888,1876.07171,1875.12883,1875.90864,100,20.0
2024.01.16 22:45,1876.60158,1876.64213,1875.64575,1875.78745,100,20.0
2024.01.16 23:00,1876.85110,1878.14109,1876.25856,1877.35629,100,20.0
2024.01.16 23:15,1877.15633,1877.19160,1876.55433,1876.92489,100,20.0
2024.01.16 23:30,1876.91890,1876.93926,1876.71150,1876.79803,100,20.0
2024.01.16 23:45,1876.25811,1876.93858,1875.72553,1876.29000,100,20.0
2024.01.17 00:00,1877.06324,1877.26840,1876.77058,1877.03832,100,20.0
2024.01.17 00:15,1876.69905,1877.77300,1876.22258,1877.62722,100,20.0
2024.01.17 00:30,1876.41545,1877.87562,1875.64597,1877.62501,100,20.0
2024.01.17 00:45,1878.10701,1878.54216,1877.77123,1877.89714,100,20.0
2024.01.17 01:00,1876.83326,1877.55529,1876.58998,1877.20241,100,20.0
2024.01.17 01:15,1877.02882,1877.03359,1876.62831,1876.78343,100,20.0
2024.01.17 01:30,1876.83598,1876.84095,1876.11745,1876.60110,100,20.0
2024.01.17 01:45,1876.47932,1876.66934,1876.06193,1876.13688,100,20.0
2024.01.17 02:00,1876.93354,1877.10506,1876.27342,1876.37121,100,20.0
2024.01.17 02:15,1876.17729,1876.71997,1875.61536,1875.70724,100,20.0
2024.01.17 02:30,1875.58532,1875.91006,1874.84473,1874.94416,100,20.0
2024.01.17 02:45,1875.45085,1875.45785,1874.78074,1874.92806,100,20.0
2024.01.17 03:00,1875.45294,1875.49276,1874.82205,1875.15154,100,20.0
2024.01.17 03:15,1874.72810,1874.92115,1874.40223,1874.89182,100,20.0
2024.01.17 03:30,1875.49579,1876.17263,1874.86300,1875.02528,100,20.0
2024.01.17 03:45,1876.04371,1876.29657,1875.67110,1875.78403,100,20.0
2024.01.17 04:00,1876.35418,1876.94915,1875.91470,1876.81674,100,20.0
2024.01.17 04:15,1876.21915,1876.52654,1875.77864,1875.86279,100,20.0
2024.01.17 04:30,1875.60799,1876.64495,1874.98562,1876.62288,100,20.0
2024.01.17 04:45,1876.60053,1877.24514,1876.49078,1876.64187,100,20.0
2024.01.17 05:00,1875.98475,1876.23284,1875.17897,1875.26329,100,20.0
2024.01.17 05:15,1874.85591,1875.81858,1874.51418,1874.54526,100,20.0
2024.01.17 05:30,1875.03091,1875.15742,1873.92402,1874.75084,100,20.0
2024.01.17 05:45,1874.18402,1874.49283,1873.96009,1874.29049,100,20.0
2024.01.17 06:00,1874.41269,1875.12935,1874.24582,1874.77650,100,20.0
2024.01.17 06:15,1875.07683,1875.79570,1874.58510,1875.64486,100,20.0
2024.01.17 06:30,1875.48196,1875.69784,1875.06473,1875.59387,100,20.0
2024.01.17 06:45,1874.92881,1875.61022,1874.78920,1874.82853,100,20.0
2024.01.17 07:00,1874.71370,1875.15682,1874.64171,1875.08869,100,20.0
2024.01.17 07:15,1875.16289,1875.79291,1873.48555,1874.32940,100,20.0
2024.01.17 07:30,1873.73333,1874.15146,1873.60265,1874.09756,100,20.0
2024.01.17 07:45,1874.04345,1875.61784,1873.98719,1875.57107,100,20.0
2024.01.17 08:00,1875.75572,1876.01160,1874.94712,1875.15177,100,20.0
2024.01.17 08:15,1875.06559,1875.35565,1875.04195,1875.12824,100,20.0
2024.01.17 08:30,1875.06182,1875.41270,1874.39993,1875.02535,100,20.0
2024.01.17 08:45,1875.52305,1876.18211,1875.37682,1875.71055,100,20.0
2024.01.17 09:00,1875.05712,1875.14639,1874.57803,1874.73706,100,20.0
2024.01.17 09:15,1874.10971,1874.37578,1873.14947,1873.22934,100,20.0
2024.01.17 09:30,1873.10880,1873.52831,1872.67181,1873.25107,100,20.0
2024.01.17 09:45,1872.72075,1873.53560,1871.88335,1873.39886,100,20.0
2024.01.17 10:00,1872.87051,1873.17257,1871.86989,1872.31416,100,20.0
2024.01.17 10:15,1871.89925,1872.23041,1871.77961,1872.07285,100,20.0
2024.01.17 10:30,1871.28211,1871.52892,1870.39685,1870.76682,100,20.0
2024.01.17 10:45,1870.88970,1871.03584,1870.74660,1870.83984,100,20.0
2024.01.17 11:00,1871.27026,1871.68911,1871.00618,1871.14534,100,20.0
2024.01.17 11:15,1871.51257,1872.29557,1871.37001,1872.05973,100,20.0
2024.01.17 11:30,1870.78028,1871.15561,1870.15450,1870.59120,100,20.0
2024.01.17 11:45,1870.16196,1871.28942,1870.11174,1871.02061,100,20.0
2024.01.17 12:00,1870.77142,1871.28962,1869.42944,1870.19459,100,20.0
2024.01.17 12:15,1869.01121,1869.34455,1868.79339,1868.86499,100,20.0
2024.01.17 12:30,1869.96778,1870.02950,1869.75709,1869.97844,100,20.0
2024.01.17 12:45,1869.68117,1869.76174,1869.17468,1869.32078,100,20.0
2024.01.17 13:00,1869.80076,1870.44683,1869.62469,1870.42201,100,20.0
2024.01.17 13:15,1870.15343,1870.97770,1870.02870,1870.35709,100,20.0
2024.01.17 13:30,1870.08471,1870.42058,1869.90216,1870.38378,100,20.0
2024.01.17 13:45,1869.87246,1871.20070,1869.00772,1870.70056,100,20.0
2024.01.17 14:00,1870.71064,1870.98121,1870.26064,1870.57151,100,20.0
2024.01.17 14:15,1870.46579,1871.25584,1870.16939,1870.67380,100,20.0
2024.01.17 14:30,1870.18479,1870.57576,1869.16212,1869.79979,100,20.0
2024.01.17 14:45,1869.81263,1869.93043,1869.16580,1869.70649,100,20.0
2024.01.17 15:00,1869.65338,1870.43013,1869.24525,1870.14561,100,20.0
2024.01.17 15:15,1870.13549,1870.45187,1869.70222,1869.91350,100,20.0
2024.01.17 15:30,1870.65768,1870.92171,1870.62840,1870.79146,100,20.0
2024.01.17 15:45,1870.02299,1871.29150,1869.71664,1870.49053,100,20.0
2024.01.17 16:00,1870.82343,1871.31700,1870.62630,1870.69387,100,20.0
2024.01.17 16:15,1869.93919,1870.34590,1869.85572,1870.32831,100,20.0
2024.01.17 16:30,1870.66279,1871.02993,1870.46635,1870.72827,100,20.0
2024.01.17 16:45,1871.10848,1871.71433,1871.01775,1871.19097,100,20.0
2024.01.17 17:00,1871.32132,1871.60702,1870.94859,1871.21555,100,20.0
2024.01.17 17:15,1870.58315,1871.20165,1870.01325,1870.19930,100,20.0
2024.01.17 17:30,1870.12851,1870.44136,1869.80256,1869.91332,100,20.0
2024.01.17 17:45,1869.95377,1870.26091,1869.76306,1869.89821,100,20.0
2024.01.17 18:00,1869.93883,1870.70599,1869.75095,1870.24464,100,20.0
2024.01.17 18:15,1871.02733,1872.06121,1870.91088,1871.72797,100,20.0
2024.01.17 18:30,1871.46677,1871.63202,1870.52442,1870.94729,100,20.0
2024.01.17 18:45,1870.30734,1870.53104,1870.00281,1870.31454,100,20.0
2024.01.17 19:00,1870.46800,1870.67284,1869.47746,1869.87881,100,20.0
2024.01.17 19:15,1869.82465,1870.20054,1869.42010,1869.99662,100,20.0
2024.01.17 19:30,1869.01716,1869.75625,1868.33862,1869.47400,100,20.0
2024.01.17 19:45,1868.69438,1869.08536,1868.52662,1868.96084,100,20.0
2024.01.17 20:00,1869.40722,1869.96411,1869.27100,1869.79232,100,20.0
2024.01.17 20:15,1869.80783,1870.94631,1869.64035,1870.47106,100,20.0
2024.01.17 20:30,1869.44261,1869.79020,1868.68892,1869.17442,100,20.0
2024.01.17 20:45,1869.54125,1870.64523,1869.53663,1869.91176,100,20.0
2024.01.17 21:00,1871.27470,1871.54040,1870.82372,1871.11682,100,20.0
2024.01.17 21:15,1871.41152,1871.53548,1871.03543,1871.07180,100,20.0
2024.01.17 21:30,1871.02106,1872.34043,1870.50932,1871.56949,100,20.0
2024.01.17 21:45,1870.86068,1870.89006,1870.50288,1870.85677,100,20.0
2024.01.17 22:00,1870.11746,1871.49926,1869.41594,1870.87193,100,20.0
2024.01.17 22:15,1871.24511,1872.33116,1871.02243,1872.24921,100,20.0
2024.01.17 22:30,1871.70507,1871.82812,1871.28410,1871.39880,100,20.0
2024.01.17 22:45,1871.72001,1871.97329,1871.29405,1871.78145,100,20.0
2024.01.17 23:00,1871.20337,1871.93340,1870.92339,1871.13757,100,20.0
2024.01.17 23:15,1871.86321,1872.10506,1871.34771,1871.53256,100,20.0
2024.01.17 23:30,1872.46565,1872.89775,1872.06037,1872.21123,100,20.0
2024.01.17 23:45,1871.50695,1871.91118,1871.41315,1871.89238,100,20.0
2024.01.18 00:00,1872.55672,1873.51480,1872.44119,1873.50943,100,20.0
2024.01.18 00:15,1873.00268,1874.02633,1872.46628,1873.60364,100,20.0
2024.01.18 00:30,1873.63787,1874.41997,1873.46311,1874.37869,100,20.0
2024.01.18 00:45,1874.72523,1875.32887,1874.72304,1875.17320,100,20.0
2024.01.18 01:00,1874.96743,1876.14901,1874.42756,1876.10888,100,20.0
2024.01.18 01:15,1875.74634,1877.40936,1875.25449,1876.41135,100,20.0
2024.01.18 01:30,1876.87008,1877.24676,1875.44368,1876.28737,100,20.0
2024.01.18 01:45,1877.10660,1877.14505,1876.38743,1876.67806,100,20.0
2024.01.18 02:00,1876.78019,1876.79235,1875.82936,1876.78192,100,20.0
2024.01.18 02:15,1877.30239,1877.41160,1876.93393,1877.37293,100,20.0
2024.01.18 02:30,1877.40826,1878.29773,1877.23546,1878.05743,100,20.0
2024.01.18 02:45,1877.19680,1877.45209,1876.43417,1876.43553,100,20.0
2024.01.18 03:00,1875.83009,1876.43983,1875.76799,1876.21531,100,20.0
2024.01.18 03:15,1875.56857,1876.65004,1875.15016,1876.35954,100,20.0
2024.01.18 03:30,1876.62241,1877.48223,1876.42564,1877.34523,100,20.0
2024.01.18 03:45,1878.07174,1878.18263,1877.94669,1878.06829,100,20.0
2024.01.18 04:00,1878.31865,1878.76308,1878.20306,1878.40807,100,20.0
2024.01.18 04:15,1878.29955,1878.45369,1876.97440,1877.50114,100,20.0
2024.01.18 04:30,1877.30514,1878.40521,1877.21405,1878.03992,100,20.0
2024.01.18 04:45,1878.27238,1878.38911,1877.17562,1877.46623,100,20.0
2024.01.18 05:00,1876.32364,1876.75744,1875.63953,1876.39014,100,20.0
2024.01.18 05:15,1875.30350,1875.97144,1874.75261,1874.81218,100,20.0
2024.01.18 05:30,1874.01755,1874.08750,1873.59611,1873.84344,100,20.0
2024.01.18 05:45,1873.65844,1874.83309,1873.63599,1874.50148,100,20.0
2024.01.18 06:00,1874.86390,1874.86632,1874.81381,1874.85391,100,20.0
2024.01.18 06:15,1875.18934,1875.38147,1874.61797,1875.31386,100,20.0
2024.01.18 06:30,1875.03960,1875.21650,1874.02667,1874.20164,100,20.0
2024.01.18 06:45,1874.58037,1874.63363,1874.39704,1874.61082,100,20.0
2024.01.18 07:00,1874.15801,1874.93326,1873.91349,1874.83113,100,20.0
2024.01.18 07:15,1873.93527,1874.05141,1873.35270,1873.51040,100,20.0
2024.01.18 07:30,1873.76689,1873.77663,1873.34102,1873.65604,100,20.0
2024.01.18 07:45,1872.82805,1873.49936,1872.39706,1872.78010,100,20.0
2024.01.18 08:00,1872.66398,1872.94903,1872.13717,1872.78159,100,20.0
2024.01.18 08:15,1871.64876,1871.88591,1871.26875,1871.47112,100,20.0
2024.01.18 08:30,1871.91752,1872.03484,1871.79900,1871.88328,100,20.0
2024.01.18 08:45,1871.26383,1871.58268,1870.48213,1870.87857,100,20.0
2024.01.18 09:00,1871.21996,1871.91891,1871.02364,1871.19822,100,20.0
2024.01.18 09:15,1870.33007,1870.66829,1869.40862,1870.25003,100,20.0
2024.01.18 09:30,1869.94294,1870.30513,1869.59284,1869.94652,100,20.0
2024.01.18 09:45,1869.81875,1869.97496,1869.80785,1869.89478,100,20.0
2024.01.18 10:00,1869.87720,1870.41037,1869.44827,1870.26165,100,20.0
2024.01.18 10:15,1870.52775,1871.29044,1870.15925,1870.26012,100,20.0
2024.01.18 10:30,1870.17206,1870.83197,1870.08547,1870.30463,100,20.0
2024.01.18 10:45,1870.40151,1870.57847,1869.38851,1869.55648,100,20.0
2024.01.18 11:00,1868.45312,1868.93419,1867.93343,1868.02758,100,20.0
2024.01.18 11:15,1868.95907,1869.07062,1868.36096,1868.59253,100,20.0
2024.01.18 11:30,1867.99983,1869.25117,1867.60832,1868.74933,100,20.0
2024.01.18 11:45,1867.92694,1868.35449,1867.72531,1868.18492,100,20.0
2024.01.18 12:00,1867.99762,1869.59729,1867.82808,1868.99512,100,20.0
2024.01.18 12:15,1867.99339,1868.23176,1867.59528,1867.77020,100,20.0
2024.01.18 12:30,1868.36760,1868.55821,1867.62508,1867.91526,100,20.0
2024.01.18 12:45,1867.97281,1868.31421,1867.72538,1868.20642,100,20.0
2024.01.18 13:00,1867.33163,1867.59112,1867.22320,1867.22332,100,20.0
2024.01.18 13:15,1866.95678,1867.54403,1866.29676,1867.32683,100,20.0
2024.01.18 13:30,1867.28530,1867.54636,1866.74360,1867.16233,100,20.0
2024.01.18 13:45,1867.70484,1867.73881,1867.35103,1867.47279,100,20.0
2024.01.18 14:00,1867.54038,1868.38415,1867.41845,1868.29030,100,20.0
2024.01.18 14:15,1868.37702,1868.44739,1867.74254,1868.26289,100,20.0
2024.01.18 14:30,1868.23676,1868.78913,1868.15266,1868.45984,100,20.0
2024.01.18 14:45,1867.86654,1868.95409,1867.50358,1868.73694,100,20.0
2024.01.18 15:00,1868.55556,1869.13046,1867.39380,1867.61718,100,20.0
2024.01.18 15:15,1868.03044,1868.24656,1866.86559,1867.55062,100,20.0
2024.01.18 15:30,1867.65239,1867.67303,1867.27264,1867.31312,100,20.0
2024.01.18 15:45,1868.65842,1868.87982,1868.12608,1868.32466,100,20.0
2024.01.18 16:00,1868.18277,1868.23469,1867.19767,1867.55354,100,20.0
2024.01.18 16:15,1867.74578,1869.17690,1866.79063,1868.44122,100,20.0
2024.01.18 16:30,1868.78202,1869.08199,1868.49245,1868.98690,100,20.0
2024.01.18 16:45,1868.64596,1868.89617,1866.99988,1867.49116,100,20.0
2024.01.18 17:00,1866.61202,1868.35407,1866.44640,1867.18998,100,20.0
2024.01.18 17:15,1866.15748,1866.65776,1865.12499,1865.92881,100,20.0
2024.01.18 17:30,1865.73888,1866.83782,1865.72668,1866.39999,100,20.0
2024.01.18 17:45,1864.54769,1864.70408,1864.11344,1864.39954,100,20.0
2024.01.18 18:00,1863.99008,1864.06884,1862.94987,1863.11435,100,20.0
2024.01.18 18:15,1862.90358,1863.51779,1862.56969,1863.34313,100,20.0
2024.01.18 18:30,1864.21338,1864.45263,1864.14948,1864.40529,100,20.0
2024.01.18 18:45,1864.53720,1865.14585,1864.29888,1865.00735,100,20.0
2024.01.18 19:00,1865.12351,1865.63366,1864.61771,1864.71931,100,20.0
2024.01.18 19:15,1865.39598,1865.53310,1863.91499,1864.45938,100,20.0
2024.01.18 19:30,1864.26796,1864.85921,1864.18959,1864.44715,100,20.0
2024.01.18 19:45,1863.04390,1863.43293,1862.77704,1863.43087,100,20.0
2024.01.18 20:00,1863.74625,1864.37408,1863.41898,1864.22965,100,20.0
2024.01.18 20:15,1865.26839,1865.35455,1865.14124,1865.31066,100,20.0
2024.01.18 20:30,1865.74614,1866.90144,1865.71462,1866.60506,100,20.0
2024.01.18 20:45,1867.35349,1868.85067,1867.17913,1868.17559,100,20.0
2024.01.18 21:00,1868.98509,1869.48904,1868.90181,1869.40664,100,20.0
2024.01.18 21:15,1870.49673,1871.52391,1870.21772,1870.30625,100,20.0
2024.01.18 21:30,1869.87666,1870.49301,1869.67034,1869.76282,100,20.0
2024.01.18 21:45,1870.29347,1870.73083,1870.17022,1870.45637,100,20.0
2024.01.18 22:00,1869.83870,1871.07490,1869.19707,1870.57018,100,20.0
2024.01.18 22:15,1869.64752,1870.40052,1869.21375,1870.19687,100,20.0
2024.01.18 22:30,1869.33377,1870.50447,1868.92424,1869.88200,100,20.0
2024.01.18 22:45,1869.99704,1870.18769,1868.90710,1869.14540,100,20.0
2024.01.18 23:00,1870.04935,1870.76601,1870.01251,1870.28052,100,20.0
2024.01.18 23:15,1870.41840,1871.34427,1869.54370,1869.68197,100,20.0
2024.01.18 23:30,1869.64882,1869.74874,1869.14120,1869.22456,100,20.0
2024.01.18 23:45,1869.18782,1869.23075,1868.82023,1868.97302,100,20.0
2024.01.19 00:00,1868.24775,1868.39591,1867.61255,1868.11647,100,20.0
2024.01.19 00:15,1868.65318,1869.30377,1868.20401,1869.02199,100,20.0
2024.01.19 00:30,1869.50218,1869.57064,1869.42253,1869.44192,100,20.0
2024.01.19 00:45,1869.45863,1869.54506,1869.09673,1869.35119,100,20.0
2024.01.19 01:00,1868.41108,1869.07459,1868.12250,1868.70925,100,20.0
2024.01.19 01:15,1868.89077,1869.33935,1868.29501,1868.53242,100,20.0
2024.01.19 01:30,1867.69464,1867.93953,1867.66348,1867.70740,100,20.0
2024.01.19 01:45,1867.33948,1868.41604,1866.90647,1868.01319,100,20.0
2024.01.19 02:00,1867.13323,1868.02515,1867.10879,1867.62080,100,20.0
2024.01.19 02:15,1867.63427,1868.33652,1867.54535,1868.15921,100,20.0
2024.01.19 02:30,1867.76435,1869.03362,1867.50199,1868.82485,100,20.0
2024.01.19 02:45,1869.40150,1869.60656,1869.01762,1869.09536,100,20.0
2024.01.19 03:00,1868.94960,1869.56584,1868.13569,1869.36056,100,20.0
2024.01.19 03:15,1867.72649,1868.09450,1867.61663,1867.89063,100,20.0
2024.01.19 03:30,1868.26466,1868.28649,1867.18633,1867.37789,100,20.0
2024.01.19 03:45,1867.21653,1867.97691,1867.03788,1867.72178,100,20.0
2024.01.19 04:00,1868.64291,1868.75487,1868.03748,1868.03861,100,20.0
2024.01.19 04:15,1867.38124,1868.22284,1867.22443,1867.94333,100,20.0
2024.01.19 04:30,1868.01718,1869.05992,1867.96487,1868.79380,100,20.0
2024.01.19 04:45,1868.06581,1868.77477,1867.39612,1868.44237,100,20.0
2024.01.19 05:00,1868.94758,1869.19485,1868.66055,1868.96408,100,20.0
2024.01.19 05:15,1869.53642,1870.64488,1869.25870,1870.60565,100,20.0
2024.01.19 05:30,1870.40710,1870.84495,1870.38189,1870.39705,100,20.0
2024.01.19 05:45,1870.19701,1870.50291,1869.71512,1869.95005,100,20.0
2024.01.19 06:00,1869.91409,1870.23425,1869.81702,1870.20373,100,20.0
2024.01.19 06:15,1870.55047,1870.69159,1870.28562,1870.41896,100,20.0
2024.01.19 06:30,1869.22404,1869.47808,1868.83759,1869.32696,100,20.0
2024.01.19 06:45,1868.67522,1869.83544,1868.34370,1869.55955,100,20.0
2024.01.19 07:00,1870.06909,1870.43968,1869.07110,1869.63195,100,20.0
2024.01.19 07:15,1869.66306,1870.13072,1869.41362,1869.97137,100,20.0
2024.01.19 07:30,1868.49367,1869.09914,1868.06253,1868.18469,100,20.0
2024.01.19 07:45,1867.85936,1869.02110,1867.81912,1868.69579,100,20.0
2024.01.19 08:00,1868.67678,1869.01894,1868.51257,1868.60878,100,20.0
2024.01.19 08:15,1868.42154,1868.48079,1868.18678,1868.26762,100,20.0
2024.01.19 08:30,1868.88716,1869.27519,1868.70493,1868.75377,100,20.0
2024.01.19 08:45,1868.54111,1869.33544,1868.15543,1869.10385,100,20.0
2024.01.19 09:00,1869.64176,1869.94564,1868.68533,1869.43079,100,20.0
2024.01.19 09:15,1869.06584,1869.53640,1868.37823,1869.37112,100,20.0
2024.01.19 09:30,1869.06067,1869.44946,1868.13413,1868.50274,100,20.0
2024.01.19 09:45,1868.58481,1868.72534,1868.50986,1868.60529,100,20.0
2024.01.19 10:00,1867.27157,1867.69030,1866.97835,1867.35673,100,20.0
2024.01.19 10:15,1868.05648,1868.20145,1867.65935,1867.98166,100,20.0
2024.01.19 10:30,1867.03932,1867.54288,1866.34496,1866.63437,100,20.0
2024.01.19 10:45,1867.36958,1867.75481,1866.44681,1866.69186,100,20.0
2024.01.19 11:00,1865.63604,1865.74425,1865.32407,1865.34976,100,20.0
2024.01.19 11:15,1863.94268,1864.21197,1863.43902,1863.98575,100,20.0
2024.01.19 11:30,1862.84188,1863.58837,1861.76282,1862.26058,100,20.0
2024.01.19 11:45,1862.77037,1862.84422,1861.81453,1862.30121,100,20.0
2024.01.19 12:00,1863.11524,1863.36535,1862.83130,1863.03034,100,20.0
2024.01.19 12:15,1864.70296,1865.37990,1864.24071,1865.22962,100,20.0
2024.01.19 12:30,1865.71027,1865.92851,1865.35700,1865.40973,100,20.0
2024.01.19 12:45,1865.16036,1865.70973,1865.06758,1865.56744,100,20.0
2024.01.19 13:00,1864.05961,1864.24983,1862.67051,1862.92884,100,20.0
2024.01.19 13:15,1863.58560,1863.78135,1862.51683,1862.88345,100,20.0
2024.01.19 13:30,1863.54845,1863.92581,1862.83595,1862.89786,100,20.0
2024.01.19 13:45,1862.80595,1863.17590,1861.94858,1862.42851,100,20.0
2024.01.19 14:00,1862.32773,1862.89124,1862.16045,1862.31783,100,20.0
2024.01.19 14:15,1862.16090,1862.77946,1862.05513,1862.45829,100,20.0
2024.01.19 14:30,1862.53920,1863.03514,1862.43603,1862.71897,100,20.0
2024.01.19 14:45,1863.03937,1863.30650,1862.52498,1863.26383,100,20.0
2024.01.19 15:00,1862.95548,1863.17697,1862.86266,1863.03404,100,20.0
2024.01.19 15:15,1862.93893,1863.50267,1862.08989,1863.41736,100,20.0
2024.01.19 15:30,1863.91869,1864.04023,1863.52823,1863.94656,100,20.0
2024.01.19 15:45,1863.32301,1863.45852,1862.77703,1862.95827,100,20.0
2024.01.19 16:00,1863.24951,1863.61116,1861.87126,1862.30471,100,20.0
2024.01.19 16:15,1862.37289,1862.43921,1861.37487,1862.24245,100,20.0
2024.01.19 16:30,1861.33590,1861.77614,1860.78549,1861.76427,100,20.0
2024.01.19 16:45,1861.07281,1861.50867,1860.38839,1861.05360,100,20.0
2024.01.19 17:00,1860.66301,1860.75665,1860.62459,1860.67209,100,20.0
2024.01.19 17:15,1860.90654,1861.15183,1860.08158,1860.13552,100,20.0
2024.01.19 17:30,1859.87001,1859.98429,1858.95384,1859.36481,100,20.0
2024.01.19 17:45,1858.77055,1859.13725,1858.48818,1858.72311,100,20.0
2024.01.19 18:00,1858.06162,1858.16770,1857.64966,1857.87334,100,20.0
2024.01.19 18:15,1857.69673,1857.86985,1857.29514,1857.34049,100,20.0
2024.01.19 18:30,1857.70714,1858.33728,1857.05524,1858.07824,100,20.0
2024.01.19 18:45,1856.80123,1857.79268,1856.53717,1857.15329,100,20.0
2024.01.19 19:00,1857.05172,1857.15318,1855.76863,1856.11635,100,20.0
2024.01.19 19:15,1855.60738,1856.45645,1855.50742,1855.88859,100,20.0
2024.01.19 19:30,1855.80098,1856.64922,1855.68113,1856.42130,100,20.0
2024.01.19 19:45,1855.66595,1855.74540,1855.23477,1855.23741,100,20.0
2024.01.19 20:00,1855.38337,1855.50143,1854.31728,1854.84224,100,20.0
2024.01.19 20:15,1854.76238,1855.02514,1853.70384,1854.06795,100,20.0
2024.01.19 20:30,1854.50864,1854.79655,1854.38505,1854.70462,100,20.0
2024.01.19 20:45,1854.96365,1855.57634,1853.28422,1853.47302,100,20.0
2024.01.19 21:00,1852.88079,1853.39052,1852.55489,1853.00289,100,20.0
2024.01.19 21:15,1852.97338,1853.02185,1851.94778,1852.19241,100,20.0
2024.01.19 21:30,1851.31924,1852.00657,1851.21401,1851.80813,100,20.0
2024.01.19 21:45,1852.13445,1852.65916,1851.94336,1852.12658,100,20.0
2024.01.19 22:00,1852.35131,1853.06642,1851.18992,1852.95169,100,20.0
2024.01.19 22:15,1851.94756,1852.25530,1850.83878,1850.93215,100,20.0
2024.01.19 22:30,1850.84310,1851.42834,1850.75088,1851.00102,100,20.0
2024.01.19 22:45,1851.42954,1852.38601,1851.27990,1851.95619,100,20.0
2024.01.19 23:00,1852.47322,1852.71286,1852.14145,1852.38312,100,20.0
2024.01.19 23:15,1851.37947,1851.59312,1850.29005,1851.32159,100,20.0
2024.01.19 23:30,1851.60500,1852.15897,1851.51364,1851.84871,100,20.0
2024.01.19 23:45,1851.81281,1852.95278,1851.32980,1851.84435,100,20.0
2024.01.20 00:00,1851.22364,1851.27711,1850.62535,1850.93664,100,20.0
2024.01.20 00:15,1851.09411,1851.27130,1850.97866,1851.07297,100,20.0
2024.01.20 00:30,1851.03394,1851.33363,1850.18098,1850.92590,100,20.0
2024.01.20 00:45,1850.93519,1851.30861,1849.86133,1849.99114,100,20.0
2024.01.20 01:00,1850.31694,1850.41241,1848.92833,1849.44059,100,20.0
2024.01.20 01:15,1850.37230,1850.70667,1849.90291,1849.94170,100,20.0
2024.01.20 01:30,1849.60202,1849.90765,1848.91650,1849.17343,100,20.0
2024.01.20 01:45,1848.30937,1848.64953,1847.76322,1848.06795,100,20.0
2024.01.20 02:00,1848.62528,1849.47089,1848.42152,1849.23129,100,20.0
2024.01.20 02:15,1849.22239,1849.97928,1848.91691,1849.57046,100,20.0
2024.01.20 02:30,1849.00521,1849.74443,1848.95727,1849.45644,100,20.0
2024.01.20 02:45,1849.60397,1850.27617,1849.29497,1849.86262,100,20.0
2024.01.20 03:00,1849.33982,1849.71375,1849.26298,1849.45374,100,20.0
2024.01.20 03:15,1850.43535,1850.50909,1849.67576,1850.07572,100,20.0
2024.01.20 03:30,1850.29403,1850.79351,1850.20478,1850.41929,100,20.0
2024.01.20 03:45,1850.30361,1850.61875,1849.80022,1850.41567,100,20.0
2024.01.20 04:00,1849.80512,1851.48425,1849.01919,1851.32279,100,20.0
2024.01.20 04:15,1851.95439,1852.63845,1851.52240,1852.08891,100,20.0
2024.01.20 04:30,1852.49130,1852.66763,1851.27404,1851.51923,100,20.0
2024.01.20 04:45,1851.73434,1852.58907,1851.24281,1851.99023,100,20.0
2024.01.20 05:00,1851.67390,1851.87322,1851.29791,1851.81253,100,20.0
2024.01.20 05:15,1851.22033,1851.42786,1850.33948,1850.36831,100,20.0
2024.01.20 05:30,1850.58340,1850.59066,1849.70463,1850.31826,100,20.0
2024.01.20 05:45,1850.00558,1850.20680,1849.42171,1849.49896,100,20.0
2024.01.20 06:00,1849.63883,1851.04843,1849.32800,1850.59183,100,20.0
2024.01.20 06:15,1849.37177,1849.80624,1849.04321,1849.75720,100,20.0
2024.01.20 06:30,1849.74926,1850.06252,1849.59716,1849.74131,100,20.0
2024.01.20 06:45,1849.55950,1849.84258,1849.44229,1849.58400,100,20.0
2024.01.20 07:00,1849.46838,1849.74877,1848.95596,1849.50251,100,20.0
2024.01.20 07:15,1849.68580,1850.48158,1849.51245,1849.98813,100,20.0
2024.01.20 07:30,1849.80532,1851.37652,1849.38867,1850.76853,100,20.0
2024.01.20 07:45,1851.09490,1852.38987,1851.04898,1851.93476,100,20.0
2024.01.20 08:00,1851.92391,1852.00400,1851.62176,1851.87109,100,20.0
2024.01.20 08:15,1852.73160,1853.36992,1852.31890,1852.38820,100,20.0
2024.01.20 08:30,1852.79053,1852.87780,1852.57920,1852.64099,100,20.0
2024.01.20 08:45,1852.44682,1852.84413,1851.56458,1852.84246,100,20.0
2024.01.20 09:00,1853.52441,1854.34014,1853.33143,1854.07215,100,20.0
2024.01.20 09:15,1853.97239,1854.77539,1853.93060,1854.74597,100,20.0
2024.01.20 09:30,1854.20555,1855.07138,1854.10716,1855.02139,100,20.0
2024.01.20 09:45,1854.74648,1855.30769,1854.05411,1854.34988,100,20.0
2024.01.20 10:00,1853.97140,1854.62253,1853.68510,1854.19032,100,20.0
2024.01.20 10:15,1854.33481,1855.13404,1854.25560,1855.02849,100,20.0
2024.01.20 10:30,1855.70697,1856.16748,1854.93190,1855.59041,100,20.0
2024.01.20 10:45,1854.97866,1855.44207,1854.92000,1855.13456,100,20.0
2024.01.20 11:00,1854.27985,1854.64740,1854.14262,1854.49318,100,20.0
2024.01.20 11:15,1854.70197,1855.47017,1854.28393,1855.16027,100,20.0
2024.01.20 11:30,1854.80986,1854.89357,1854.32854,1854.54868,100,20.0
2024.01.20 11:45,1854.01330,1855.67828,1853.63418,1854.91717,100,20.0
2024.01.20 12:00,1854.29467,1854.75921,1852.86445,1853.69239,100,20.0
2024.01.20 12:15,1854.69887,1855.74254,1854.54526,1855.38746,100,20.0
2024.01.20 12:30,1855.57997,1856.01991,1855.50563,1855.70859,100,20.0
2024.01.20 12:45,1855.47385,1856.35527,1855.31750,1855.86776,100,20.0
2024.01.20 13:00,1856.39971,1857.06068,1856.26602,1856.48798,100,20.0
2024.01.20 13:15,1856.36629,1856.89373,1856.22376,1856.71705,100,20.0
2024.01.20 13:30,1856.73334,1857.36883,1856.55273,1856.64409,100,20.0
2024.01.20 13:45,1857.53652,1858.29474,1857.36934,1857.52742,100,20.0
2024.01.20 14:00,1858.02991,1858.81014,1857.64728,1857.68133,100,20.0
2024.01.20 14:15,1857.74808,1858.62317,1857.62968,1858.43097,100,20.0
2024.01.20 14:30,1857.56048,1857.92310,1857.47599,1857.52406,100,20.0
2024.01.20 14:45,1857.35793,1857.85314,1856.53814,1857.48609,100,20.0
2024.01.20 15:00,1856.53586,1857.21446,1856.41456,1856.51445,100,20.0
2024.01.20 15:15,1855.57385,1856.44019,1855.14361,1855.90978,100,20.0
2024.01.20 15:30,1857.57828,1857.58691,1857.04714,1857.18164,100,20.0
2024.01.20 15:45,1857.25292,1857.51902,1856.19947,1856.28825,100,20.0
2024.01.20 16:00,1856.86890,1856.90595,1856.44394,1856.73313,100,20.0
2024.01.20 16:15,1856.25345,1856.88939,1856.22924,1856.68769,100,20.0
2024.01.20 16:30,1856.97725,1858.03140,1856.45109,1857.53495,100,20.0
2024.01.20 16:45,1857.10064,1857.17683,1856.89579,1857.15474,100,20.0
2024.01.20 17:00,1857.52438,1857.56712,1855.99880,1856.19683,100,20.0
2024.01.20 17:15,1855.16937,1855.52503,1854.45311,1855.09876,100,20.0
2024.01.20 17:30,1854.93253,1855.24535,1854.59929,1855.24247,100,20.0
2024.01.20 17:45,1854.80940,1856.11687,1854.73838,1855.26491,100,20.0
2024.01.20 18:00,1854.59743,1854.70992,1853.79135,1853.86684,100,20.0
2024.01.20 18:15,1854.01850,1854.20253,1852.91889,1853.56149,100,20.0
2024.01.20 18:30,1853.25451,1853.28405,1852.91590,1853.16783,100,20.0
2024.01.20 18:45,1853.74777,1854.23751,1853.70891,1853.95433,100,20.0
2024.01.20 19:00,1853.97847,1855.25119,1853.57150,1854.83018,100,20.0
2024.01.20 19:15,1856.01785,1856.19910,1855.80637,1855.85687,100,20.0
2024.01.20 19:30,1856.63259,1857.06763,1856.55897,1856.69422,100,20.0
2024.01.20 19:45,1856.73016,1857.85769,1856.68336,1857.51267,100,20.0
2024.01.20 20:00,1856.92204,1857.30059,1856.34397,1856.38560,100,20.0
2024.01.20 20:15,1856.04518,1856.63602,1855.47380,1855.71159,100,20.0
2024.01.20 20:30,1855.65098,1855.80692,1854.88809,1854.96984,100,20.0
2024.01.20 20:45,1855.04570,1855.40460,1854.86137,1855.14873,100,20.0
2024.01.20 21:00,1854.71380,1854.92193,1854.14628,1854.60304,100,20.0
2024.01.20 21:15,1852.96091,1852.98386,1852.40667,1852.68681,100,20.0
2024.01.20 21:30,1851.24153,1852.45919,1851.21377,1851.89188,100,20.0
2024.01.20 21:45,1850.95865,1851.10229,1850.68543,1851.00721,100,20.0
2024.01.20 22:00,1851.73814,1851.86621,1851.37048,1851.54935,100,20.0
2024.01.20 22:15,1850.90202,1851.29482,1849.15940,1849.37383,100,20.0
2024.01.20 22:30,1848.30810,1848.94734,1847.97570,1848.89548,100,20.0
2024.01.20 22:45,1849.95058,1850.50910,1849.75596,1850.01397,100,20.0
2024.01.20 23:00,1850.83877,1851.89215,1850.39972,1851.24755,100,20.0
2024.01.20 23:15,1851.29063,1851.69976,1851.09443,1851.41874,100,20.0
2024.01.20 23:30,1852.00163,1852.55831,1851.77993,1851.86638,100,20.0
2024.01.20 23:45,1853.18511,1853.90593,1852.45277,1853.68372,100,20.0
2024.01.21 00:00,1853.14557,1853.79519,1852.80444,1853.41886,100,20.0
2024.01.21 00:15,1853.10062,1853.34828,1852.91772,1853.23206,100,20.0
2024.01.21 00:30,1853.59769,1854.21227,1853.44596,1853.98807,100,20.0
2024.01.21 00:45,1854.42071,1854.96138,1853.98327,1854.58292,100,20.0
2024.01.21 01:00,1854.60867,1854.89010,1854.57720,1854.80684,100,20.0
2024.01.21 01:15,1854.75217,1855.07019,1854.43706,1854.63107,100,20.0
2024.01.21 01:30,1854.83919,1855.18738,1853.85077,1853.94068,100,20.0
2024.01.21 01:45,1854.31453,1855.02310,1854.11977,1854.61446,100,20.0
2024.01.21 02:00,1855.68905,1856.20964,1855.59197,1855.72119,100,20.0
2024.01.21 02:15,1854.74960,1855.52468,1854.66251,1854.66827,100,20.0
2024.01.21 02:30,1854.76585,1854.86971,1853.97340,1854.37647,100,20.0
2024.01.21 02:45,1854.28198,1854.50081,1853.76620,1853.97191,100,20.0
2024.01.21 03:00,1854.00163,1854.39284,1853.36784,1853.64376,100,20.0
2024.01.21 03:15,1854.59355,1855.24300,1853.58411,1853.62787,100,20.0
2024.01.21 03:30,1854.29156,1855.09850,1853.15616,1853.42940,100,20.0
2024.01.21 03:45,1853.84402,1855.62489,1853.46573,1855.38197,100,20.0
2024.01.21 04:00,1855.47758,1855.84649,1855.20011,1855.83919,100,20.0
2024.01.21 04:15,1854.92625,1855.06644,1854.89132,1854.99679,100,20.0
2024.01.21 04:30,1854.65517,1855.87121,1854.42267,1855.42321,100,20.0
2024.01.21 04:45,1856.09730,1856.30806,1855.50482,1856.25873,100,20.0
2024.01.21 05:00,1857.10522,1857.41265,1857.04207,1857.39319,100,20.0
2024.01.21 05:15,1858.11040,1858.31206,1857.85866,1858.04439,100,20.0
2024.01.21 05:30,1857.50683,1858.68524,1857.44722,1858.08887,100,20.0
2024.01.21 05:45,1857.48148,1857.99287,1857.14613,1857.65912,100,20.0
2024.01.21 06:00,1858.16584,1859.65373,1858.01024,1859.15842,100,20.0
2024.01.21 06:15,1858.25329,1858.25815,1857.78148,1858.00519,100,20.0
2024.01.21 06:30,1858.03437,1859.02909,1856.87521,1857.25700,100,20.0
2024.01.21 06:45,1856.92946,1857.50087,1856.89270,1857.14478,100,20.0
2024.01.21 07:00,1856.91280,1857.64992,1856.12756,1856.22192,100,20.0
2024.01.21 07:15,1856.52857,1857.66232,1856.43987,1856.93215,100,20.0
2024.01.21 07:30,1855.68478,1856.34992,1855.47782,1855.92481,100,20.0
2024.01.21 07:45,1855.31451,1856.04311,1854.70570,1854.91880,100,20.0
2024.01.21 08:00,1856.00858,1856.10385,1855.66036,1855.74556,100,20.0
2024.01.21 08:15,1855.73077,1856.31027,1855.40019,1855.71057,100,20.0
2024.01.21 08:30,1856.20510,1856.24606,1855.33627,1855.39131,100,20.0
2024.01.21 08:45,1855.03336,1855.77491,1854.74359,1854.94185,100,20.0
2024.01.21 09:00,1854.92706,1854.95864,1853.31801,1853.71636,100,20.0
2024.01.21 09:15,1854.31572,1855.64201,1854.13068,1855.59296,100,20.0
2024.01.21 09:30,1856.52912,1857.36916,1856.29326,1857.03230,100,20.0
2024.01.21 09:45,1856.83500,1857.78587,1856.27112,1857.48409,100,20.0
2024.01.21 10:00,1857.52003,1857.86609,1856.63810,1856.74786,100,20.0
2024.01.21 10:15,1856.63050,1857.17667,1856.24983,1856.98918,100,20.0
2024.01.21 10:30,1856.98703,1857.34033,1856.79498,1857.24245,100,20.0
2024.01.21 10:45,1857.11051,1857.22099,1856.57583,1857.00552,100,20.0
2024.01.21 11:00,1856.23324,1856.37996,1856.01734,1856.06434,100,20.0
2024.01.21 11:15,1856.31627,1856.52284,1856.14556,1856.28661,100,20.0
2024.01.21 11:30,1855.55939,1855.74357,1854.42192,1855.03355,100,20.0
2024.01.21 11:45,1854.84422,1854.87152,1853.86932,1854.09658,100,20.0
2024.01.21 12:00,1854.35201,1854.57828,1853.76318,1853.85054,100,20.0
2024.01.21 12:15,1854.18036,1854.37265,1853.73919,1853.91452,100,20.0
2024.01.21 12:30,1853.76688,1854.02520,1853.64570,1853.91910,100,20.0
2024.01.21 12:45,1853.60018,1853.85965,1853.56074,1853.57488,100,20.0
2024.01.21 13:00,1852.07178,1853.08573,1851.92840,1852.90322,100,20.0
2024.01.21 13:15,1852.12118,1852.54252,1852.09111,1852.51630,100,20.0
2024.01.21 13:30,1852.00927,1852.84731,1851.96783,1852.21105,100,20.0
2024.01.21 13:45,1853.07822,1853.30893,1853.07767,1853.21366,100,20.0
2024.01.21 14:00,1851.64206,1852.75428,1851.21288,1852.44496,100,20.0
2024.01.21 14:15,1852.49632,1853.02784,1852.27200,1852.33376,100,20.0
2024.01.21 14:30,1852.08027,1852.25178,1850.76146,1851.34429,100,20.0
2024.01.21 14:45,1850.54421,1851.45296,1850.35340,1850.97215,100,20.0
2024.01.21 15:00,1850.46067,1850.86640,1850.14419,1850.38031,100,20.0
2024.01.21 15:15,1851.07130,1852.09048,1851.00065,1851.95970,100,20.0
2024.01.21 15:30,1851.27984,1851.58871,1850.43630,1850.69495,100,20.0
2024.01.21 15:45,1850.02041,1850.16936,1848.90697,1848.97331,100,20.0
2024.01.21 16:00,1848.64680,1849.49424,1848.30505,1848.96225,100,20.0
2024.01.21 16:15,1848.33212,1848.77707,1848.11113,1848.15587,100,20.0
2024.01.21 16:30,1847.49228,1847.81092,1846.64053,1847.65602,100,20.0
2024.01.21 16:45,1847.24664,1847.72132,1847.07480,1847.25817,100,20.0
2024.01.21 17:00,1847.55379,1847.90660,1846.31166,1846.97558,100,20.0
2024.01.21 17:15,1846.76136,1846.90905,1846.43121,1846.61018,100,20.0
2024.01.21 17:30,1846.85429,1847.72371,1846.74245,1846.82206,100,20.0
2024.01.21 17:45,1847.47487,1847.71148,1847.20764,1847.56806,100,20.0
2024.01.21 18:00,1847.17338,1847.53570,1846.88728,1847.01863,100,20.0
2024.01.21 18:15,1847.46270,1847.48598,1846.82659,1847.46962,100,20.0
2024.01.21 18:30,1847.98050,1848.98716,1847.87430,1848.64910,100,20.0
2024.01.21 18:45,1849.38137,1849.69511,1849.13220,1849.42557,100,20.0
2024.01.21 19:00,1848.92793,1849.09788,1848.07700,1848.15903,100,20.0
2024.01.21 19:15,1848.71029,1849.12732,1848.54127,1848.68180,100,20.0
2024.01.21 19:30,1847.77043,1848.53206,1847.75597,1848.17665,100,20.0
2024.01.21 19:45,1847.87857,1849.48724,1847.78664,1849.44970,100,20.0
2024.01.21 20:00,1849.41311,1849.52916,1848.75805,1849.32292,100,20.0
2024.01.21 20:15,1849.17939,1849.63842,1848.42142,1848.54934,100,20.0
2024.01.21 20:30,1848.05585,1848.26130,1847.88334,1848.23872,100,20.0
2024.01.21 20:45,1847.91199,1848.68961,1847.70434,1848.51933,100,20.0
2024.01.21 21:00,1848.60654,1848.75471,1847.35707,1847.64883,100,20.0
2024.01.21 21:15,1847.83016,1848.29603,1846.74126,1846.74189,100,20.0
2024.01.21 21:30,1845.97408,1846.30001,1845.78807,1845.82646,100,20.0
2024.01.21 21:45,1846.79308,1848.24561,1846.33050,1847.65271,100,20.0
2024.01.21 22:00,1847.40117,1848.18308,1846.78744,1847.65027,100,20.0
2024.01.21 22:15,1848.20772,1849.28216,1848.01331,1848.88278,100,20.0
2024.01.21 22:30,1847.59342,1847.71184,1847.55642,1847.69520,100,20.0
2024.01.21 22:45,1847.97082,1848.03471,1847.29867,1847.65071,100,20.0
2024.01.21 23:00,1847.98106,1848.15989,1847.48934,1847.76170,100,20.0
2024.01.21 23:15,1845.91426,1846.97870,1845.90372,1846.20749,100,20.0
2024.01.21 23:30,1847.26492,1847.78551,1846.57375,1847.64474,100,20.0
2024.01.21 23:45,1847.70886,1848.21230,1847.14838,1847.75180,100,20.0
2024.01.22 00:00,1847.18722,1847.37332,1847.03016,1847.14308,100,20.0
2024.01.22 00:15,1846.92322,1846.97344,1846.48664,1846.82046,100,20.0
2024.01.22 00:30,1847.12576,1847.33044,1845.90457,1846.14002,100,20.0
2024.01.22 00:45,1846.47275,1846.90189,1846.27593,1846.76089,100,20.0
2024.01.22 01:00,1847.03288,1847.59423,1846.20228,1846.43164,100,20.0
2024.01.22 01:15,1846.56676,1846.96329,1846.27106,1846.67699,100,20.0
2024.01.22 01:30,1845.87529,1846.57502,1845.79224,1846.22095,100,20.0
2024.01.22 01:45,1847.40013,1847.58121,1846.49875,1847.00054,100,20.0
2024.01.22 02:00,1846.87738,1847.07752,1846.13161,1846.76104,100,20.0
2024.01.22 02:15,1846.66522,1846.69423,1846.11322,1846.62244,100,20.0
2024.01.22 02:30,1846.74994,1847.41098,1846.68984,1847.07417,100,20.0
2024.01.22 02:45,1846.17242,1846.37921,1845.52217,1845.90661,100,20.0
2024.01.22 03:00,1845.67595,1845.94269,1845.28243,1845.90374,100,20.0
2024.01.22 03:15,1845.27161,1845.63043,1844.90752,1845.57694,100,20.0
2024.01.22 03:30,1845.87691,1846.08507,1845.76928,1845.83510,100,20.0
2024.01.22 03:45,1845.44186,1846.40888,1843.91732,1844.63401,100,20.0
2024.01.22 04:00,1843.84115,1844.71587,1843.76233,1844.19504,100,20.0
2024.01.22 04:15,1845.06811,1845.39624,1844.51955,1844.98156,100,20.0
2024.01.22 04:30,1844.34476,1844.72596,1843.98805,1844.09913,100,20.0
2024.01.22 04:45,1845.39967,1845.88607,1844.76736,1845.71430,100,20.0
2024.01.22 05:00,1845.29948,1846.55615,1845.01773,1846.30960,100,20.0
2024.01.22 05:15,1845.59259,1845.76483,1845.34522,1845.40908,100,20.0
2024.01.22 05:30,1845.43340,1845.97946,1844.62228,1844.92586,100,20.0
2024.01.22 05:45,1845.28852,1845.37239,1844.22535,1844.30402,100,20.0
2024.01.22 06:00,1845.12367,1845.13491,1843.97377,1844.09772,100,20.0
2024.01.22 06:15,1844.23498,1844.68229,1843.40366,1844.00667,100,20.0
2024.01.22 06:30,1843.80712,1844.48371,1843.62969,1844.11251,100,20.0
2024.01.22 06:45,1843.81930,1844.01143,1843.49447,1843.64769,100,20.0
2024.01.22 07:00,1843.27926,1843.69350,1842.71231,1843.20671,100,20.0
2024.01.22 07:15,1842.90024,1843.04773,1842.84525,1842.87469,100,20.0
2024.01.22 07:30,1842.26760,1842.76263,1841.21847,1841.85261,100,20.0
2024.01.22 07:45,1843.27021,1843.58770,1842.92393,1843.46785,100,20.0
2024.01.22 08:00,1844.59080,1844.84691,1843.70683,1843.98535,100,20.0
2024.01.22 08:15,1843.64557,1843.94466,1843.42988,1843.79835,100,20.0
2024.01.22 08:30,1844.06776,1844.27540,1842.99216,1843.64347,100,20.0
2024.01.22 08:45,1844.50767,1845.09796,1843.71433,1844.32549,100,20.0
2024.01.22 09:00,1843.88269,1843.96697,1843.27630,1843.49227,100,20.0
2024.01.22 09:15,1843.77798,1844.54495,1843.59297,1843.82356,100,20.0
2024.01.22 09:30,1843.64457,1844.15209,1843.13962,1844.00004,100,20.0
2024.01.22 09:45,1844.23082,1844.74542,1843.52399,1843.93583,100,20.0
2024.01.22 10:00,1843.51940,1843.80832,1843.37432,1843.75895,100,20.0
2024.01.22 10:15,1843.95629,1844.17692,1843.11218,1844.04755,100,20.0
2024.01.22 10:30,1843.96476,1844.65557,1843.77550,1844.60075,100,20.0
2024.01.22 10:45,1844.24451,1844.74898,1844.17019,1844.51073,100,20.0
2024.01.22 11:00,1844.73903,1845.44988,1844.11406,1845.23235,100,20.0
2024.01.22 11:15,1844.69873,1845.23305,1844.49021,1844.86973,100,20.0
2024.01.22 11:30,1843.96441,1843.99772,1843.91112,1843.95633,100,20.0
2024.01.22 11:45,1844.49161,1844.94427,1844.30855,1844.92748,100,20.0
2024.01.22 12:00,1844.68468,1844.77477,1844.06068,1844.46536,100,20.0
2024.01.22 12:15,1845.16786,1845.55952,1845.09266,1845.16974,100,20.0
2024.01.22 12:30,1845.10681,1845.84279,1844.75558,1845.62355,100,20.0
2024.01.22 12:45,1845.22174,1846.12945,1844.88049,1845.87596,100,20.0
2024.01.22 13:00,1846.08714,1847.57590,1845.82504,1847.24327,100,20.0
2024.01.22 13:15,1846.99014,1847.36312,1846.49215,1847.34667,100,20.0
2024.01.22 13:30,1847.30726,1847.45672,1846.32102,1846.58140,100,20.0
2024.01.22 13:45,1846.85575,1847.11148,1846.29896,1846.94687,100,20.0
2024.01.22 14:00,1847.75812,1847.87040,1846.35102,1847.17578,100,20.0
2024.01.22 14:15,1847.28525,1848.34096,1847.23518,1848.07764,100,20.0
2024.01.22 14:30,1848.49702,1849.10360,1848.29405,1848.48503,100,20.0
2024.01.22 14:45,1848.19203,1848.63607,1848.07783,1848.22858,100,20.0
2024.01.22 15:00,1847.49235,1849.30385,1847.02147,1848.59056,100,20.0
2024.01.22 15:15,1849.10084,1849.95777,1849.02636,1849.76851,100,20.0
2024.01.22 15:30,1849.22521,1850.06919,1849.07324,1849.25189,100,20.0
2024.01.22 15:45,1849.47999,1849.48042,1847.86078,1848.26415,100,20.0
2024.01.22 16:00,1848.11199,1849.87922,1847.81041,1849.85861,100,20.0
2024.01.22 16:15,1850.11130,1851.32126,1850.04309,1851.10048,100,20.0
2024.01.22 16:30,1850.07727,1850.24624,1850.03601,1850.04455,100,20.0
2024.01.22 16:45,1850.39953,1851.54565,1849.77120,1851.16767,100,20.0
2024.01.22 17:00,1852.05151,1852.19147,1851.41827,1852.10931,100,20.0
2024.01.22 17:15,1852.90295,1853.77756,1852.78474,1853.07261,100,20.0
2024.01.22 17:30,1853.15113,1853.20234,1852.20729,1852.42726,100,20.0
2024.01.22 17:45,1852.33247,1852.63558,1851.75028,1852.24971,100,20.0
2024.01.22 18:00,1853.33107,1853.50225,1852.38045,1852.56789,100,20.0
2024.01.22 18:15,1853.28858,1853.65101,1852.96903,1853.56118,100,20.0
2024.01.22 18:30,1853.52563,1853.74452,1852.76118,1853.66801,100,20.0
2024.01.22 18:45,1854.04679,1854.22938,1853.31439,1853.36670,100,20.0
2024.01.22 19:00,1853.66860,1854.34185,1853.22134,1854.23640,100,20.0
2024.01.22 19:15,1854.90516,1855.16743,1854.88002,1855.07247,100,20.0
2024.01.22 19:30,1856.45422,1856.77916,1856.39265,1856.72838,100,20.0
2024.01.22 19:45,1856.07315,1856.10477,1855.79494,1856.00717,100,20.0
2024.01.22 20:00,1856.71467,1857.35730,1856.40837,1856.88984,100,20.0
2024.01.22 20:15,1857.19433,1858.44260,1857.14908,1857.57109,100,20.0
2024.01.22 20:30,1857.54055,1858.67305,1857.41953,1858.42062,100,20.0
2024.01.22 20:45,1858.62131,1858.63898,1858.28245,1858.34562,100,20.0
2024.01.22 21:00,1857.61846,1858.46175,1857.56006,1857.88184,100,20.0
2024.01.22 21:15,1858.07642,1858.17871,1858.02159,1858.14899,100,20.0
2024.01.22 21:30,1858.33976,1858.48004,1857.11738,1857.40922,100,20.0
2024.01.22 21:45,1856.72971,1858.22870,1856.20198,1857.77643,100,20.0
2024.01.22 22:00,1857.95061,1857.97208,1857.40402,1857.71833,100,20.0
2024.01.22 22:15,1858.46902,1859.72217,1858.28351,1859.43675,100,20.0
2024.01.22 22:30,1859.16226,1859.53542,1859.00070,1859.14588,100,20.0
2024.01.22 22:45,1858.33436,1858.39090,1857.85863,1858.21896,100,20.0
2024.01.22 23:00,1858.67831,1858.79724,1857.82210,1858.28068,100,20.0
2024.01.22 23:15,1857.90556,1859.26690,1857.80137,1858.67049,100,20.0
2024.01.22 23:30,1859.67101,1860.78005,1858.80054,1860.60959,100,20.0
2024.01.22 23:45,1859.99620,1860.20279,1858.63709,1859.14739,100,20.0
2024.01.23 00:00,1859.72019,1859.85289,1859.30921,1859.46385,100,20.0
2024.01.23 00:15,1858.70896,1858.84294,1857.79680,1857.88148,100,20.0
2024.01.23 00:30,1858.43363,1858.47235,1857.79292,1857.84132,100,20.0
2024.01.23 00:45,1857.92320,1858.78118,1857.74093,1858.55717,100,20.0
2024.01.23 01:00,1858.84863,1859.06031,1858.65005,1858.66607,100,20.0
2024.01.23 01:15,1858.56926,1859.40836,1858.54174,1858.86480,100,20.0
2024.01.23 01:30,1859.15542,1859.36457,1858.54618,1859.29969,100,20.0
2024.01.23 01:45,1857.87789,1858.67291,1857.73072,1858.15847,100,20.0
2024.01.23 02:00,1857.96849,1858.49479,1857.44630,1858.33270,100,20.0
2024.01.23 02:15,1858.46469,1859.08367,1858.36756,1858.88663,100,20.0
2024.01.23 02:30,1859.01492,1859.27417,1858.83777,1859.18559,100,20.0
2024.01.23 02:45,1859.32307,1860.20436,1859.20522,1859.77629,100,20.0
2024.01.23 03:00,1860.23911,1860.86268,1859.37420,1859.47961,100,20.0
2024.01.23 03:15,1859.79681,1860.22051,1858.52478,1859.08357,100,20.0
2024.01.23 03:30,1860.15800,1861.12788,1860.01033,1860.27620,100,20.0
2024.01.23 03:45,1860.55144,1860.59684,1860.37443,1860.54948,100,20.0
2024.01.23 04:00,1861.27749,1861.58859,1860.40903,1860.80915,100,20.0
2024.01.23 04:15,1861.34392,1861.43384,1860.77611,1860.78523,100,20.0
2024.01.23 04:30,1860.55359,1860.67094,1859.38094,1860.00058,100,20.0
2024.01.23 04:45,1858.91912,1859.60854,1858.28659,1858.43382,100,20.0
2024.01.23 05:00,1858.19192,1858.96228,1857.96993,1858.83386,100,20.0
2024.01.23 05:15,1858.90352,1859.59544,1858.86671,1859.43706,100,20.0
2024.01.23 05:30,1859.84063,1860.54592,1859.53118,1860.37920,100,20.0
2024.01.23 05:45,1860.56011,1860.78174,1859.74374,1860.11201,100,20.0
2024.01.23 06:00,1860.69356,1861.15905,1860.31324,1860.94658,100,20.0
2024.01.23 06:15,1861.07571,1861.35414,1860.62494,1860.74867,100,20.0
2024.01.23 06:30,1861.65637,1862.04788,1861.01054,1862.04631,100,20.0
2024.01.23 06:45,1863.13780,1863.42185,1862.09636,1862.58023,100,20.0
2024.01.23 07:00,1862.70420,1863.16245,1862.25264,1862.30037,100,20.0
2024.01.23 07:15,1862.55867,1862.69728,1862.15049,1862.68121,100,20.0
2024.01.23 07:30,1863.33040,1863.82916,1862.95611,1863.61233,100,20.0
2024.01.23 07:45,1863.76363,1864.02220,1863.24483,1863.33630,100,20.0
2024.01.23 08:00,1864.00763,1864.50167,1863.70008,1864.39111,100,20.0
2024.01.23 08:15,1863.94360,1864.78086,1863.59004,1864.68875,100,20.0
2024.01.23 08:30,1863.31695,1863.41870,1862.54583,1862.97385,100,20.0
2024.01.23 08:45,1862.34863,1862.84885,1861.76615,1862.46373,100,20.0
2024.01.23 09:00,1862.94230,1863.38652,1862.30816,1862.69245,100,20.0
2024.01.23 09:15,1862.65287,1863.61382,1861.86765,1862.90156,100,20.0
2024.01.23 09:30,1864.30376,1864.67118,1863.92306,1864.01372,100,20.0
2024.01.23 09:45,1864.73404,1864.86058,1863.88087,1864.67683,100,20.0
2024.01.23 10:00,1864.75633,1865.16624,1864.52491,1864.65408,100,20.0
2024.01.23 10:15,1865.64678,1865.77093,1865.05488,1865.08550,100,20.0
2024.01.23 10:30,1865.84519,1865.96649,1865.11133,1865.38192,100,20.0
2024.01.23 10:45,1865.51559,1865.94053,1865.07283,1865.60992,100,20.0
2024.01.23 11:00,1866.08988,1866.18107,1865.31455,1865.44956,100,20.0
2024.01.23 11:15,1866.14459,1866.35062,1865.76839,1865.86524,100,20.0
2024.01.23 11:30,1865.61907,1865.71365,1865.38443,1865.43440,100,20.0
2024.01.23 11:45,1865.08971,1865.22698,1864.12626,1864.73424,100,20.0
2024.01.23 12:00,1864.23274,1864.81144,1863.64202,1863.79781,100,20.0
2024.01.23 12:15,1864.65323,1864.84164,1864.08665,1864.30274,100,20.0
2024.01.23 12:30,1864.35336,1865.45711,1864.11246,1865.26528,100,20.0
2024.01.23 12:45,1864.67041,1865.53524,1864.25126,1865.46311,100,20.0
2024.01.23 13:00,1864.31339,1865.81697,1864.03820,1865.57563,100,20.0
2024.01.23 13:15,1865.41667,1865.49794,1865.05901,1865.23718,100,20.0
2024.01.23 13:30,1865.08996,1865.68787,1864.56991,1865.37382,100,20.0
2024.01.23 13:45,1864.77615,1864.99594,1863.77500,1864.57531,100,20.0
2024.01.23 14:00,1864.15076,1864.33828,1863.93943,1864.17949,100,20.0
2024.01.23 14:15,1864.69037,1865.98232,1864.54792,1865.17586,100,20.0
2024.01.23 14:30,1864.42183,1864.99706,1863.38991,1864.85337,100,20.0
2024.01.23 14:45,1865.20969,1866.06472,1865.13727,1865.75902,100,20.0
2024.01.23 15:00,1865.88978,1866.96995,1865.42512,1866.92190,100,20.0
2024.01.23 15:15,1866.21035,1866.95331,1865.57114,1866.73294,100,20.0
2024.01.23 15:30,1866.70462,1867.00747,1866.05597,1867.00617,100,20.0
2024.01.23 15:45,1866.78047,1867.17386,1866.77628,1866.93915,100,20.0
2024.01.23 16:00,1867.51843,1867.99490,1867.37833,1867.84457,100,20.0
2024.01.23 16:15,1867.78014,1868.06250,1866.94824,1867.30807,100,20.0
2024.01.23 16:30,1867.39648,1868.45016,1867.36039,1867.62806,100,20.0
2024.01.23 16:45,1868.02177,1868.21023,1866.77171,1867.35368,100,20.0
2024.01.23 17:00,1867.61538,1868.55620,1867.48093,1868.22308,100,20.0
2024.01.23 17:15,1869.24992,1869.58510,1868.62783,1869.01372,100,20.0
2024.01.23 17:30,1868.36841,1868.48515,1867.82044,1868.23980,100,20.0
2024.01.23 17:45,1868.51155,1869.62518,1868.41448,1869.35924,100,20.0
2024.01.23 18:00,1869.45645,1869.83561,1869.35394,1869.66045,100,20.0
2024.01.23 18:15,1869.74685,1870.37872,1868.57755,1868.73633,100,20.0
2024.01.23 18:30,1869.51735,1869.74496,1868.75335,1868.91144,100,20.0
2024.01.23 18:45,1869.03468,1869.11926,1868.76695,1869.01282,100,20.0
2024.01.23 19:00,1869.09359,1870.15260,1869.02082,1869.98091,100,20.0
2024.01.23 19:15,1869.74619,1869.92666,1869.56029,1869.77511,100,20.0
2024.01.23 19:30,1869.74475,1869.77415,1868.58456,1869.22079,100,20.0
2024.01.23 19:45,1870.13912,1870.58669,1870.13410,1870.18302,100,20.0
2024.01.23 20:00,1870.39088,1870.77654,1870.19861,1870.42062,100,20.0
2024.01.23 20:15,1870.78513,1870.96153,1870.77833,1870.81583,100,20.0
2024.01.23 20:30,1870.95794,1872.22808,1870.65247,1871.67510,100,20.0
2024.01.23 20:45,1871.22818,1871.60616,1871.01969,1871.47449,100,20.0
2024.01.23 21:00,1870.76085,1871.09907,1869.59303,1870.21417,100,20.0
2024.01.23 21:15,1869.68739,1870.11282,1868.80938,1869.35959,100,20.0
2024.01.23 21:30,1870.90471,1871.40343,1870.50714,1870.97599,100,20.0
2024.01.23 21:45,1870.76632,1871.89452,1870.45755,1871.59804,100,20.0
2024.01.23 22:00,1872.32931,1872.90866,1872.18623,1872.47444,100,20.0
2024.01.23 22:15,1872.26972,1872.35080,1871.12444,1871.20761,100,20.0
2024.01.23 22:30,1870.90140,1871.03497,1870.85096,1870.86661,100,20.0
2024.01.23 22:45,1870.24663,1870.80899,1870.16615,1870.47224,100,20.0
2024.01.23 23:00,1870.51155,1871.41154,1870.04100,1870.35533,100,20.0
2024.01.23 23:15,1871.03874,1871.39797,1870.84856,1871.35690,100,20.0
2024.01.23 23:30,1871.69229,1871.99796,1871.58752,1871.99639,100,20.0
2024.01.23 23:45,1871.97550,1872.54281,1871.86996,1872.32898,100,20.0
2024.01.24 00:00,1871.31793,1871.54665,1871.11351,1871.26133,100,20.0
2024.01.24 00:15,1871.12430,1871.22209,1870.54395,1870.92261,100,20.0
2024.01.24 00:30,1870.07769,1870.55925,1869.86226,1870.44335,100,20.0
2024.01.24 00:45,1872.15097,1872.36781,1871.55813,1871.75815,100,20.0
2024.01.24 01:00,1872.14059,1872.73825,1871.97700,1872.54360,100,20.0
2024.01.24 01:15,1872.75039,1873.44670,1871.83174,1872.37744,100,20.0
2024.01.24 01:30,1872.15158,1872.46179,1871.83018,1872.18953,100,20.0
2024.01.24 01:45,1872.22695,1872.62927,1871.91859,1872.39469,100,20.0
2024.01.24 02:00,1872.75407,1872.89936,1871.89144,1872.23559,100,20.0
2024.01.24 02:15,1871.88481,1872.25149,1871.37950,1872.04477,100,20.0
2024.01.24 02:30,1872.67287,1873.48497,1872.65005,1873.33459,100,20.0
2024.01.24 02:45,1873.05186,1873.22157,1872.11745,1872.59500,100,20.0
2024.01.24 03:00,1872.83950,1873.12925,1871.49357,1872.47350,100,20.0
2024.01.24 03:15,1871.91307,1871.95707,1870.15162,1871.11746,100,20.0
2024.01.24 03:30,1871.19606,1871.42371,1870.57375,1870.73845,100,20.0
2024.01.24 03:45,1871.44963,1872.12912,1871.10275,1871.37010,100,20.0
2024.01.24 04:00,1871.20339,1871.38450,1870.03508,1870.68672,100,20.0
2024.01.24 04:15,1870.41312,1870.45873,1870.05376,1870.05772,100,20.0
2024.01.24 04:30,1869.80259,1870.86124,1869.63097,1870.79178,100,20.0
2024.01.24 04:45,1870.01773,1870.08726,1869.44010,1869.88369,100,20.0
2024.01.24 05:00,1870.20263,1870.65279,1870.06943,1870.24641,100,20.0
2024.01.24 05:15,1870.31606,1870.91911,1869.90301,1870.55160,100,20.0
2024.01.24 05:30,1869.86307,1870.11800,1869.16859,1869.50329,100,20.0
2024.01.24 05:45,1868.82385,1869.38661,1868.46411,1868.68451,100,20.0
2024.01.24 06:00,1869.23368,1869.37022,1867.98260,1868.37230,100,20.0
2024.01.24 06:15,1867.37165,1867.93858,1866.54882,1866.60531,100,20.0
2024.01.24 06:30,1867.25544,1867.28045,1865.66917,1865.79581,100,20.0
2024.01.24 06:45,1865.51369,1865.99641,1865.30985,1865.77490,100,20.0
2024.01.24 07:00,1866.11048,1866.92897,1866.01349,1866.42175,100,20.0
2024.01.24 07:15,1865.17694,1865.69663,1865.15219,1865.26857,100,20.0
2024.01.24 07:30,1866.02626,1866.52779,1865.63806,1866.06429,100,20.0
2024.01.24 07:45,1866.07284,1867.14475,1865.97034,1866.97732,100,20.0
2024.01.24 08:00,1866.10915,1866.59270,1865.87536,1866.44115,100,20.0
2024.01.24 08:15,1866.43699,1867.50460,1866.30521,1866.92222,100,20.0
2024.01.24 08:30,1866.78663,1867.38424,1866.65368,1867.23933,100,20.0
2024.01.24 08:45,1866.21431,1866.36131,1865.89362,1865.92107,100,20.0
2024.01.24 09:00,1866.36943,1866.77216,1866.01763,1866.30205,100,20.0
2024.01.24 09:15,1866.15357,1866.51412,1865.81456,1866.31442,100,20.0
2024.01.24 09:30,1865.68396,1865.71647,1865.35595,1865.69812,100,20.0
2024.01.24 09:45,1865.36897,1865.45324,1864.84217,1864.98888,100,20.0
2024.01.24 10:00,1865.79511,1866.46865,1864.68698,1865.13936,100,20.0
2024.01.24 10:15,1865.27213,1865.52171,1864.67254,1864.67595,100,20.0
2024.01.24 10:30,1864.44422,1865.35061,1863.78050,1864.71505,100,20.0
2024.01.24 10:45,1864.31305,1864.71434,1863.99512,1864.64205,100,20.0
2024.01.24 11:00,1863.50933,1863.71742,1862.69770,1862.82370,100,20.0
2024.01.24 11:15,1863.57780,1864.29775,1863.23129,1863.34132,100,20.0
2024.01.24 11:30,1863.38091,1863.53293,1862.56577,1863.20008,100,20.0
2024.01.24 11:45,1862.87610,1863.08048,1862.58680,1862.67478,100,20.0
2024.01.24 12:00,1861.42119,1861.62841,1860.93131,1861.31645,100,20.0
2024.01.24 12:15,1860.99627,1861.47330,1860.83902,1861.25845,100,20.0
2024.01.24 12:30,1861.12586,1861.84304,1860.95347,1861.54530,100,20.0
2024.01.24 12:45,1861.98732,1862.54833,1861.93240,1862.40507,100,20.0
2024.01.24 13:00,1861.93080,1862.27764,1860.64395,1860.91235,100,20.0
2024.01.24 13:15,1861.40392,1862.81822,1861.25748,1862.20177,100,20.0
2024.01.24 13:30,1862.47014,1862.81055,1862.08606,1862.47885,100,20.0
2024.01.24 13:45,1862.99986,1863.42480,1862.97890,1863.30309,100,20.0
2024.01.24 14:00,1863.21515,1864.49979,1863.04194,1864.43673,100,20.0
2024.01.24 14:15,1863.74457,1865.46319,1863.38855,1864.81418,100,20.0
2024.01.24 14:30,1864.58550,1864.89483,1864.39974,1864.40755,100,20.0
2024.01.24 14:45,1864.58314,1865.50023,1864.44123,1865.21038,100,20.0
2024.01.24 15:00,1864.45450,1864.93710,1863.97135,1864.61258,100,20.0
2024.01.24 15:15,1864.10323,1864.70051,1864.01306,1864.56019,100,20.0
2024.01.24 15:30,1864.00304,1865.03062,1863.96662,1864.82203,100,20.0
2024.01.24 15:45,1865.26062,1865.48587,1864.32318,1864.79492,100,20.0
2024.01.24 16:00,1864.44348,1865.09834,1864.34345,1864.54833,100,20.0
2024.01.24 16:15,1864.07040,1865.21361,1864.05309,1864.84342,100,20.0
2024.01.24 16:30,1865.21687,1866.25771,1864.99317,1865.77809,100,20.0
2024.01.24 16:45,1866.11718,1866.40338,1864.74762,1865.17753,100,20.0
2024.01.24 17:00,1864.53735,1864.77691,1864.33522,1864.56650,100,20.0
2024.01.24 17:15,1864.22903,1864.36966,1863.88033,1864.05292,100,20.0
2024.01.24 17:30,1863.37443,1863.38264,1863.30203,1863.31777,100,20.0
2024.01.24 17:45,1863.40272,1863.52577,1862.79046,1863.06344,100,20.0
2024.01.24 18:00,1862.18107,1862.57598,1861.09888,1861.38286,100,20.0
2024.01.24 18:15,1860.94934,1861.21624,1860.50957,1860.94327,100,20.0
2024.01.24 18:30,1860.84504,1861.42099,1860.79188,1860.90697,100,20.0
2024.01.24 18:45,1859.88266,1860.12023,1859.09814,1859.23500,100,20.0
2024.01.24 19:00,1859.23541,1859.88796,1859.11470,1859.53412,100,20.0
2024.01.24 19:15,1859.10235,1859.34891,1858.08823,1858.20232,100,20.0
2024.01.24 19:30,1858.75968,1858.94996,1858.75332,1858.80823,100,20.0
2024.01.24 19:45,1858.59925,1858.60687,1857.27806,1857.38793,100,20.0
2024.01.24 20:00,1856.80423,1857.36318,1855.90512,1856.12037,100,20.0
2024.01.24 20:15,1854.96274,1855.64556,1854.88063,1855.33576,100,20.0
2024.01.24 20:30,1853.92174,1854.35317,1853.85557,1853.97718,100,20.0
2024.01.24 20:45,1854.37002,1854.48413,1853.80887,1854.08263,100,20.0
2024.01.24 21:00,1854.40644,1855.69815,1854.21739,1855.18168,100,20.0
2024.01.24 21:15,1853.97599,1854.61575,1853.61232,1854.19469,100,20.0
2024.01.24 21:30,1853.69031,1854.23137,1853.21199,1853.97228,100,20.0
2024.01.24 21:45,1854.69530,1855.31560,1854.35151,1855.01136,100,20.0
2024.01.24 22:00,1856.56760,1857.25603,1856.19527,1856.62225,100,20.0
2024.01.24 22:15,1857.35200,1857.52460,1857.05804,1857.38379,100,20.0
2024.01.24 22:30,1857.92585,1857.98809,1856.93913,1857.65012,100,20.0
2024.01.24 22:45,1857.23988,1857.62314,1856.61324,1856.96426,100,20.0
2024.01.24 23:00,1856.47718,1857.30882,1856.43937,1857.13588,100,20.0
2024.01.24 23:15,1857.53194,1857.93811,1856.81680,1857.69304,100,20.0
2024.01.24 23:30,1858.10745,1858.49543,1857.84758,1858.16240,100,20.0
2024.01.24 23:45,1858.44282,1859.10536,1858.13513,1858.47027,100,20.0
2024.01.25 00:00,1858.09905,1858.55057,1857.46362,1857.71786,100,20.0
2024.01.25 00:15,1857.27668,1857.70940,1856.64290,1856.71491,100,20.0
2024.01.25 00:30,1857.26424,1858.39636,1856.94893,1857.57229,100,20.0
2024.01.25 00:45,1857.28533,1857.45963,1856.38129,1856.43348,100,20.0
2024.01.25 01:00,1856.72421,1857.27875,1856.55984,1856.68559,100,20.0
2024.01.25 01:15,1857.47874,1857.86642,1857.03979,1857.63519,100,20.0
2024.01.25 01:30,1857.78862,1858.03332,1857.22638,1857.77215,100,20.0
2024.01.25 01:45,1857.17559,1857.29568,1856.34885,1856.91399,100,20.0
2024.01.25 02:00,1856.91296,1857.72134,1856.59937,1857.33325,100,20.0
2024.01.25 02:15,1857.87720,1858.74288,1857.60666,1858.36865,100,20.0
2024.01.25 02:30,1858.24396,1858.94035,1857.85381,1858.46615,100,20.0
2024.01.25 02:45,1858.64991,1859.10493,1857.63456,1858.44385,100,20.0
2024.01.25 03:00,1859.05466,1859.32958,1858.63729,1858.84268,100,20.0
2024.01.25 03:15,1857.59845,1857.65266,1857.10659,1857.20060,100,20.0
2024.01.25 03:30,1856.24740,1856.74196,1856.17105,1856.68237,100,20.0
2024.01.25 03:45,1857.74035,1858.39397,1857.66332,1858.35662,100,20.0
2024.01.25 04:00,1858.76558,1858.99069,1858.51532,1858.91974,100,20.0
2024.01.25 04:15,1859.29118,1859.64930,1859.02942,1859.59454,100,20.0
2024.01.25 04:30,1859.47565,1860.81116,1859.43604,1859.74796,100,20.0
2024.01.25 04:45,1859.23451,1859.78504,1858.62996,1859.46313,100,20.0
2024.01.25 05:00,1859.94242,1860.46697,1859.52779,1860.35114,100,20.0
2024.01.25 05:15,1861.22527,1861.92443,1861.08604,1861.58911,100,20.0
2024.01.25 05:30,1861.39459,1861.88330,1860.65986,1861.26629,100,20.0
2024.01.25 05:45,1862.11160,1862.38752,1860.88665,1861.14930,100,20.0
2024.01.25 06:00,1859.96254,1860.27973,1859.02987,1859.69978,100,20.0
2024.01.25 06:15,1858.56604,1858.96766,1858.29201,1858.88410,100,20.0
2024.01.25 06:30,1859.55649,1860.30527,1859.03742,1859.23874,100,20.0
2024.01.25 06:45,1858.26556,1858.40883,1857.66469,1858.04396,100,20.0
2024.01.25 07:00,1857.75143,1858.38386,1857.20258,1857.35299,100,20.0
2024.01.25 07:15,1856.41481,1856.78652,1856.16796,1856.54511,100,20.0
2024.01.25 07:30,1856.10744,1856.89018,1856.02944,1856.22821,100,20.0
2024.01.25 07:45,1855.45004,1855.67984,1855.00491,1855.58531,100,20.0
2024.01.25 08:00,1855.43183,1855.52112,1854.77863,1855.19270,100,20.0
2024.01.25 08:15,1854.63284,1854.63834,1854.45501,1854.46633,100,20.0
2024.01.25 08:30,1853.75831,1853.94825,1853.10887,1853.19118,100,20.0
2024.01.25 08:45,1852.15682,1852.58312,1851.40635,1852.32972,100,20.0
2024.01.25 09:00,1851.16637,1851.29580,1850.26918,1850.88932,100,20.0
2024.01.25 09:15,1851.28219,1852.26487,1851.28110,1852.04993,100,20.0
2024.01.25 09:30,1851.36317,1851.46102,1850.18816,1851.03033,100,20.0
2024.01.25 09:45,1851.14672,1851.63252,1850.75614,1851.21401,100,20.0
2024.01.25 10:00,1851.69338,1852.08002,1851.64612,1851.83671,100,20.0
2024.01.25 10:15,1851.84440,1852.57229,1851.51470,1852.28783,100,20.0
2024.01.25 10:30,1851.24495,1851.35550,1850.78637,1850.98860,100,20.0
2024.01.25 10:45,1850.06858,1850.70113,1849.37666,1849.50729,100,20.0
2024.01.25 11:00,1849.19201,1849.54912,1848.98902,1849.40598,100,20.0
2024.01.25 11:15,1849.46752,1850.24368,1849.12631,1850.08717,100,20.0
2024.01.25 11:30,1849.81541,1850.11342,1849.75891,1849.95476,100,20.0
2024.01.25 11:45,1849.97218,1850.37875,1849.58218,1850.04496,100,20.0
2024.01.25 12:00,1850.42738,1850.56492,1849.11780,1849.78539,100,20.0
2024.01.25 12:15,1850.95014,1851.69163,1850.46044,1851.51835,100,20.0
2024.01.25 12:30,1851.29315,1851.33070,1850.29479,1850.81748,100,20.0
2024.01.25 12:45,1850.45060,1851.05433,1850.27240,1850.54022,100,20.0
2024.01.25 13:00,1851.11953,1851.18640,1850.88626,1851.15960,100,20.0
2024.01.25 13:15,1851.71985,1851.82614,1851.43877,1851.52357,100,20.0
2024.01.25 13:30,1851.71941,1852.09788,1851.52269,1851.57198,100,20.0
2024.01.25 13:45,1851.89323,1852.44575,1851.83689,1852.06239,100,20.0
2024.01.25 14:00,1851.94006,1853.12885,1851.89547,1852.51757,100,20.0
2024.01.25 14:15,1852.15110,1852.78068,1851.40823,1851.91930,100,20.0
2024.01.25 14:30,1851.41177,1851.45303,1850.44775,1850.98770,100,20.0
2024.01.25 14:45,1850.75989,1850.90989,1850.56766,1850.84275,100,20.0
2024.01.25 15:00,1849.95691,1850.73166,1849.74788,1850.55008,100,20.0
2024.01.25 15:15,1850.66080,1851.45397,1850.50510,1850.52879,100,20.0
2024.01.25 15:30,1850.38517,1850.58469,1849.76379,1849.89414,100,20.0
2024.01.25 15:45,1850.43790,1851.05097,1850.13335,1850.50602,100,20.0
2024.01.25 16:00,1850.30322,1850.44955,1849.22813,1849.90858,100,20.0
2024.01.25 16:15,1850.13457,1851.05345,1849.86358,1850.91988,100,20.0
2024.01.25 16:30,1850.07481,1850.71784,1849.32736,1850.56318,100,20.0
2024.01.25 16:45,1849.99768,1850.07505,1849.32830,1849.76092,100,20.0
2024.01.25 17:00,1849.11317,1849.73155,1848.91801,1849.63628,100,20.0
2024.01.25 17:15,1849.53192,1849.58749,1848.54279,1849.03793,100,20.0
2024.01.25 17:30,1849.68250,1850.24666,1849.47574,1849.51666,100,20.0
2024.01.25 17:45,1849.65171,1850.11699,1848.59873,1848.93803,100,20.0
2024.01.25 18:00,1848.64485,1849.48679,1848.63663,1849.14266,100,20.0
2024.01.25 18:15,1849.57875,1849.79989,1848.82185,1849.19233,100,20.0
2024.01.25 18:30,1849.40279,1849.42381,1848.58256,1848.61903,100,20.0
2024.01.25 18:45,1848.69784,1848.82806,1848.00969,1848.42324,100,20.0
2024.01.25 19:00,1848.68190,1849.00166,1847.64889,1848.46137,100,20.0
2024.01.25 19:15,1848.84793,1849.13303,1848.52556,1848.73987,100,20.0
2024.01.25 19:30,1848.86025,1849.34048,1848.23838,1848.40320,100,20.0
2024.01.25 19:45,1847.45498,1848.11972,1847.17799,1847.89310,100,20.0
2024.01.25 20:00,1847.50095,1847.97968,1846.83666,1847.15827,100,20.0
2024.01.25 20:15,1846.67489,1846.79995,1846.65376,1846.70458,100,20.0
2024.01.25 20:30,1847.33284,1847.89946,1847.28961,1847.72430,100,20.0
2024.01.25 20:45,1847.91160,1848.23662,1847.28918,1847.37761,100,20.0
2024.01.25 21:00,1847.21074,1847.44964,1847.05413,1847.18039,100,20.0
2024.01.25 21:15,1847.62928,1847.71780,1846.64850,1847.21470,100,20.0
2024.01.25 21:30,1846.95523,1847.28332,1846.56015,1847.17444,100,20.0
2024.01.25 21:45,1846.66867,1847.33659,1846.43776,1846.86700,100,20.0
2024.01.25 22:00,1847.30110,1848.39889,1847.06436,1848.15083,100,20.0
2024.01.25 22:15,1847.59831,1848.23377,1847.45899,1848.02408,100,20.0
2024.01.25 22:30,1847.76407,1848.20026,1847.65319,1848.19091,100,20.0
2024.01.25 22:45,1847.99738,1848.00842,1847.83286,1847.87730,100,20.0
2024.01.25 23:00,1847.91199,1847.92711,1847.41307,1847.71509,100,20.0
2024.01.25 23:15,1848.13660,1848.37821,1847.85835,1848.17201,100,20.0
2024.01.25 23:30,1848.70185,1849.26034,1848.28671,1848.29964,100,20.0
2024.01.25 23:45,1848.59432,1849.60146,1848.51483,1849.33034,100,20.0
2024.01.26 00:00,1849.92791,1850.19028,1849.80537,1849.99202,100,20.0
2024.01.26 00:15,1850.16900,1850.61614,1849.65763,1849.86773,100,20.0
2024.01.26 00:30,1849.69336,1849.99266,1848.57061,1848.82913,100,20.0
2024.01.26 00:45,1847.67066,1848.50657,1846.87149,1848.30767,100,20.0
2024.01.26 01:00,1848.81671,1849.92590,1848.57246,1849.83445,100,20.0
2024.01.26 01:15,1849.90846,1850.04217,1849.12297,1849.22874,100,20.0
2024.01.26 01:30,1849.58740,1850.22509,1849.24351,1849.64188,100,20.0
2024.01.26 01:45,1850.01863,1850.21514,1849.02214,1849.66580,100,20.0
2024.01.26 02:00,1849.66961,1850.74021,1849.44696,1850.51321,100,20.0
2024.01.26 02:15,1850.57717,1850.87578,1849.88122,1850.09715,100,20.0
2024.01.26 02:30,1850.05253,1850.68141,1849.82005,1850.48302,100,20.0
2024.01.26 02:45,1851.26510,1851.95160,1851.17700,1851.48642,100,20.0
2024.01.26 03:00,1851.52310,1852.10808,1850.74839,1851.18111,100,20.0
2024.01.26 03:15,1851.61046,1851.78953,1851.49358,1851.68196,100,20.0
2024.01.26 03:30,1851.23568,1851.75669,1851.05048,1851.14116,100,20.0
2024.01.26 03:45,1850.99880,1851.18691,1850.72317,1850.86004,100,20.0
2024.01.26 04:00,1850.95522,1851.59456,1850.41450,1850.59251,100,20.0
2024.01.26 04:15,1851.30495,1851.49733,1850.48548,1850.70760,100,20.0
2024.01.26 04:30,1851.02830,1851.42127,1850.76599,1850.87801,100,20.0
2024.01.26 04:45,1850.86678,1851.38261,1850.17564,1851.06088,100,20.0
2024.01.26 05:00,1851.06171,1851.85200,1851.05323,1851.64445,100,20.0
2024.01.26 05:15,1852.35931,1852.79907,1852.31199,1852.37151,100,20.0
2024.01.26 05:30,1851.86090,1851.96466,1851.51991,1851.75691,100,20.0
2024.01.26 05:45,1851.53633,1852.13826,1851.10385,1851.30281,100,20.0
2024.01.26 06:00,1850.58371,1850.85371,1850.55589,1850.77971,100,20.0
2024.01.26 06:15,1850.75571,1851.15333,1850.32238,1850.37993,100,20.0
2024.01.26 06:30,1849.71597,1849.89221,1848.84299,1848.94543,100,20.0
2024.01.26 06:45,1849.47716,1850.08596,1849.04375,1849.92033,100,20.0
2024.01.26 07:00,1850.31614,1851.31081,1850.15227,1850.86306,100,20.0
2024.01.26 07:15,1851.09993,1851.47994,1851.09579,1851.28275,100,20.0
2024.01.26 07:30,1851.18065,1851.42631,1850.33877,1851.38885,100,20.0
2024.01.26 07:45,1850.66462,1850.79502,1850.52375,1850.54442,100,20.0
2024.01.26 08:00,1850.92520,1851.71854,1850.64567,1851.33386,100,20.0
2024.01.26 08:15,1850.88510,1851.04202,1848.99960,1849.05433,100,20.0
2024.01.26 08:30,1848.93051,1848.95660,1848.07155,1848.48334,100,20.0
2024.01.26 08:45,1849.08795,1849.59120,1848.58005,1848.60253,100,20.0
2024.01.26 09:00,1848.12391,1848.25834,1847.52996,1847.81991,100,20.0
2024.01.26 09:15,1847.68257,1847.84178,1846.69295,1847.09947,100,20.0
2024.01.26 09:30,1846.95524,1847.16249,1846.32059,1846.80697,100,20.0
2024.01.26 09:45,1846.55097,1847.20547,1845.97973,1846.91416,100,20.0
2024.01.26 10:00,1846.87285,1847.18886,1846.28633,1847.07264,100,20.0
2024.01.26 10:15,1846.72170,1846.88762,1846.21402,1846.40376,100,20.0
2024.01.26 10:30,1846.59928,1847.02980,1846.53791,1846.72285,100,20.0
2024.01.26 10:45,1846.01942,1847.24224,1845.54449,1847.05954,100,20.0
2024.01.26 11:00,1846.94412,1847.56736,1846.86511,1847.21798,100,20.0
2024.01.26 11:15,1847.35810,1848.31845,1847.28854,1847.75092,100,20.0
2024.01.26 11:30,1847.44135,1847.84952,1846.80302,1847.62689,100,20.0
2024.01.26 11:45,1846.76652,1847.40445,1846.54467,1846.95658,100,20.0
2024.01.26 12:00,1847.55967,1848.50766,1847.40997,1848.45483,100,20.0
2024.01.26 12:15,1848.22079,1849.11912,1847.97798,1848.86384,100,20.0
2024.01.26 12:30,1849.48400,1849.76711,1849.11783,1849.59166,100,20.0
2024.01.26 12:45,1849.08357,1849.87342,1849.05812,1849.33474,100,20.0
2024.01.26 13:00,1849.27187,1850.00562,1849.04847,1849.71400,100,20.0
2024.01.26 13:15,1850.08230,1850.33030,1849.67733,1850.20339,100,20.0
2024.01.26 13:30,1849.61216,1849.90714,1849.38603,1849.74424,100,20.0
2024.01.26 13:45,1849.41233,1850.40534,1849.23457,1849.61961,100,20.0
2024.01.26 14:00,1848.83430,1849.63166,1848.63965,1849.51229,100,20.0
2024.01.26 14:15,1849.27230,1850.30482,1849.23849,1849.74934,100,20.0
2024.01.26 14:30,1849.24892,1849.76157,1848.83098,1849.16616,100,20.0
2024.01.26 14:45,1849.35352,1850.11845,1848.74679,1849.99502,100,20.0
2024.01.26 15:00,1849.79608,1849.89559,1849.47762,1849.48354,100,20.0
2024.01.26 15:15,1849.20115,1849.53803,1848.92467,1849.14654,100,20.0
2024.01.26 15:30,1849.23171,1849.36521,1848.52659,1848.63326,100,20.0
2024.01.26 15:45,1850.05037,1850.35552,1849.44495,1849.51572,100,20.0
2024.01.26 16:00,1850.29691,1851.24880,1850.12797,1850.82911,100,20.0
2024.01.26 16:15,1850.86603,1852.43510,1850.43111,1851.78350,100,20.0
2024.01.26 16:30,1852.53602,1853.62856,1852.42424,1853.38799,100,20.0
2024.01.26 16:45,1854.40623,1854.55876,1853.41793,1853.63380,100,20.0
2024.01.26 17:00,1853.62542,1853.91857,1852.56513,1853.76510,100,20.0
2024.01.26 17:15,1854.27373,1854.85951,1854.03479,1854.72659,100,20.0
2024.01.26 17:30,1854.75156,1855.22495,1854.12594,1855.03252,100,20.0
2024.01.26 17:45,1855.11989,1855.86412,1854.91349,1855.59438,100,20.0
2024.01.26 18:00,1856.15074,1857.08040,1856.00767,1857.05724,100,20.0
2024.01.26 18:15,1856.82191,1856.89707,1856.37422,1856.40377,100,20.0
2024.01.26 18:30,1855.59020,1856.13942,1854.61201,1854.87988,100,20.0
2024.01.26 18:45,1853.76754,1854.01459,1852.98389,1853.47132,100,20.0
2024.01.26 19:00,1852.44137,1852.58344,1851.53332,1851.57806,100,20.0
2024.01.26 19:15,1853.04089,1853.22204,1852.20770,1852.27859,100,20.0
2024.01.26 19:30,1851.82097,1852.09074,1851.32002,1851.97830,100,20.0
2024.01.26 19:45,1851.88304,1852.61696,1851.50915,1852.29463,100,20.0
2024.01.26 20:00,1851.21510,1851.88463,1850.81429,1851.83263,100,20.0
2024.01.26 20:15,1852.07031,1852.47586,1851.58835,1851.64872,100,20.0
2024.01.26 20:30,1851.51450,1851.79499,1851.47724,1851.61617,100,20.0
2024.01.26 20:45,1852.36057,1852.47044,1851.93333,1852.42703,100,20.0
2024.01.26 21:00,1852.14109,1852.25283,1851.46038,1851.67908,100,20.0
2024.01.26 21:15,1850.99463,1851.41213,1850.72804,1851.31855,100,20.0
2024.01.26 21:30,1851.01221,1851.54215,1850.96446,1851.49153,100,20.0
2024.01.26 21:45,1850.87006,1851.08441,1850.00696,1851.01601,100,20.0
2024.01.26 22:00,1851.90067,1852.07837,1851.47592,1851.63618,100,20.0
2024.01.26 22:15,1851.55640,1851.68436,1851.11368,1851.19042,100,20.0
2024.01.26 22:30,1851.56651,1851.98760,1850.65101,1851.12407,100,20.0
2024.01.26 22:45,1850.28046,1850.31697,1848.47060,1848.75512,100,20.0
2024.01.26 23:00,1847.45144,1847.48783,1846.32902,1846.59690,100,20.0
2024.01.26 23:15,1845.51658,1846.33847,1845.26608,1845.86365,100,20.0
2024.01.26 23:30,1845.40992,1845.68007,1845.09789,1845.36093,100,20.0
2024.01.26 23:45,1845.35622,1845.51373,1844.77947,1845.05215,100,20.0
2024.01.27 00:00,1845.78092,1846.18337,1845.54470,1845.81517,100,20.0
2024.01.27 00:15,1845.86368,1845.97917,1845.73226,1845.77660,100,20.0
2024.01.27 00:30,1845.64078,1846.48655,1845.22792,1846.09083,100,20.0
2024.01.27 00:45,1846.76170,1846.87430,1845.61812,1845.85455,100,20.0
2024.01.27 01:00,1845.19641,1847.17994,1845.05860,1846.26415,100,20.0
2024.01.27 01:15,1846.51080,1847.20356,1846.09791,1846.66377,100,20.0
2024.01.27 01:30,1847.21977,1847.79031,1846.84148,1847.33901,100,20.0
2024.01.27 01:45,1848.08481,1848.13393,1847.06060,1847.21474,100,20.0
2024.01.27 02:00,1847.78744,1848.07486,1846.88253,1847.27925,100,20.0
2024.01.27 02:15,1848.03512,1848.96197,1847.40842,1847.65160,100,20.0
2024.01.27 02:30,1847.59984,1848.04915,1847.41078,1847.65923,100,20.0
2024.01.27 02:45,1847.02890,1848.04666,1846.35699,1847.37901,100,20.0
2024.01.27 03:00,1847.81690,1848.70620,1847.31210,1847.60810,100,20.0
2024.01.27 03:15,1847.91352,1848.17588,1847.09840,1847.31488,100,20.0
2024.01.27 03:30,1848.37502,1848.57053,1847.43471,1847.52410,100,20.0
2024.01.27 03:45,1848.39282,1848.76516,1847.64326,1847.94953,100,20.0
2024.01.27 04:00,1848.69634,1849.23489,1848.55229,1848.58098,100,20.0
2024.01.27 04:15,1848.42533,1848.99509,1848.25559,1848.46176,100,20.0
2024.01.27 04:30,1848.43723,1848.84781,1848.13690,1848.50221,100,20.0
2024.01.27 04:45,1847.68546,1847.74932,1847.34516,1847.45001,100,20.0
2024.01.27 05:00,1847.51279,1847.86034,1846.27367,1846.89538,100,20.0
2024.01.27 05:15,1847.44027,1847.61212,1846.53834,1847.60056,100,20.0
2024.01.27 05:30,1847.29921,1847.34693,1846.58954,1846.95050,100,20.0
2024.01.27 05:45,1847.48257,1849.24348,1846.98686,1848.71931,100,20.0
2024.01.27 06:00,1849.49507,1849.66247,1848.86612,1849.34679,100,20.0
2024.01.27 06:15,1849.02784,1849.28729,1848.56040,1848.71921,100,20.0
2024.01.27 06:30,1849.02876,1849.48000,1848.08993,1848.76998,100,20.0
2024.01.27 06:45,1848.58302,1849.53499,1848.41965,1848.58766,100,20.0
2024.01.27 07:00,1847.64887,1848.37788,1847.50092,1847.94048,100,20.0
2024.01.27 07:15,1848.02311,1848.64802,1847.95187,1848.23483,100,20.0
2024.01.27 07:30,1848.44909,1849.15266,1848.24335,1848.44391,100,20.0
2024.01.27 07:45,1848.69410,1848.82855,1848.09212,1848.30602,100,20.0
2024.01.27 08:00,1848.44328,1848.45765,1847.72247,1848.11906,100,20.0
2024.01.27 08:15,1848.59750,1848.84937,1848.53574,1848.58400,100,20.0
2024.01.27 08:30,1848.20647,1848.71578,1848.08434,1848.63047,100,20.0
2024.01.27 08:45,1849.19907,1849.94308,1849.01344,1849.66776,100,20.0
2024.01.27 09:00,1850.53386,1851.08350,1850.44661,1850.97827,100,20.0
2024.01.27 09:15,1851.56132,1852.29201,1850.35897,1850.85315,100,20.0
2024.01.27 09:30,1851.66390,1851.84011,1850.98031,1851.16937,100,20.0
2024.01.27 09:45,1851.68083,1851.90512,1851.55827,1851.74297,100,20.0
2024.01.27 10:00,1851.24256,1851.70428,1851.07011,1851.09048,100,20.0
2024.01.27 10:15,1850.62325,1851.21854,1850.60439,1850.98079,100,20.0
2024.01.27 10:30,1850.92967,1852.17807,1850.54200,1851.27806,100,20.0
2024.01.27 10:45,1851.18978,1851.23650,1850.53625,1850.71202,100,20.0
2024.01.27 11:00,1850.40117,1850.57819,1850.18693,1850.44726,100,20.0
2024.01.27 11:15,1850.96204,1851.09415,1850.21729,1850.42792,100,20.0
2024.01.27 11:30,1850.87661,1851.67868,1850.68006,1851.18535,100,20.0
2024.01.27 11:45,1850.66955,1851.33149,1850.28585,1850.93475,100,20.0
2024.01.27 12:00,1851.03145,1851.08741,1850.78031,1850.99791,100,20.0
2024.01.27 12:15,1850.39089,1850.76586,1850.02505,1850.06709,100,20.0
2024.01.27 12:30,1850.33355,1850.64285,1849.88101,1849.90427,100,20.0
2024.01.27 12:45,1850.86662,1851.50537,1850.35511,1851.20967,100,20.0
2024.01.27 13:00,1851.45260,1852.49850,1851.06864,1852.33617,100,20.0
2024.01.27 13:15,1850.88054,1851.52386,1850.50851,1851.43521,100,20.0
2024.01.27 13:30,1851.53973,1852.82445,1851.52193,1852.36016,100,20.0
2024.01.27 13:45,1852.19506,1852.21115,1852.02559,1852.10798,100,20.0
2024.01.27 14:00,1853.11641,1853.30823,1852.80907,1853.20973,100,20.0
2024.01.27 14:15,1852.07197,1852.30118,1851.68010,1852.09100,100,20.0
2024.01.27 14:30,1852.10524,1852.12586,1851.44636,1851.66933,100,20.0
2024.01.27 14:45,1851.65123,1852.02069,1851.36712,1851.99949,100,20.0
2024.01.27 15:00,1850.75155,1851.27148,1850.62272,1851.02039,100,20.0
2024.01.27 15:15,1851.90107,1852.17962,1851.62157,1851.90081,100,20.0
2024.01.27 15:30,1851.46170,1851.73768,1850.62343,1851.28761,100,20.0
2024.01.27 15:45,1851.67678,1852.06614,1851.30824,1851.50591,100,20.0
2024.01.27 16:00,1851.68719,1851.79411,1851.37382,1851.66233,100,20.0
2024.01.27 16:15,1851.93877,1852.60249,1851.45628,1852.41066,100,20.0
2024.01.27 16:30,1851.66744,1851.88486,1851.42610,1851.46203,100,20.0
2024.01.27 16:45,1851.49778,1852.01853,1851.14225,1851.27613,100,20.0
2024.01.27 17:00,1852.10363,1852.23739,1851.76933,1852.21729,100,20.0
2024.01.27 17:15,1852.62252,1852.79970,1852.58118,1852.67943,100,20.0
2024.01.27 17:30,1852.16941,1853.04220,1851.50173,1852.86832,100,20.0
2024.01.27 17:45,1851.89994,1852.79449,1851.67122,1851.94013,100,20.0
2024.01.27 18:00,1853.02863,1853.49154,1852.68405,1852.86995,100,20.0
2024.01.27 18:15,1852.04084,1852.31933,1851.70247,1852.03863,100,20.0
2024.01.27 18:30,1850.93108,1850.97439,1850.18955,1850.37128,100,20.0
2024.01.27 18:45,1851.53292,1851.54193,1850.85323,1851.05598,100,20.0
2024.01.27 19:00,1851.28841,1851.29275,1850.80023,1850.95962,100,20.0
2024.01.27 19:15,1851.43670,1852.42283,1851.35400,1852.28140,100,20.0
2024.01.27 19:30,1852.72494,1853.29721,1852.05811,1852.11059,100,20.0
2024.01.27 19:45,1852.14408,1852.43870,1851.64681,1851.83790,100,20.0
2024.01.27 20:00,1852.53565,1853.66766,1852.18052,1853.09461,100,20.0
2024.01.27 20:15,1853.87610,1854.27031,1853.16404,1853.20112,100,20.0
2024.01.27 20:30,1851.63771,1851.87411,1850.90055,1851.01043,100,20.0
2024.01.27 20:45,1850.44549,1850.90517,1850.04561,1850.39524,100,20.0
2024.01.27 21:00,1850.51356,1850.62619,1849.64740,1850.00374,100,20.0
2024.01.27 21:15,1849.80420,1850.28632,1849.15038,1849.36753,100,20.0
2024.01.27 21:30,1849.14054,1849.75120,1848.33748,1848.50040,100,20.0
2024.01.27 21:45,1848.32214,1849.04329,1848.20680,1848.57298,100,20.0
2024.01.27 22:00,1847.74712,1847.91399,1847.14123,1847.33835,100,20.0
2024.01.27 22:15,1847.04487,1847.60528,1846.35158,1846.58602,100,20.0
2024.01.27 22:30,1847.45574,1848.85736,1847.44104,1848.18295,100,20.0
2024.01.27 22:45,1848.20548,1848.23719,1847.25980,1847.60017,100,20.0
2024.01.27 23:00,1847.61997,1848.00158,1847.00929,1847.78652,100,20.0
2024.01.27 23:15,1847.19480,1847.54229,1845.64357,1845.89906,100,20.0
2024.01.27 23:30,1845.99325,1846.17219,1845.76995,1845.93496,100,20.0
2024.01.27 23:45,1845.70418,1846.17810,1845.66606,1845.86767,100,20.0
2024.01.28 00:00,1845.44350,1845.87099,1845.31073,1845.32779,100,20.0
2024.01.28 00:15,1846.42753,1847.09553,1845.73741,1847.03028,100,20.0
2024.01.28 00:30,1847.03253,1847.33621,1846.44026,1846.79415,100,20.0
2024.01.28 00:45,1846.92766,1847.38946,1846.61087,1847.34389,100,20.0
2024.01.28 01:00,1847.26725,1847.45902,1846.65340,1847.44823,100,20.0
2024.01.28 01:15,1847.42595,1848.27800,1847.24446,1848.09543,100,20.0
2024.01.28 01:30,1848.42965,1849.18765,1848.05693,1848.77530,100,20.0
2024.01.28 01:45,1847.90689,1848.05849,1847.47957,1847.76037,100,20.0
2024.01.28 02:00,1847.47248,1847.53136,1846.53842,1846.57697,100,20.0
2024.01.28 02:15,1846.49816,1847.15717,1846.35945,1846.98230,100,20.0
2024.01.28 02:30,1847.88769,1847.99883,1847.17991,1847.30457,100,20.0
2024.01.28 02:45,1848.30743,1849.89569,1848.30263,1849.36925,100,20.0
2024.01.28 03:00,1848.41190,1849.11903,1847.81743,1848.01746,100,20.0
2024.01.28 03:15,1848.59111,1848.68339,1848.48159,1848.53961,100,20.0
2024.01.28 03:30,1848.40771,1849.33541,1847.99087,1847.99989,100,20.0
2024.01.28 03:45,1848.99733,1849.93179,1848.85815,1849.28182,100,20.0
2024.01.28 04:00,1848.50087,1848.73131,1848.18322,1848.63038,100,20.0
2024.01.28 04:15,1848.36273,1849.01534,1847.33683,1848.09664,100,20.0
2024.01.28 04:30,1848.67575,1849.04410,1848.33137,1849.03916,100,20.0
2024.01.28 04:45,1849.44633,1850.09820,1849.23924,1849.90265,100,20.0
2024.01.28 05:00,1849.60044,1849.86169,1849.17889,1849.59223,100,20.0
2024.01.28 05:15,1850.43657,1850.55235,1849.68228,1850.07534,100,20.0
2024.01.28 05:30,1851.06690,1851.28516,1850.88128,1851.22768,100,20.0
2024.01.28 05:45,1851.21651,1851.82032,1851.18867,1851.63438,100,20.0
2024.01.28 06:00,1851.05863,1851.82337,1851.02020,1851.55488,100,20.0
2024.01.28 06:15,1851.67651,1851.75472,1851.26418,1851.49771,100,20.0
2024.01.28 06:30,1852.55989,1853.19009,1852.29172,1852.37825,100,20.0
2024.01.28 06:45,1851.46917,1851.98894,1851.11697,1851.26654,100,20.0
2024.01.28 07:00,1851.21610,1851.62402,1851.17938,1851.48511,100,20.0
2024.01.28 07:15,1851.62764,1851.75938,1851.39450,1851.59261,100,20.0
2024.01.28 07:30,1850.84158,1852.19569,1850.55637,1851.38210,100,20.0
2024.01.28 07:45,1850.67776,1850.84579,1850.24629,1850.38949,100,20.0
2024.01.28 08:00,1850.27058,1850.97092,1849.27724,1849.90777,100,20.0
2024.01.28 08:15,1851.36958,1851.41768,1850.63285,1850.75643,100,20.0
2024.01.28 08:30,1851.14824,1851.19500,1849.76097,1850.05965,100,20.0
2024.01.28 08:45,1850.41662,1850.82034,1849.50232,1849.56868,100,20.0
2024.01.28 09:00,1849.42273,1849.85461,1849.16004,1849.53340,100,20.0
2024.01.28 09:15,1849.72511,1849.89248,1848.79000,1849.75296,100,20.0
2024.01.28 09:30,1850.14890,1850.57090,1850.02000,1850.45505,100,20.0
2024.01.28 09:45,1850.93532,1851.48591,1850.56376,1851.30761,100,20.0
2024.01.28 10:00,1851.48110,1851.74416,1851.02881,1851.28740,100,20.0
2024.01.28 10:15,1851.56866,1851.57690,1850.41172,1851.25933,100,20.0
2024.01.28 10:30,1850.71458,1851.53080,1850.27860,1850.37048,100,20.0
2024.01.28 10:45,1850.75606,1851.04177,1850.31883,1850.92391,100,20.0
2024.01.28 11:00,1850.49591,1850.95878,1850.32826,1850.49866,100,20.0
2024.01.28 11:15,1851.37862,1852.38573,1851.18376,1852.23652,100,20.0
2024.01.28 11:30,1851.46010,1851.81515,1850.83994,1850.93155,100,20.0
2024.01.28 11:45,1849.35216,1850.10213,1849.09138,1849.84198,100,20.0
2024.01.28 12:00,1849.34790,1849.86435,1849.11167,1849.58359,100,20.0
2024.01.28 12:15,1850.05892,1850.42965,1849.43518,1849.66296,100,20.0
2024.01.28 12:30,1849.28011,1850.05551,1848.96996,1849.73823,100,20.0
2024.01.28 12:45,1850.86580,1851.15540,1850.36191,1850.65135,100,20.0
2024.01.28 13:00,1850.44633,1850.67264,1850.32461,1850.45667,100,20.0
2024.01.28 13:15,1850.60596,1851.65496,1850.13797,1851.48739,100,20.0
2024.01.28 13:30,1851.97657,1852.07579,1850.00730,1850.59828,100,20.0
2024.01.28 13:45,1850.25424,1850.68677,1849.78447,1849.93188,100,20.0
2024.01.28 14:00,1849.59770,1850.30835,1849.53423,1849.62623,100,20.0
2024.01.28 14:15,1848.36052,1848.66521,1848.01916,1848.64270,100,20.0
2024.01.28 14:30,1848.86591,1849.57469,1848.68920,1849.45178,100,20.0
2024.01.28 14:45,1849.79990,1850.39010,1849.33680,1849.75822,100,20.0
2024.01.28 15:00,1848.63845,1849.66923,1848.43722,1849.34921,100,20.0
2024.01.28 15:15,1849.61971,1850.20850,1848.89668,1849.46822,100,20.0
2024.01.28 15:30,1849.10290,1849.45437,1848.35338,1849.11256,100,20.0
2024.01.28 15:45,1849.71954,1850.35030,1849.35639,1849.41289,100,20.0
2024.01.28 16:00,1848.83173,1849.01285,1848.33492,1848.37527,100,20.0
2024.01.28 16:15,1848.86580,1849.20893,1848.16574,1848.36791,100,20.0
2024.01.28 16:30,1848.37722,1849.28575,1848.19517,1848.82228,100,20.0
2024.01.28 16:45,1849.20938,1849.83053,1848.03460,1848.23598,100,20.0
2024.01.28 17:00,1846.97691,1847.03450,1846.80500,1847.02084,100,20.0
2024.01.28 17:15,1846.58499,1847.26387,1846.11885,1847.17082,100,20.0
2024.01.28 17:30,1847.86979,1848.79367,1846.92734,1847.14065,100,20.0
2024.01.28 17:45,1846.05409,1846.54636,1845.92256,1846.06597,100,20.0
2024.01.28 18:00,1846.97097,1847.37118,1845.62209,1846.08361,100,20.0
2024.01.28 18:15,1846.73683,1847.18231,1845.97800,1846.39045,100,20.0
2024.01.28 18:30,1845.71094,1846.00855,1845.44330,1845.63296,100,20.0
2024.01.28 18:45,1845.63020,1846.30322,1845.17878,1845.47273,100,20.0
2024.01.28 19:00,1845.49513,1846.34645,1845.18583,1846.15953,100,20.0
2024.01.28 19:15,1845.39602,1846.61099,1845.38528,1845.91493,100,20.0
2024.01.28 19:30,1846.20669,1847.23384,1845.96214,1846.74535,100,20.0
2024.01.28 19:45,1847.40507,1847.94430,1846.92126,1847.36710,100,20.0
2024.01.28 20:00,1847.70411,1848.09313,1847.59560,1847.85650,100,20.0
2024.01.28 20:15,1847.69628,1848.23229,1847.04285,1847.92089,100,20.0
2024.01.28 20:30,1848.61020,1849.03791,1848.48265,1848.90375,100,20.0
2024.01.28 20:45,1848.49712,1848.98329,1848.41838,1848.46099,100,20.0
2024.01.28 21:00,1848.83303,1849.47777,1847.80949,1848.16364,100,20.0
2024.01.28 21:15,1848.16305,1848.49388,1847.79390,1847.85258,100,20.0
2024.01.28 21:30,1848.00079,1848.97749,1847.53843,1848.83066,100,20.0
2024.01.28 21:45,1848.81063,1849.92195,1848.49881,1849.42115,100,20.0
2024.01.28 22:00,1849.26203,1849.48651,1848.92334,1849.28978,100,20.0
2024.01.28 22:15,1849.32398,1849.37183,1848.61183,1849.02144,100,20.0
2024.01.28 22:30,1849.38388,1849.44256,1848.36097,1848.75650,100,20.0
2024.01.28 22:45,1848.93466,1848.95286,1848.66097,1848.81313,100,20.0
2024.01.28 23:00,1848.17484,1848.39864,1847.35069,1847.59254,100,20.0
2024.01.28 23:15,1847.75372,1848.32441,1847.20552,1847.69047,100,20.0
2024.01.28 23:30,1847.56762,1847.98845,1846.87487,1847.20672,100,20.0
2024.01.28 23:45,1845.80907,1846.75434,1845.44294,1846.14300,100,20.0
2024.01.29 00:00,1845.46741,1845.65976,1844.88437,1845.12503,100,20.0
2024.01.29 00:15,1844.92924,1845.08272,1844.43722,1844.54078,100,20.0
2024.01.29 00:30,1843.43839,1843.92774,1843.30390,1843.75842,100,20.0
2024.01.29 00:45,1844.53559,1845.36903,1844.29315,1845.01671,100,20.0
2024.01.29 01:00,1843.82651,1844.82521,1842.75928,1843.54835,100,20.0
2024.01.29 01:15,1843.23171,1843.40226,1842.76660,1843.17058,100,20.0
2024.01.29 01:30,1843.39749,1843.40895,1842.98004,1843.05310,100,20.0
2024.01.29 01:45,1843.36979,1843.74113,1842.22972,1842.53718,100,20.0
2024.01.29 02:00,1842.42987,1843.73647,1841.85462,1843.12592,100,20.0
2024.01.29 02:15,1842.42738,1843.97290,1842.41327,1843.54086,100,20.0
2024.01.29 02:30,1843.01012,1844.10476,1842.31498,1843.88749,100,20.0
2024.01.29 02:45,1844.18075,1844.34935,1843.67553,1843.93582,100,20.0
2024.01.29 03:00,1844.12469,1844.35955,1844.02706,1844.15419,100,20.0
2024.01.29 03:15,1844.31794,1844.82073,1843.84029,1844.76434,100,20.0
2024.01.29 03:30,1844.63036,1844.99693,1844.24660,1844.89936,100,20.0
2024.01.29 03:45,1844.53148,1845.11779,1844.03960,1844.42981,100,20.0
2024.01.29 04:00,1843.87599,1844.00216,1843.57581,1843.59163,100,20.0
2024.01.29 04:15,1842.96341,1843.02044,1841.96605,1842.29848,100,20.0
2024.01.29 04:30,1842.14654,1842.46147,1841.85944,1841.92649,100,20.0
2024.01.29 04:45,1842.29091,1842.64089,1842.01251,1842.14702,100,20.0
2024.01.29 05:00,1841.28017,1841.45535,1840.92140,1841.41699,100,20.0
2024.01.29 05:15,1840.75901,1841.66170,1840.51566,1840.54395,100,20.0
2024.01.29 05:30,1840.71700,1840.80270,1839.74496,1840.05069,100,20.0
2024.01.29 05:45,1839.55152,1840.28444,1838.95217,1839.20573,100,20.0
2024.01.29 06:00,1837.90584,1838.27304,1837.32992,1837.67462,100,20.0
2024.01.29 06:15,1837.45516,1838.63201,1837.35294,1837.86790,100,20.0
2024.01.29 06:30,1837.62977,1838.43623,1837.41638,1837.99922,100,20.0
2024.01.29 06:45,1838.10984,1838.25391,1837.79142,1838.23476,100,20.0
2024.01.29 07:00,1838.87720,1839.35166,1838.02291,1838.20823,100,20.0
2024.01.29 07:15,1838.33651,1838.96699,1838.24506,1838.66194,100,20.0
2024.01.29 07:30,1838.86111,1839.26664,1838.56132,1838.85450,100,20.0
2024.01.29 07:45,1838.65585,1839.00440,1838.64510,1838.86287,100,20.0
2024.01.29 08:00,1839.11592,1839.46606,1838.96653,1839.20759,100,20.0
2024.01.29 08:15,1838.73403,1839.17311,1838.48128,1839.00307,100,20.0
2024.01.29 08:30,1837.69459,1838.12587,1836.92677,1837.09158,100,20.0
2024.01.29 08:45,1837.23421,1837.81312,1836.81928,1837.36445,100,20.0
2024.01.29 09:00,1837.08905,1837.33147,1836.09904,1836.55651,100,20.0
2024.01.29 09:15,1837.11965,1837.59035,1835.63478,1836.13833,100,20.0
2024.01.29 09:30,1835.97825,1836.09284,1835.51921,1835.59907,100,20.0
2024.01.29 09:45,1835.07236,1835.18693,1834.72845,1835.02789,100,20.0
2024.01.29 10:00,1834.87395,1835.48400,1834.76071,1834.83210,100,20.0
2024.01.29 10:15,1834.21691,1834.68932,1833.80176,1834.06078,100,20.0
2024.01.29 10:30,1834.11109,1835.42803,1833.81646,1834.61191,100,20.0
2024.01.29 10:45,1833.85398,1833.91111,1832.54442,1833.00811,100,20.0
2024.01.29 11:00,1833.27664,1833.49756,1832.87620,1832.95699,100,20.0
2024.01.29 11:15,1833.18195,1834.07319,1832.83986,1833.65413,100,20.0
2024.01.29 11:30,1833.53993,1833.77192,1832.86570,1833.54752,100,20.0
2024.01.29 11:45,1832.97469,1833.24795,1831.93899,1833.24138,100,20.0
2024.01.29 12:00,1833.77304,1834.06949,1832.81169,1833.60129,100,20.0
2024.01.29 12:15,1833.30552,1833.96042,1832.96270,1833.65834,100,20.0
2024.01.29 12:30,1833.47592,1833.60623,1832.86244,1833.16782,100,20.0
2024.01.29 12:45,1831.90864,1834.06082,1831.57514,1833.25608,100,20.0
2024.01.29 13:00,1832.97601,1834.17859,1832.74449,1833.72814,100,20.0
2024.01.29 13:15,1833.28239,1833.45354,1833.10573,1833.11615,100,20.0
2024.01.29 13:30,1832.48504,1832.85420,1831.85500,1832.70530,100,20.0
2024.01.29 13:45,1832.13695,1832.46542,1832.00806,1832.05688,100,20.0
2024.01.29 14:00,1831.54451,1831.60065,1831.07625,1831.35922,100,20.0
2024.01.29 14:15,1830.17973,1830.19342,1829.21596,1829.71526,100,20.0
2024.01.29 14:30,1828.79103,1829.44215,1828.37478,1829.12041,100,20.0
2024.01.29 14:45,1829.06232,1829.09949,1828.54513,1828.80609,100,20.0
2024.01.29 15:00,1828.03036,1829.26115,1828.01203,1828.68357,100,20.0
2024.01.29 15:15,1828.49482,1828.91153,1828.19500,1828.40917,100,20.0
2024.01.29 15:30,1828.72835,1828.96451,1828.16026,1828.41821,100,20.0
2024.01.29 15:45,1828.26947,1829.45661,1828.23270,1829.38260,100,20.0
2024.01.29 16:00,1830.11795,1830.43225,1829.74827,1830.40494,100,20.0
2024.01.29 16:15,1830.00137,1830.33253,1829.77887,1830.25955,100,20.0
2024.01.29 16:30,1830.63773,1831.48374,1830.63717,1831.20395,100,20.0
2024.01.29 16:45,1831.39897,1831.75678,1831.38106,1831.59474,100,20.0
2024.01.29 17:00,1832.09540,1832.16286,1831.39497,1832.06866,100,20.0
2024.01.29 17:15,1831.05101,1831.56633,1831.00809,1831.49481,100,20.0
2024.01.29 17:30,1831.60372,1832.00191,1830.77972,1831.09320,100,20.0
2024.01.29 17:45,1830.36970,1830.96123,1829.52815,1830.06357,100,20.0
2024.01.29 18:00,1829.87273,1830.13079,1829.37999,1829.95941,100,20.0
2024.01.29 18:15,1829.89691,1830.41489,1829.04562,1829.19252,100,20.0
2024.01.29 18:30,1829.59561,1829.84879,1829.43115,1829.69682,100,20.0
2024.01.29 18:45,1830.15958,1830.27945,1829.67558,1829.75813,100,20.0
2024.01.29 19:00,1829.84689,1830.34401,1829.73653,1830.16238,100,20.0
2024.01.29 19:15,1829.29500,1830.13511,1829.21466,1829.73679,100,20.0
2024.01.29 19:30,1829.43648,1830.00620,1829.22524,1829.91313,100,20.0
2024.01.29 19:45,1829.61113,1830.44056,1829.40215,1830.13803,100,20.0
2024.01.29 20:00,1830.22361,1830.41862,1829.86399,1829.87155,100,20.0
2024.01.29 20:15,1829.56909,1829.71064,1828.77139,1829.49328,100,20.0
2024.01.29 20:30,1829.40412,1829.64275,1828.61598,1828.93534,100,20.0
2024.01.29 20:45,1829.76878,1831.01736,1829.29367,1830.77372,100,20.0
2024.01.29 21:00,1830.25352,1830.34798,1829.84739,1830.06347,100,20.0
2024.01.29 21:15,1829.59992,1829.85962,1828.90328,1829.47446,100,20.0
2024.01.29 21:30,1829.15506,1829.77558,1828.61795,1828.68490,100,20.0
2024.01.29 21:45,1828.37928,1829.77752,1828.30222,1829.60039,100,20.0
2024.01.29 22:00,1828.64295,1828.67854,1828.43629,1828.49741,100,20.0
2024.01.29 22:15,1828.72113,1828.82394,1828.27646,1828.40629,100,20.0
2024.01.29 22:30,1828.89504,1829.67148,1828.69673,1829.09946,100,20.0
2024.01.29 22:45,1829.22686,1829.24693,1827.96623,1828.44890,100,20.0
2024.01.29 23:00,1827.98757,1828.19184,1827.63680,1827.92899,100,20.0
2024.01.29 23:15,1828.34101,1829.17234,1828.18537,1829.12849,100,20.0
2024.01.29 23:30,1828.36830,1828.54982,1828.29661,1828.42913,100,20.0
2024.01.29 23:45,1827.96373,1828.21389,1827.14164,1827.31769,100,20.0
2024.01.30 00:00,1827.60809,1827.88399,1826.92059,1827.70262,100,20.0
2024.01.30 00:15,1828.46690,1829.46862,1827.52020,1827.77925,100,20.0
2024.01.30 00:30,1827.78705,1828.12009,1827.69634,1827.77038,100,20.0
2024.01.30 00:45,1828.21727,1828.70354,1827.40331,1827.40401,100,20.0
2024.01.30 01:00,1827.69638,1827.73798,1827.50379,1827.68760,100,20.0
2024.01.30 01:15,1827.04518,1827.31575,1826.25112,1826.42694,100,20.0
2024.01.30 01:30,1826.42898,1826.76158,1826.17328,1826.23568,100,20.0
2024.01.30 01:45,1826.48842,1826.61454,1825.22803,1825.24186,100,20.0
2024.01.30 02:00,1825.27387,1825.90836,1825.16432,1825.66862,100,20.0
2024.01.30 02:15,1824.98008,1825.41050,1824.09291,1825.31165,100,20.0
2024.01.30 02:30,1826.48347,1826.64910,1825.02316,1825.44160,100,20.0
2024.01.30 02:45,1826.89943,1827.28321,1826.60146,1827.25438,100,20.0
2024.01.30 03:00,1826.96692,1827.07487,1826.37729,1826.85611,100,20.0
2024.01.30 03:15,1826.37550,1826.87481,1826.17596,1826.63000,100,20.0
2024.01.30 03:30,1826.36858,1826.72121,1826.10366,1826.11362,100,20.0
2024.01.30 03:45,1825.92072,1826.16373,1825.48340,1826.05194,100,20.0
2024.01.30 04:00,1825.41452,1825.42016,1825.05153,1825.24811,100,20.0
2024.01.30 04:15,1825.39525,1825.52964,1825.17971,1825.42142,100,20.0
2024.01.30 04:30,1824.47915,1824.83006,1824.16917,1824.62915,100,20.0
2024.01.30 04:45,1824.22615,1824.80873,1823.53989,1824.42370,100,20.0
2024.01.30 05:00,1823.86476,1824.09101,1822.74731,1823.63294,100,20.0
2024.01.30 05:15,1823.49552,1823.67236,1822.83261,1823.26536,100,20.0
2024.01.30 05:30,1823.44396,1824.02723,1823.31860,1823.96561,100,20.0
2024.01.30 05:45,1823.90809,1824.95430,1823.54792,1824.25669,100,20.0
2024.01.30 06:00,1823.64878,1824.79597,1823.24731,1824.13456,100,20.0
2024.01.30 06:15,1823.16885,1823.69332,1822.80500,1822.95518,100,20.0
2024.01.30 06:30,1822.47485,1822.61314,1821.68541,1822.16852,100,20.0
2024.01.30 06:45,1821.40210,1821.85641,1820.94982,1821.77022,100,20.0
2024.01.30 07:00,1821.29345,1822.11765,1820.99957,1821.59015,100,20.0
2024.01.30 07:15,1820.63502,1820.90386,1820.59422,1820.62645,100,20.0
2024.01.30 07:30,1820.71949,1820.74848,1820.65238,1820.69920,100,20.0
2024.01.30 07:45,1820.30946,1820.39717,1819.70270,1819.92076,100,20.0
2024.01.30 08:00,1820.77659,1821.33873,1819.81393,1820.96497,100,20.0
2024.01.30 08:15,1821.46759,1822.35024,1821.07357,1822.28673,100,20.0
2024.01.30 08:30,1821.07753,1821.15570,1820.41620,1820.68381,100,20.0
2024.01.30 08:45,1820.42370,1820.80557,1819.96238,1820.56726,100,20.0
2024.01.30 09:00,1821.25546,1821.81335,1820.82865,1821.76635,100,20.0
2024.01.30 09:15,1821.31909,1821.79957,1821.09113,1821.72763,100,20.0
2024.01.30 09:30,1822.79073,1822.97501,1822.54671,1822.72106,100,20.0
2024.01.30 09:45,1823.08393,1823.56134,1822.95625,1822.96619,100,20.0
2024.01.30 10:00,1822.57938,1823.90443,1822.29471,1823.62119,100,20.0
2024.01.30 10:15,1823.49895,1824.57393,1823.01637,1824.14926,100,20.0
2024.01.30 10:30,1822.99092,1823.76304,1822.85408,1823.66903,100,20.0
2024.01.30 10:45,1822.91083,1823.27939,1822.90692,1823.02369,100,20.0
2024.01.30 11:00,1822.64262,1823.38288,1821.37451,1822.11071,100,20.0
2024.01.30 11:15,1822.40905,1822.45475,1822.10635,1822.11403,100,20.0
2024.01.30 11:30,1821.81935,1821.87427,1820.61684,1821.16824,100,20.0
2024.01.30 11:45,1819.95304,1820.17528,1819.51245,1819.81503,100,20.0
2024.01.30 12:00,1819.50657,1819.66672,1819.02970,1819.49433,100,20.0
2024.01.30 12:15,1817.85529,1817.95754,1816.70761,1817.39648,100,20.0
2024.01.30 12:30,1817.04334,1817.58845,1816.97096,1817.25147,100,20.0
2024.01.30 12:45,1816.53100,1816.58320,1815.23142,1815.75819,100,20.0
2024.01.30 13:00,1816.37669,1816.78680,1816.33870,1816.39855,100,20.0
2024.01.30 13:15,1816.70322,1816.88174,1816.45200,1816.65329,100,20.0
2024.01.30 13:30,1815.13501,1815.80472,1814.61541,1815.60667,100,20.0
2024.01.30 13:45,1815.27022,1815.98161,1814.93633,1815.66014,100,20.0
2024.01.30 14:00,1815.39055,1815.45941,1815.26913,1815.42098,100,20.0
2024.01.30 14:15,1814.63393,1814.67332,1813.96868,1814.49006,100,20.0
2024.01.30 14:30,1814.24436,1815.31378,1813.85464,1815.00386,100,20.0
2024.01.30 14:45,1815.62982,1816.42505,1814.44820,1816.24832,100,20.0
2024.01.30 15:00,1816.24723,1816.96154,1815.93504,1816.88156,100,20.0
2024.01.30 15:15,1816.70492,1817.23424,1816.05750,1816.82490,100,20.0
2024.01.30 15:30,1817.31821,1817.57491,1816.82528,1817.14623,100,20.0
2024.01.30 15:45,1816.74303,1817.07267,1816.55305,1816.80763,100,20.0
2024.01.30 16:00,1816.33861,1816.82938,1816.14367,1816.63005,100,20.0
2024.01.30 16:15,1816.45872,1817.50824,1815.92508,1817.47204,100,20.0
2024.01.30 16:30,1816.97136,1817.21811,1816.78643,1816.82138,100,20.0
2024.01.30 16:45,1817.10064,1817.39561,1817.09123,1817.19186,100,20.0
2024.01.30 17:00,1817.53502,1817.59548,1816.96513,1817.00511,100,20.0
2024.01.30 17:15,1817.15292,1817.35616,1816.50218,1816.62876,100,20.0
2024.01.30 17:30,1816.83832,1817.15923,1816.51346,1816.61712,100,20.0
2024.01.30 17:45,1816.74237,1817.46163,1816.59768,1817.36357,100,20.0
2024.01.30 18:00,1817.78563,1819.15803,1817.69830,1818.57824,100,20.0
2024.01.30 18:15,1818.41490,1818.52597,1817.38106,1818.04295,100,20.0
2024.01.30 18:30,1817.67428,1818.38470,1817.19289,1817.80815,100,20.0
2024.01.30 18:45,1818.24617,1818.78728,1817.08418,1817.27709,100,20.0
2024.01.30 19:00,1817.41099,1818.31044,1817.29846,1817.70108,100,20.0
2024.01.30 19:15,1817.63061,1818.27871,1817.35885,1817.49589,100,20.0
2024.01.30 19:30,1817.41909,1817.73283,1816.75356,1816.83632,100,20.0
2024.01.30 19:45,1816.81194,1817.10880,1816.00303,1816.42526,100,20.0
2024.01.30 20:00,1816.56965,1817.20643,1816.46373,1816.91698,100,20.0
2024.01.30 20:15,1816.88091,1817.26509,1816.47890,1816.73053,100,20.0
2024.01.30 20:30,1816.36467,1817.32361,1816.13137,1816.58472,100,20.0
2024.01.30 20:45,1815.22235,1815.38873,1814.83728,1815.21004,100,20.0
2024.01.30 21:00,1815.42437,1815.63230,1815.12150,1815.34041,100,20.0
2024.01.30 21:15,1815.29687,1815.70018,1814.61834,1815.27675,100,20.0
2024.01.30 21:30,1814.72431,1814.75300,1814.32626,1814.52414,100,20.0
2024.01.30 21:45,1814.35019,1814.55162,1812.97219,1813.55228,100,20.0
2024.01.30 22:00,1813.80029,1814.45463,1812.93566,1812.95534,100,20.0
2024.01.30 22:15,1813.50713,1814.63959,1812.58874,1814.47902,100,20.0
2024.01.30 22:30,1815.06679,1815.44825,1813.88157,1814.45552,100,20.0
2024.01.30 22:45,1814.34092,1814.40003,1813.61548,1813.75351,100,20.0
2024.01.30 23:00,1813.81875,1813.90074,1813.05557,1813.54150,100,20.0
2024.01.30 23:15,1812.54106,1812.87294,1812.05907,1812.83708,100,20.0
2024.01.30 23:30,1813.52601,1813.87305,1813.36571,1813.81297,100,20.0
2024.01.30 23:45,1813.78740,1813.93354,1813.34873,1813.56120,100,20.0
2024.01.31 00:00,1813.86690,1814.47369,1812.54794,1812.91164,100,20.0
2024.01.31 00:15,1812.94398,1813.53800,1811.75796,1812.42594,100,20.0
2024.01.31 00:30,1812.25323,1812.69193,1811.32840,1812.59567,100,20.0
2024.01.31 00:45,1812.15003,1812.32986,1811.87660,1812.14053,100,20.0
2024.01.31 01:00,1813.44346,1813.81297,1812.62161,1812.62637,100,20.0
2024.01.31 01:15,1812.80348,1812.89060,1812.52470,1812.73944,100,20.0
2024.01.31 01:30,1812.30129,1813.17225,1811.96041,1812.80895,100,20.0
2024.01.31 01:45,1813.50122,1814.44258,1813.16463,1813.36859,100,20.0
2024.01.31 02:00,1813.47606,1813.86534,1813.26862,1813.45497,100,20.0
2024.01.31 02:15,1813.33461,1813.80386,1813.25134,1813.57697,100,20.0
2024.01.31 02:30,1813.09804,1813.11841,1812.97068,1813.11653,100,20.0
2024.01.31 02:45,1812.68942,1813.33126,1812.63161,1812.75284,100,20.0
2024.01.31 03:00,1812.76131,1813.26765,1812.02842,1812.37711,100,20.0
2024.01.31 03:15,1812.13357,1812.93321,1811.18395,1811.64226,100,20.0
2024.01.31 03:30,1810.86925,1811.11730,1809.37663,1809.85551,100,20.0
2024.01.31 03:45,1810.33541,1811.15468,1809.64007,1810.54567,100,20.0
2024.01.31 04:00,1809.81561,1811.21891,1809.58974,1810.49491,100,20.0
2024.01.31 04:15,1810.64540,1810.74302,1809.43855,1809.99029,100,20.0
2024.01.31 04:30,1808.94231,1809.38105,1808.64149,1809.06983,100,20.0
2024.01.31 04:45,1809.09299,1809.67945,1808.78500,1809.51274,100,20.0
2024.01.31 05:00,1808.93902,1808.97178,1808.51210,1808.85282,100,20.0
2024.01.31 05:15,1809.93657,1810.07911,1809.10725,1809.17140,100,20.0
2024.01.31 05:30,1809.21180,1810.36319,1809.09832,1810.13797,100,20.0
2024.01.31 05:45,1809.80350,1810.08471,1808.79705,1809.03950,100,20.0
2024.01.31 06:00,1808.42761,1808.54638,1807.44238,1808.10887,100,20.0
2024.01.31 06:15,1808.50297,1809.35657,1807.92683,1808.92355,100,20.0
2024.01.31 06:30,1808.84907,1810.23379,1808.81964,1809.76018,100,20.0
2024.01.31 06:45,1809.46136,1809.87144,1808.63130,1808.75785,100,20.0
2024.01.31 07:00,1808.53933,1808.67497,1808.18423,1808.30168,100,20.0
2024.01.31 07:15,1809.16921,1809.34098,1807.94515,1808.60238,100,20.0
2024.01.31 07:30,1809.34925,1809.38946,1808.40384,1809.22064,100,20.0
2024.01.31 07:45,1809.23983,1809.95314,1809.04044,1809.43404,100,20.0
2024.01.31 08:00,1809.11847,1809.90577,1809.00622,1809.30852,100,20.0
2024.01.31 08:15,1809.62214,1809.96583,1809.41793,1809.70584,100,20.0
2024.01.31 08:30,1809.00845,1809.77955,1808.73473,1809.64420,100,20.0
2024.01.31 08:45,1809.40319,1809.57260,1808.84622,1809.40297,100,20.0
2024.01.31 09:00,1809.44847,1809.72500,1809.39837,1809.50690,100,20.0
2024.01.31 09:15,1809.27623,1809.31339,1808.95444,1809.17387,100,20.0
2024.01.31 09:30,1808.45871,1809.05231,1808.06806,1808.87542,100,20.0
2024.01.31 09:45,1808.94814,1809.62707,1807.77436,1808.06711,100,20.0
2024.01.31 10:00,1808.53602,1809.61132,1808.50257,1809.52403,100,20.0
2024.01.31 10:15,1809.42293,1809.65619,1809.38546,1809.46392,100,20.0
2024.01.31 10:30,1808.98196,1809.53890,1808.28169,1808.72492,100,20.0
2024.01.31 10:45,1809.23821,1809.31423,1808.59506,1808.93893,100,20.0
2024.01.31 11:00,1808.89106,1809.44007,1808.55894,1809.40057,100,20.0
2024.01.31 11:15,1809.61452,1810.32513,1809.15143,1810.25179,100,20.0
2024.01.31 11:30,1810.89004,1811.70588,1810.47871,1811.00089,100,20.0
2024.01.31 11:45,1810.69143,1811.35437,1810.47363,1810.94557,100,20.0
2024.01.31 12:00,1811.43396,1811.88556,1811.24695,1811.87823,100,20.0
2024.01.31 12:15,1812.12042,1812.29631,1811.03248,1811.06814,100,20.0
2024.01.31 12:30,1810.57149,1810.94699,1810.25337,1810.34635,100,20.0
2024.01.31 12:45,1810.60762,1810.74188,1810.07318,1810.34371,100,20.0
2024.01.31 13:00,1811.43443,1811.98950,1810.15492,1810.35071,100,20.0
2024.01.31 13:15,1810.11948,1810.96057,1809.85652,1810.26106,100,20.0
2024.01.31 13:30,1811.53946,1811.88043,1811.18187,1811.58534,100,20.0
2024.01.31 13:45,1811.79048,1811.93392,1810.83473,1811.19707,100,20.0
2024.01.31 14:00,1810.80155,1811.19250,1809.90014,1810.12783,100,20.0
2024.01.31 14:15,1809.87463,1809.89086,1809.69514,1809.87872,100,20.0
2024.01.31 14:30,1809.53272,1809.92961,1808.98849,1809.59806,100,20.0
2024.01.31 14:45,1809.55398,1809.97486,1809.52136,1809.57069,100,20.0
2024.01.31 15:00,1810.47158,1810.80564,1809.46965,1809.55193,100,20.0
2024.01.31 15:15,1809.70438,1810.02664,1808.93827,1809.06691,100,20.0
2024.01.31 15:30,1808.42096,1809.19869,1808.07420,1808.72242,100,20.0
2024.01.31 15:45,1808.73891,1809.48920,1808.59466,1808.85379,100,20.0
2024.01.31 16:00,1807.75029,1808.29060,1807.31668,1807.56190,100,20.0
2024.01.31 16:15,1808.03720,1808.07707,1807.39287,1807.68816,100,20.0
2024.01.31 16:30,1807.86374,1808.36857,1807.32778,1808.21912,100,20.0
2024.01.31 16:45,1807.97390,1808.90694,1807.64561,1808.72082,100,20.0
2024.01.31 17:00,1808.23217,1808.63986,1808.17955,1808.59376,100,20.0
2024.01.31 17:15,1808.52745,1808.61961,1807.72645,1808.19686,100,20.0
2024.01.31 17:30,1808.69227,1809.29286,1808.58713,1808.76673,100,20.0
2024.01.31 17:45,1808.49918,1810.07060,1808.27304,1809.39863,100,20.0
2024.01.31 18:00,1809.32636,1809.50067,1809.00485,1809.29532,100,20.0
2024.01.31 18:15,1810.07451,1810.30520,1809.58274,1809.83637,100,20.0
2024.01.31 18:30,1810.79236,1810.91622,1810.58120,1810.83792,100,20.0
2024.01.31 18:45,1810.59647,1810.76629,1810.47064,1810.52153,100,20.0
2024.01.31 19:00,1810.80557,1811.57924,1810.71153,1811.29123,100,20.0
2024.01.31 19:15,1811.11744,1811.65876,1810.97328,1811.65096,100,20.0
2024.01.31 19:30,1812.63307,1812.77998,1812.20431,1812.35621,100,20.0
2024.01.31 19:45,1813.02547,1813.18384,1811.73731,1812.38655,100,20.0
2024.01.31 20:00,1812.01286,1812.58841,1810.58057,1810.88603,100,20.0
2024.01.31 20:15,1810.78265,1811.73229,1810.31500,1811.60483,100,20.0
2024.01.31 20:30,1811.70352,1812.22953,1811.24607,1811.41966,100,20.0
2024.01.31 20:45,1810.73089,1811.48662,1810.38681,1811.07167,100,20.0
2024.01.31 21:00,1810.43446,1810.77228,1809.83544,1810.55733,100,20.0
2024.01.31 21:15,1809.88936,1809.98272,1809.11410,1809.55641,100,20.0
2024.01.31 21:30,1810.07077,1810.23882,1809.85166,1809.95663,100,20.0
2024.01.31 21:45,1808.93116,1809.56880,1808.75547,1809.16103,100,20.0
2024.01.31 22:00,1809.58537,1810.12104,1809.11764,1809.57640,100,20.0
2024.01.31 22:15,1809.13180,1809.46945,1808.91953,1809.18654,100,20.0
2024.01.31 22:30,1810.06771,1810.36201,1809.58607,1809.97737,100,20.0
2024.01.31 22:45,1809.97183,1811.45599,1809.83148,1810.94508,100,20.0
2024.01.31 23:00,1811.00864,1811.80321,1810.92337,1811.76097,100,20.0
2024.01.31 23:15,1811.05586,1811.07994,1810.94192,1811.04850,100,20.0
2024.01.31 23:30,1810.98334,1811.05531,1810.34812,1810.59382,100,20.0
2024.01.31 23:45,1810.53956,1810.56120,1809.85512,1810.17550,100,20.0
2024.02.01 00:00,1809.81085,1810.11329,1809.38062,1809.73879,100,20.0
2024.02.01 00:15,1811.17938,1811.90604,1810.47541,1810.85450,100,20.0
2024.02.01 00:30,1810.39977,1810.55865,1810.01634,1810.05025,100,20.0
2024.02.01 00:45,1811.23488,1811.59797,1810.90770,1811.47737,100,20.0
2024.02.01 01:00,1811.41491,1811.97763,1811.30044,1811.34403,100,20.0
2024.02.01 01:15,1810.37563,1810.39921,1809.47375,1810.32705,100,20.0
2024.02.01 01:30,1810.56573,1810.59007,1809.39918,1809.95518,100,20.0
2024.02.01 01:45,1810.10916,1810.73003,1809.71014,1810.41584,100,20.0
2024.02.01 02:00,1809.70505,1810.04054,1809.50919,1809.96235,100,20.0
2024.02.01 02:15,1809.65836,1809.81246,1809.15070,1809.43690,100,20.0
2024.02.01 02:30,1809.83097,1811.47966,1809.82130,1810.44847,100,20.0
2024.02.01 02:45,1811.30422,1811.73956,1810.64095,1811.70698,100,20.0
2024.02.01 03:00,1811.54479,1812.02588,1811.02497,1811.08509,100,20.0
2024.02.01 03:15,1810.03658,1810.09327,1809.24228,1809.53266,100,20.0
2024.02.01 03:30,1810.21372,1810.93128,1810.13662,1810.45914,100,20.0
2024.02.01 03:45,1810.62488,1810.62928,1810.54359,1810.62689,100,20.0
2024.02.01 04:00,1811.00463,1811.13983,1810.06674,1810.20604,100,20.0
2024.02.01 04:15,1810.07539,1810.63760,1809.79214,1810.15062,100,20.0
2024.02.01 04:30,1809.50022,1810.19955,1808.59525,1809.13677,100,20.0
2024.02.01 04:45,1809.77669,1810.34138,1808.94681,1809.31436,100,20.0
2024.02.01 05:00,1809.15576,1809.52527,1808.28287,1808.65067,100,20.0
2024.02.01 05:15,1808.18211,1808.76306,1808.04457,1808.47686,100,20.0
2024.02.01 05:30,1806.85810,1807.53835,1806.52766,1806.53311,100,20.0
2024.02.01 05:45,1806.37609,1807.23554,1806.00505,1806.85126,100,20.0
2024.02.01 06:00,1807.20869,1807.65371,1806.37828,1806.64314,100,20.0
2024.02.01 06:15,1806.07009,1806.29560,1805.36410,1805.51377,100,20.0
2024.02.01 06:30,1805.77188,1805.77689,1805.31794,1805.76803,100,20.0
2024.02.01 06:45,1804.86370,1805.84659,1804.47752,1805.19372,100,20.0
2024.02.01 07:00,1805.42389,1806.21243,1805.18068,1805.97309,100,20.0
2024.02.01 07:15,1806.27037,1806.96229,1806.24754,1806.25438,100,20.0
2024.02.01 07:30,1806.28068,1806.68723,1806.09595,1806.60234,100,20.0
2024.02.01 07:45,1806.05653,1806.95153,1805.69250,1806.00026,100,20.0
2024.02.01 08:00,1805.69555,1806.00235,1805.07130,1805.67084,100,20.0
2024.02.01 08:15,1804.92269,1805.25504,1804.22620,1804.36612,100,20.0
2024.02.01 08:30,1804.95955,1805.02468,1804.67086,1804.81866,100,20.0
2024.02.01 08:45,1804.21995,1805.45920,1804.08549,1804.71445,100,20.0
2024.02.01 09:00,1803.00039,1803.24849,1801.93099,1802.43864,100,20.0
2024.02.01 09:15,1803.10398,1803.67681,1802.49710,1803.64095,100,20.0
2024.02.01 09:30,1803.59082,1804.11507,1802.88325,1803.79653,100,20.0
2024.02.01 09:45,1803.49074,1803.66963,1803.19214,1803.45819,100,20.0
2024.02.01 10:00,1803.35571,1803.80483,1802.25833,1802.99088,100,20.0
2024.02.01 10:15,1803.34932,1803.54780,1802.86064,1802.92026,100,20.0
2024.02.01 10:30,1802.23703,1803.00709,1802.02303,1802.38130,100,20.0
2024.02.01 10:45,1802.44082,1802.95938,1802.38447,1802.91381,100,20.0
2024.02.01 11:00,1802.96440,1803.04513,1802.85576,1802.95247,100,20.0
2024.02.01 11:15,1804.19190,1804.19328,1803.51844,1803.62449,100,20.0
2024.02.01 11:30,1804.10766,1804.45599,1802.99064,1803.43242,100,20.0
2024.02.01 11:45,1803.54380,1804.29542,1803.16002,1804.07802,100,20.0
2024.02.01 12:00,1803.51558,1804.24038,1803.45373,1804.05216,100,20.0
2024.02.01 12:15,1803.72183,1804.12471,1802.45330,1802.89240,100,20.0
2024.02.01 12:30,1803.52551,1804.45877,1803.39497,1804.11084,100,20.0
2024.02.01 12:45,1804.60146,1804.90202,1803.85945,1804.00017,100,20.0
2024.02.01 13:00,1804.30998,1804.63551,1803.86418,1804.36014,100,20.0
2024.02.01 13:15,1803.59327,1803.62343,1802.80015,1803.37629,100,20.0
2024.02.01 13:30,1803.77074,1804.02437,1803.51291,1803.82165,100,20.0
2024.02.01 13:45,1804.22768,1804.61273,1803.88314,1803.98659,100,20.0
2024.02.01 14:00,1804.21511,1804.47754,1803.72978,1803.82180,100,20.0
2024.02.01 14:15,1804.25452,1804.40806,1804.15629,1804.23629,100,20.0
2024.02.01 14:30,1803.77571,1804.08581,1803.37780,1803.97042,100,20.0
2024.02.01 14:45,1804.19483,1804.35449,1803.57329,1804.09079,100,20.0
2024.02.01 15:00,1804.20177,1805.57338,1803.94426,1804.83747,100,20.0
2024.02.01 15:15,1805.07387,1805.19192,1804.98844,1805.16416,100,20.0
2024.02.01 15:30,1805.59294,1805.74613,1805.11690,1805.47791,100,20.0
2024.02.01 15:45,1806.01986,1807.09333,1805.90507,1806.66332,100,20.0
2024.02.01 16:00,1807.41898,1807.78981,1806.80246,1807.71252,100,20.0
2024.02.01 16:15,1808.41964,1808.73160,1808.17178,1808.36505,100,20.0
2024.02.01 16:30,1808.70579,1809.12570,1807.48046,1808.50692,100,20.0
2024.02.01 16:45,1807.54103,1809.24295,1807.53019,1808.82084,100,20.0
2024.02.01 17:00,1809.15559,1809.27404,1808.89097,1808.95677,100,20.0
2024.02.01 17:15,1807.96814,1808.02031,1807.63881,1807.73496,100,20.0
2024.02.01 17:30,1808.81264,1809.13834,1808.69764,1808.83754,100,20.0
2024.02.01 17:45,1809.71940,1810.56809,1809.09281,1810.29916,100,20.0
2024.02.01 18:00,1810.35869,1810.61617,1810.34322,1810.44267,100,20.0
2024.02.01 18:15,1810.44028,1811.22539,1810.30678,1810.61942,100,20.0
2024.02.01 18:30,1810.50968,1811.51920,1810.40794,1811.23462,100,20.0
2024.02.01 18:45,1811.41350,1811.46385,1811.10690,1811.26322,100,20.0
2024.02.01 19:00,1811.30502,1812.02473,1810.99692,1811.83841,100,20.0
2024.02.01 19:15,1811.90316,1813.02198,1811.88872,1812.72325,100,20.0
2024.02.01 19:30,1812.76949,1812.90276,1812.22695,1812.70712,100,20.0
2024.02.01 19:45,1812.78139,1813.04336,1812.59819,1812.68282,100,20.0
2024.02.01 20:00,1812.74224,1813.60142,1812.51310,1813.27120,100,20.0
2024.02.01 20:15,1813.13948,1813.50826,1813.09840,1813.41099,100,20.0
2024.02.01 20:30,1812.15763,1812.49513,1811.80965,1812.03209,100,20.0
2024.02.01 20:45,1811.15229,1811.16633,1811.12665,1811.13256,100,20.0
2024.02.01 21:00,1811.60498,1812.01373,1810.93865,1811.22832,100,20.0
2024.02.01 21:15,1811.35328,1811.44716,1810.39062,1810.78296,100,20.0
2024.02.01 21:30,1811.34330,1811.66379,1810.79237,1811.12940,100,20.0
2024.02.01 21:45,1810.75724,1812.12785,1810.63341,1811.87538,100,20.0
2024.02.01 22:00,1811.32970,1811.47536,1810.48214,1810.93221,100,20.0
2024.02.01 22:15,1811.56324,1811.56712,1810.88885,1811.43142,100,20.0
2024.02.01 22:30,1811.59340,1811.91103,1811.29404,1811.52904,100,20.0
2024.02.01 22:45,1811.46313,1812.03785,1811.39510,1811.67616,100,20.0
2024.02.01 23:00,1811.92956,1812.47629,1811.80713,1812.09723,100,20.0
2024.02.01 23:15,1812.22506,1812.69019,1812.17790,1812.59677,100,20.0
2024.02.01 23:30,1812.24023,1812.33790,1811.84350,1812.17501,100,20.0
2024.02.01 23:45,1812.99951,1813.17692,1812.07377,1812.49513,100,20.0
2024.02.02 00:00,1812.45043,1813.53276,1812.21024,1813.37318,100,20.0
2024.02.02 00:15,1813.52444,1813.87797,1812.86301,1813.05425,100,20.0
2024.02.02 00:30,1812.38042,1813.16044,1811.75986,1811.82687,100,20.0
2024.02.02 00:45,1810.98474,1811.34685,1809.48037,1810.28496,100,20.0
2024.02.02 01:00,1809.60592,1810.06688,1809.47837,1810.05338,100,20.0
2024.02.02 01:15,1809.52234,1810.01286,1809.28321,1809.45028,100,20.0
2024.02.02 01:30,1810.15374,1810.81792,1809.64054,1810.33909,100,20.0
2024.02.02 01:45,1810.13254,1811.14374,1809.47403,1809.91209,100,20.0
2024.02.02 02:00,1809.62155,1809.66689,1807.78521,1808.45993,100,20.0
2024.02.02 02:15,1808.63282,1809.75285,1808.63247,1809.33320,100,20.0
2024.02.02 02:30,1809.01312,1809.30683,1808.77411,1808.96508,100,20.0
2024.02.02 02:45,1809.36910,1810.06409,1808.81069,1809.00818,100,20.0
2024.02.02 03:00,1808.25596,1808.29878,1807.85107,1807.93963,100,20.0
2024.02.02 03:15,1808.49105,1809.58258,1807.77384,1807.95630,100,20.0
2024.02.02 03:30,1807.38291,1808.22890,1807.11097,1808.05219,100,20.0
2024.02.02 03:45,1809.90136,1810.68420,1809.64431,1810.49123,100,20.0
2024.02.02 04:00,1810.31834,1811.06119,1810.29843,1810.96008,100,20.0
2024.02.02 04:15,1810.95409,1811.76817,1810.44087,1811.69906,100,20.0
2024.02.02 04:30,1810.75926,1810.97300,1809.83597,1810.55705,100,20.0
2024.02.02 04:45,1809.90657,1810.33447,1809.72539,1810.24028,100,20.0
2024.02.02 05:00,1810.24385,1810.33162,1808.80656,1809.43351,100,20.0
2024.02.02 05:15,1809.46884,1809.48346,1808.83267,1809.03892,100,20.0
2024.02.02 05:30,1808.52872,1809.12717,1808.17424,1808.27559,100,20.0
2024.02.02 05:45,1807.22456,1807.72838,1806.45555,1807.68974,100,20.0
2024.02.02 06:00,1806.78818,1808.62235,1806.00850,1807.82485,100,20.0
2024.02.02 06:15,1807.63020,1807.90740,1807.37209,1807.82500,100,20.0
2024.02.02 06:30,1808.64616,1808.75417,1807.82900,1808.14157,100,20.0
2024.02.02 06:45,1808.11437,1808.86810,1807.47708,1808.69284,100,20.0
2024.02.02 07:00,1809.78292,1809.94045,1808.97920,1809.16475,100,20.0
2024.02.02 07:15,1808.42145,1809.43104,1808.41787,1809.29404,100,20.0
2024.02.02 07:30,1809.41664,1809.64989,1808.85977,1809.05746,100,20.0
2024.02.02 07:45,1808.82394,1809.05526,1808.27750,1808.64104,100,20.0
2024.02.02 08:00,1808.62703,1808.96956,1808.15525,1808.42860,100,20.0
2024.02.02 08:15,1808.29766,1808.66041,1807.68292,1808.27029,100,20.0
2024.02.02 08:30,1806.73973,1807.10797,1806.51437,1807.08248,100,20.0
2024.02.02 08:45,1808.02248,1808.94639,1807.95670,1808.64101,100,20.0
2024.02.02 09:00,1808.97669,1809.47838,1808.67001,1809.14423,100,20.0
2024.02.02 09:15,1809.59341,1809.65636,1808.54584,1808.80482,100,20.0
2024.02.02 09:30,1809.20460,1809.63935,1808.96446,1809.59113,100,20.0
2024.02.02 09:45,1809.87532,1811.20161,1809.84076,1810.13823,100,20.0
2024.02.02 10:00,1810.65708,1811.19063,1810.55538,1810.89828,100,20.0
2024.02.02 10:15,1811.82362,1813.13999,1811.52024,1812.26265,100,20.0
2024.02.02 10:30,1813.27315,1813.61865,1812.99691,1813.59466,100,20.0
2024.02.02 10:45,1813.67734,1813.90269,1812.77619,1813.79903,100,20.0
2024.02.02 11:00,1813.19433,1813.61627,1812.55357,1812.94378,100,20.0
2024.02.02 11:15,1812.20084,1813.12791,1812.16475,1812.76805,100,20.0
2024.02.02 11:30,1814.03178,1814.06249,1813.55728,1813.59685,100,20.0
2024.02.02 11:45,1813.86975,1814.13612,1813.34659,1813.65432,100,20.0
2024.02.02 12:00,1813.18561,1813.75106,1812.70663,1813.46682,100,20.0
2024.02.02 12:15,1813.06539,1813.81529,1812.78455,1813.31459,100,20.0
2024.02.02 12:30,1813.57595,1814.18717,1812.68888,1812.79597,100,20.0
2024.02.02 12:45,1812.94837,1814.47232,1812.76531,1814.11294,100,20.0
2024.02.02 13:00,1813.61788,1814.92361,1813.53562,1814.35065,100,20.0
2024.02.02 13:15,1813.96174,1814.13240,1813.38692,1813.81103,100,20.0
2024.02.02 13:30,1813.28940,1814.34355,1812.82496,1814.07067,100,20.0
2024.02.02 13:45,1815.17421,1815.67181,1813.80452,1814.07435,100,20.0
2024.02.02 14:00,1814.42795,1815.61456,1814.17885,1814.87988,100,20.0
2024.02.02 14:15,1813.70702,1813.83742,1813.25186,1813.71240,100,20.0
2024.02.02 14:30,1813.89563,1814.75243,1813.75858,1814.74363,100,20.0
2024.02.02 14:45,1814.03916,1814.62973,1813.42405,1813.70030,100,20.0
2024.02.02 15:00,1812.73774,1812.91164,1812.13122,1812.28076,100,20.0
2024.02.02 15:15,1811.20718,1812.02075,1810.64752,1811.57858,100,20.0
2024.02.02 15:30,1811.69172,1812.05842,1810.63621,1811.39123,100,20.0
2024.02.02 15:45,1810.78329,1811.79488,1810.57149,1811.27105,100,20.0
2024.02.02 16:00,1811.50609,1811.77043,1810.86774,1811.73757,100,20.0
2024.02.02 16:15,1811.79252,1813.00601,1811.57918,1812.11448,100,20.0
2024.02.02 16:30,1811.66407,1812.82341,1811.32468,1812.17460,100,20.0
2024.02.02 16:45,1812.35771,1813.40169,1812.33698,1813.25186,100,20.0
2024.02.02 17:00,1813.62713,1814.15001,1812.62934,1812.65666,100,20.0
2024.02.02 17:15,1812.47765,1812.61590,1812.01844,1812.40763,100,20.0
2024.02.02 17:30,1813.50774,1814.03454,1813.15189,1814.02134,100,20.0
2024.02.02 17:45,1813.70252,1814.26134,1813.39918,1814.06125,100,20.0
2024.02.02 18:00,1815.30701,1815.93917,1815.17682,1815.59736,100,20.0
2024.02.02 18:15,1814.75757,1816.07621,1814.69584,1815.03880,100,20.0
2024.02.02 18:30,1815.13038,1815.38764,1814.57880,1815.34829,100,20.0
2024.02.02 18:45,1814.21451,1814.38146,1813.35627,1813.41535,100,20.0
2024.02.02 19:00,1813.44113,1813.74198,1812.54888,1812.76391,100,20.0
2024.02.02 19:15,1813.33102,1813.40319,1812.53949,1812.56132,100,20.0
2024.02.02 19:30,1813.18908,1813.66589,1812.06888,1812.28157,100,20.0
2024.02.02 19:45,1812.83182,1813.43367,1812.48252,1812.71552,100,20.0
2024.02.02 20:00,1812.96241,1813.88797,1812.53202,1813.50468,100,20.0
2024.02.02 20:15,1814.11473,1814.35135,1814.08203,1814.16927,100,20.0
2024.02.02 20:30,1814.97034,1815.25999,1814.57550,1814.79261,100,20.0
2024.02.02 20:45,1814.86574,1815.11878,1814.53254,1815.06601,100,20.0
2024.02.02 21:00,1814.71671,1814.96215,1814.64340,1814.92410,100,20.0
2024.02.02 21:15,1814.89756,1815.16681,1814.54278,1815.11244,100,20.0
2024.02.02 21:30,1816.04726,1816.42878,1815.90577,1816.30836,100,20.0
2024.02.02 21:45,1817.18809,1817.45018,1816.44798,1816.48120,100,20.0
2024.02.02 22:00,1816.49829,1816.61717,1816.17609,1816.29033,100,20.0
2024.02.02 22:15,1815.32752,1815.42823,1814.79759,1814.86701,100,20.0
2024.02.02 22:30,1814.36380,1814.90818,1813.72610,1813.90362,100,20.0
2024.02.02 22:45,1814.75063,1814.83721,1813.86635,1814.21696,100,20.0
2024.02.02 23:00,1813.46649,1813.64861,1813.19969,1813.43593,100,20.0
2024.02.02 23:15,1813.92456,1814.00971,1813.58585,1813.68842,100,20.0
2024.02.02 23:30,1813.58472,1814.25910,1812.85953,1813.33967,100,20.0
2024.02.02 23:45,1813.41067,1813.76467,1813.25918,1813.69400,100,20.0
2024.02.03 00:00,1812.49175,1812.90578,1811.40352,1811.73916,100,20.0
2024.02.03 00:15,1812.11566,1812.19967,1811.39994,1811.79519,100,20.0
2024.02.03 00:30,1811.19329,1811.20277,1810.59760,1810.92821,100,20.0
2024.02.03 00:45,1810.41283,1811.07286,1809.07144,1809.38518,100,20.0
2024.02.03 01:00,1810.04266,1811.01185,1809.72714,1810.54545,100,20.0
2024.02.03 01:15,1811.08679,1811.41917,1809.22156,1809.90730,100,20.0
2024.02.03 01:30,1809.40007,1809.74546,1809.07326,1809.35543,100,20.0
2024.02.03 01:45,1809.37530,1809.79637,1809.20496,1809.69925,100,20.0
2024.02.03 02:00,1810.22644,1811.22472,1809.60978,1811.17773,100,20.0
2024.02.03 02:15,1811.70251,1812.86810,1811.18644,1811.45671,100,20.0
2024.02.03 02:30,1811.53643,1812.37264,1810.93151,1812.05921,100,20.0
2024.02.03 02:45,1811.82533,1812.16094,1811.59870,1811.71744,100,20.0
2024.02.03 03:00,1812.48353,1813.88517,1812.00189,1813.46926,100,20.0
2024.02.03 03:15,1812.83941,1814.00136,1812.72662,1813.47139,100,20.0
2024.02.03 03:30,1812.13023,1812.93754,1812.07887,1812.30829,100,20.0
2024.02.03 03:45,1813.86085,1814.73481,1813.81113,1814.35346,100,20.0
2024.02.03 04:00,1814.84786,1815.27653,1814.12102,1814.17819,100,20.0
2024.02.03 04:15,1813.32678,1813.54959,1812.79948,1812.88058,100,20.0
2024.02.03 04:30,1813.12102,1813.24587,1812.51119,1812.72581,100,20.0
2024.02.03 04:45,1811.95058,1812.15943,1811.47530,1812.14154,100,20.0
2024.02.03 05:00,1812.47994,1813.37705,1811.84818,1812.20125,100,20.0
2024.02.03 05:15,1811.30499,1811.55543,1810.52936,1810.62603,100,20.0
2024.02.03 05:30,1810.40670,1810.47697,1810.18937,1810.34592,100,20.0
2024.02.03 05:45,1809.46741,1810.27639,1809.29004,1810.15582,100,20.0
2024.02.03 06:00,1810.79674,1811.37509,1810.02678,1811.29738,100,20.0
2024.02.03 06:15,1810.65761,1810.97324,1809.12132,1809.45580,100,20.0
2024.02.03 06:30,1809.56739,1810.07551,1809.56732,1809.92697,100,20.0
2024.02.03 06:45,1809.31419,1809.42242,1808.78327,1809.03749,100,20.0
2024.02.03 07:00,1809.10972,1809.86538,1808.49609,1809.73915,100,20.0
2024.02.03 07:15,1809.31093,1811.60845,1808.76513,1810.28692,100,20.0
2024.02.03 07:30,1810.14562,1810.59050,1809.53590,1809.85606,100,20.0
2024.02.03 07:45,1810.56901,1811.04218,1809.71632,1809.76607,100,20.0
2024.02.03 08:00,1810.73901,1811.16531,1810.13488,1810.60396,100,20.0
2024.02.03 08:15,1810.85471,1811.71134,1810.23121,1810.43347,100,20.0
2024.02.03 08:30,1809.93017,1810.34618,1809.79629,1810.04159,100,20.0
2024.02.03 08:45,1809.82909,1810.14484,1809.66481,1809.81470,100,20.0
2024.02.03 09:00,1810.16747,1810.52775,1809.97183,1810.42646,100,20.0
2024.02.03 09:15,1810.95719,1811.71995,1810.44108,1811.70337,100,20.0
2024.02.03 09:30,1810.72214,1811.61458,1810.69893,1811.28518,100,20.0
2024.02.03 09:45,1811.02561,1811.53580,1810.56296,1810.58389,100,20.0
2024.02.03 10:00,1810.40274,1810.52017,1809.44078,1810.01586,100,20.0
2024.02.03 10:15,1810.16150,1811.34922,1809.66956,1811.29535,100,20.0
2024.02.03 10:30,1810.56674,1811.00800,1810.47140,1810.50373,100,20.0
2024.02.03 10:45,1810.42813,1811.01417,1810.29026,1810.76154,100,20.0
2024.02.03 11:00,1810.94385,1811.19474,1810.45345,1810.63294,100,20.0
2024.02.03 11:15,1809.94404,1810.40801,1809.62994,1810.14414,100,20.0
2024.02.03 11:30,1809.14459,1809.19618,1808.55157,1808.92765,100,20.0
2024.02.03 11:45,1809.21777,1809.33217,1808.60717,1808.61354,100,20.0
2024.02.03 12:00,1809.27131,1809.34334,1808.56357,1808.86682,100,20.0
2024.02.03 12:15,1809.57053,1809.70109,1809.00080,1809.65144,100,20.0
2024.02.03 12:30,1809.61580,1810.31820,1809.37690,1809.93226,100,20.0
2024.02.03 12:45,1809.93307,1810.09851,1809.27595,1809.36182,100,20.0
2024.02.03 13:00,1808.75262,1809.13712,1808.26679,1809.07306,100,20.0
2024.02.03 13:15,1808.33250,1808.72554,1808.09916,1808.47624,100,20.0
2024.02.03 13:30,1807.85683,1807.86354,1807.27672,1807.43429,100,20.0
2024.02.03 13:45,1807.41500,1808.33357,1806.82438,1808.19117,100,20.0
2024.02.03 14:00,1808.31205,1808.51860,1807.63421,1808.28504,100,20.0
2024.02.03 14:15,1808.09062,1808.98814,1807.73471,1808.21923,100,20.0
2024.02.03 14:30,1807.97756,1808.59921,1807.60962,1807.80606,100,20.0
2024.02.03 14:45,1807.49895,1809.25433,1807.27886,1808.34717,100,20.0
2024.02.03 15:00,1808.51773,1808.64802,1807.92635,1808.33881,100,20.0
2024.02.03 15:15,1808.12827,1808.41854,1807.37203,1807.75054,100,20.0
2024.02.03 15:30,1807.59213,1808.07402,1807.32033,1807.68591,100,20.0
2024.02.03 15:45,1806.90178,1807.08137,1806.41764,1806.80381,100,20.0
2024.02.03 16:00,1807.15000,1808.51503,1806.81966,1808.33438,100,20.0
2024.02.03 16:15,1808.11414,1808.68559,1806.77664,1807.25431,100,20.0
2024.02.03 16:30,1807.18482,1808.10429,1806.23399,1806.76807,100,20.0
2024.02.03 16:45,1806.27568,1806.32906,1805.44230,1805.73243,100,20.0
2024.02.03 17:00,1806.71464,1807.64535,1806.27214,1807.08035,100,20.0
2024.02.03 17:15,1807.03862,1808.08402,1806.37168,1807.60912,100,20.0
2024.02.03 17:30,1808.79394,1809.53981,1808.71600,1809.44669,100,20.0
2024.02.03 17:45,1809.48735,1809.66465,1808.80258,1809.33257,100,20.0
2024.02.03 18:00,1810.22541,1811.09900,1809.75694,1810.73215,100,20.0
2024.02.03 18:15,1810.40271,1811.08287,1810.16393,1810.29153,100,20.0
2024.02.03 18:30,1809.59470,1810.00453,1809.40208,1809.59120,100,20.0
2024.02.03 18:45,1808.75102,1808.96405,1808.27843,1808.53680,100,20.0
2024.02.03 19:00,1808.31647,1809.06120,1808.07432,1809.00000,100,20.0
2024.02.03 19:15,1809.05118,1809.40896,1808.75523,1808.95594,100,20.0
2024.02.03 19:30,1808.76549,1809.57009,1808.55447,1809.14271,100,20.0
2024.02.03 19:45,1809.28099,1809.29409,1808.83187,1808.84800,100,20.0
2024.02.03 20:00,1808.74778,1809.35777,1808.61694,1809.11334,100,20.0
2024.02.03 20:15,1809.62986,1809.69297,1809.27993,1809.56946,100,20.0
2024.02.03 20:30,1809.76824,1810.61181,1809.60670,1810.48350,100,20.0
2024.02.03 20:45,1810.71198,1811.01556,1810.36379,1810.69856,100,20.0
2024.02.03 21:00,1810.80167,1811.07727,1810.04078,1810.38260,100,20.0
2024.02.03 21:15,1810.11812,1810.52949,1808.92639,1809.44611,100,20.0
2024.02.03 21:30,1809.60553,1809.82632,1809.10603,1809.43314,100,20.0
2024.02.03 21:45,1809.86309,1810.74553,1809.73146,1809.98959,100,20.0
2024.02.03 22:00,1810.29885,1810.78863,1809.70403,1810.25183,100,20.0
2024.02.03 22:15,1810.26507,1810.39807,1809.65947,1810.17111,100,20.0
2024.02.03 22:30,1810.87141,1811.53664,1810.49507,1811.19778,100,20.0
2024.02.03 22:45,1810.12482,1810.41235,1809.72948,1809.80604,100,20.0
2024.02.03 23:00,1809.03134,1809.21523,1808.16226,1808.37304,100,20.0
2024.02.03 23:15,1808.27680,1808.63439,1808.16211,1808.33216,100,20.0
2024.02.03 23:30,1807.97347,1808.38649,1807.84506,1808.19915,100,20.0
2024.02.03 23:45,1808.18913,1808.74696,1808.03064,1808.38092,100,20.0
2024.02.04 00:00,1808.41944,1808.79433,1808.39012,1808.69042,100,20.0
2024.02.04 00:15,1808.90941,1809.11674,1807.92519,1808.06697,100,20.0
2024.02.04 00:30,1808.41033,1808.88501,1808.21463,1808.34943,100,20.0
2024.02.04 00:45,1807.82054,1808.31667,1807.49405,1807.62542,100,20.0
2024.02.04 01:00,1807.21482,1807.43171,1806.58670,1807.40396,100,20.0
2024.02.04 01:15,1806.91842,1807.15191,1806.60022,1806.95763,100,20.0
2024.02.04 01:30,1806.59727,1806.66455,1805.65633,1806.01736,100,20.0
2024.02.04 01:45,1806.56818,1806.94295,1805.26351,1805.93364,100,20.0
2024.02.04 02:00,1804.73887,1804.75950,1803.45643,1804.13076,100,20.0
2024.02.04 02:15,1804.30341,1804.63064,1803.93792,1804.52204,100,20.0
2024.02.04 02:30,1804.56830,1805.35230,1804.55969,1804.78886,100,20.0
2024.02.04 02:45,1804.32439,1804.69258,1803.79990,1804.09208,100,20.0
2024.02.04 03:00,1804.40335,1804.73606,1803.79913,1803.92108,100,20.0
2024.02.04 03:15,1804.09355,1804.84928,1803.74887,1804.78933,100,20.0
2024.02.04 03:30,1805.18907,1805.93788,1804.99801,1805.73755,100,20.0
2024.02.04 03:45,1806.59580,1807.23477,1805.66435,1806.38193,100,20.0
2024.02.04 04:00,1805.56172,1806.34459,1805.15898,1806.32530,100,20.0
2024.02.04 04:15,1805.60342,1806.24451,1805.57698,1806.00854,100,20.0
2024.02.04 04:30,1805.04782,1805.15815,1804.10977,1804.42499,100,20.0
2024.02.04 04:45,1805.38989,1805.56294,1804.62680,1805.35881,100,20.0
2024.02.04 05:00,1805.37299,1805.81424,1805.26022,1805.74399,100,20.0
2024.02.04 05:15,1805.50227,1806.16997,1805.35378,1805.90496,100,20.0
2024.02.04 05:30,1805.14907,1805.18728,1803.92379,1804.20381,100,20.0
2024.02.04 05:45,1804.32207,1804.59842,1803.62140,1804.10170,100,20.0
2024.02.04 06:00,1804.20892,1804.22824,1803.60982,1803.75323,100,20.0
2024.02.04 06:15,1803.93611,1804.64732,1803.85124,1804.43723,100,20.0
2024.02.04 06:30,1803.23175,1804.26641,1802.62908,1804.25416,100,20.0
2024.02.04 06:45,1804.24397,1804.51806,1803.94866,1804.03127,100,20.0
2024.02.04 07:00,1803.52431,1805.01967,1803.15011,1803.88728,100,20.0
2024.02.04 07:15,1803.48853,1804.38698,1802.92647,1803.73870,100,20.0
2024.02.04 07:30,1803.93632,1803.98964,1803.14472,1803.53348,100,20.0
2024.02.04 07:45,1805.21640,1805.54888,1804.71543,1805.54704,100,20.0
2024.02.04 08:00,1806.09322,1806.57523,1805.79159,1805.84435,100,20.0
2024.02.04 08:15,1805.77240,1806.06090,1805.50226,1805.53263,100,20.0
2024.02.04 08:30,1804.58557,1804.86155,1804.19595,1804.74456,100,20.0
2024.02.04 08:45,1803.67220,1803.75584,1803.63229,1803.66228,100,20.0
2024.02.04 09:00,1803.74578,1805.11963,1803.66626,1804.31625,100,20.0
2024.02.04 09:15,1804.18253,1805.69730,1803.97467,1805.20104,100,20.0
2024.02.04 09:30,1806.24109,1807.43505,1805.95771,1807.39043,100,20.0
2024.02.04 09:45,1807.56369,1807.86987,1807.01027,1807.72626,100,20.0
2024.02.04 10:00,1808.31842,1808.59124,1808.18724,1808.31534,100,20.0
2024.02.04 10:15,1807.53696,1808.47262,1806.96617,1808.28106,100,20.0
2024.02.04 10:30,1808.26207,1809.71627,1808.06431,1809.42081,100,20.0
2024.02.04 10:45,1808.85468,1809.20457,1808.15431,1808.35595,100,20.0
2024.02.04 11:00,1808.65187,1809.01684,1808.15367,1808.48897,100,20.0
2024.02.04 11:15,1808.54842,1808.83015,1806.65850,1807.40017,100,20.0
2024.02.04 11:30,1807.27600,1807.74185,1807.10661,1807.21455,100,20.0
2024.02.04 11:45,1806.75262,1806.87508,1805.81909,1806.33259,100,20.0
2024.02.04 12:00,1805.36371,1805.94950,1804.80085,1805.67260,100,20.0
2024.02.04 12:15,1805.24174,1805.30874,1804.34736,1804.96232,100,20.0
2024.02.04 12:30,1804.09486,1804.99134,1804.00471,1804.95693,100,20.0
2024.02.04 12:45,1806.41585,1807.09210,1805.93565,1806.56286,100,20.0
2024.02.04 13:00,1805.39276,1805.68917,1804.29642,1804.39342,100,20.0
2024.02.04 13:15,1804.52151,1805.22344,1804.25356,1804.94053,100,20.0
2024.02.04 13:30,1804.83497,1804.90228,1804.06835,1804.60980,100,20.0
2024.02.04 13:45,1805.37634,1806.89535,1805.19883,1806.02531,100,20.0
2024.02.04 14:00,1805.40634,1805.58108,1804.55068,1804.70174,100,20.0
2024.02.04 14:15,1804.80876,1805.28400,1804.57144,1805.12077,100,20.0
2024.02.04 14:30,1804.82651,1805.10533,1804.59784,1804.75866,100,20.0
2024.02.04 14:45,1805.03114,1806.05342,1804.88644,1805.91210,100,20.0
2024.02.04 15:00,1805.33708,1806.36304,1804.89406,1806.28705,100,20.0
2024.02.04 15:15,1805.07822,1805.45039,1804.23620,1804.89678,100,20.0
2024.02.04 15:30,1804.93211,1806.00090,1804.86332,1805.71384,100,20.0
2024.02.04 15:45,1806.08269,1806.55486,1805.35908,1805.89613,100,20.0
2024.02.04 16:00,1805.03437,1805.34797,1803.71912,1804.38216,100,20.0
2024.02.04 16:15,1803.31612,1803.53837,1801.99048,1802.34117,100,20.0
2024.02.04 16:30,1801.24874,1801.89629,1800.90132,1801.83611,100,20.0
2024.02.04 16:45,1802.07439,1802.48415,1801.81323,1802.06866,100,20.0
2024.02.04 17:00,1802.64082,1803.34558,1802.36136,1802.80341,100,20.0
2024.02.04 17:15,1803.44636,1803.92584,1802.95847,1803.49425,100,20.0
2024.02.04 17:30,1804.11989,1804.24229,1803.56723,1803.85168,100,20.0
2024.02.04 17:45,1804.49564,1804.51878,1803.15379,1803.67314,100,20.0
2024.02.04 18:00,1803.33166,1803.82568,1803.21382,1803.48917,100,20.0
2024.02.04 18:15,1803.16511,1803.26755,1802.31272,1802.69388,100,20.0
2024.02.04 18:30,1802.73058,1803.21353,1801.84784,1802.20044,100,20.0
2024.02.04 18:45,1802.93057,1803.41267,1802.47861,1803.32859,100,20.0
2024.02.04 19:00,1802.82546,1803.52163,1802.65756,1802.68077,100,20.0
2024.02.04 19:15,1803.45039,1803.72798,1802.80347,1803.12128,100,20.0
2024.02.04 19:30,1802.38929,1802.90001,1802.15322,1802.86331,100,20.0
2024.02.04 19:45,1802.58495,1802.65021,1802.44540,1802.51435,100,20.0
2024.02.04 20:00,1801.20639,1801.41244,1800.99377,1801.25335,100,20.0
2024.02.04 20:15,1800.97035,1801.81192,1800.89438,1801.63735,100,20.0
2024.02.04 20:30,1801.76764,1801.87145,1801.40175,1801.43074,100,20.0
2024.02.04 20:45,1802.05290,1802.54328,1801.58052,1801.65909,100,20.0
2024.02.04 21:00,1801.34843,1801.71304,1800.23175,1800.92787,100,20.0
2024.02.04 21:15,1801.49125,1801.59780,1801.18432,1801.42570,100,20.0
2024.02.04 21:30,1802.00209,1802.20096,1801.78457,1802.10771,100,20.0
2024.02.04 21:45,1802.95224,1803.16847,1802.80200,1802.87938,100,20.0
2024.02.04 22:00,1802.66193,1803.08857,1801.91837,1802.28641,100,20.0
2024.02.04 22:15,1801.56664,1802.19226,1801.14764,1802.09673,100,20.0
2024.02.04 22:30,1801.83648,1801.99940,1800.62871,1801.53089,100,20.0
2024.02.04 22:45,1800.43796,1801.09071,1799.92649,1800.90975,100,20.0
2024.02.04 23:00,1801.13760,1801.21626,1800.02854,1800.55591,100,20.0
2024.02.04 23:15,1800.53277,1801.56109,1800.53066,1801.30907,100,20.0
2024.02.04 23:30,1800.34019,1800.59732,1800.10423,1800.30162,100,20.0
2024.02.04 23:45,1800.35459,1800.47048,1800.29079,1800.30229,100,20.0
2024.02.05 00:00,1800.54981,1800.78812,1800.45775,1800.62202,100,20.0
2024.02.05 00:15,1801.11091,1801.13518,1800.90987,1801.06055,100,20.0
2024.02.05 00:30,1801.08843,1801.27302,1799.35706,1800.38706,100,20.0
2024.02.05 00:45,1801.02949,1802.21324,1800.89512,1802.01786,100,20.0
2024.02.05 01:00,1803.37317,1804.18247,1803.05635,1803.46683,100,20.0
2024.02.05 01:15,1805.16666,1806.61332,1804.71629,1806.11333,100,20.0
2024.02.05 01:30,1806.77305,1807.30954,1806.02177,1806.57724,100,20.0
2024.02.05 01:45,1806.53563,1806.89758,1805.67301,1805.78473,100,20.0
2024.02.05 02:00,1806.10595,1806.93376,1805.57012,1806.88337,100,20.0
2024.02.05 02:15,1807.33730,1807.46807,1806.44527,1806.77832,100,20.0
2024.02.05 02:30,1807.15681,1807.23743,1807.06984,1807.11799,100,20.0
2024.02.05 02:45,1806.09394,1806.93418,1805.78929,1806.82158,100,20.0
2024.02.05 03:00,1807.81682,1808.79256,1807.57736,1808.49137,100,20.0
2024.02.05 03:15,1808.60717,1808.87297,1807.69371,1807.82633,100,20.0
2024.02.05 03:30,1807.06955,1807.53039,1806.85193,1807.25645,100,20.0
2024.02.05 03:45,1806.80134,1807.39653,1806.41323,1806.56460,100,20.0
2024.02.05 04:00,1806.32364,1806.42150,1805.52511,1805.75922,100,20.0
2024.02.05 04:15,1804.62590,1806.02294,1804.38814,1805.18298,100,20.0
2024.02.05 04:30,1804.50321,1804.54071,1804.27942,1804.41810,100,20.0
2024.02.05 04:45,1804.46335,1805.01760,1803.82104,1804.12542,100,20.0
2024.02.05 05:00,1804.34724,1804.38187,1804.09043,1804.31062,100,20.0
2024.02.05 05:15,1803.54508,1805.57442,1803.22734,1804.85282,100,20.0
2024.02.05 05:30,1805.34851,1806.00022,1805.34752,1805.82785,100,20.0
2024.02.05 05:45,1805.57735,1805.57846,1804.40738,1804.97406,100,20.0
2024.02.05 06:00,1805.51390,1805.78574,1805.46054,1805.74952,100,20.0
2024.02.05 06:15,1805.30196,1805.84193,1804.75664,1805.21034,100,20.0
2024.02.05 06:30,1805.85630,1806.20926,1805.39037,1806.06306,100,20.0
2024.02.05 06:45,1805.01699,1805.36045,1804.46712,1805.09321,100,20.0
2024.02.05 07:00,1804.97447,1805.31687,1804.10168,1804.42674,100,20.0
2024.02.05 07:15,1804.95953,1805.20780,1804.09215,1804.10570,100,20.0
2024.02.05 07:30,1805.06903,1805.61346,1804.71369,1804.72583,100,20.0
2024.02.05 07:45,1804.90678,1805.31615,1804.51849,1804.94434,100,20.0
2024.02.05 08:00,1804.25680,1805.75222,1804.05742,1805.32895,100,20.0
2024.02.05 08:15,1804.39124,1804.53431,1803.45719,1803.73113,100,20.0
2024.02.05 08:30,1803.03193,1803.08910,1802.48181,1802.51131,100,20.0
2024.02.05 08:45,1801.77688,1802.43366,1801.44897,1801.60354,100,20.0
2024.02.05 09:00,1802.11090,1802.72026,1801.85835,1802.58027,100,20.0
2024.02.05 09:15,1802.81050,1803.06260,1802.55189,1802.64673,100,20.0
2024.02.05 09:30,1803.01689,1803.13414,1801.98799,1802.63225,100,20.0
2024.02.05 09:45,1802.03643,1802.13333,1801.51330,1801.68566,100,20.0
2024.02.05 10:00,1800.98925,1801.02526,1799.85320,1800.39147,100,20.0
2024.02.05 10:15,1799.62654,1800.05756,1799.61753,1799.76281,100,20.0
2024.02.05 10:30,1799.70247,1800.02275,1798.84022,1799.37602,100,20.0
2024.02.05 10:45,1800.69869,1801.70485,1800.30022,1801.62470,100,20.0
2024.02.05 11:00,1800.71140,1801.03610,1800.29390,1800.97725,100,20.0
2024.02.05 11:15,1800.80068,1801.07584,1800.50644,1800.84550,100,20.0
2024.02.05 11:30,1801.09107,1801.51292,1800.56711,1800.68453,100,20.0
2024.02.05 11:45,1799.77026,1800.39782,1799.15610,1799.50781,100,20.0
2024.02.05 12:00,1799.59376,1800.01107,1799.10272,1799.14113,100,20.0
2024.02.05 12:15,1797.39570,1797.47684,1796.92415,1797.08270,100,20.0
2024.02.05 12:30,1797.63566,1798.30676,1796.31991,1796.58191,100,20.0
2024.02.05 12:45,1796.56001,1797.04364,1796.03971,1796.70510,100,20.0
2024.02.05 13:00,1797.03732,1798.23821,1796.66876,1797.73643,100,20.0
2024.02.05 13:15,1798.52103,1798.93796,1797.67890,1798.00210,100,20.0
2024.02.05 13:30,1798.91288,1799.27332,1798.44275,1798.96568,100,20.0
2024.02.05 13:45,1798.53840,1799.24581,1798.17690,1798.32305,100,20.0
2024.02.05 14:00,1798.33190,1798.65919,1798.31812,1798.47795,100,20.0
2024.02.05 14:15,1798.14974,1798.79788,1797.75171,1798.60463,100,20.0
2024.02.05 14:30,1799.57029,1799.90470,1798.84777,1799.08156,100,20.0
2024.02.05 14:45,1798.56690,1798.64610,1798.48042,1798.61483,100,20.0
2024.02.05 15:00,1798.99182,1799.28312,1798.88238,1799.21107,100,20.0
2024.02.05 15:15,1799.95455,1799.96839,1798.91843,1799.22469,100,20.0
2024.02.05 15:30,1798.97778,1799.93418,1798.69686,1799.77282,100,20.0
2024.02.05 15:45,1800.38851,1800.73778,1800.07670,1800.48741,100,20.0
2024.02.05 16:00,1800.39736,1800.75946,1799.03015,1799.52727,100,20.0
2024.02.05 16:15,1799.33920,1799.58750,1798.64041,1798.98103,100,20.0
2024.02.05 16:30,1799.11349,1799.80461,1798.87169,1799.58615,100,20.0
2024.02.05 16:45,1799.60026,1799.74219,1799.43759,1799.72206,100,20.0
2024.02.05 17:00,1799.29037,1799.42265,1799.06334,1799.28246,100,20.0
2024.02.05 17:15,1798.72698,1799.19886,1798.32461,1799.06505,100,20.0
2024.02.05 17:30,1799.68715,1800.59063,1799.16254,1799.99598,100,20.0
2024.02.05 17:45,1800.06301,1800.28419,1799.99896,1800.14112,100,20.0
2024.02.05 18:00,1800.18221,1800.43888,1799.47665,1799.84328,100,20.0
2024.02.05 18:15,1800.28758,1800.61794,1800.19976,1800.36479,100,20.0
2024.02.05 18:30,1800.78495,1800.84448,1800.38544,1800.48152,100,20.0
2024.02.05 18:45,1799.62992,1799.76825,1798.94411,1799.66067,100,20.0
2024.02.05 19:00,1800.07072,1800.82437,1799.81068,1800.78600,100,20.0
2024.02.05 19:15,1800.32754,1800.81165,1800.18996,1800.57356,100,20.0
2024.02.05 19:30,1799.63942,1800.01527,1799.61708,1799.77183,100,20.0
2024.02.05 19:45,1799.89269,1800.54471,1797.28288,1798.52363,100,20.0
2024.02.05 20:00,1799.37466,1800.03662,1799.09418,1799.61875,100,20.0
2024.02.05 20:15,1798.94183,1799.98461,1798.19944,1799.48674,100,20.0
2024.02.05 20:30,1800.32970,1800.46733,1799.87050,1800.35495,100,20.0
2024.02.05 20:45,1800.70380,1800.73499,1799.86753,1799.93647,100,20.0
2024.02.05 21:00,1800.95776,1801.39053,1800.59438,1801.04317,100,20.0
2024.02.05 21:15,1801.20178,1801.46870,1800.95738,1801.28309,100,20.0
2024.02.05 21:30,1800.24960,1800.32333,1799.88561,1800.27954,100,20.0
2024.02.05 21:45,1800.85039,1800.90399,1799.97351,1800.47597,100,20.0
2024.02.05 22:00,1800.83456,1801.35627,1800.25222,1800.25841,100,20.0
2024.02.05 22:15,1800.28059,1800.30395,1799.83761,1800.13916,100,20.0
2024.02.05 22:30,1800.21891,1800.48153,1799.27544,1799.69385,100,20.0
2024.02.05 22:45,1799.30653,1799.64831,1798.35637,1798.70563,100,20.0
2024.02.05 23:00,1797.57113,1797.76996,1796.84835,1797.73164,100,20.0
2024.02.05 23:15,1798.47402,1799.10903,1798.12874,1798.50097,100,20.0
2024.02.05 23:30,1798.94331,1799.72698,1798.62527,1799.21790,100,20.0
2024.02.05 23:45,1798.80666,1799.33186,1798.53204,1799.28815,100,20.0
2024.02.06 00:00,1798.33487,1798.69845,1797.32903,1797.52730,100,20.0
2024.02.06 00:15,1797.19838,1798.67521,1796.96326,1798.28851,100,20.0
2024.02.06 00:30,1798.18844,1798.35297,1797.32590,1797.71144,100,20.0
2024.02.06 00:45,1797.33568,1797.37831,1797.11458,1797.30123,100,20.0
2024.02.06 01:00,1797.83536,1798.59006,1796.99799,1797.07129,100,20.0
2024.02.06 01:15,1798.06916,1798.67789,1797.85611,1798.46257,100,20.0
2024.02.06 01:30,1798.38529,1798.86680,1798.15137,1798.58915,100,20.0
2024.02.06 01:45,1797.80664,1797.91154,1797.37629,1797.61553,100,20.0
2024.02.06 02:00,1797.74936,1798.22989,1796.81180,1797.27893,100,20.0
2024.02.06 02:15,1797.56578,1797.79674,1797.49938,1797.54795,100,20.0
2024.02.06 02:30,1798.10944,1798.59821,1797.87294,1798.55631,100,20.0
2024.02.06 02:45,1798.63373,1799.23639,1797.87464,1797.92348,100,20.0
2024.02.06 03:00,1797.84966,1798.40693,1796.84677,1797.13578,100,20.0
2024.02.06 03:15,1797.50911,1798.49080,1797.20249,1798.05858,100,20.0
2024.02.06 03:30,1799.15340,1799.49414,1798.84880,1799.21598,100,20.0
2024.02.06 03:45,1799.76318,1799.87134,1799.40961,1799.81551,100,20.0
2024.02.06 04:00,1799.14626,1799.61313,1798.89304,1799.41371,100,20.0
2024.02.06 04:15,1798.87422,1799.24451,1798.07941,1798.61814,100,20.0
2024.02.06 04:30,1798.30173,1798.57682,1798.20334,1798.32668,100,20.0
2024.02.06 04:45,1799.19255,1799.46921,1798.72898,1798.74338,100,20.0
2024.02.06 05:00,1798.56025,1799.13090,1798.47652,1799.11030,100,20.0
2024.02.06 05:15,1799.34496,1799.34778,1798.42926,1798.52547,100,20.0
2024.02.06 05:30,1797.89330,1798.19175,1797.38463,1797.77034,100,20.0
2024.02.06 05:45,1798.31121,1798.83711,1797.50383,1797.58959,100,20.0
2024.02.06 06:00,1797.70785,1798.37349,1796.85233,1796.97696,100,20.0
2024.02.06 06:15,1797.38742,1797.61204,1796.74424,1796.93839,100,20.0
2024.02.06 06:30,1796.40159,1796.97641,1795.84851,1796.63996,100,20.0
2024.02.06 06:45,1796.48443,1796.91215,1796.14319,1796.84253,100,20.0
2024.02.06 07:00,1796.74297,1797.29721,1795.85816,1796.31972,100,20.0
2024.02.06 07:15,1796.89988,1797.80824,1796.76207,1796.78496,100,20.0
2024.02.06 07:30,1797.29502,1797.86364,1797.28473,1797.56254,100,20.0
2024.02.06 07:45,1797.52965,1797.79031,1797.24804,1797.72205,100,20.0
2024.02.06 08:00,1798.25753,1798.46410,1798.05035,1798.06732,100,20.0
2024.02.06 08:15,1797.74725,1799.19681,1797.47469,1798.87661,100,20.0
2024.02.06 08:30,1799.51442,1799.80422,1798.13868,1799.19962,100,20.0
2024.02.06 08:45,1799.66112,1800.78771,1799.19641,1800.09558,100,20.0
2024.02.06 09:00,1799.57679,1799.62769,1798.50033,1798.94025,100,20.0
2024.02.06 09:15,1797.78285,1797.85857,1796.94638,1797.19922,100,20.0
2024.02.06 09:30,1796.70786,1796.80839,1796.34418,1796.46979,100,20.0
2024.02.06 09:45,1795.93217,1797.02808,1795.46928,1795.68413,100,20.0
2024.02.06 10:00,1795.17460,1795.74268,1794.83398,1795.55030,100,20.0
2024.02.06 10:15,1795.59373,1795.95057,1795.48046,1795.85910,100,20.0
2024.02.06 10:30,1795.76059,1795.93464,1794.89693,1795.41688,100,20.0
2024.02.06 10:45,1794.32532,1794.74478,1792.98312,1793.32134,100,20.0
2024.02.06 11:00,1793.46307,1793.78924,1793.08614,1793.51905,100,20.0
2024.02.06 11:15,1794.94045,1795.22905,1794.49979,1794.79759,100,20.0
2024.02.06 11:30,1794.70445,1795.64268,1794.61546,1795.01081,100,20.0
2024.02.06 11:45,1795.44127,1795.79599,1794.99554,1795.05001,100,20.0
2024.02.06 12:00,1795.42653,1796.17825,1795.19994,1796.11405,100,20.0
2024.02.06 12:15,1797.01898,1797.36435,1796.92050,1797.02885,100,20.0
2024.02.06 12:30,1796.48024,1796.74415,1795.72389,1796.03234,100,20.0
2024.02.06 12:45,1796.33691,1796.74409,1796.27453,1796.41583,100,20.0
2024.02.06 13:00,1796.98612,1797.35800,1796.20057,1796.76376,100,20.0
2024.02.06 13:15,1796.85367,1797.97554,1796.76041,1797.50576,100,20.0
2024.02.06 13:30,1797.39411,1797.61130,1796.70203,1796.73258,100,20.0
2024.02.06 13:45,1796.37765,1796.51890,1796.28868,1796.39515,100,20.0
2024.02.06 14:00,1796.18072,1796.57227,1795.57672,1795.90241,100,20.0
2024.02.06 14:15,1795.85867,1796.04419,1795.71173,1795.97213,100,20.0
2024.02.06 14:30,1796.52147,1796.78816,1795.74808,1796.66986,100,20.0
2024.02.06 14:45,1796.91530,1797.19783,1796.33328,1796.47586,100,20.0
2024.02.06 15:00,1796.25201,1796.66945,1795.08796,1795.48775,100,20.0
2024.02.06 15:15,1795.52574,1796.26046,1795.41942,1795.67401,100,20.0
2024.02.06 15:30,1795.44030,1795.86428,1795.23805,1795.84195,100,20.0
2024.02.06 15:45,1794.40975,1794.89458,1794.20079,1794.27742,100,20.0
2024.02.06 16:00,1794.45251,1794.67477,1794.38372,1794.39440,100,20.0
2024.02.06 16:15,1794.18206,1795.00420,1793.64725,1794.45793,100,20.0
2024.02.06 16:30,1793.79489,1794.77261,1793.25348,1794.07163,100,20.0
2024.02.06 16:45,1794.00759,1794.67694,1793.80394,1794.15208,100,20.0
2024.02.06 17:00,1794.21383,1794.55393,1793.58576,1794.00996,100,20.0
2024.02.06 17:15,1792.81372,1793.26854,1792.49088,1792.59418,100,20.0
2024.02.06 17:30,1791.69543,1792.17042,1791.69446,1792.08508,100,20.0
2024.02.06 17:45,1792.36112,1793.32217,1791.83242,1792.77544,100,20.0
2024.02.06 18:00,1792.31316,1792.84989,1791.70053,1792.24757,100,20.0
2024.02.06 18:15,1792.73406,1793.78766,1792.23482,1793.56224,100,20.0
2024.02.06 18:30,1793.93646,1794.12534,1792.52156,1792.90382,100,20.0
2024.02.06 18:45,1793.78400,1794.73242,1793.71769,1794.56050,100,20.0
2024.02.06 19:00,1794.99658,1795.37486,1794.99080,1795.35745,100,20.0
2024.02.06 19:15,1795.42109,1795.59962,1794.85825,1795.04182,100,20.0
2024.02.06 19:30,1794.82355,1795.52143,1794.26416,1795.44523,100,20.0
2024.02.06 19:45,1795.44320,1796.07114,1795.20550,1796.01763,100,20.0
2024.02.06 20:00,1796.84784,1797.87984,1796.23339,1797.10106,100,20.0
2024.02.06 20:15,1797.35370,1797.80428,1796.66057,1796.83036,100,20.0
2024.02.06 20:30,1797.11372,1797.44563,1796.76897,1796.84434,100,20.0
2024.02.06 20:45,1796.79293,1797.38922,1796.61007,1796.69675,100,20.0
2024.02.06 21:00,1796.22949,1796.29641,1795.08684,1795.90673,100,20.0
2024.02.06 21:15,1796.39743,1796.95352,1796.24176,1796.29232,100,20.0
2024.02.06 21:30,1795.96497,1797.30207,1795.85371,1796.56658,100,20.0
2024.02.06 21:45,1796.13468,1796.48082,1796.04865,1796.41018,100,20.0
2024.02.06 22:00,1796.34274,1797.73408,1796.15406,1797.14507,100,20.0
2024.02.06 22:15,1797.21409,1797.31004,1796.81283,1797.11686,100,20.0
2024.02.06 22:30,1796.19499,1796.63694,1795.65607,1796.41457,100,20.0
2024.02.06 22:45,1796.04699,1796.32487,1795.23650,1795.58375,100,20.0
2024.02.06 23:00,1794.25427,1794.37376,1793.28657,1793.80770,100,20.0
2024.02.06 23:15,1793.48676,1793.75099,1793.15626,1793.67668,100,20.0
2024.02.06 23:30,1794.29159,1795.08357,1794.16938,1794.35694,100,20.0
2024.02.06 23:45,1794.22327,1795.07194,1793.80144,1794.03186,100,20.0
2024.02.07 00:00,1793.85418,1794.21163,1793.46943,1793.78056,100,20.0
2024.02.07 00:15,1793.69924,1793.99208,1793.36779,1793.90163,100,20.0
2024.02.07 00:30,1792.37118,1792.86417,1791.39253,1791.89403,100,20.0
2024.02.07 00:45,1792.05993,1793.47782,1792.00829,1793.25728,100,20.0
2024.02.07 01:00,1793.27723,1793.78338,1792.87050,1793.40192,100,20.0
2024.02.07 01:15,1792.96750,1794.00198,1792.65545,1793.86949,100,20.0
2024.02.07 01:30,1794.51099,1794.74231,1794.18028,1794.36899,100,20.0
2024.02.07 01:45,1794.87726,1795.52319,1794.10411,1794.17601,100,20.0
2024.02.07 02:00,1793.02184,1793.48783,1792.91897,1793.19512,100,20.0
2024.02.07 02:15,1793.31756,1794.10083,1793.23797,1794.01759,100,20.0
2024.02.07 02:30,1793.66374,1793.78690,1793.05687,1793.73346,100,20.0
2024.02.07 02:45,1792.90275,1793.46217,1792.35397,1792.93872,100,20.0
2024.02.07 03:00,1792.37069,1793.00197,1792.28130,1792.30525,100,20.0
2024.02.07 03:15,1792.26570,1792.27618,1791.60629,1791.86776,100,20.0
2024.02.07 03:30,1792.01189,1792.53431,1791.85071,1792.35753,100,20.0
2024.02.07 03:45,1792.11681,1792.54157,1791.68936,1792.14144,100,20.0
2024.02.07 04:00,1792.46058,1792.77496,1792.34128,1792.66509,100,20.0
2024.02.07 04:15,1792.76382,1793.84773,1792.69898,1793.55765,100,20.0
2024.02.07 04:30,1793.29861,1793.52731,1792.82329,1792.97518,100,20.0
2024.02.07 04:45,1793.96608,1795.01713,1793.81459,1794.27181,100,20.0
2024.02.07 05:00,1793.89682,1793.95390,1793.49055,1793.90662,100,20.0
2024.02.07 05:15,1793.86174,1794.43788,1793.53453,1794.12967,100,20.0
2024.02.07 05:30,1793.07449,1793.42957,1792.60180,1793.31782,100,20.0
2024.02.07 05:45,1793.67915,1794.85850,1793.33232,1794.53459,100,20.0
2024.02.07 06:00,1794.32536,1794.48503,1793.86152,1793.89689,100,20.0
2024.02.07 06:15,1793.75283,1794.06128,1792.91634,1793.59391,100,20.0
2024.02.07 06:30,1793.29419,1793.42411,1793.18123,1793.26348,100,20.0
2024.02.07 06:45,1793.44725,1793.55818,1793.21312,1793.44316,100,20.0
2024.02.07 07:00,1794.22677,1795.37120,1794.14731,1794.46620,100,20.0
2024.02.07 07:15,1794.32011,1794.86031,1794.00784,1794.36429,100,20.0
2024.02.07 07:30,1794.40357,1794.89418,1794.05646,1794.06248,100,20.0
2024.02.07 07:45,1793.53763,1793.72286,1792.94690,1793.69990,100,20.0
2024.02.07 08:00,1794.09469,1794.18818,1793.85300,1794.06332,100,20.0
2024.02.07 08:15,1793.46074,1793.63625,1793.03514,1793.37248,100,20.0
2024.02.07 08:30,1793.78101,1794.11826,1793.50121,1793.50897,100,20.0
2024.02.07 08:45,1793.00993,1793.76403,1792.79661,1793.73794,100,20.0
2024.02.07 09:00,1794.17387,1794.98982,1793.11828,1793.80847,100,20.0
2024.02.07 09:15,1793.71465,1794.12192,1793.33556,1793.87746,100,20.0
2024.02.07 09:30,1793.95357,1793.98067,1792.38265,1792.95494,100,20.0
2024.02.07 09:45,1792.68155,1793.02806,1792.36431,1792.56134,100,20.0
2024.02.07 10:00,1793.48122,1793.61579,1793.29250,1793.50945,100,20.0
2024.02.07 10:15,1794.44599,1795.24243,1794.13145,1794.89194,100,20.0
2024.02.07 10:30,1794.33781,1794.83967,1794.04788,1794.47928,100,20.0
2024.02.07 10:45,1795.51198,1796.39815,1795.12929,1796.27845,100,20.0
2024.02.07 11:00,1796.78675,1797.17833,1796.09343,1796.59014,100,20.0
2024.02.07 11:15,1795.70054,1796.09482,1795.57537,1795.95418,100,20.0
2024.02.07 11:30,1796.94027,1797.19708,1796.85109,1796.93359,100,20.0
2024.02.07 11:45,1796.96371,1797.09841,1796.43150,1796.70998,100,20.0
2024.02.07 12:00,1796.28434,1796.63175,1796.09014,1796.34667,100,20.0
2024.02.07 12:15,1795.66751,1796.39416,1794.99484,1795.12509,100,20.0
2024.02.07 12:30,1795.45475,1796.40866,1795.44321,1796.22954,100,20.0
2024.02.07 12:45,1796.87079,1797.46212,1796.67665,1797.39817,100,20.0
2024.02.07 13:00,1797.81571,1797.95697,1797.20790,1797.46169,100,20.0
2024.02.07 13:15,1797.40666,1797.92612,1796.94673,1797.53263,100,20.0
2024.02.07 13:30,1797.38773,1797.52125,1796.62540,1797.05070,100,20.0
2024.02.07 13:45,1797.49465,1797.86577,1796.35637,1796.57691,100,20.0
2024.02.07 14:00,1796.49021,1796.78553,1795.93373,1796.08021,100,20.0
2024.02.07 14:15,1794.96385,1795.30825,1794.70001,1795.23764,100,20.0
2024.02.07 14:30,1794.39987,1794.75410,1794.15392,1794.59753,100,20.0
2024.02.07 14:45,1796.07214,1796.65944,1795.48492,1796.01662,100,20.0
2024.02.07 15:00,1796.43819,1797.17759,1796.22131,1796.37177,100,20.0
2024.02.07 15:15,1796.92601,1797.08852,1796.05887,1796.38039,100,20.0
2024.02.07 15:30,1796.17477,1797.03489,1796.06293,1796.38328,100,20.0
2024.02.07 15:45,1796.34590,1796.40842,1795.53753,1796.17333,100,20.0
2024.02.07 16:00,1796.39743,1796.46990,1796.35802,1796.44052,100,20.0
2024.02.07 16:15,1795.90979,1796.11886,1795.65395,1795.94997,100,20.0
2024.02.07 16:30,1795.62806,1796.11299,1795.57076,1795.91566,100,20.0
2024.02.07 16:45,1796.08669,1796.70154,1795.75764,1796.34923,100,20.0
2024.02.07 17:00,1796.33907,1796.70113,1795.76066,1796.29643,100,20.0
2024.02.07 17:15,1796.08576,1797.26584,1795.99771,1796.96143,100,20.0
2024.02.07 17:30,1797.37107,1798.82073,1797.36183,1798.55410,100,20.0
2024.02.07 17:45,1798.18208,1798.57726,1798.06900,1798.09270,100,20.0
2024.02.07 18:00,1798.62928,1799.70866,1798.26944,1799.45614,100,20.0
2024.02.07 18:15,1798.64685,1799.63280,1798.33224,1799.22846,100,20.0
2024.02.07 18:30,1799.55997,1799.84679,1797.79381,1798.70793,100,20.0
2024.02.07 18:45,1798.09686,1799.61808,1797.70188,1798.65879,100,20.0
2024.02.07 19:00,1798.38396,1798.70041,1797.95579,1798.57337,100,20.0
2024.02.07 19:15,1798.94960,1799.35033,1798.02987,1798.10697,100,20.0
2024.02.07 19:30,1797.64415,1797.99647,1797.15659,1797.78455,100,20.0
2024.02.07 19:45,1797.98750,1798.38517,1797.93835,1797.96357,100,20.0
2024.02.07 20:00,1798.21307,1799.06442,1798.15389,1798.54451,100,20.0
2024.02.07 20:15,1799.00626,1799.02445,1798.29261,1798.31779,100,20.0
2024.02.07 20:30,1797.12081,1798.25467,1796.06791,1797.67577,100,20.0
2024.02.07 20:45,1797.47302,1798.45051,1797.46020,1798.03114,100,20.0
2024.02.07 21:00,1798.12562,1799.34811,1797.91722,1798.82074,100,20.0
2024.02.07 21:15,1798.41576,1798.78206,1797.70760,1798.25294,100,20.0
2024.02.07 21:30,1798.17787,1798.49518,1797.42928,1797.44335,100,20.0
2024.02.07 21:45,1797.02381,1798.42193,1796.11451,1798.00637,100,20.0
2024.02.07 22:00,1797.90532,1798.83088,1797.86466,1798.73824,100,20.0
2024.02.07 22:15,1798.76909,1799.43357,1798.33511,1799.17600,100,20.0
2024.02.07 22:30,1799.18528,1799.50455,1799.07778,1799.45414,100,20.0
2024.02.07 22:45,1799.24991,1799.48957,1799.20186,1799.20658,100,20.0
2024.02.07 23:00,1798.90993,1799.04626,1798.04551,1798.27997,100,20.0
2024.02.07 23:15,1798.40018,1798.47027,1798.25371,1798.28619,100,20.0
2024.02.07 23:30,1798.60733,1799.05881,1796.83060,1797.12786,100,20.0
2024.02.07 23:45,1796.97512,1798.19684,1796.89572,1797.73891,100,20.0
2024.02.08 00:00,1799.11590,1799.31666,1798.52685,1798.82688,100,20.0
2024.02.08 00:15,1798.23511,1798.50514,1797.75434,1797.95388,100,20.0
2024.02.08 00:30,1799.29443,1799.60135,1799.18779,1799.37647,100,20.0
2024.02.08 00:45,1797.95238,1798.46325,1797.69823,1797.98453,100,20.0
2024.02.08 01:00,1796.54267,1796.69362,1795.99725,1796.35679,100,20.0
2024.02.08 01:15,1795.26808,1795.98792,1794.33969,1795.98195,100,20.0
2024.02.08 01:30,1796.29593,1796.43472,1795.92934,1796.16742,100,20.0
2024.02.08 01:45,1796.19351,1796.50436,1795.27354,1795.39458,100,20.0
2024.02.08 02:00,1794.38716,1794.91590,1794.19409,1794.44970,100,20.0
2024.02.08 02:15,1794.53278,1794.91634,1794.06176,1794.85437,100,20.0
2024.02.08 02:30,1793.93980,1794.71479,1793.81450,1794.17409,100,20.0
2024.02.08 02:45,1793.90166,1794.24293,1793.57140,1794.17882,100,20.0
2024.02.08 03:00,1795.05978,1795.15513,1794.73773,1794.92000,100,20.0
2024.02.08 03:15,1794.16313,1795.38941,1793.36055,1795.01996,100,20.0
2024.02.08 03:30,1794.09960,1794.97506,1793.72716,1794.89991,100,20.0
2024.02.08 03:45,1795.86646,1796.15326,1795.02149,1795.56919,100,20.0
2024.02.08 04:00,1796.65219,1797.12233,1796.48107,1796.99081,100,20.0
2024.02.08 04:15,1796.76376,1797.14649,1796.20669,1796.88029,100,20.0
2024.02.08 04:30,1796.66721,1796.72520,1796.05299,1796.24685,100,20.0
2024.02.08 04:45,1797.48970,1797.70176,1796.15667,1796.64001,100,20.0
2024.02.08 05:00,1795.75479,1796.05929,1795.19727,1796.03605,100,20.0
2024.02.08 05:15,1795.59429,1795.83086,1794.75188,1795.40658,100,20.0
2024.02.08 05:30,1794.48268,1794.87675,1793.43149,1794.39511,100,20.0
2024.02.08 05:45,1793.91620,1793.96109,1793.65463,1793.70645,100,20.0
2024.02.08 06:00,1794.37593,1794.67093,1794.22172,1794.49030,100,20.0
2024.02.08 06:15,1795.10807,1795.57436,1794.18106,1794.55082,100,20.0
2024.02.08 06:30,1794.85439,1795.90169,1794.45244,1795.04275,100,20.0
2024.02.08 06:45,1794.82220,1795.44179,1794.16530,1794.44254,100,20.0
2024.02.08 07:00,1793.55913,1793.99530,1793.29632,1793.98008,100,20.0
2024.02.08 07:15,1794.41677,1794.59118,1794.17546,1794.34295,100,20.0
2024.02.08 07:30,1794.94815,1794.95210,1794.31018,1794.90977,100,20.0
2024.02.08 07:45,1793.98857,1794.66981,1793.65613,1794.37512,100,20.0
2024.02.08 08:00,1794.26913,1794.93571,1794.20652,1794.57928,100,20.0
2024.02.08 08:15,1794.00675,1794.42160,1792.96485,1794.24543,100,20.0
2024.02.08 08:30,1793.25820,1793.91088,1792.83313,1793.89849,100,20.0
2024.02.08 08:45,1794.11155,1794.69808,1793.68665,1794.53990,100,20.0
2024.02.08 09:00,1795.21138,1796.14038,1793.93182,1794.38704,100,20.0
2024.02.08 09:15,1793.34017,1793.75388,1792.86085,1793.57039,100,20.0
2024.02.08 09:30,1792.91452,1792.92774,1791.69691,1792.25310,100,20.0
2024.02.08 09:45,1794.02677,1794.20942,1793.22191,1793.64976,100,20.0
2024.02.08 10:00,1793.35495,1793.49373,1792.52486,1792.89624,100,20.0
2024.02.08 10:15,1793.61867,1793.64476,1792.86518,1793.50745,100,20.0
2024.02.08 10:30,1793.19905,1793.48995,1792.88466,1793.34510,100,20.0
2024.02.08 10:45,1793.77635,1793.93874,1793.30477,1793.67415,100,20.0
2024.02.08 11:00,1794.34127,1794.57284,1794.23258,1794.56367,100,20.0
2024.02.08 11:15,1794.14929,1795.20557,1794.12464,1795.09999,100,20.0
2024.02.08 11:30,1795.18518,1795.88143,1794.12720,1794.20126,100,20.0
2024.02.08 11:45,1794.66348,1795.06966,1793.84951,1793.86106,100,20.0
2024.02.08 12:00,1793.88157,1794.61532,1793.84254,1794.36808,100,20.0
2024.02.08 12:15,1793.99397,1794.39729,1793.41862,1793.70897,100,20.0
2024.02.08 12:30,1793.41894,1793.90300,1793.05653,1793.32685,100,20.0
2024.02.08 12:45,1793.10451,1793.73117,1793.03926,1793.29538,100,20.0
2024.02.08 13:00,1794.32328,1794.46459,1793.63412,1793.70749,100,20.0
2024.02.08 13:15,1793.60440,1793.93673,1793.18991,1793.38275,100,20.0
2024.02.08 13:30,1793.25280,1793.66952,1792.74927,1793.49838,100,20.0
2024.02.08 13:45,1793.47779,1794.20008,1793.31019,1793.50745,100,20.0
2024.02.08 14:00,1793.40178,1793.84960,1792.64227,1793.57641,100,20.0
2024.02.08 14:15,1793.29819,1794.25905,1792.14707,1792.27798,100,20.0
2024.02.08 14:30,1791.41341,1792.02619,1791.22783,1792.00721,100,20.0
2024.02.08 14:45,1791.93848,1792.21115,1791.11905,1791.26892,100,20.0
2024.02.08 15:00,1791.54492,1792.03831,1791.28950,1791.96159,100,20.0
2024.02.08 15:15,1791.51393,1791.65445,1791.11408,1791.27734,100,20.0
2024.02.08 15:30,1791.63721,1791.90093,1791.43798,1791.51099,100,20.0
2024.02.08 15:45,1790.88089,1791.83440,1790.75136,1791.57577,100,20.0
2024.02.08 16:00,1791.58758,1791.99500,1791.58045,1791.83561,100,20.0
2024.02.08 16:15,1791.61502,1792.87060,1791.50369,1792.71072,100,20.0
2024.02.08 16:30,1792.58757,1793.58950,1792.38353,1793.24189,100,20.0
2024.02.08 16:45,1794.20997,1794.66429,1793.74445,1793.84795,100,20.0
2024.02.08 17:00,1794.27222,1794.74808,1793.95732,1794.66518,100,20.0
2024.02.08 17:15,1795.58354,1796.71231,1794.97307,1796.30670,100,20.0
2024.02.08 17:30,1795.77363,1796.52931,1795.34214,1795.91942,100,20.0
2024.02.08 17:45,1796.17979,1797.07147,1796.05769,1796.47370,100,20.0
2024.02.08 18:00,1796.04837,1796.17839,1795.98676,1796.07590,100,20.0
2024.02.08 18:15,1796.15746,1797.14928,1796.07946,1796.75963,100,20.0
2024.02.08 18:30,1796.61273,1797.21190,1795.87169,1796.52062,100,20.0
2024.02.08 18:45,1797.46168,1797.80678,1796.94250,1797.66657,100,20.0
2024.02.08 19:00,1797.74383,1797.85905,1796.82036,1797.37293,100,20.0
2024.02.08 19:15,1796.65509,1797.04697,1796.53004,1796.58156,100,20.0
2024.02.08 19:30,1796.80899,1796.87538,1796.40297,1796.42920,100,20.0
2024.02.08 19:45,1796.88658,1797.26088,1796.59724,1797.23671,100,20.0
2024.02.08 20:00,1797.38993,1797.78038,1797.35753,1797.51321,100,20.0
2024.02.08 20:15,1797.76020,1798.31984,1797.33697,1797.76184,100,20.0
2024.02.08 20:30,1797.59087,1798.06089,1797.15103,1797.66732,100,20.0
2024.02.08 20:45,1798.85767,1799.36126,1798.73829,1799.09233,100,20.0
2024.02.08 21:00,1798.81344,1798.99232,1798.07733,1798.21334,100,20.0
2024.02.08 21:15,1798.66289,1799.39916,1798.50286,1799.28761,100,20.0
2024.02.08 21:30,1799.54091,1800.29154,1799.49150,1799.88859,100,20.0
2024.02.08 21:45,1800.14477,1801.12812,1800.10820,1801.00967,100,20.0
2024.02.08 22:00,1800.79774,1800.87956,1799.56198,1799.73838,100,20.0
2024.02.08 22:15,1799.60274,1799.95127,1799.40721,1799.82399,100,20.0
2024.02.08 22:30,1799.18192,1799.76051,1798.94620,1799.55425,100,20.0
2024.02.08 22:45,1799.29895,1799.83090,1797.59231,1798.44216,100,20.0
2024.02.08 23:00,1797.91469,1798.31934,1797.83742,1797.93565,100,20.0
2024.02.08 23:15,1797.91650,1798.20038,1797.70918,1798.07488,100,20.0
2024.02.08 23:30,1797.53723,1797.81483,1797.31401,1797.69143,100,20.0
2024.02.08 23:45,1798.12099,1798.65551,1797.73927,1798.04390,100,20.0
2024.02.09 00:00,1797.17508,1797.42171,1796.60508,1797.24084,100,20.0
2024.02.09 00:15,1797.33892,1797.57310,1797.11338,1797.12787,100,20.0
2024.02.09 00:30,1796.68545,1797.21288,1796.49857,1796.69925,100,20.0
2024.02.09 00:45,1796.59502,1796.96377,1795.83088,1796.22484,100,20.0
2024.02.09 01:00,1795.09070,1795.41186,1794.44418,1794.81277,100,20.0
2024.02.09 01:15,1794.99089,1795.21423,1794.96695,1795.20704,100,20.0
2024.02.09 01:30,1794.82599,1795.69413,1794.51123,1795.49189,100,20.0
2024.02.09 01:45,1794.37952,1795.10424,1794.33868,1794.69205,100,20.0
2024.02.09 02:00,1795.35436,1796.11868,1795.33153,1796.06275,100,20.0
2024.02.09 02:15,1795.70184,1795.84942,1795.08638,1795.11251,100,20.0
2024.02.09 02:30,1794.90948,1796.13105,1794.74860,1795.42585,100,20.0
2024.02.09 02:45,1795.00252,1795.05086,1794.93808,1795.03869,100,20.0
2024.02.09 03:00,1794.72044,1794.85550,1794.55169,1794.82906,100,20.0
2024.02.09 03:15,1794.54600,1794.69003,1794.17023,1794.64003,100,20.0
2024.02.09 03:30,1795.54781,1796.08945,1795.34777,1795.42427,100,20.0
2024.02.09 03:45,1794.98091,1795.28911,1794.77465,1795.01780,100,20.0
2024.02.09 04:00,1794.50790,1795.29499,1794.08569,1795.01304,100,20.0
2024.02.09 04:15,1794.24279,1794.86670,1793.18667,1793.30293,100,20.0
2024.02.09 04:30,1792.83468,1792.91446,1791.25303,1791.88258,100,20.0
2024.02.09 04:45,1792.65658,1792.76440,1791.75732,1791.99816,100,20.0
2024.02.09 05:00,1792.94188,1793.23263,1791.91213,1792.21827,100,20.0
2024.02.09 05:15,1791.94206,1793.33687,1791.92782,1792.98108,100,20.0
2024.02.09 05:30,1793.25114,1793.56551,1793.04795,1793.24801,100,20.0
2024.02.09 05:45,1793.26059,1793.99357,1793.07133,1793.71442,100,20.0
2024.02.09 06:00,1793.01526,1793.20861,1792.67336,1792.69608,100,20.0
2024.02.09 06:15,1792.03424,1792.77029,1791.69469,1792.64556,100,20.0
2024.02.09 06:30,1793.41114,1793.57589,1793.05499,1793.27826,100,20.0
2024.02.09 06:45,1792.91369,1793.04890,1791.67507,1792.39606,100,20.0
2024.02.09 07:00,1792.20287,1793.13141,1792.11455,1793.12735,100,20.0
2024.02.09 07:15,1792.21397,1793.15787,1792.08776,1793.03218,100,20.0
2024.02.09 07:30,1793.33175,1793.38584,1792.80649,1792.89894,100,20.0
2024.02.09 07:45,1792.24054,1792.39761,1792.05647,1792.10566,100,20.0
2024.02.09 08:00,1792.01989,1792.66604,1791.48919,1792.39693,100,20.0
2024.02.09 08:15,1790.83984,1791.21155,1790.12650,1790.37434,100,20.0
2024.02.09 08:30,1790.40835,1791.20277,1790.12774,1790.52282,100,20.0
2024.02.09 08:45,1791.28883,1792.06742,1790.25390,1791.43560,100,20.0
2024.02.09 09:00,1791.49024,1792.10790,1791.38125,1791.72899,100,20.0
2024.02.09 09:15,1792.29890,1792.57873,1791.82861,1792.42359,100,20.0
2024.02.09 09:30,1791.96956,1792.25111,1791.06572,1791.68543,100,20.0
2024.02.09 09:45,1792.58380,1793.33845,1792.56035,1792.96770,100,20.0
2024.02.09 10:00,1793.36127,1793.61362,1793.18243,1793.45218,100,20.0
2024.02.09 10:15,1794.21937,1794.57758,1794.21806,1794.43148,100,20.0
2024.02.09 10:30,1793.77294,1794.04920,1793.09471,1793.43571,100,20.0
2024.02.09 10:45,1793.01621,1793.52689,1792.85716,1793.21883,100,20.0
2024.02.09 11:00,1792.72021,1792.81523,1792.37346,1792.64385,100,20.0
2024.02.09 11:15,1792.10688,1792.98677,1791.70582,1792.02802,100,20.0
2024.02.09 11:30,1791.61121,1791.93557,1791.07835,1791.80416,100,20.0
2024.02.09 11:45,1792.41300,1793.16726,1791.67796,1793.12380,100,20.0
2024.02.09 12:00,1792.76049,1793.08125,1792.18365,1792.70200,100,20.0
2024.02.09 12:15,1792.28954,1793.48040,1792.11402,1792.98574,100,20.0
2024.02.09 12:30,1792.09444,1793.15150,1791.80936,1792.95343,100,20.0
2024.02.09 12:45,1794.07735,1794.33079,1793.81241,1794.05925,100,20.0
2024.02.09 13:00,1794.11509,1794.49649,1793.66578,1794.48741,100,20.0
2024.02.09 13:15,1794.42315,1794.47743,1793.98619,1794.30110,100,20.0
2024.02.09 13:30,1795.51319,1795.83793,1794.10330,1794.95227,100,20.0
2024.02.09 13:45,1794.43469,1795.02228,1793.99273,1794.78128,100,20.0
2024.02.09 14:00,1793.55077,1794.04754,1793.10672,1793.66430,100,20.0
2024.02.09 14:15,1793.73977,1794.75698,1793.48395,1794.62577,100,20.0
2024.02.09 14:30,1794.82659,1795.53811,1794.54611,1795.38611,100,20.0
2024.02.09 14:45,1794.48981,1795.96446,1794.04075,1795.70888,100,20.0
2024.02.09 15:00,1796.02241,1796.73122,1795.52862,1796.32776,100,20.0
2024.02.09 15:15,1796.45582,1797.24417,1795.66451,1796.34255,100,20.0
2024.02.09 15:30,1795.64519,1795.79035,1795.39959,1795.75425,100,20.0
2024.02.09 15:45,1795.86008,1796.14373,1795.36797,1795.39864,100,20.0
2024.02.09 16:00,1795.96525,1796.20452,1795.85310,1795.90099,100,20.0
2024.02.09 16:15,1795.85172,1795.95531,1795.81435,1795.88913,100,20.0
2024.02.09 16:30,1795.90330,1796.22243,1795.43062,1795.99345,100,20.0
2024.02.09 16:45,1795.67511,1796.04238,1795.15490,1795.48859,100,20.0
2024.02.09 17:00,1794.51337,1794.86042,1793.84877,1794.62603,100,20.0
2024.02.09 17:15,1794.90414,1795.54187,1794.02356,1794.99449,100,20.0
2024.02.09 17:30,1794.63391,1794.74150,1793.51435,1794.20681,100,20.0
2024.02.09 17:45,1793.85097,1794.14172,1792.56813,1792.96642,100,20.0
2024.02.09 18:00,1792.91514,1793.47398,1792.56200,1793.25834,100,20.0
2024.02.09 18:15,1794.02928,1794.71868,1793.83141,1794.37221,100,20.0
2024.02.09 18:30,1794.17985,1794.26608,1792.62823,1793.14120,100,20.0
2024.02.09 18:45,1792.54751,1792.73401,1791.97648,1792.10232,100,20.0
2024.02.09 19:00,1790.84786,1790.85617,1790.59790,1790.60827,100,20.0
2024.02.09 19:15,1790.94675,1791.18457,1790.64006,1790.98686,100,20.0
2024.02.09 19:30,1791.04275,1791.34004,1790.82264,1791.21925,100,20.0
2024.02.09 19:45,1790.84541,1791.18403,1789.70202,1790.20248,100,20.0
2024.02.09 20:00,1790.72735,1791.18793,1789.73465,1789.95696,100,20.0
2024.02.09 20:15,1788.63554,1789.27458,1788.31097,1788.35409,100,20.0
2024.02.09 20:30,1788.23619,1788.48249,1787.97523,1788.02699,100,20.0
2024.02.09 20:45,1788.38523,1788.56421,1787.39766,1788.01768,100,20.0
2024.02.09 21:00,1788.78829,1789.23130,1788.53353,1788.82850,100,20.0
2024.02.09 21:15,1789.11294,1789.53881,1789.06135,1789.28821,100,20.0
2024.02.09 21:30,1789.41651,1789.67419,1788.67839,1789.56750,100,20.0
2024.02.09 21:45,1789.72077,1790.08559,1789.60249,1790.00179,100,20.0
2024.02.09 22:00,1790.37457,1790.61096,1789.62063,1789.92837,100,20.0
2024.02.09 22:15,1789.81924,1790.19619,1789.47958,1789.68332,100,20.0
2024.02.09 22:30,1788.92328,1789.92649,1788.25677,1789.73037,100,20.0
2024.02.09 22:45,1790.12790,1790.92702,1790.02807,1790.40621,100,20.0
2024.02.09 23:00,1790.73701,1790.89726,1789.91403,1790.04342,100,20.0
2024.02.09 23:15,1789.42332,1789.53250,1788.47755,1788.82671,100,20.0
2024.02.09 23:30,1788.67746,1789.15308,1788.35294,1788.91910,100,20.0
2024.02.09 23:45,1789.44985,1790.27884,1788.71711,1790.11283,100,20.0
2024.02.10 00:00,1790.50597,1790.55226,1790.36401,1790.52940,100,20.0
2024.02.10 00:15,1790.22912,1790.82509,1790.02142,1790.79507,100,20.0
2024.02.10 00:30,1790.13502,1791.12275,1789.25710,1790.94106,100,20.0
2024.02.10 00:45,1790.20553,1791.14561,1789.93557,1790.91319,100,20.0
2024.02.10 01:00,1791.22484,1791.28886,1790.58728,1790.76406,100,20.0
2024.02.10 01:15,1791.99879,1792.53448,1791.86103,1792.32642,100,20.0
2024.02.10 01:30,1792.38139,1792.53016,1791.34000,1791.72716,100,20.0
2024.02.10 01:45,1792.07695,1792.10489,1791.86042,1791.89613,100,20.0
2024.02.10 02:00,1791.85098,1793.08979,1791.47857,1792.87239,100,20.0
2024.02.10 02:15,1792.61126,1792.76243,1792.28595,1792.29513,100,20.0
2024.02.10 02:30,1793.09542,1793.40949,1792.50712,1792.99243,100,20.0
2024.02.10 02:45,1792.55161,1793.04751,1792.08188,1792.83347,100,20.0
2024.02.10 03:00,1792.58754,1792.73171,1792.39767,1792.69026,100,20.0
2024.02.10 03:15,1792.58480,1793.57992,1791.54613,1792.30908,100,20.0
2024.02.10 03:30,1792.35444,1792.38856,1792.22373,1792.37981,100,20.0
2024.02.10 03:45,1792.06049,1792.14439,1791.59929,1792.08642,100,20.0
2024.02.10 04:00,1791.82382,1792.45211,1791.78484,1792.03596,100,20.0
2024.02.10 04:15,1792.65413,1792.89971,1792.15417,1792.17440,100,20.0
2024.02.10 04:30,1792.86553,1793.70221,1792.54337,1793.54122,100,20.0
2024.02.10 04:45,1793.35804,1794.31543,1793.24175,1794.05329,100,20.0
2024.02.10 05:00,1794.09377,1794.41412,1793.11604,1793.67205,100,20.0
2024.02.10 05:15,1793.36181,1793.82342,1793.01733,1793.10220,100,20.0
2024.02.10 05:30,1792.52049,1792.56286,1791.46227,1792.07868,100,20.0
2024.02.10 05:45,1790.99988,1791.17043,1790.68086,1790.86292,100,20.0
2024.02.10 06:00,1790.81910,1791.11298,1789.50290,1789.72326,100,20.0
2024.02.10 06:15,1790.25060,1791.31043,1789.98870,1790.89138,100,20.0
2024.02.10 06:30,1790.27823,1790.44166,1789.35363,1789.53819,100,20.0
2024.02.10 06:45,1790.34835,1791.28516,1790.26832,1790.94654,100,20.0
2024.02.10 07:00,1790.43208,1791.54749,1790.03137,1791.29506,100,20.0
2024.02.10 07:15,1791.48497,1792.25956,1791.19153,1791.87803,100,20.0
2024.02.10 07:30,1791.77493,1791.99103,1790.50279,1791.37670,100,20.0
2024.02.10 07:45,1791.49124,1791.61514,1790.71677,1791.23726,100,20.0
2024.02.10 08:00,1791.22385,1791.84983,1790.69761,1791.62689,100,20.0
2024.02.10 08:15,1791.84053,1792.19337,1791.60127,1791.80904,100,20.0
2024.02.10 08:30,1792.03263,1793.01395,1791.45019,1792.35277,100,20.0
2024.02.10 08:45,1792.20028,1792.67441,1791.62124,1792.62317,100,20.0
2024.02.10 09:00,1793.53726,1793.67990,1792.92504,1793.24460,100,20.0
2024.02.10 09:15,1793.03347,1793.18627,1792.60792,1792.80857,100,20.0
2024.02.10 09:30,1792.86865,1793.09568,1792.01406,1792.26895,100,20.0
2024.02.10 09:45,1793.04443,1793.51263,1792.52716,1793.16811,100,20.0
2024.02.10 10:00,1793.45052,1794.51523,1793.29956,1793.97535,100,20.0
2024.02.10 10:15,1793.00792,1793.30956,1792.95656,1793.29156,100,20.0
2024.02.10 10:30,1793.30691,1794.14025,1793.19031,1793.70779,100,20.0
2024.02.10 10:45,1793.85172,1794.13745,1793.02165,1793.52556,100,20.0
2024.02.10 11:00,1793.68682,1794.12684,1793.37762,1793.64843,100,20.0
2024.02.10 11:15,1793.59264,1793.72998,1793.03194,1793.09051,100,20.0
2024.02.10 11:30,1792.20791,1792.35434,1790.98854,1791.40540,100,20.0
2024.02.10 11:45,1792.10976,1792.24958,1791.34551,1791.91137,100,20.0
2024.02.10 12:00,1792.13717,1792.88281,1791.66701,1792.53378,100,20.0
2024.02.10 12:15,1792.11778,1792.37761,1791.99841,1792.37261,100,20.0
2024.02.10 12:30,1792.63747,1793.51402,1792.02758,1793.19096,100,20.0
2024.02.10 12:45,1793.03832,1793.23331,1792.54345,1793.14480,100,20.0
2024.02.10 13:00,1792.52881,1792.61356,1792.41247,1792.55175,100,20.0
2024.02.10 13:15,1792.74425,1792.88235,1792.15254,1792.45280,100,20.0
2024.02.10 13:30,1793.13228,1793.22653,1792.96178,1793.17259,100,20.0
2024.02.10 13:45,1793.30813,1793.73564,1793.07340,1793.29737,100,20.0
2024.02.10 14:00,1793.42308,1794.10249,1793.06385,1793.72158,100,20.0
2024.02.10 14:15,1793.58025,1794.01821,1793.47761,1793.59692,100,20.0
2024.02.10 14:30,1793.25820,1793.93597,1793.24211,1793.62611,100,20.0
2024.02.10 14:45,1793.69831,1793.97456,1792.89530,1793.45038,100,20.0
2024.02.10 15:00,1793.24723,1793.48234,1793.09460,1793.32126,100,20.0
2024.02.10 15:15,1794.04139,1794.16454,1793.06443,1793.52888,100,20.0
2024.02.10 15:30,1793.03204,1793.29879,1792.78166,1792.78882,100,20.0
2024.02.10 15:45,1792.88927,1793.17596,1791.70144,1792.19786,100,20.0
2024.02.10 16:00,1792.88365,1794.00457,1792.81754,1793.63140,100,20.0
2024.02.10 16:15,1795.31057,1795.83489,1795.30500,1795.32020,100,20.0
2024.02.10 16:30,1795.62638,1795.82292,1795.13113,1795.24531,100,20.0
2024.02.10 16:45,1795.64122,1795.72881,1795.00018,1795.25202,100,20.0
2024.02.10 17:00,1795.87525,1796.41499,1795.31473,1795.42049,100,20.0
2024.02.10 17:15,1795.79868,1797.17405,1795.64321,1796.65781,100,20.0
2024.02.10 17:30,1797.65691,1798.03056,1797.09990,1797.48903,100,20.0
2024.02.10 17:45,1798.02892,1798.09787,1797.96979,1797.98852,100,20.0
2024.02.10 18:00,1798.03519,1798.26821,1796.78954,1796.93126,100,20.0
2024.02.10 18:15,1796.75685,1797.48561,1796.30571,1797.03968,100,20.0
2024.02.10 18:30,1796.75373,1797.40165,1795.96852,1797.16267,100,20.0
2024.02.10 18:45,1796.73487,1797.79905,1796.47178,1797.71635,100,20.0
2024.02.10 19:00,1797.29639,1797.32251,1796.47603,1796.90445,100,20.0
2024.02.10 19:15,1797.15004,1797.68995,1795.59703,1796.17704,100,20.0
2024.02.10 19:30,1796.65587,1797.11442,1795.77561,1796.11390,100,20.0
2024.02.10 19:45,1795.72720,1796.07467,1795.39303,1795.95366,100,20.0
2024.02.10 20:00,1795.78841,1796.10771,1794.52851,1794.99372,100,20.0
2024.02.10 20:15,1794.19683,1794.31928,1793.97854,1793.98687,100,20.0
2024.02.10 20:30,1793.99517,1794.71137,1793.58363,1794.41373,100,20.0
2024.02.10 20:45,1792.68055,1792.88202,1791.76276,1792.52184,100,20.0
2024.02.10 21:00,1792.17575,1792.83058,1791.96616,1792.56468,100,20.0
2024.02.10 21:15,1792.98397,1793.50587,1792.14495,1792.60271,100,20.0
2024.02.10 21:30,1791.57799,1792.00645,1791.45130,1791.90856,100,20.0
2024.02.10 21:45,1791.86417,1792.26321,1791.77984,1792.08717,100,20.0
2024.02.10 22:00,1791.57324,1791.78971,1790.66156,1790.69655,100,20.0
2024.02.10 22:15,1790.23505,1790.35484,1789.88424,1789.97735,100,20.0
2024.02.10 22:30,1790.56983,1791.35340,1790.05815,1790.81473,100,20.0
2024.02.10 22:45,1790.63428,1790.83431,1790.40762,1790.51974,100,20.0
2024.02.10 23:00,1790.82948,1791.24199,1789.79641,1791.23070,100,20.0
2024.02.10 23:15,1790.21891,1791.21150,1790.05838,1790.55524,100,20.0
2024.02.10 23:30,1790.21204,1791.66771,1789.74924,1791.28573,100,20.0
2024.02.10 23:45,1790.47413,1791.28284,1790.30139,1790.70320,100,20.0
2024.02.11 00:00,1790.85543,1791.19916,1790.82258,1791.07206,100,20.0
2024.02.11 00:15,1790.27113,1790.58171,1789.75095,1790.31160,100,20.0
2024.02.11 00:30,1790.27797,1791.02056,1790.20274,1790.64297,100,20.0
2024.02.11 00:45,1790.08885,1790.32275,1789.55680,1789.56940,100,20.0
2024.02.11 01:00,1789.90611,1790.35831,1789.75876,1790.17619,100,20.0
2024.02.11 01:15,1789.96456,1790.86293,1789.67634,1790.33405,100,20.0
2024.02.11 01:30,1790.56107,1791.64131,1790.50654,1791.07734,100,20.0
2024.02.11 01:45,1790.80059,1791.05026,1790.13933,1790.74497,100,20.0
2024.02.11 02:00,1790.59600,1790.99655,1790.16763,1790.71410,100,20.0
2024.02.11 02:15,1790.32641,1790.33160,1790.16643,1790.29205,100,20.0
2024.02.11 02:30,1789.83476,1790.09492,1789.19248,1789.56146,100,20.0
2024.02.11 02:45,1789.99149,1790.73564,1789.93947,1790.58469,100,20.0
2024.02.11 03:00,1790.92284,1792.13188,1790.00909,1790.49306,100,20.0
2024.02.11 03:15,1790.21804,1790.48588,1789.40581,1789.67455,100,20.0
2024.02.11 03:30,1789.39740,1789.74009,1788.63145,1789.18175,100,20.0
2024.02.11 03:45,1788.82240,1789.22612,1788.09413,1788.35240,100,20.0
2024.02.11 04:00,1788.20356,1789.45944,1787.98813,1788.87805,100,20.0
2024.02.11 04:15,1788.17272,1788.82417,1787.70565,1787.98488,100,20.0
2024.02.11 04:30,1787.88522,1788.39206,1787.52560,1787.61228,100,20.0
2024.02.11 04:45,1787.67807,1787.76530,1787.15323,1787.64258,100,20.0
2024.02.11 05:00,1787.76898,1788.23265,1786.97345,1787.06659,100,20.0
2024.02.11 05:15,1786.77172,1786.91495,1786.33622,1786.42579,100,20.0
2024.02.11 05:30,1786.78741,1787.19258,1786.36351,1786.54814,100,20.0
2024.02.11 05:45,1786.63231,1786.85085,1786.60064,1786.82900,100,20.0
2024.02.11 06:00,1785.82480,1785.85267,1785.18012,1785.59689,100,20.0
2024.02.11 06:15,1786.00895,1786.03868,1785.33708,1785.36708,100,20.0
2024.02.11 06:30,1785.01850,1785.42327,1784.53715,1784.64999,100,20.0
2024.02.11 06:45,1784.25979,1784.73415,1783.98592,1784.40043,100,20.0
2024.02.11 07:00,1784.51084,1784.77893,1783.89687,1784.75552,100,20.0
2024.02.11 07:15,1784.84937,1784.96920,1784.71084,1784.94896,100,20.0
2024.02.11 07:30,1784.54979,1784.64644,1783.65440,1784.08736,100,20.0
2024.02.11 07:45,1783.96802,1784.13882,1783.80682,1783.85501,100,20.0
2024.02.11 08:00,1784.23117,1784.28753,1783.62928,1783.76811,100,20.0
2024.02.11 08:15,1784.61485,1785.00374,1783.87598,1784.73842,100,20.0
2024.02.11 08:30,1784.87388,1785.17125,1784.43436,1784.70342,100,20.0
2024.02.11 08:45,1783.78606,1784.07891,1783.57633,1783.99172,100,20.0
2024.02.11 09:00,1785.12924,1785.86292,1784.79654,1785.56807,100,20.0
2024.02.11 09:15,1786.28428,1787.80283,1785.68445,1787.03457,100,20.0
2024.02.11 09:30,1786.62135,1787.64691,1786.44285,1787.23794,100,20.0
2024.02.11 09:45,1787.07439,1788.44178,1786.92660,1788.17078,100,20.0
2024.02.11 10:00,1788.59787,1789.11927,1788.56037,1788.72064,100,20.0
2024.02.11 10:15,1789.16389,1789.75466,1788.96267,1789.73630,100,20.0
2024.02.11 10:30,1789.79602,1790.12327,1788.62782,1788.73779,100,20.0
2024.02.11 10:45,1787.49333,1787.83514,1787.44707,1787.67851,100,20.0
2024.02.11 11:00,1787.20166,1787.58119,1786.74248,1787.09377,100,20.0
2024.02.11 11:15,1787.14823,1787.24641,1786.70749,1786.80396,100,20.0
2024.02.11 11:30,1786.48249,1787.18514,1785.92136,1787.05151,100,20.0
2024.02.11 11:45,1787.26447,1787.81407,1786.82642,1787.05918,100,20.0
2024.02.11 12:00,1787.12328,1787.77395,1786.66991,1787.55988,100,20.0
2024.02.11 12:15,1786.15060,1786.37947,1785.58173,1785.58494,100,20.0
2024.02.11 12:30,1786.61398,1786.73081,1785.31530,1785.87620,100,20.0
2024.02.11 12:45,1785.76612,1786.07411,1785.28426,1785.29647,100,20.0
2024.02.11 13:00,1785.63865,1785.79257,1784.57533,1784.77056,100,20.0
2024.02.11 13:15,1783.82015,1783.90158,1783.20169,1783.40567,100,20.0
2024.02.11 13:30,1782.65822,1783.47404,1782.27409,1782.50634,100,20.0
2024.02.11 13:45,1782.58772,1782.62393,1781.92846,1782.28336,100,20.0
2024.02.11 14:00,1782.37822,1782.51689,1781.81088,1782.07725,100,20.0
2024.02.11 14:15,1782.74559,1783.76486,1782.61792,1782.77569,100,20.0
2024.02.11 14:30,1783.47101,1784.94608,1783.30205,1784.31568,100,20.0
2024.02.11 14:45,1784.23843,1784.55162,1783.86213,1784.22326,100,20.0
2024.02.11 15:00,1784.32155,1785.03913,1783.46248,1783.89170,100,20.0
2024.02.11 15:15,1782.53463,1782.91878,1782.36240,1782.43359,100,20.0
2024.02.11 15:30,1782.20210,1782.35045,1781.28696,1781.67803,100,20.0
2024.02.11 15:45,1781.43481,1781.47944,1781.08945,1781.45872,100,20.0
