time,open,high,low,close,volume,spread
2024.01.01 00:00,2000.29199,2000.73007,1999.67964,2000.68176,100,20.0
2024.01.01 00:15,2001.33590,2002.20101,2001.09089,2001.82957,100,20.0
2024.01.01 00:30,2002.30538,2002.55789,2001.96445,2002.43100,100,20.0
2024.01.01 00:45,2002.29196,2003.27731,2002.26821,2002.84258,100,20.0
2024.01.01 01:00,2004.41727,2004.82825,2004.31218,2004.75924,100,20.0
2024.01.01 01:15,2004.39094,2004.74347,2004.27058,2004.28142,100,20.0
2024.01.01 01:30,2003.59048,2003.75970,2003.39037,2003.41721,100,20.0
2024.01.01 01:45,2003.59919,2004.31601,2003.16736,2004.21622,100,20.0
2024.01.01 02:00,2004.03888,2004.18642,2003.55135,2003.85520,100,20.0
2024.01.01 02:15,2004.68965,2004.81539,2004.40971,2004.78373,100,20.0
2024.01.01 02:30,2005.06671,2005.23749,2004.38392,2004.82651,100,20.0
2024.01.01 02:45,2004.06103,2004.72622,2003.43731,2003.57768,100,20.0
2024.01.01 03:00,2003.63687,2004.11472,2003.36052,2003.48891,100,20.0
2024.01.01 03:15,2002.71575,2002.73647,2002.10524,2002.24794,100,20.0
2024.01.01 03:30,2001.21414,2001.78504,2001.10167,2001.34331,100,20.0
2024.01.01 03:45,2001.21678,2001.75182,2001.10109,2001.27180,100,20.0
2024.01.01 04:00,2001.85972,2002.95077,2001.36670,2002.38729,100,20.0
2024.01.01 04:15,2002.61082,2003.12393,2001.05900,2002.06769,100,20.0
2024.01.01 04:30,2002.54944,2003.05291,2002.45630,2002.94031,100,20.0
2024.01.01 04:45,2003.51156,2004.29364,2003.31043,2003.67398,100,20.0
2024.01.01 05:00,2004.22364,2004.76753,2003.97731,2004.45956,100,20.0
2024.01.01 05:15,2005.36113,2006.26959,2004.94364,2005.65746,100,20.0
2024.01.01 05:30,2005.78574,2005.99712,2005.31628,2005.62512,100,20.0
2024.01.01 05:45,2006.15112,2006.93879,2005.95624,2006.47261,100,20.0
2024.01.01 06:00,2006.24250,2006.62264,2005.55709,2005.78481,100,20.0
2024.01.01 06:15,2006.53641,2006.62922,2005.89634,2006.07265,100,20.0
2024.01.01 06:30,2006.12286,2006.54514,2005.83460,2005.98045,100,20.0
2024.01.01 06:45,2007.51103,2007.71642,2006.67572,2006.89731,100,20.0
2024.01.01 07:00,2006.49715,2006.78893,2006.10139,2006.39608,100,20.0
2024.01.01 07:15,2006.18111,2007.75736,2005.73938,2007.51729,100,20.0
2024.01.01 07:30,2007.43594,2007.64155,2006.80541,2007.33785,100,20.0
2024.01.01 07:45,2007.73241,2008.18838,2007.24739,2007.30569,100,20.0
2024.01.01 08:00,2007.87358,2008.85960,2007.39545,2008.53823,100,20.0
2024.01.01 08:15,2010.03298,2010.48945,2008.88570,2009.46444,100,20.0
2024.01.01 08:30,2009.87852,2010.26975,2009.68902,2010.07343,100,20.0
2024.01.01 08:45,2010.03693,2010.12790,2009.72351,2009.95622,100,20.0
2024.01.01 09:00,2010.55083,2011.03968,2010.02679,2010.09998,100,20.0
2024.01.01 09:15,2010.62375,2011.39148,2010.60702,2011.03654,100,20.0
2024.01.01 09:30,2009.85192,2010.22938,2009.21701,2009.61806,100,20.0
2024.01.01 09:45,2009.80565,2010.35598,2009.42032,2009.94405,100,20.0
2024.01.01 10:00,2010.97024,2011.69951,2010.75036,2011.34121,100,20.0
2024.01.01 10:15,2010.86425,2011.36095,2010.28044,2011.15645,100,20.0
2024.01.01 10:30,2012.19621,2012.99402,2012.01413,2012.83782,100,20.0
2024.01.01 10:45,2013.09022,2014.25590,2013.03944,2013.85961,100,20.0
2024.01.01 11:00,2013.49260,2014.02531,2013.39747,2013.76489,100,20.0
2024.01.01 11:15,2013.36170,2013.55167,2012.93640,2013.50225,100,20.0
2024.01.01 11:30,2014.66981,2015.52269,2013.67650,2014.03683,100,20.0
2024.01.01 11:45,2013.91160,2014.20051,2013.77904,2014.02882,100,20.0
2024.01.01 12:00,2014.01278,2014.40591,2013.40996,2013.60290,100,20.0
2024.01.01 12:15,2014.08442,2014.19210,2013.41772,2013.88547,100,20.0
2024.01.01 12:30,2011.98273,2012.01594,2010.98800,2011.32605,100,20.0
2024.01.01 12:45,2011.56198,2011.64536,2011.10355,2011.27551,100,20.0
2024.01.01 13:00,2010.67277,2010.92213,2010.00873,2010.06804,100,20.0
2024.01.01 13:15,2010.72473,2010.83169,2010.43313,2010.61890,100,20.0
2024.01.01 13:30,2010.96516,2011.46754,2010.16179,2011.34174,100,20.0
2024.01.01 13:45,2010.65314,2010.67639,2010.17612,2010.49382,100,20.0
2024.01.01 14:00,2010.61072,2010.82526,2010.05677,2010.52865,100,20.0
2024.01.01 14:15,2011.16709,2011.91303,2010.59424,2011.70655,100,20.0
2024.01.01 14:30,2012.03198,2012.61611,2011.92033,2012.39523,100,20.0
2024.01.01 14:45,2011.53675,2012.08265,2010.45402,2010.61674,100,20.0
2024.01.01 15:00,2011.09645,2011.42970,2010.65347,2010.66422,100,20.0
2024.01.01 15:15,2010.85710,2011.30014,2009.79652,2010.12507,100,20.0
2024.01.01 15:30,2010.64036,2011.47093,2010.04112,2011.29187,100,20.0
2024.01.01 15:45,2009.77078,2009.96972,2009.32302,2009.96433,100,20.0
2024.01.01 16:00,2009.33114,2010.09323,2009.18236,2009.56884,100,20.0
2024.01.01 16:15,2009.47445,2010.09218,2008.85147,2008.87232,100,20.0
2024.01.01 16:30,2009.06070,2009.22833,2008.53145,2008.79033,100,20.0
2024.01.01 16:45,2007.87833,2008.79097,2007.71044,2008.24500,100,20.0
2024.01.01 17:00,2008.14638,2008.46437,2007.98125,2008.36477,100,20.0
2024.01.01 17:15,2007.51491,2007.97933,2006.98491,2007.61582,100,20.0
2024.01.01 17:30,2007.81856,2008.29350,2007.26706,2008.27122,100,20.0
2024.01.01 17:45,2008.28472,2008.73636,2007.65696,2008.49569,100,20.0
2024.01.01 18:00,2008.59468,2009.25175,2008.22384,2008.41141,100,20.0
2024.01.01 18:15,2009.38936,2009.54133,2008.00482,2008.58303,100,20.0
2024.01.01 18:30,2008.58120,2009.24769,2008.17007,2008.75471,100,20.0
2024.01.01 18:45,2009.36535,2009.46748,2009.09994,2009.38499,100,20.0
2024.01.01 19:00,2010.00421,2010.05199,2009.80436,2009.82388,100,20.0
2024.01.01 19:15,2010.05769,2010.85267,2009.53658,2010.51794,100,20.0
2024.01.01 19:30,2009.71199,2009.96999,2009.43794,2009.63078,100,20.0
2024.01.01 19:45,2008.57765,2009.21900,2007.49139,2007.66835,100,20.0
2024.01.01 20:00,2007.56301,2007.97340,2006.35012,2007.08984,100,20.0
2024.01.01 20:15,2007.24412,2008.15796,2006.85570,2007.86520,100,20.0
2024.01.01 20:30,2006.74519,2006.90467,2005.87835,2006.45880,100,20.0
2024.01.01 20:45,2007.31076,2008.05983,2007.16375,2007.74622,100,20.0
2024.01.01 21:00,2008.08535,2008.26253,2007.34012,2007.49653,100,20.0
2024.01.01 21:15,2007.35749,2007.53205,2006.99744,2007.15098,100,20.0
2024.01.01 21:30,2006.49269,2006.61062,2006.46918,2006.58376,100,20.0
2024.01.01 21:45,2005.88609,2006.47234,2005.31752,2005.44313,100,20.0
2024.01.01 22:00,2004.96012,2004.97375,2004.59552,2004.92167,100,20.0
2024.01.01 22:15,2005.38084,2005.46825,2004.77292,2005.07735,100,20.0
2024.01.01 22:30,2004.37971,2004.95764,2004.16891,2004.80569,100,20.0
2024.01.01 22:45,2004.59277,2004.96788,2003.58351,2004.06209,100,20.0
2024.01.01 23:00,2004.53954,2004.97891,2004.35035,2004.64833,100,20.0
2024.01.01 23:15,2004.86613,2005.31045,2004.71021,2004.78237,100,20.0
2024.01.01 23:30,2004.98069,2005.45456,2004.64862,2004.77672,100,20.0
2024.01.01 23:45,2005.31649,2005.81210,2004.94800,2005.70708,100,20.0
2024.01.02 00:00,2005.32955,2006.22455,2004.97948,2006.09379,100,20.0
2024.01.02 00:15,2006.52490,2007.08174,2005.61482,2005.80753,100,20.0
2024.01.02 00:30,2004.63669,2004.85348,2004.62632,2004.84967,100,20.0
2024.01.02 00:45,2005.17521,2005.75821,2005.01683,2005.06293,100,20.0
2024.01.02 01:00,2005.62140,2005.87764,2005.11424,2005.46512,100,20.0
2024.01.02 01:15,2005.56259,2006.00836,2005.24823,2005.62199,100,20.0
2024.01.02 01:30,2006.03768,2006.42272,2005.68209,2005.85185,100,20.0
2024.01.02 01:45,2006.00605,2006.54266,2005.72384,2006.08277,100,20.0
2024.01.02 02:00,2006.35968,2006.36199,2006.17835,2006.21028,100,20.0
2024.01.02 02:15,2006.68671,2007.44307,2006.56267,2006.63172,100,20.0
2024.01.02 02:30,2006.15305,2007.58762,2005.81836,2007.32010,100,20.0
2024.01.02 02:45,2007.28591,2007.95558,2006.90629,2007.79991,100,20.0
2024.01.02 03:00,2006.82328,2007.14826,2005.92211,2006.46180,100,20.0
2024.01.02 03:15,2005.64899,2006.07373,2005.16243,2005.75741,100,20.0
2024.01.02 03:30,2004.99723,2005.76275,2004.23737,2004.52953,100,20.0
2024.01.02 03:45,2004.92362,2005.19315,2004.87966,2005.12831,100,20.0
2024.01.02 04:00,2005.66728,2005.99194,2005.11697,2005.66645,100,20.0
2024.01.02 04:15,2006.15227,2006.71316,2005.86756,2006.64935,100,20.0
2024.01.02 04:30,2007.05170,2007.71900,2006.52918,2007.49283,100,20.0
2024.01.02 04:45,2006.95721,2007.67038,2006.67059,2006.98716,100,20.0
2024.01.02 05:00,2007.46036,2007.89552,2006.59285,2006.96759,100,20.0
2024.01.02 05:15,2006.12798,2006.36867,2004.67510,2005.18452,100,20.0
2024.01.02 05:30,2003.91184,2004.47790,2002.71437,2003.06346,100,20.0
2024.01.02 05:45,2002.37253,2002.48733,2001.74860,2002.44422,100,20.0
2024.01.02 06:00,2001.60208,2002.49644,2001.20789,2001.30628,100,20.0
2024.01.02 06:15,2001.39692,2001.57442,2000.61361,2000.74376,100,20.0
2024.01.02 06:30,2000.85814,2001.18930,2000.11509,2000.22721,100,20.0
2024.01.02 06:45,2000.99927,2001.09152,1999.68185,2000.56241,100,20.0
2024.01.02 07:00,2000.16454,2000.74137,1999.56243,1999.63844,100,20.0
2024.01.02 07:15,1999.30826,1999.67011,1998.41316,1998.44848,100,20.0
2024.01.02 07:30,1997.92712,1998.10712,1997.67025,1997.86873,100,20.0
2024.01.02 07:45,1997.98596,1998.57553,1997.71181,1998.25372,100,20.0
2024.01.02 08:00,1997.95852,1998.30623,1997.75664,1998.12859,100,20.0
2024.01.02 08:15,2000.13425,2000.18120,1998.73573,1999.54959,100,20.0
2024.01.02 08:30,1999.90668,2000.68796,1999.82224,2000.54360,100,20.0
2024.01.02 08:45,2000.87766,2001.07466,2000.23568,2000.64363,100,20.0
2024.01.02 09:00,2000.25341,2000.47083,2000.11195,2000.18130,100,20.0
2024.01.02 09:15,1999.87264,2000.38445,1998.62531,1998.72995,100,20.0
2024.01.02 09:30,1998.81070,1999.28018,1998.53919,1999.14837,100,20.0
2024.01.02 09:45,1999.21712,1999.45392,1998.99349,1999.11948,100,20.0
2024.01.02 10:00,1998.63272,1998.96259,1998.06087,1998.15200,100,20.0
2024.01.02 10:15,1998.19766,1998.28712,1997.74591,1997.95549,100,20.0
2024.01.02 10:30,1997.74678,1998.14051,1997.46242,1997.49919,100,20.0
2024.01.02 10:45,1996.84383,1997.40586,1995.72278,1996.45903,100,20.0
2024.01.02 11:00,1997.28204,1997.45095,1995.61014,1995.61223,100,20.0
2024.01.02 11:15,1995.78309,1996.43866,1995.42797,1996.31353,100,20.0
2024.01.02 11:30,1996.32121,1996.66076,1995.91280,1996.08573,100,20.0
2024.01.02 11:45,1995.63691,1995.94363,1994.43702,1994.98058,100,20.0
2024.01.02 12:00,1995.37166,1995.98245,1994.85269,1995.88346,100,20.0
2024.01.02 12:15,1995.79908,1996.64205,1995.18526,1996.18979,100,20.0
2024.01.02 12:30,1995.90056,1997.25543,1995.83705,1996.34399,100,20.0
2024.01.02 12:45,1995.71493,1996.83610,1995.52415,1995.74623,100,20.0
2024.01.02 13:00,1994.43948,1995.11457,1994.01520,1994.85472,100,20.0
2024.01.02 13:15,1995.42227,1996.53659,1995.12996,1996.28408,100,20.0
2024.01.02 13:30,1997.01343,1997.57825,1996.87606,1996.88964,100,20.0
2024.01.02 13:45,1996.49805,1997.56888,1996.46032,1996.69476,100,20.0
2024.01.02 14:00,1996.61437,1996.77583,1996.39234,1996.42878,100,20.0
2024.01.02 14:15,1996.35164,1996.55706,1996.03630,1996.14479,100,20.0
2024.01.02 14:30,1996.75710,1996.83595,1995.65139,1996.24598,100,20.0
2024.01.02 14:45,1996.67548,1996.87100,1996.12424,1996.71382,100,20.0
2024.01.02 15:00,1996.67832,1996.94649,1995.54813,1996.00314,100,20.0
2024.01.02 15:15,1997.09221,1997.20498,1996.47260,1997.04196,100,20.0
2024.01.02 15:30,1997.31006,1997.80921,1997.04683,1997.61463,100,20.0
2024.01.02 15:45,1997.82201,1997.95825,1997.29751,1997.38555,100,20.0
2024.01.02 16:00,1997.74708,1998.36465,1997.23860,1997.89163,100,20.0
2024.01.02 16:15,1997.92176,1998.15471,1997.09000,1997.22054,100,20.0
2024.01.02 16:30,1996.58944,1997.87291,1996.36051,1997.42466,100,20.0
2024.01.02 16:45,1997.42274,1997.55285,1997.21772,1997.24139,100,20.0
2024.01.02 17:00,1997.80859,1998.94606,1997.62235,1998.26415,100,20.0
2024.01.02 17:15,1998.67412,1998.80979,1997.68277,1998.02620,100,20.0
2024.01.02 17:30,1998.05354,1998.06196,1997.77138,1998.00454,100,20.0
2024.01.02 17:45,1998.93547,1999.17672,1998.81713,1999.07971,100,20.0
2024.01.02 18:00,1999.58258,2000.31993,1999.47763,2000.07097,100,20.0
2024.01.02 18:15,2000.78340,2001.20870,2000.53984,2000.57413,100,20.0
2024.01.02 18:30,2000.65272,2000.71373,1999.83451,1999.94099,100,20.0
2024.01.02 18:45,2000.01378,2001.01352,1999.96210,2000.54609,100,20.0
2024.01.02 19:00,1999.61071,1999.99358,1999.30195,1999.52972,100,20.0
2024.01.02 19:15,1999.09998,1999.23276,1998.38557,1999.03499,100,20.0
2024.01.02 19:30,1999.98872,2000.16296,1999.57962,1999.69135,100,20.0
2024.01.02 19:45,1999.15878,1999.86561,1998.68330,1999.73149,100,20.0
2024.01.02 20:00,1999.14311,1999.57003,1998.63093,1998.71962,100,20.0
2024.01.02 20:15,1999.17260,1999.49452,1998.62501,1998.99858,100,20.0
2024.01.02 20:30,1999.07435,1999.22337,1998.59436,1998.92707,100,20.0
2024.01.02 20:45,1999.31366,1999.85545,1998.75970,1999.51935,100,20.0
2024.01.02 21:00,2000.09645,2000.64827,1999.98752,2000.38828,100,20.0
2024.01.02 21:15,2000.64290,2000.94463,2000.02555,2000.16149,100,20.0
2024.01.02 21:30,2000.80936,2001.15730,2000.37747,2000.85344,100,20.0
2024.01.02 21:45,2001.11944,2001.48959,2000.80565,2000.84101,100,20.0
2024.01.02 22:00,2001.18917,2001.52284,2000.65952,2001.37030,100,20.0
2024.01.02 22:15,2001.06378,2001.31740,2000.75002,2001.31191,100,20.0
2024.01.02 22:30,2000.77651,2002.29802,2000.24884,2001.69966,100,20.0
2024.01.02 22:45,2002.90695,2003.35369,2002.85280,2003.24217,100,20.0
2024.01.02 23:00,2003.31322,2003.32218,2002.50904,2002.73191,100,20.0
2024.01.02 23:15,2003.55526,2003.95804,2002.86566,2003.29360,100,20.0
2024.01.02 23:30,2002.60261,2002.74546,2002.35570,2002.36985,100,20.0
2024.01.02 23:45,2002.11466,2002.28466,2001.70753,2002.00136,100,20.0
2024.01.03 00:00,2003.33256,2003.45076,2002.31084,2002.89394,100,20.0
2024.01.03 00:15,2004.28439,2004.71438,2003.48375,2003.57939,100,20.0
2024.01.03 00:30,2003.66633,2004.34453,2003.41393,2004.00525,100,20.0
2024.01.03 00:45,2004.10407,2004.37401,2003.88520,2004.28651,100,20.0
2024.01.03 01:00,2004.95921,2005.12427,2004.50538,2004.87915,100,20.0
2024.01.03 01:15,2003.73397,2004.24778,2003.03318,2003.36717,100,20.0
2024.01.03 01:30,2003.53483,2003.72894,2002.88920,2003.25958,100,20.0
2024.01.03 01:45,2005.04863,2005.59640,2004.59917,2004.87559,100,20.0
2024.01.03 02:00,2003.23956,2003.57061,2003.12574,2003.25034,100,20.0
2024.01.03 02:15,2003.33315,2003.44181,2002.40868,2002.79821,100,20.0
2024.01.03 02:30,2001.84540,2002.16963,2001.59715,2001.77487,100,20.0
2024.01.03 02:45,2001.55886,2002.15621,2001.24229,2001.26788,100,20.0
2024.01.03 03:00,2001.87092,2002.25110,2001.44263,2001.93517,100,20.0
2024.01.03 03:15,2001.61661,2002.82529,2001.40817,2002.34402,100,20.0
2024.01.03 03:30,2001.28620,2001.89800,2001.23178,2001.60547,100,20.0
2024.01.03 03:45,2001.21111,2001.74339,2000.31868,2000.99381,100,20.0
2024.01.03 04:00,2000.27053,2000.72327,2000.08400,2000.29919,100,20.0
2024.01.03 04:15,2001.20323,2001.70310,2000.28890,2000.91703,100,20.0
2024.01.03 04:30,2001.12651,2002.90866,2000.92331,2002.01374,100,20.0
2024.01.03 04:45,2001.59059,2001.61794,2001.52639,2001.60751,100,20.0
2024.01.03 05:00,2001.34743,2001.52970,2001.04318,2001.21755,100,20.0
2024.01.03 05:15,2001.64320,2001.65069,2001.19153,2001.32206,100,20.0
2024.01.03 05:30,2001.53513,2001.67705,2001.20835,2001.60513,100,20.0
2024.01.03 05:45,2002.59202,2002.67196,2001.78828,2001.82005,100,20.0
2024.01.03 06:00,2002.20176,2003.47625,2002.04540,2003.36139,100,20.0
2024.01.03 06:15,2003.05204,2003.13338,2003.01500,2003.03038,100,20.0
2024.01.03 06:30,2003.36511,2003.93323,2003.15138,2003.17943,100,20.0
2024.01.03 06:45,2001.94992,2002.58951,2001.75732,2002.14764,100,20.0
2024.01.03 07:00,2001.58784,2001.73852,2001.41109,2001.46826,100,20.0
2024.01.03 07:15,2002.03536,2002.67180,2002.01273,2002.46838,100,20.0
2024.01.03 07:30,2001.51793,2002.77128,2001.17115,2002.12627,100,20.0
2024.01.03 07:45,2001.89543,2002.45469,2001.85760,2001.98620,100,20.0
2024.01.03 08:00,2001.80068,2002.32881,2001.23966,2001.29703,100,20.0
2024.01.03 08:15,2001.73343,2002.72255,2000.50324,2001.16972,100,20.0
2024.01.03 08:30,2001.26094,2001.71041,2000.43824,2000.66624,100,20.0
2024.01.03 08:45,2000.81611,2001.36600,2000.54053,2000.95471,100,20.0
2024.01.03 09:00,2001.53003,2001.81206,2001.24371,2001.64250,100,20.0
2024.01.03 09:15,2001.74201,2001.94864,2000.69595,2001.11666,100,20.0
2024.01.03 09:30,2000.46372,2001.21084,2000.42723,2000.95490,100,20.0
2024.01.03 09:45,2001.57784,2002.15613,2001.24563,2001.76763,100,20.0
2024.01.03 10:00,2001.41427,2002.04680,2000.55989,2001.57068,100,20.0
2024.01.03 10:15,2001.18206,2001.75580,2000.37841,2000.66692,100,20.0
2024.01.03 10:30,2000.06251,2000.18438,1999.25224,1999.66248,100,20.0
2024.01.03 10:45,2000.44667,2001.29584,2000.16522,2000.89207,100,20.0
2024.01.03 11:00,1999.60882,2000.22576,1999.41414,1999.67003,100,20.0
2024.01.03 11:15,2000.24614,2000.52572,1999.84728,2000.27484,100,20.0
2024.01.03 11:30,1999.75327,2000.48138,1999.47035,1999.82674,100,20.0
2024.01.03 11:45,1999.78063,1999.86575,1998.60967,1999.05443,100,20.0
2024.01.03 12:00,1999.23559,1999.81442,1998.51085,1999.49046,100,20.0
2024.01.03 12:15,1999.33228,1999.60492,1998.38512,1998.50448,100,20.0
2024.01.03 12:30,1998.05104,1998.18360,1997.79635,1997.85704,100,20.0
2024.01.03 12:45,1997.14954,1997.19337,1996.77217,1996.83408,100,20.0
2024.01.03 13:00,1997.47200,1997.83651,1997.03349,1997.39743,100,20.0
2024.01.03 13:15,1997.64926,1997.95189,1997.03954,1997.90889,100,20.0
2024.01.03 13:30,1998.75731,1998.93318,1998.09639,1998.53001,100,20.0
2024.01.03 13:45,1999.47248,2000.06946,1999.46652,1999.50313,100,20.0
2024.01.03 14:00,1998.93792,1998.96247,1998.09035,1998.16458,100,20.0
2024.01.03 14:15,1998.20312,1998.42643,1998.02546,1998.39815,100,20.0
2024.01.03 14:30,1998.51951,1999.10223,1998.39817,1998.60820,100,20.0
2024.01.03 14:45,1998.15294,1998.63501,1997.99650,1998.54681,100,20.0
2024.01.03 15:00,1998.48925,1999.24251,1997.23303,1998.57406,100,20.0
2024.01.03 15:15,1998.55730,1999.25933,1998.06137,1999.09723,100,20.0
2024.01.03 15:30,1998.85409,1999.48870,1998.63407,1999.17555,100,20.0
2024.01.03 15:45,2000.00795,2000.35268,1999.19655,1999.28068,100,20.0
2024.01.03 16:00,1999.78079,2000.34956,1998.83962,1999.24560,100,20.0
2024.01.03 16:15,1998.66331,1998.93784,1998.29591,1998.49177,100,20.0
2024.01.03 16:30,1998.00430,1998.26091,1997.42081,1997.60660,100,20.0
2024.01.03 16:45,1997.65937,1998.36850,1997.30147,1997.96939,100,20.0
2024.01.03 17:00,1998.13752,1999.66928,1998.10152,1999.09961,100,20.0
2024.01.03 17:15,1999.47791,1999.51201,1998.76245,1998.84861,100,20.0
2024.01.03 17:30,1999.40263,1999.43580,1998.90882,1998.99491,100,20.0
2024.01.03 17:45,1999.04513,1999.23157,1997.95851,1998.49719,100,20.0
2024.01.03 18:00,1998.43267,1998.96760,1998.21232,1998.94344,100,20.0
2024.01.03 18:15,1999.12922,1999.25647,1998.73922,1998.99274,100,20.0
2024.01.03 18:30,1999.46598,1999.89600,1999.45849,1999.62629,100,20.0
2024.01.03 18:45,1999.15640,1999.32040,1998.71949,1998.87143,100,20.0
2024.01.03 19:00,2000.04097,2000.18344,1999.57690,1999.75187,100,20.0
2024.01.03 19:15,1999.15041,1999.62858,1998.95430,1999.04144,100,20.0
2024.01.03 19:30,1999.12776,1999.94193,1998.87117,1999.23912,100,20.0
2024.01.03 19:45,1999.59861,1999.60242,1998.95135,1999.00691,100,20.0
2024.01.03 20:00,1998.94017,1999.33519,1998.15193,1998.45219,100,20.0
2024.01.03 20:15,1998.68905,1999.68436,1998.48637,1999.08921,100,20.0
2024.01.03 20:30,1998.53818,1999.33852,1997.44087,1998.92455,100,20.0
2024.01.03 20:45,1998.65876,1999.45291,1998.23959,1999.07194,100,20.0
2024.01.03 21:00,1998.90570,1998.99746,1997.90198,1998.37177,100,20.0
2024.01.03 21:15,1998.36283,1998.48303,1997.56439,1998.21710,100,20.0
2024.01.03 21:30,1997.95850,1998.29678,1997.24608,1997.31383,100,20.0
2024.01.03 21:45,1996.59224,1996.83244,1995.64753,1996.71202,100,20.0
2024.01.03 22:00,1997.66195,1998.63198,1997.52757,1998.10369,100,20.0
2024.01.03 22:15,1999.21476,1999.92141,1999.07187,1999.60053,100,20.0
2024.01.03 22:30,2000.39362,2001.04078,1999.55718,1999.88373,100,20.0
2024.01.03 22:45,2000.14442,2000.68198,2000.02476,2000.10276,100,20.0
2024.01.03 23:00,1999.69802,2000.28002,1998.81551,1999.83991,100,20.0
2024.01.03 23:15,2000.17652,2001.06555,1999.66990,2000.64681,100,20.0
2024.01.03 23:30,2001.08408,2001.41680,2000.51659,2000.54798,100,20.0
2024.01.03 23:45,2000.83479,2001.11662,2000.34599,2000.72673,100,20.0
2024.01.04 00:00,2000.36307,2000.92195,1999.97642,2000.64928,100,20.0
2024.01.04 00:15,2002.37061,2002.77709,2001.17986,2001.45141,100,20.0
2024.01.04 00:30,2000.34327,2000.42727,1999.76632,1999.81352,100,20.0
2024.01.04 00:45,2000.13356,2000.84519,2000.07564,2000.83259,100,20.0
2024.01.04 01:00,2000.77296,2001.01673,2000.11396,2000.11615,100,20.0
2024.01.04 01:15,2000.14761,2000.26881,1999.69928,1999.89704,100,20.0
2024.01.04 01:30,2000.45855,2001.47981,2000.40931,2000.88574,100,20.0
2024.01.04 01:45,2000.09634,2001.33886,2000.06044,2000.76767,100,20.0
2024.01.04 02:00,2000.24369,2000.54704,2000.02306,2000.12403,100,20.0
2024.01.04 02:15,2000.17332,2000.35856,1999.41961,1999.59088,100,20.0
2024.01.04 02:30,2000.03504,2000.21437,1999.78407,2000.15094,100,20.0
2024.01.04 02:45,1999.84591,1999.97626,1998.27392,1998.89058,100,20.0
2024.01.04 03:00,1998.33846,1999.42777,1998.08365,1998.85926,100,20.0
2024.01.04 03:15,1998.56203,1999.02158,1997.82670,1998.95920,100,20.0
2024.01.04 03:30,1998.87956,1999.75286,1998.59651,1999.69578,100,20.0
2024.01.04 03:45,1999.87355,2000.30893,1999.32738,1999.34150,100,20.0
2024.01.04 04:00,1999.55876,1999.87613,1999.36315,1999.73591,100,20.0
2024.01.04 04:15,1999.26208,1999.69610,1998.93735,1999.56838,100,20.0
2024.01.04 04:30,1998.12834,1998.40058,1997.31101,1997.78690,100,20.0
2024.01.04 04:45,1997.91246,1998.08138,1996.76776,1997.60997,100,20.0
2024.01.04 05:00,1998.17216,1998.75605,1998.16960,1998.55556,100,20.0
2024.01.04 05:15,1998.05725,1998.97488,1997.99720,1998.72827,100,20.0
2024.01.04 05:30,1998.31318,1998.61345,1997.47417,1997.97421,100,20.0
2024.01.04 05:45,1997.94519,1998.54193,1996.88143,1997.25697,100,20.0
2024.01.04 06:00,1998.75007,1999.90740,1998.59648,1999.88240,100,20.0
2024.01.04 06:15,1999.94921,2001.03945,1999.94167,2000.50182,100,20.0
2024.01.04 06:30,2000.21073,2000.97540,2000.12234,2000.62023,100,20.0
2024.01.04 06:45,2000.76343,2001.10342,2000.30573,2001.10314,100,20.0
2024.01.04 07:00,2001.32167,2001.53042,2000.13264,2000.94709,100,20.0
2024.01.04 07:15,2000.98883,2001.28020,2000.26322,2000.41413,100,20.0
2024.01.04 07:30,1999.77469,2000.39243,1999.66518,2000.05431,100,20.0
2024.01.04 07:45,2001.04692,2001.09874,2000.69944,2000.97123,100,20.0
2024.01.04 08:00,2001.06074,2001.64309,2000.32891,2001.19913,100,20.0
2024.01.04 08:15,2001.87451,2002.23107,2001.48647,2001.49670,100,20.0
2024.01.04 08:30,2001.52316,2001.68103,2001.34439,2001.53771,100,20.0
2024.01.04 08:45,2001.76632,2002.50841,2001.46581,2002.41771,100,20.0
2024.01.04 09:00,2002.49640,2003.01515,2001.85328,2002.06798,100,20.0
2024.01.04 09:15,2003.40155,2003.79221,2002.76013,2003.28703,100,20.0
2024.01.04 09:30,2003.47966,2003.79887,2003.43828,2003.49886,100,20.0
2024.01.04 09:45,2003.67831,2004.72439,2003.51591,2004.11679,100,20.0
2024.01.04 10:00,2004.21958,2004.64389,2004.09265,2004.37503,100,20.0
2024.01.04 10:15,2004.14028,2004.88966,2004.08783,2004.69983,100,20.0
2024.01.04 10:30,2004.27973,2004.65587,2004.05306,2004.31073,100,20.0
2024.01.04 10:45,2004.00531,2004.38300,2003.02421,2003.26163,100,20.0
2024.01.04 11:00,2002.48630,2003.07410,2002.40720,2002.88420,100,20.0
2024.01.04 11:15,2002.72380,2002.76783,2002.69375,2002.69851,100,20.0
2024.01.04 11:30,2003.45223,2003.51009,2002.81859,2003.13404,100,20.0
2024.01.04 11:45,2003.21854,2003.42934,2002.50156,2003.33138,100,20.0
2024.01.04 12:00,2002.66265,2002.94815,2002.62449,2002.88646,100,20.0
2024.01.04 12:15,2003.69568,2004.52251,2002.94656,2002.99585,100,20.0
2024.01.04 12:30,2003.27607,2003.53077,2002.80360,2003.43072,100,20.0
2024.01.04 12:45,2003.16057,2003.22785,2003.05657,2003.11644,100,20.0
2024.01.04 13:00,2002.74717,2003.33340,2002.62206,2003.22909,100,20.0
2024.01.04 13:15,2003.89335,2004.00780,2003.00582,2003.06161,100,20.0
2024.01.04 13:30,2002.73370,2003.08270,2002.24827,2002.66360,100,20.0
2024.01.04 13:45,2003.71038,2003.95981,2003.39624,2003.48421,100,20.0
2024.01.04 14:00,2003.84069,2004.18337,2003.27576,2004.17464,100,20.0
2024.01.04 14:15,2003.83452,2003.86411,2003.27672,2003.50914,100,20.0
2024.01.04 14:30,2003.10118,2003.41880,2002.45912,2003.24619,100,20.0
2024.01.04 14:45,2002.83398,2003.04964,2002.59836,2002.91013,100,20.0
2024.01.04 15:00,2002.31812,2002.81957,2001.95222,2002.54164,100,20.0
2024.01.04 15:15,2002.69642,2002.78601,2001.38016,2001.54743,100,20.0
2024.01.04 15:30,2002.40262,2002.78139,2002.32115,2002.57956,100,20.0
2024.01.04 15:45,2002.27290,2002.76170,2001.98677,2002.35181,100,20.0
2024.01.04 16:00,2002.22747,2002.58447,2001.24038,2001.88296,100,20.0
2024.01.04 16:15,2002.73994,2002.93671,2001.70529,2002.32451,100,20.0
2024.01.04 16:30,2002.36548,2003.55830,2002.21119,2003.18637,100,20.0
2024.01.04 16:45,2003.76054,2004.03487,2002.68383,2003.17621,100,20.0
2024.01.04 17:00,2002.60683,2002.88723,2002.19254,2002.19877,100,20.0
2024.01.04 17:15,2001.90241,2002.49240,2001.49137,2001.91743,100,20.0
2024.01.04 17:30,2001.84613,2002.12775,2001.15196,2001.74435,100,20.0
2024.01.04 17:45,2001.74324,2002.22358,2001.59268,2001.87935,100,20.0
2024.01.04 18:00,2002.17844,2002.43047,2001.54994,2001.85360,100,20.0
2024.01.04 18:15,2001.48983,2001.77712,2000.87405,2000.92632,100,20.0
2024.01.04 18:30,2000.45044,2000.47892,1999.43662,1999.97004,100,20.0
2024.01.04 18:45,1999.75274,2000.60174,1999.37393,1999.93794,100,20.0
2024.01.04 19:00,1999.85673,2000.32634,1999.37409,2000.31291,100,20.0
2024.01.04 19:15,1999.54374,1999.56827,1999.04090,1999.43878,100,20.0
2024.01.04 19:30,1999.60733,2000.35904,1999.42692,2000.12504,100,20.0
2024.01.04 19:45,2000.31778,2000.47919,1999.84394,2000.07787,100,20.0
2024.01.04 20:00,2000.01142,2000.53596,1999.86957,2000.08439,100,20.0
2024.01.04 20:15,2000.33751,2000.55110,2000.11950,2000.14519,100,20.0
2024.01.04 20:30,2000.26342,2000.28059,1999.33741,1999.65675,100,20.0
2024.01.04 20:45,2000.45673,2001.49363,1999.99826,2001.10846,100,20.0
2024.01.04 21:00,2001.84326,2002.25542,2001.54727,2002.20316,100,20.0
2024.01.04 21:15,2001.61542,2001.89094,2001.22196,2001.73747,100,20.0
2024.01.04 21:30,2001.57882,2001.63191,1999.96063,2000.13790,100,20.0
2024.01.04 21:45,2000.02869,2000.70247,1999.36352,2000.35912,100,20.0
2024.01.04 22:00,2000.75257,2001.10745,2000.54935,2000.62237,100,20.0
2024.01.04 22:15,2000.74653,2001.09797,2000.32018,2000.82451,100,20.0
2024.01.04 22:30,2000.63543,2001.79443,2000.59566,2001.56696,100,20.0
2024.01.04 22:45,2002.61518,2002.80874,2002.07927,2002.13320,100,20.0
2024.01.04 23:00,2002.18852,2002.54246,2002.14779,2002.40096,100,20.0
2024.01.04 23:15,2003.55697,2004.32302,2002.98487,2004.15424,100,20.0
2024.01.04 23:30,2004.16719,2004.79219,2003.55137,2003.70613,100,20.0
2024.01.04 23:45,2003.52731,2003.66791,2003.03114,2003.64235,100,20.0
2024.01.05 00:00,2003.17273,2004.06732,2002.79387,2003.81928,100,20.0
2024.01.05 00:15,2003.52621,2004.44690,2003.38437,2004.00414,100,20.0
2024.01.05 00:30,2003.15950,2004.60088,2003.10112,2004.43566,100,20.0
2024.01.05 00:45,2004.75997,2005.20541,2004.63086,2004.91251,100,20.0
2024.01.05 01:00,2004.59751,2004.90960,2004.17342,2004.34169,100,20.0
2024.01.05 01:15,2005.42160,2005.97246,2005.11716,2005.75397,100,20.0
2024.01.05 01:30,2006.01729,2006.04901,2005.50898,2005.61973,100,20.0
2024.01.05 01:45,2005.71822,2006.05013,2005.33420,2005.81423,100,20.0
2024.01.05 02:00,2006.77808,2007.10896,2006.58003,2006.61988,100,20.0
2024.01.05 02:15,2007.01313,2008.26125,2006.50138,2007.94656,100,20.0
2024.01.05 02:30,2006.52648,2007.49463,2006.12834,2007.09128,100,20.0
2024.01.05 02:45,2007.59820,2007.96515,2006.98263,2007.59433,100,20.0
2024.01.05 03:00,2008.77232,2010.35162,2008.50028,2010.03511,100,20.0
2024.01.05 03:15,2009.96614,2010.71706,2009.78029,2010.58761,100,20.0
2024.01.05 03:30,2010.69159,2010.73845,2010.55660,2010.57077,100,20.0
2024.01.05 03:45,2011.33068,2012.66913,2011.23651,2012.14468,100,20.0
2024.01.05 04:00,2013.48153,2013.54347,2013.16761,2013.35259,100,20.0
2024.01.05 04:15,2013.20204,2014.06441,2012.71117,2013.81007,100,20.0
2024.01.05 04:30,2014.00030,2014.16398,2013.75908,2013.90555,100,20.0
2024.01.05 04:45,2013.49959,2013.56689,2012.99541,2013.31432,100,20.0
2024.01.05 05:00,2012.91862,2012.94882,2012.70640,2012.94036,100,20.0
2024.01.05 05:15,2013.48568,2014.20248,2013.09684,2014.09987,100,20.0
2024.01.05 05:30,2013.34268,2013.46790,2013.26055,2013.45921,100,20.0
2024.01.05 05:45,2013.13148,2013.16551,2012.88316,2012.88651,100,20.0
2024.01.05 06:00,2013.27175,2013.88238,2012.76012,2013.38886,100,20.0
2024.01.05 06:15,2013.44987,2013.78530,2013.42741,2013.58187,100,20.0
2024.01.05 06:30,2013.54473,2014.18610,2013.47945,2014.10455,100,20.0
2024.01.05 06:45,2014.37499,2014.93353,2014.04520,2014.87906,100,20.0
2024.01.05 07:00,2015.23482,2016.26509,2015.08970,2015.48209,100,20.0
2024.01.05 07:15,2016.43665,2017.15627,2015.84807,2016.09764,100,20.0
2024.01.05 07:30,2016.38054,2016.92346,2015.97818,2016.09530,100,20.0
2024.01.05 07:45,2016.41252,2017.09675,2016.29901,2016.93674,100,20.0
2024.01.05 08:00,2017.00300,2017.50186,2016.25734,2016.30549,100,20.0
2024.01.05 08:15,2016.29761,2016.59373,2016.26995,2016.44913,100,20.0
2024.01.05 08:30,2016.75843,2017.13447,2016.26562,2016.81759,100,20.0
2024.01.05 08:45,2016.18850,2016.45452,2015.99141,2016.41224,100,20.0
2024.01.05 09:00,2016.44850,2016.54540,2016.15086,2016.17951,100,20.0
2024.01.05 09:15,2016.86522,2016.90282,2016.51519,2016.69502,100,20.0
2024.01.05 09:30,2017.07971,2017.69913,2016.67834,2017.34095,100,20.0
2024.01.05 09:45,2017.30365,2017.44022,2016.67302,2016.93839,100,20.0
2024.01.05 10:00,2017.65669,2018.08864,2016.65375,2017.37946,100,20.0
2024.01.05 10:15,2017.46183,2018.11410,2017.03578,2017.45656,100,20.0
2024.01.05 10:30,2017.05615,2017.85121,2016.91461,2017.23964,100,20.0
2024.01.05 10:45,2017.91400,2018.14773,2017.88607,2017.96206,100,20.0
2024.01.05 11:00,2019.02939,2019.24216,2018.41129,2018.44453,100,20.0
2024.01.05 11:15,2018.08028,2019.08107,2017.97428,2018.75899,100,20.0
2024.01.05 11:30,2018.16549,2018.71534,2017.59476,2018.51470,100,20.0
2024.01.05 11:45,2019.03755,2019.08982,2018.01697,2018.04469,100,20.0
2024.01.05 12:00,2017.81321,2018.16030,2017.79358,2018.07129,100,20.0
2024.01.05 12:15,2017.99133,2018.49195,2017.66676,2017.77905,100,20.0
2024.01.05 12:30,2018.22177,2018.71346,2018.08121,2018.36829,100,20.0
2024.01.05 12:45,2017.84166,2018.98126,2017.66782,2018.60527,100,20.0
2024.01.05 13:00,2019.34502,2019.61827,2018.61402,2019.12904,100,20.0
2024.01.05 13:15,2019.47808,2019.75889,2019.41383,2019.72019,100,20.0
2024.01.05 13:30,2019.75120,2019.80611,2019.60355,2019.72224,100,20.0
2024.01.05 13:45,2020.21118,2021.00252,2019.44547,2020.55475,100,20.0
2024.01.05 14:00,2020.19392,2020.80176,2019.61601,2019.79048,100,20.0
2024.01.05 14:15,2019.61756,2020.07904,2019.56996,2019.78354,100,20.0
2024.01.05 14:30,2020.89682,2021.11054,2020.14481,2020.78022,100,20.0
2024.01.05 14:45,2020.69252,2021.48575,2020.50527,2021.16201,100,20.0
2024.01.05 15:00,2022.10193,2023.00332,2022.01946,2022.76170,100,20.0
2024.01.05 15:15,2022.58571,2022.84351,2021.94752,2022.15463,100,20.0
2024.01.05 15:30,2021.37055,2022.07203,2021.07891,2022.01598,100,20.0
2024.01.05 15:45,2021.80494,2022.34469,2021.03330,2021.25276,100,20.0
2024.01.05 16:00,2021.73159,2022.16530,2021.32848,2021.59566,100,20.0
2024.01.05 16:15,2021.36816,2022.07854,2021.35618,2022.01693,100,20.0
2024.01.05 16:30,2022.21018,2022.69325,2021.87488,2021.98389,100,20.0
2024.01.05 16:45,2021.61966,2022.04672,2020.33593,2020.55522,100,20.0
2024.01.05 17:00,2020.09774,2020.47767,2018.93448,2019.74019,100,20.0
2024.01.05 17:15,2019.52647,2020.21584,2018.73811,2019.68139,100,20.0
2024.01.05 17:30,2020.28583,2020.65227,2019.84722,2019.95656,100,20.0
2024.01.05 17:45,2019.08939,2020.57159,2018.67732,2020.13648,100,20.0
2024.01.05 18:00,2019.83011,2020.33198,2019.36672,2019.69659,100,20.0
2024.01.05 18:15,2019.98305,2020.14255,2019.18155,2019.26399,100,20.0
2024.01.05 18:30,2019.03226,2019.09893,2018.59079,2018.85300,100,20.0
2024.01.05 18:45,2018.44119,2019.11457,2017.68151,2018.08763,100,20.0
2024.01.05 19:00,2018.70126,2018.88528,2017.25706,2017.37894,100,20.0
2024.01.05 19:15,2017.72402,2017.74439,2016.91761,2017.35451,100,20.0
2024.01.05 19:30,2017.99047,2018.76055,2017.32006,2018.06978,100,20.0
2024.01.05 19:45,2018.51475,2018.61210,2017.16717,2017.45446,100,20.0
2024.01.05 20:00,2017.95392,2018.32543,2017.69493,2018.24280,100,20.0
2024.01.05 20:15,2018.22233,2018.72281,2018.17873,2018.67112,100,20.0
2024.01.05 20:30,2018.02949,2018.19341,2017.53859,2018.16583,100,20.0
2024.01.05 20:45,2017.95339,2018.14911,2017.49982,2017.75356,100,20.0
2024.01.05 21:00,2017.01326,2017.17977,2016.60354,2016.95125,100,20.0
2024.01.05 21:15,2017.16285,2017.21551,2016.91361,2017.02730,100,20.0
2024.01.05 21:30,2016.71783,2016.81593,2016.42414,2016.69956,100,20.0
2024.01.05 21:45,2017.85245,2017.95245,2016.81881,2016.86831,100,20.0
2024.01.05 22:00,2016.48674,2016.62184,2015.49143,2016.12973,100,20.0
2024.01.05 22:15,2016.44069,2017.35711,2016.40475,2016.97224,100,20.0
2024.01.05 22:30,2017.06002,2017.64670,2017.01061,2017.64599,100,20.0
2024.01.05 22:45,2017.99048,2018.14699,2016.95022,2017.31277,100,20.0
2024.01.05 23:00,2017.87894,2018.03864,2017.65356,2017.69550,100,20.0
2024.01.05 23:15,2017.23521,2017.53146,2016.83160,2017.51451,100,20.0
2024.01.05 23:30,2016.70506,2017.29014,2015.94201,2016.20208,100,20.0
2024.01.05 23:45,2016.42743,2016.48515,2016.31988,2016.47383,100,20.0
2024.01.06 00:00,2016.06983,2016.66499,2015.26374,2015.74272,100,20.0
2024.01.06 00:15,2015.55589,2016.59813,2015.48620,2016.58401,100,20.0
2024.01.06 00:30,2016.32041,2016.53624,2015.30258,2015.98477,100,20.0
2024.01.06 00:45,2015.92512,2016.64422,2015.76738,2016.46647,100,20.0
2024.01.06 01:00,2016.71211,2017.41553,2015.72243,2015.99527,100,20.0
2024.01.06 01:15,2014.75948,2014.90870,2014.49880,2014.84352,100,20.0
2024.01.06 01:30,2014.31517,2014.33093,2013.49962,2013.98099,100,20.0
2024.01.06 01:45,2015.77257,2016.61338,2015.74821,2016.43881,100,20.0
2024.01.06 02:00,2016.28412,2016.72252,2016.25448,2016.45214,100,20.0
2024.01.06 02:15,2016.65471,2017.49757,2016.52966,2016.97368,100,20.0
2024.01.06 02:30,2015.85271,2016.11328,2015.16366,2015.26673,100,20.0
2024.01.06 02:45,2014.46635,2014.65793,2014.10197,2014.57996,100,20.0
2024.01.06 03:00,2014.20204,2014.82120,2014.09280,2014.16768,100,20.0
2024.01.06 03:15,2013.30346,2014.26540,2012.79428,2014.09249,100,20.0
2024.01.06 03:30,2013.74061,2014.62007,2013.67552,2014.58057,100,20.0
2024.01.06 03:45,2014.19992,2014.72035,2014.00439,2014.57842,100,20.0
2024.01.06 04:00,2015.11245,2016.34518,2014.98599,2016.05115,100,20.0
2024.01.06 04:15,2015.59028,2015.71567,2014.94902,2015.10379,100,20.0
2024.01.06 04:30,2015.17532,2015.17798,2014.23463,2014.59864,100,20.0
2024.01.06 04:45,2015.10558,2015.25840,2014.35688,2015.00469,100,20.0
2024.01.06 05:00,2014.72650,2015.42083,2014.37734,2015.25072,100,20.0
2024.01.06 05:15,2016.43024,2016.93211,2015.68191,2016.35962,100,20.0
2024.01.06 05:30,2016.27235,2017.01964,2015.89833,2016.90060,100,20.0
2024.01.06 05:45,2016.68589,2016.99209,2016.59689,2016.98224,100,20.0
2024.01.06 06:00,2017.21632,2018.02588,2017.02532,2017.75281,100,20.0
2024.01.06 06:15,2018.19614,2018.83484,2017.61478,2018.13760,100,20.0
2024.01.06 06:30,2018.31980,2018.45337,2017.97101,2018.08744,100,20.0
2024.01.06 06:45,2017.10652,2017.25229,2016.54137,2016.73168,100,20.0
2024.01.06 07:00,2017.33414,2017.63689,2017.24151,2017.38632,100,20.0
2024.01.06 07:15,2017.69334,2017.79130,2017.19072,2017.45811,100,20.0
2024.01.06 07:30,2017.63406,2018.19053,2016.71764,2017.29531,100,20.0
2024.01.06 07:45,2018.44511,2018.66133,2018.23329,2018.42243,100,20.0
2024.01.06 08:00,2017.93274,2018.69023,2017.66643,2018.65283,100,20.0
2024.01.06 08:15,2018.65721,2019.64490,2018.13682,2018.85579,100,20.0
2024.01.06 08:30,2019.21432,2019.29716,2017.74992,2018.20545,100,20.0
2024.01.06 08:45,2018.36976,2018.86222,2018.29069,2018.57208,100,20.0
2024.01.06 09:00,2019.19481,2019.76154,2019.03542,2019.23626,100,20.0
2024.01.06 09:15,2019.28048,2019.35343,2018.75179,2019.10043,100,20.0
2024.01.06 09:30,2018.30528,2018.67512,2017.87032,2018.66772,100,20.0
2024.01.06 09:45,2019.11501,2020.34901,2018.79281,2020.10089,100,20.0
2024.01.06 10:00,2019.44541,2020.09562,2019.02608,2019.45272,100,20.0
2024.01.06 10:15,2019.18987,2019.59839,2018.96289,2018.99666,100,20.0
2024.01.06 10:30,2018.69411,2018.76277,2018.63224,2018.71024,100,20.0
2024.01.06 10:45,2018.83613,2019.31615,2017.99329,2018.65566,100,20.0
2024.01.06 11:00,2019.84940,2020.26484,2018.49661,2019.10706,100,20.0
2024.01.06 11:15,2018.06580,2018.25292,2017.58697,2017.60650,100,20.0
2024.01.06 11:30,2017.69118,2018.33478,2017.60053,2017.93703,100,20.0
2024.01.06 11:45,2018.34968,2019.22875,2017.80824,2018.11696,100,20.0
2024.01.06 12:00,2017.48167,2018.17999,2017.22464,2017.95205,100,20.0
2024.01.06 12:15,2018.09279,2019.64763,2017.64766,2019.16031,100,20.0
2024.01.06 12:30,2018.71365,2018.80407,2018.14833,2018.48713,100,20.0
2024.01.06 12:45,2019.61508,2020.35865,2019.49900,2019.78526,100,20.0
2024.01.06 13:00,2018.75683,2019.41040,2018.57751,2019.22284,100,20.0
2024.01.06 13:15,2019.25166,2019.74630,2019.13319,2019.57073,100,20.0
2024.01.06 13:30,2020.23443,2020.64211,2020.12401,2020.42877,100,20.0
2024.01.06 13:45,2020.12889,2020.88700,2019.68269,2020.49726,100,20.0
2024.01.06 14:00,2020.14750,2020.31597,2019.53613,2019.67817,100,20.0
2024.01.06 14:15,2020.47920,2020.48453,2018.76090,2019.29582,100,20.0
2024.01.06 14:30,2019.77127,2020.00991,2018.90593,2019.42802,100,20.0
2024.01.06 14:45,2019.73572,2019.95392,2018.97536,2019.66775,100,20.0
2024.01.06 15:00,2020.63867,2020.76863,2020.05396,2020.59866,100,20.0
2024.01.06 15:15,2020.54566,2021.15402,2020.36935,2020.40931,100,20.0
2024.01.06 15:30,2019.96847,2020.84590,2019.42724,2019.56744,100,20.0
2024.01.06 15:45,2018.92418,2019.06318,2018.23325,2018.84822,100,20.0
2024.01.06 16:00,2017.62580,2017.64283,2017.00438,2017.47502,100,20.0
2024.01.06 16:15,2018.29309,2018.90002,2017.86394,2018.13307,100,20.0
2024.01.06 16:30,2018.02983,2018.44099,2017.53969,2017.73788,100,20.0
2024.01.06 16:45,2017.46965,2018.15505,2016.63481,2016.65766,100,20.0
2024.01.06 17:00,2016.35673,2016.75895,2016.16724,2016.69243,100,20.0
2024.01.06 17:15,2016.39959,2017.14037,2015.98321,2016.02087,100,20.0
2024.01.06 17:30,2014.88992,2015.41057,2014.09354,2014.31951,100,20.0
2024.01.06 17:45,2013.26033,2013.28640,2012.72128,2012.85913,100,20.0
2024.01.06 18:00,2013.55919,2014.00486,2013.09514,2013.68931,100,20.0
2024.01.06 18:15,2012.90280,2013.88289,2011.99259,2013.35155,100,20.0
2024.01.06 18:30,2013.89984,2014.06300,2013.83412,2013.84722,100,20.0
2024.01.06 18:45,2013.69796,2013.86571,2012.89987,2013.41784,100,20.0
2024.01.06 19:00,2013.13068,2013.28271,2012.36542,2013.13141,100,20.0
2024.01.06 19:15,2013.17985,2014.13396,2012.97790,2013.57264,100,20.0
2024.01.06 19:30,2013.48718,2014.34042,2013.35986,2014.22925,100,20.0
2024.01.06 19:45,2013.72710,2014.91838,2013.35410,2014.26769,100,20.0
2024.01.06 20:00,2013.71281,2013.85563,2013.51990,2013.60006,100,20.0
2024.01.06 20:15,2014.44342,2014.58114,2013.95801,2014.33560,100,20.0
2024.01.06 20:30,2014.25712,2014.78656,2013.43901,2013.59599,100,20.0
2024.01.06 20:45,2014.42604,2014.62974,2013.81899,2013.92539,100,20.0
2024.01.06 21:00,2012.59017,2012.80952,2011.50122,2011.79387,100,20.0
2024.01.06 21:15,2011.58640,2012.12920,2011.57543,2012.01472,100,20.0
2024.01.06 21:30,2012.64702,2013.38250,2012.58082,2013.01772,100,20.0
2024.01.06 21:45,2013.66880,2014.27599,2013.44518,2014.23221,100,20.0
2024.01.06 22:00,2014.26269,2014.86784,2013.83528,2013.95313,100,20.0
2024.01.06 22:15,2015.02174,2015.84084,2014.81511,2015.14033,100,20.0
2024.01.06 22:30,2015.10605,2016.24823,2014.40948,2016.17963,100,20.0
2024.01.06 22:45,2015.09902,2015.54500,2014.64057,2014.92050,100,20.0
2024.01.06 23:00,2014.68406,2015.58215,2014.24734,2015.09913,100,20.0
2024.01.06 23:15,2015.39457,2015.77129,2014.80237,2015.64612,100,20.0
2024.01.06 23:30,2015.23141,2015.55706,2012.93901,2013.69300,100,20.0
2024.01.06 23:45,2013.68708,2014.81426,2013.55394,2014.34231,100,20.0
2024.01.07 00:00,2013.71624,2013.82777,2013.70379,2013.80515,100,20.0
2024.01.07 00:15,2014.66671,2014.75846,2014.20035,2014.36669,100,20.0
2024.01.07 00:30,2015.05542,2015.21337,2013.61408,2013.65515,100,20.0
2024.01.07 00:45,2013.94605,2014.41063,2012.61374,2013.37625,100,20.0
2024.01.07 01:00,2013.95616,2014.54343,2012.86050,2013.44976,100,20.0
2024.01.07 01:15,2013.11411,2013.12426,2012.35647,2012.53878,100,20.0
2024.01.07 01:30,2012.60112,2012.90991,2012.44868,2012.89043,100,20.0
2024.01.07 01:45,2012.29136,2014.14936,2012.06939,2013.76195,100,20.0
2024.01.07 02:00,2014.70437,2014.75693,2014.13554,2014.14083,100,20.0
2024.01.07 02:15,2014.12851,2014.57998,2013.92820,2014.30881,100,20.0
2024.01.07 02:30,2014.63824,2015.37542,2014.38454,2015.33463,100,20.0
2024.01.07 02:45,2015.61965,2017.16680,2015.53677,2016.92261,100,20.0
2024.01.07 03:00,2015.78138,2016.22217,2014.69816,2015.35532,100,20.0
2024.01.07 03:15,2015.18516,2015.93923,2015.05342,2015.70560,100,20.0
2024.01.07 03:30,2015.57628,2016.09856,2015.37624,2015.69354,100,20.0
2024.01.07 03:45,2016.41762,2016.51174,2016.32942,2016.39673,100,20.0
2024.01.07 04:00,2016.11374,2016.20395,2016.02367,2016.14112,100,20.0
2024.01.07 04:15,2016.08150,2017.37746,2015.80168,2016.50784,100,20.0
2024.01.07 04:30,2016.94466,2017.77414,2016.16819,2017.64349,100,20.0
2024.01.07 04:45,2016.87306,2018.51709,2016.29347,2017.80950,100,20.0
2024.01.07 05:00,2019.22048,2019.94966,2018.58019,2019.42989,100,20.0
2024.01.07 05:15,2019.38889,2019.64195,2018.66919,2019.01085,100,20.0
2024.01.07 05:30,2019.40348,2019.74408,2019.06692,2019.65280,100,20.0
2024.01.07 05:45,2019.56945,2020.24226,2019.14117,2019.41348,100,20.0
2024.01.07 06:00,2019.29357,2019.63501,2019.17353,2019.48801,100,20.0
2024.01.07 06:15,2019.59212,2020.05803,2019.51405,2019.69363,100,20.0
2024.01.07 06:30,2019.26457,2020.22028,2018.68124,2019.43345,100,20.0
2024.01.07 06:45,2019.35232,2020.61857,2019.04274,2020.24058,100,20.0
2024.01.07 07:00,2019.93483,2020.04287,2018.88884,2019.36803,100,20.0
2024.01.07 07:15,2018.76371,2019.21243,2017.97942,2018.47996,100,20.0
2024.01.07 07:30,2018.40030,2019.51408,2018.34482,2019.28431,100,20.0
2024.01.07 07:45,2019.81241,2019.94055,2019.32826,2019.77899,100,20.0
2024.01.07 08:00,2020.18870,2020.39833,2020.12827,2020.25019,100,20.0
2024.01.07 08:15,2020.19998,2020.94697,2020.18044,2020.83176,100,20.0
2024.01.07 08:30,2019.91496,2019.93917,2018.77627,2018.81626,100,20.0
2024.01.07 08:45,2018.24020,2018.26941,2017.88262,2018.08594,100,20.0
2024.01.07 09:00,2018.47452,2018.96768,2018.19040,2018.40082,100,20.0
2024.01.07 09:15,2017.83836,2018.06696,2017.79989,2017.93137,100,20.0
2024.01.07 09:30,2018.35109,2018.81142,2018.08985,2018.60040,100,20.0
2024.01.07 09:45,2019.51116,2020.44639,2018.70069,2019.20886,100,20.0
2024.01.07 10:00,2020.18774,2021.31468,2020.03647,2020.76038,100,20.0
2024.01.07 10:15,2020.81644,2021.84774,2020.49068,2021.14106,100,20.0
2024.01.07 10:30,2022.76348,2024.06507,2022.39488,2023.78637,100,20.0
2024.01.07 10:45,2023.14700,2023.29961,2022.53324,2022.68780,100,20.0
2024.01.07 11:00,2022.56526,2022.65067,2022.15937,2022.25077,100,20.0
2024.01.07 11:15,2022.28581,2022.49530,2021.75864,2022.14160,100,20.0
2024.01.07 11:30,2022.77761,2023.30915,2022.20366,2023.04703,100,20.0
2024.01.07 11:45,2023.31390,2023.87594,2022.63619,2023.59366,100,20.0
2024.01.07 12:00,2022.71314,2022.84038,2021.69892,2021.84510,100,20.0
2024.01.07 12:15,2021.40928,2022.71053,2021.15884,2021.97961,100,20.0
2024.01.07 12:30,2021.74819,2022.13175,2021.58517,2021.64766,100,20.0
2024.01.07 12:45,2021.08528,2021.83182,2020.88397,2021.27949,100,20.0
2024.01.07 13:00,2021.09486,2022.04021,2021.02539,2021.37784,100,20.0
2024.01.07 13:15,2021.52475,2021.62782,2021.37991,2021.40315,100,20.0
2024.01.07 13:30,2022.02103,2022.15084,2021.78290,2022.12159,100,20.0
2024.01.07 13:45,2022.17250,2022.86501,2021.78583,2022.52423,100,20.0
2024.01.07 14:00,2022.83830,2022.98947,2022.67804,2022.90515,100,20.0
2024.01.07 14:15,2023.47987,2024.36409,2023.19180,2024.13233,100,20.0
2024.01.07 14:30,2024.30339,2024.57122,2024.10261,2024.36261,100,20.0
2024.01.07 14:45,2024.29178,2024.87305,2023.26855,2023.87311,100,20.0
2024.01.07 15:00,2023.91853,2024.76638,2023.84330,2024.55946,100,20.0
2024.01.07 15:15,2024.88176,2025.29225,2024.87821,2025.27195,100,20.0
2024.01.07 15:30,2025.63973,2026.24233,2025.51065,2026.20457,100,20.0
2024.01.07 15:45,2027.02987,2027.22830,2026.85907,2026.96113,100,20.0
2024.01.07 16:00,2026.61390,2026.73168,2026.22763,2026.35059,100,20.0
2024.01.07 16:15,2026.16228,2026.19538,2025.73254,2026.14223,100,20.0
2024.01.07 16:30,2027.15276,2028.38896,2026.00610,2026.07442,100,20.0
2024.01.07 16:45,2025.35623,2026.48014,2025.17073,2025.84487,100,20.0
2024.01.07 17:00,2025.63191,2026.23491,2025.60921,2025.85004,100,20.0
2024.01.07 17:15,2025.25164,2025.28860,2024.39244,2025.11112,100,20.0
2024.01.07 17:30,2025.04997,2025.20986,2024.41310,2024.69860,100,20.0
2024.01.07 17:45,2024.21862,2025.14543,2024.06611,2024.82594,100,20.0
2024.01.07 18:00,2025.80872,2025.89125,2024.94197,2025.52952,100,20.0
2024.01.07 18:15,2024.92583,2025.52346,2024.83105,2024.89016,100,20.0
2024.01.07 18:30,2025.20487,2025.34122,2024.85506,2025.22091,100,20.0
2024.01.07 18:45,2024.58571,2025.43291,2024.08259,2025.27437,100,20.0
2024.01.07 19:00,2025.57328,2026.29156,2025.14552,2026.01586,100,20.0
2024.01.07 19:15,2026.64248,2027.95965,2026.50667,2027.46412,100,20.0
2024.01.07 19:30,2027.07740,2027.80950,2026.66408,2027.55307,100,20.0
2024.01.07 19:45,2028.10769,2028.72667,2027.33881,2028.26190,100,20.0
2024.01.07 20:00,2028.97346,2029.47727,2028.01052,2028.70494,100,20.0
2024.01.07 20:15,2029.20323,2029.88577,2028.87898,2029.51857,100,20.0
2024.01.07 20:30,2029.66365,2030.40373,2028.85293,2029.35281,100,20.0
2024.01.07 20:45,2029.95957,2029.97069,2029.37801,2029.54525,100,20.0
2024.01.07 21:00,2029.06673,2030.02301,2028.97223,2029.82727,100,20.0
2024.01.07 21:15,2029.86972,2030.12454,2029.69758,2029.87366,100,20.0
2024.01.07 21:30,2031.56026,2032.31904,2031.50703,2032.15711,100,20.0
2024.01.07 21:45,2031.14096,2031.47236,2030.89288,2031.14963,100,20.0
2024.01.07 22:00,2030.35865,2030.82287,2029.79816,2029.92924,100,20.0
2024.01.07 22:15,2029.91202,2030.35724,2029.88616,2030.09380,100,20.0
2024.01.07 22:30,2031.40819,2031.70129,2030.97353,2031.61410,100,20.0
2024.01.07 22:45,2031.24702,2031.69081,2031.03038,2031.57315,100,20.0
2024.01.07 23:00,2030.50791,2031.17979,2030.39908,2030.98113,100,20.0
2024.01.07 23:15,2030.71854,2031.13773,2030.07688,2030.98808,100,20.0
2024.01.07 23:30,2030.85472,2031.42168,2029.84637,2030.21040,100,20.0
2024.01.07 23:45,2029.96081,2031.16151,2029.78424,2030.81369,100,20.0
2024.01.08 00:00,2031.21884,2031.39396,2031.08933,2031.28050,100,20.0
2024.01.08 00:15,2031.79974,2032.04629,2031.09231,2031.27571,100,20.0
2024.01.08 00:30,2032.45321,2033.17012,2032.19888,2032.71066,100,20.0
2024.01.08 00:45,2033.52282,2033.67126,2033.41641,2033.58919,100,20.0
2024.01.08 01:00,2033.19384,2033.85434,2033.00187,2033.55903,100,20.0
2024.01.08 01:15,2032.55043,2032.81388,2032.16771,2032.20479,100,20.0
2024.01.08 01:30,2031.90367,2032.73693,2031.77213,2032.30390,100,20.0
2024.01.08 01:45,2032.71586,2032.88456,2031.56066,2032.19283,100,20.0
2024.01.08 02:00,2031.58837,2032.44934,2031.23467,2032.24675,100,20.0
2024.01.08 02:15,2032.06288,2032.52042,2031.59560,2032.20741,100,20.0
2024.01.08 02:30,2032.88365,2033.11050,2032.68308,2032.74366,100,20.0
2024.01.08 02:45,2032.33108,2032.87601,2031.64380,2031.71712,100,20.0
2024.01.08 03:00,2032.69021,2033.29309,2032.56756,2033.09876,100,20.0
2024.01.08 03:15,2033.29832,2033.91421,2033.02069,2033.36901,100,20.0
2024.01.08 03:30,2033.41570,2034.55788,2033.07236,2034.46526,100,20.0
2024.01.08 03:45,2033.53790,2034.09715,2033.12098,2033.65202,100,20.0
2024.01.08 04:00,2033.09795,2033.88363,2032.17175,2033.79142,100,20.0
2024.01.08 04:15,2033.81891,2034.45153,2033.07756,2033.49501,100,20.0
2024.01.08 04:30,2034.12130,2034.76569,2033.96177,2034.09710,100,20.0
2024.01.08 04:45,2034.00812,2034.52690,2033.91011,2034.07963,100,20.0
2024.01.08 05:00,2034.22606,2034.45871,2033.77304,2033.87568,100,20.0
2024.01.08 05:15,2033.19382,2034.02874,2033.11896,2033.43055,100,20.0
2024.01.08 05:30,2033.47180,2033.80026,2032.59571,2032.97515,100,20.0
2024.01.08 05:45,2033.28551,2033.91472,2032.69187,2033.55342,100,20.0
2024.01.08 06:00,2033.76733,2034.30197,2033.64474,2033.78903,100,20.0
2024.01.08 06:15,2034.87833,2035.24030,2034.38858,2035.11286,100,20.0
2024.01.08 06:30,2034.89273,2034.99227,2034.40803,2034.48810,100,20.0
2024.01.08 06:45,2035.06151,2035.46847,2034.68395,2035.44464,100,20.0
2024.01.08 07:00,2036.02030,2036.93574,2035.67598,2036.47025,100,20.0
2024.01.08 07:15,2036.65182,2036.84845,2036.39962,2036.54847,100,20.0
2024.01.08 07:30,2036.67080,2037.00482,2036.30429,2036.90199,100,20.0
2024.01.08 07:45,2036.13819,2036.25059,2035.33415,2035.78655,100,20.0
2024.01.08 08:00,2036.12098,2036.28005,2035.39386,2035.87041,100,20.0
2024.01.08 08:15,2035.58992,2036.28704,2035.57552,2035.88137,100,20.0
2024.01.08 08:30,2036.10759,2036.34450,2035.61528,2035.67107,100,20.0
2024.01.08 08:45,2035.96889,2036.77688,2035.43271,2036.68926,100,20.0
2024.01.08 09:00,2035.73652,2036.65921,2035.58111,2036.09666,100,20.0
2024.01.08 09:15,2035.64900,2035.66487,2035.10486,2035.25749,100,20.0
2024.01.08 09:30,2035.52278,2035.90575,2035.30777,2035.74265,100,20.0
2024.01.08 09:45,2036.13478,2036.25835,2035.18038,2035.99216,100,20.0
2024.01.08 10:00,2036.27194,2036.89068,2036.22216,2036.74366,100,20.0
2024.01.08 10:15,2036.83914,2037.28557,2036.78617,2037.03380,100,20.0
2024.01.08 10:30,2037.78474,2039.01295,2037.34095,2038.59120,100,20.0
2024.01.08 10:45,2038.29579,2038.32721,2038.01646,2038.08366,100,20.0
2024.01.08 11:00,2037.50498,2037.84821,2036.53513,2036.58719,100,20.0
2024.01.08 11:15,2036.72160,2037.78433,2036.42235,2037.25682,100,20.0
2024.01.08 11:30,2037.59710,2037.63885,2037.18233,2037.30196,100,20.0
2024.01.08 11:45,2037.54468,2038.22253,2037.29995,2038.07961,100,20.0
2024.01.08 12:00,2036.84977,2037.50233,2036.28454,2037.35637,100,20.0
2024.01.08 12:15,2038.21505,2038.30218,2037.63271,2038.08468,100,20.0
2024.01.08 12:30,2038.77413,2040.07596,2038.71245,2039.45648,100,20.0
2024.01.08 12:45,2039.16715,2039.29866,2038.86884,2039.12871,100,20.0
2024.01.08 13:00,2038.98940,2039.41712,2038.71842,2039.25324,100,20.0
2024.01.08 13:15,2038.57130,2038.84694,2038.26548,2038.37447,100,20.0
2024.01.08 13:30,2038.50714,2038.86990,2038.07687,2038.23313,100,20.0
2024.01.08 13:45,2038.41541,2038.51932,2038.38217,2038.51796,100,20.0
2024.01.08 14:00,2039.50605,2039.67300,2038.90670,2039.03684,100,20.0
2024.01.08 14:15,2038.91872,2039.87340,2038.53079,2039.84127,100,20.0
2024.01.08 14:30,2040.24379,2040.89641,2039.95773,2040.50572,100,20.0
2024.01.08 14:45,2040.46585,2040.63847,2039.95108,2040.23986,100,20.0
2024.01.08 15:00,2041.19291,2041.49094,2040.89268,2041.28354,100,20.0
2024.01.08 15:15,2040.76308,2041.57063,2040.41647,2041.24519,100,20.0
2024.01.08 15:30,2041.60944,2042.18857,2041.46319,2041.58031,100,20.0
2024.01.08 15:45,2042.02162,2042.49153,2041.15203,2041.16580,100,20.0
2024.01.08 16:00,2041.21116,2041.83826,2040.47144,2041.29840,100,20.0
2024.01.08 16:15,2041.56039,2041.69508,2040.31619,2041.12499,100,20.0
2024.01.08 16:30,2040.49956,2040.72363,2039.75306,2040.69806,100,20.0
2024.01.08 16:45,2040.63078,2041.15926,2039.94200,2040.46462,100,20.0
2024.01.08 17:00,2041.09150,2041.80386,2040.55956,2040.94594,100,20.0
2024.01.08 17:15,2040.51938,2040.66022,2040.51040,2040.64855,100,20.0
2024.01.08 17:30,2040.66918,2041.12144,2039.88919,2040.32585,100,20.0
2024.01.08 17:45,2039.64182,2040.19137,2038.28888,2038.58503,100,20.0
2024.01.08 18:00,2037.72155,2038.96264,2037.29857,2038.62380,100,20.0
2024.01.08 18:15,2039.24738,2039.29112,2038.40473,2038.62014,100,20.0
2024.01.08 18:30,2038.28969,2038.60138,2038.26444,2038.38924,100,20.0
2024.01.08 18:45,2040.31875,2040.88454,2039.82936,2040.41126,100,20.0
2024.01.08 19:00,2038.69259,2039.20641,2038.14523,2038.38185,100,20.0
2024.01.08 19:15,2037.63992,2038.13952,2037.27941,2037.79940,100,20.0
2024.01.08 19:30,2038.46744,2038.53885,2037.76671,2037.77656,100,20.0
2024.01.08 19:45,2037.87675,2038.63093,2037.35827,2038.55152,100,20.0
2024.01.08 20:00,2039.22935,2039.82034,2038.77847,2039.60046,100,20.0
2024.01.08 20:15,2038.44414,2038.79524,2036.96646,2037.42565,100,20.0
2024.01.08 20:30,2037.43064,2038.07465,2037.39800,2037.54737,100,20.0
2024.01.08 20:45,2038.35741,2038.55421,2037.51582,2037.54152,100,20.0
2024.01.08 21:00,2037.78338,2037.79226,2037.44543,2037.71491,100,20.0
2024.01.08 21:15,2037.73438,2038.81557,2037.61215,2038.67664,100,20.0
2024.01.08 21:30,2038.11734,2038.60754,2037.75199,2038.25405,100,20.0
2024.01.08 21:45,2037.96727,2038.15565,2036.55859,2037.06710,100,20.0
2024.01.08 22:00,2037.16823,2038.07115,2037.10326,2037.55445,100,20.0
2024.01.08 22:15,2037.41118,2037.84106,2037.40751,2037.45223,100,20.0
2024.01.08 22:30,2037.53296,2038.38665,2037.31377,2038.12515,100,20.0
2024.01.08 22:45,2037.68771,2038.05956,2037.61126,2037.63156,100,20.0
2024.01.08 23:00,2037.27956,2038.16283,2036.70387,2037.66941,100,20.0
2024.01.08 23:15,2037.75345,2038.29669,2037.71392,2037.88784,100,20.0
2024.01.08 23:30,2037.50544,2037.78649,2037.33830,2037.73231,100,20.0
2024.01.08 23:45,2037.61085,2039.23175,2037.32392,2039.00514,100,20.0
2024.01.09 00:00,2039.65588,2039.88557,2038.64116,2038.75805,100,20.0
2024.01.09 00:15,2037.70714,2038.44671,2037.39578,2038.18956,100,20.0
2024.01.09 00:30,2039.03653,2039.27917,2037.74726,2037.79275,100,20.0
2024.01.09 00:45,2037.95820,2038.38223,2037.50016,2038.13498,100,20.0
2024.01.09 01:00,2037.44272,2037.49512,2037.26960,2037.34014,100,20.0
2024.01.09 01:15,2035.49351,2035.50993,2034.89206,2035.29751,100,20.0
2024.01.09 01:30,2034.58835,2034.92761,2033.32877,2034.01516,100,20.0
2024.01.09 01:45,2034.80961,2035.24494,2033.41500,2033.93063,100,20.0
2024.01.09 02:00,2033.71960,2034.04382,2032.97992,2033.02508,100,20.0
2024.01.09 02:15,2034.17400,2034.80636,2033.70605,2034.11578,100,20.0
2024.01.09 02:30,2034.84501,2035.28906,2034.53968,2035.21222,100,20.0
2024.01.09 02:45,2034.21109,2034.80427,2033.70741,2034.78901,100,20.0
2024.01.09 03:00,2035.61429,2036.06598,2035.32783,2035.81641,100,20.0
2024.01.09 03:15,2035.95406,2036.14290,2034.85905,2035.17171,100,20.0
2024.01.09 03:30,2035.14569,2035.18210,2034.65058,2034.95282,100,20.0
2024.01.09 03:45,2034.03401,2034.98726,2034.03383,2034.51981,100,20.0
2024.01.09 04:00,2035.90484,2036.12016,2035.61627,2036.05172,100,20.0
2024.01.09 04:15,2036.48069,2037.37461,2036.32551,2036.79611,100,20.0
2024.01.09 04:30,2036.97095,2037.80130,2036.75896,2037.56860,100,20.0
2024.01.09 04:45,2037.79216,2038.28795,2037.52498,2037.73758,100,20.0
2024.01.09 05:00,2037.36348,2037.42043,2035.69656,2035.75381,100,20.0
2024.01.09 05:15,2036.38123,2036.39254,2036.06159,2036.09968,100,20.0
2024.01.09 05:30,2035.80172,2036.84325,2035.40677,2036.37828,100,20.0
2024.01.09 05:45,2035.57410,2036.15926,2035.46472,2035.67468,100,20.0
2024.01.09 06:00,2035.55734,2036.05039,2035.27482,2035.59627,100,20.0
2024.01.09 06:15,2035.42311,2036.25743,2035.00195,2035.69945,100,20.0
2024.01.09 06:30,2036.73401,2037.42940,2035.64457,2036.10862,100,20.0
2024.01.09 06:45,2036.37119,2037.67082,2036.06894,2036.61621,100,20.0
2024.01.09 07:00,2037.03924,2037.79821,2036.75213,2037.69871,100,20.0
2024.01.09 07:15,2037.89234,2038.51150,2037.72845,2037.97296,100,20.0
2024.01.09 07:30,2038.02271,2038.09954,2037.82369,2037.96212,100,20.0
2024.01.09 07:45,2037.77417,2038.11911,2036.79119,2037.09037,100,20.0
2024.01.09 08:00,2037.22775,2037.61243,2036.60580,2036.89551,100,20.0
2024.01.09 08:15,2037.13616,2037.41632,2036.85553,2037.10554,100,20.0
2024.01.09 08:30,2037.21809,2037.22859,2036.00303,2036.54432,100,20.0
2024.01.09 08:45,2036.31564,2036.60083,2036.19556,2036.20798,100,20.0
2024.01.09 09:00,2035.30539,2036.59235,2035.08825,2036.21075,100,20.0
2024.01.09 09:15,2035.43292,2035.64188,2034.71220,2035.25197,100,20.0
2024.01.09 09:30,2036.12190,2037.11126,2036.05849,2036.80170,100,20.0
2024.01.09 09:45,2037.04154,2037.10375,2036.53045,2037.02918,100,20.0
2024.01.09 10:00,2037.31722,2038.05544,2036.89215,2037.69019,100,20.0
2024.01.09 10:15,2037.80073,2038.52727,2037.53202,2038.40298,100,20.0
2024.01.09 10:30,2038.87017,2039.51918,2038.31147,2038.53562,100,20.0
2024.01.09 10:45,2037.89693,2038.14309,2037.13888,2037.31758,100,20.0
2024.01.09 11:00,2036.50494,2037.34776,2036.37953,2036.97207,100,20.0
2024.01.09 11:15,2036.25242,2037.33850,2035.93514,2037.00997,100,20.0
2024.01.09 11:30,2036.77367,2037.13471,2036.13884,2036.60137,100,20.0
2024.01.09 11:45,2036.26959,2036.48239,2035.21164,2035.47224,100,20.0
2024.01.09 12:00,2035.98290,2035.99781,2035.31723,2035.62104,100,20.0
2024.01.09 12:15,2035.72504,2036.51548,2035.59994,2036.01309,100,20.0
2024.01.09 12:30,2036.08838,2036.36474,2035.25028,2035.74736,100,20.0
2024.01.09 12:45,2035.71962,2035.86854,2034.95296,2035.42371,100,20.0
2024.01.09 13:00,2034.63450,2035.44656,2034.18264,2035.04654,100,20.0
2024.01.09 13:15,2034.49881,2034.81090,2034.04152,2034.11837,100,20.0
2024.01.09 13:30,2034.42885,2034.64086,2033.84467,2034.37766,100,20.0
2024.01.09 13:45,2034.15767,2034.33752,2033.68529,2034.31401,100,20.0
2024.01.09 14:00,2034.94247,2036.17494,2034.87755,2036.01253,100,20.0
2024.01.09 14:15,2036.67688,2036.94691,2034.98443,2035.39486,100,20.0
2024.01.09 14:30,2035.75457,2036.18017,2035.53517,2035.96190,100,20.0
2024.01.09 14:45,2035.85360,2035.91676,2034.76548,2034.91086,100,20.0
2024.01.09 15:00,2034.77586,2035.63408,2034.53415,2035.22781,100,20.0
2024.01.09 15:15,2035.10689,2035.33526,2034.65517,2034.84398,100,20.0
2024.01.09 15:30,2034.00859,2034.11537,2032.81088,2033.28728,100,20.0
2024.01.09 15:45,2032.93551,2034.48252,2032.57220,2034.27630,100,20.0
2024.01.09 16:00,2034.44107,2035.40429,2034.13207,2034.95103,100,20.0
2024.01.09 16:15,2035.45049,2036.19061,2035.06104,2036.08070,100,20.0
2024.01.09 16:30,2036.61175,2037.04288,2036.47855,2036.95279,100,20.0
2024.01.09 16:45,2036.43344,2037.03328,2036.35247,2036.43900,100,20.0
2024.01.09 17:00,2036.42519,2037.82986,2035.83126,2037.35468,100,20.0
2024.01.09 17:15,2038.21350,2038.89759,2037.82618,2038.33554,100,20.0
2024.01.09 17:30,2038.08963,2038.26121,2037.26536,2037.65718,100,20.0
2024.01.09 17:45,2038.03813,2038.37151,2037.73664,2038.32237,100,20.0
2024.01.09 18:00,2038.91973,2039.70149,2038.29888,2038.49896,100,20.0
2024.01.09 18:15,2038.27709,2039.15070,2038.23174,2039.11606,100,20.0
2024.01.09 18:30,2039.21451,2039.98758,2039.15300,2039.67169,100,20.0
2024.01.09 18:45,2039.62422,2039.85746,2038.86781,2039.38801,100,20.0
2024.01.09 19:00,2039.88652,2040.37004,2039.38155,2039.45783,100,20.0
2024.01.09 19:15,2039.31712,2039.84557,2038.41697,2039.16768,100,20.0
2024.01.09 19:30,2039.43381,2039.67530,2038.37924,2038.99413,100,20.0
2024.01.09 19:45,2038.02401,2038.59483,2037.55674,2038.55061,100,20.0
2024.01.09 20:00,2037.33471,2037.68138,2036.34069,2037.47665,100,20.0
2024.01.09 20:15,2037.79044,2037.95376,2036.66225,2037.21768,100,20.0
2024.01.09 20:30,2037.51174,2038.58988,2037.43059,2038.46456,100,20.0
2024.01.09 20:45,2038.87808,2039.46960,2037.90132,2039.19569,100,20.0
2024.01.09 21:00,2040.51864,2040.94276,2040.27939,2040.79569,100,20.0
2024.01.09 21:15,2041.03095,2041.68068,2041.00226,2041.15408,100,20.0
2024.01.09 21:30,2043.04154,2043.10183,2042.41453,2042.81282,100,20.0
2024.01.09 21:45,2043.37920,2043.50655,2043.36921,2043.43678,100,20.0
2024.01.09 22:00,2044.21258,2045.53714,2043.57897,2044.85782,100,20.0
2024.01.09 22:15,2045.56684,2045.99922,2045.49790,2045.58063,100,20.0
2024.01.09 22:30,2044.49742,2045.35609,2043.72558,2045.07408,100,20.0
2024.01.09 22:45,2043.69387,2043.76862,2043.41682,2043.53057,100,20.0
2024.01.09 23:00,2043.58330,2044.30783,2043.22176,2043.73799,100,20.0
2024.01.09 23:15,2043.06568,2043.32114,2042.55620,2042.86095,100,20.0
2024.01.09 23:30,2041.83768,2042.60818,2041.54571,2042.02829,100,20.0
2024.01.09 23:45,2040.63661,2040.68411,2040.02323,2040.04172,100,20.0
2024.01.10 00:00,2039.87378,2040.51434,2038.99813,2039.16492,100,20.0
2024.01.10 00:15,2039.61680,2040.21656,2038.91458,2039.18572,100,20.0
2024.01.10 00:30,2040.05296,2041.29227,2039.70005,2041.01032,100,20.0
2024.01.10 00:45,2041.32694,2041.86375,2039.80769,2040.60747,100,20.0
2024.01.10 01:00,2040.18870,2040.58937,2039.36030,2040.46336,100,20.0
2024.01.10 01:15,2040.68284,2040.97177,2040.20957,2040.22023,100,20.0
2024.01.10 01:30,2041.07872,2041.60442,2040.88326,2041.27544,100,20.0
2024.01.10 01:45,2042.30357,2043.06904,2041.89276,2042.81834,100,20.0
2024.01.10 02:00,2042.79625,2042.79753,2042.37636,2042.48631,100,20.0
2024.01.10 02:15,2042.40825,2042.55190,2041.84882,2042.03940,100,20.0
2024.01.10 02:30,2041.95900,2042.30937,2041.89542,2042.29834,100,20.0
2024.01.10 02:45,2042.81544,2042.88343,2041.14054,2041.93585,100,20.0
2024.01.10 03:00,2041.92416,2042.82574,2041.92258,2042.49096,100,20.0
2024.01.10 03:15,2042.37997,2042.65812,2041.96809,2042.29199,100,20.0
2024.01.10 03:30,2042.41866,2044.10654,2041.97317,2043.56553,100,20.0
2024.01.10 03:45,2043.50300,2044.64159,2043.37159,2044.35148,100,20.0
2024.01.10 04:00,2043.98667,2044.20332,2043.29361,2043.74939,100,20.0
2024.01.10 04:15,2043.36486,2043.58632,2042.97841,2043.54875,100,20.0
2024.01.10 04:30,2043.56382,2043.65906,2043.52509,2043.64050,100,20.0
2024.01.10 04:45,2043.86469,2044.90116,2043.61091,2043.98585,100,20.0
2024.01.10 05:00,2043.69519,2044.23970,2043.26203,2044.05885,100,20.0
2024.01.10 05:15,2044.41857,2044.70219,2044.08224,2044.15780,100,20.0
2024.01.10 05:30,2044.37214,2044.75929,2044.17236,2044.67645,100,20.0
2024.01.10 05:45,2044.97986,2045.15031,2044.12176,2044.28171,100,20.0
2024.01.10 06:00,2044.84052,2045.23974,2043.53225,2044.05331,100,20.0
2024.01.10 06:15,2043.51984,2043.74038,2043.46865,2043.60613,100,20.0
2024.01.10 06:30,2042.94942,2043.16621,2042.50300,2042.57718,100,20.0
2024.01.10 06:45,2042.65261,2042.93028,2042.22069,2042.42849,100,20.0
2024.01.10 07:00,2041.80300,2042.07892,2041.37137,2041.53986,100,20.0
2024.01.10 07:15,2041.69581,2041.74675,2041.14246,2041.41595,100,20.0
2024.01.10 07:30,2042.09931,2042.23981,2041.42148,2041.81477,100,20.0
2024.01.10 07:45,2042.26588,2042.80765,2041.94351,2042.18149,100,20.0
2024.01.10 08:00,2043.08613,2043.75657,2042.88927,2043.63573,100,20.0
2024.01.10 08:15,2042.01350,2042.69361,2041.66832,2042.69059,100,20.0
2024.01.10 08:30,2041.56409,2041.85248,2041.27731,2041.37210,100,20.0
2024.01.10 08:45,2042.08988,2042.14987,2040.86158,2041.53765,100,20.0
2024.01.10 09:00,2041.14102,2041.71871,2040.79244,2041.33277,100,20.0
2024.01.10 09:15,2041.40323,2041.57094,2041.13953,2041.22972,100,20.0
2024.01.10 09:30,2040.85580,2041.59040,2040.28039,2040.40296,100,20.0
2024.01.10 09:45,2041.27770,2041.59318,2040.11171,2040.44405,100,20.0
2024.01.10 10:00,2040.37058,2040.87047,2038.66899,2039.16233,100,20.0
2024.01.10 10:15,2039.53575,2039.82257,2038.68880,2038.98659,100,20.0
2024.01.10 10:30,2039.75028,2040.24323,2039.14426,2039.20240,100,20.0
2024.01.10 10:45,2040.00419,2040.42503,2039.92446,2040.24199,100,20.0
2024.01.10 11:00,2039.67787,2040.17900,2038.85836,2039.17222,100,20.0
2024.01.10 11:15,2038.46963,2040.07399,2038.23714,2039.91241,100,20.0
2024.01.10 11:30,2039.34329,2039.35314,2038.79902,2039.15677,100,20.0
2024.01.10 11:45,2038.82605,2038.93573,2038.65306,2038.71919,100,20.0
2024.01.10 12:00,2038.56551,2039.05300,2038.26448,2039.00985,100,20.0
2024.01.10 12:15,2038.89415,2039.10219,2037.69866,2037.86550,100,20.0
2024.01.10 12:30,2037.44507,2037.44755,2036.35872,2037.15546,100,20.0
2024.01.10 12:45,2037.67358,2038.06258,2037.62062,2037.96193,100,20.0
2024.01.10 13:00,2037.72649,2038.58406,2037.13703,2038.13218,100,20.0
2024.01.10 13:15,2038.92150,2039.69845,2038.61052,2039.42290,100,20.0
2024.01.10 13:30,2040.13516,2040.74143,2039.93435,2040.61606,100,20.0
2024.01.10 13:45,2041.58004,2041.82633,2041.09195,2041.15301,100,20.0
2024.01.10 14:00,2040.98041,2041.55429,2040.88489,2041.42542,100,20.0
2024.01.10 14:15,2041.03699,2041.49823,2040.35538,2040.56294,100,20.0
2024.01.10 14:30,2040.83901,2041.09490,2040.51619,2040.79090,100,20.0
2024.01.10 14:45,2041.46293,2041.85357,2040.86855,2041.24416,100,20.0
2024.01.10 15:00,2040.20262,2040.79277,2039.95086,2040.00142,100,20.0
2024.01.10 15:15,2041.64573,2042.24796,2041.39517,2041.59482,100,20.0
2024.01.10 15:30,2042.14031,2042.86473,2041.54565,2042.66644,100,20.0
2024.01.10 15:45,2042.28847,2043.02021,2042.11783,2042.46550,100,20.0
2024.01.10 16:00,2043.93096,2044.14192,2043.05228,2043.24728,100,20.0
2024.01.10 16:15,2043.18170,2043.46749,2042.03901,2042.74436,100,20.0
2024.01.10 16:30,2043.15720,2043.23889,2042.70402,2042.90481,100,20.0
2024.01.10 16:45,2043.72996,2044.44418,2043.65155,2044.22978,100,20.0
2024.01.10 17:00,2043.33551,2044.15873,2043.22239,2043.60480,100,20.0
2024.01.10 17:15,2043.94452,2044.44854,2043.62727,2044.38585,100,20.0
2024.01.10 17:30,2043.54513,2043.60523,2042.44051,2043.30578,100,20.0
2024.01.10 17:45,2042.63882,2042.74451,2041.53075,2042.01606,100,20.0
2024.01.10 18:00,2042.06723,2042.09996,2041.96700,2042.00438,100,20.0
2024.01.10 18:15,2042.08294,2042.15386,2041.27503,2041.69778,100,20.0
2024.01.10 18:30,2041.36813,2041.91547,2041.05556,2041.17271,100,20.0
2024.01.10 18:45,2040.80080,2040.98421,2040.61385,2040.87966,100,20.0
2024.01.10 19:00,2041.08576,2041.75183,2040.86424,2041.58309,100,20.0
2024.01.10 19:15,2042.07204,2042.73064,2041.91854,2042.58606,100,20.0
2024.01.10 19:30,2042.68479,2043.14057,2042.44446,2043.11053,100,20.0
2024.01.10 19:45,2042.34946,2042.64996,2042.32785,2042.44250,100,20.0
2024.01.10 20:00,2042.52456,2043.19102,2042.33812,2042.76019,100,20.0
2024.01.10 20:15,2042.63314,2042.87087,2042.33411,2042.37122,100,20.0
2024.01.10 20:30,2043.56606,2043.62212,2042.60781,2043.59254,100,20.0
2024.01.10 20:45,2042.95175,2043.38756,2042.33182,2043.37467,100,20.0
2024.01.10 21:00,2043.97849,2044.25443,2043.42773,2043.55669,100,20.0
2024.01.10 21:15,2044.49874,2044.52813,2043.34434,2043.65419,100,20.0
2024.01.10 21:30,2043.83730,2043.88568,2042.75677,2043.29295,100,20.0
2024.01.10 21:45,2042.59784,2042.73583,2041.91442,2042.16599,100,20.0
2024.01.10 22:00,2041.09607,2041.30625,2040.62209,2041.26033,100,20.0
2024.01.10 22:15,2041.12307,2042.60979,2041.05374,2041.81654,100,20.0
2024.01.10 22:30,2041.36158,2041.45651,2041.25196,2041.27764,100,20.0
2024.01.10 22:45,2041.09316,2042.40385,2041.03123,2041.75812,100,20.0
2024.01.10 23:00,2043.06586,2043.90523,2042.67822,2043.82693,100,20.0
2024.01.10 23:15,2044.65172,2045.25018,2044.54356,2044.85488,100,20.0
2024.01.10 23:30,2043.80558,2044.90448,2043.56874,2044.60978,100,20.0
2024.01.10 23:45,2045.11461,2045.17194,2044.55503,2044.97322,100,20.0
2024.01.11 00:00,2044.34681,2044.86330,2043.49066,2043.65492,100,20.0
2024.01.11 00:15,2043.39782,2043.79830,2043.06577,2043.39124,100,20.0
2024.01.11 00:30,2044.12691,2044.62769,2043.74844,2044.02713,100,20.0
2024.01.11 00:45,2045.50005,2045.61648,2044.70343,2044.77574,100,20.0
2024.01.11 01:00,2043.86839,2043.90909,2043.20157,2043.42329,100,20.0
2024.01.11 01:15,2042.91215,2043.42667,2042.87646,2043.33952,100,20.0
2024.01.11 01:30,2043.32474,2043.40147,2042.20890,2043.02331,100,20.0
2024.01.11 01:45,2042.90558,2043.70326,2042.67462,2043.50925,100,20.0
2024.01.11 02:00,2042.68862,2043.34777,2042.51983,2043.29887,100,20.0
2024.01.11 02:15,2043.75885,2044.09876,2041.86099,2042.46556,100,20.0
2024.01.11 02:30,2042.30643,2043.18933,2042.25282,2042.84247,100,20.0
2024.01.11 02:45,2042.21236,2042.32418,2041.86971,2042.31561,100,20.0
2024.01.11 03:00,2041.86387,2041.94024,2041.04704,2041.27768,100,20.0
2024.01.11 03:15,2042.04120,2042.17522,2041.65493,2041.93021,100,20.0
2024.01.11 03:30,2042.24962,2042.51782,2041.96090,2042.36782,100,20.0
2024.01.11 03:45,2041.54495,2041.98989,2040.38729,2041.11872,100,20.0
2024.01.11 04:00,2039.93753,2040.08103,2039.10490,2039.63458,100,20.0
2024.01.11 04:15,2039.40260,2039.86200,2038.32321,2038.64555,100,20.0
2024.01.11 04:30,2038.59999,2039.55586,2038.07344,2038.96917,100,20.0
2024.01.11 04:45,2038.62466,2039.00489,2038.22796,2038.45323,100,20.0
2024.01.11 05:00,2038.57426,2038.72623,2037.84759,2038.29494,100,20.0
2024.01.11 05:15,2039.78266,2040.02367,2039.10717,2039.39053,100,20.0
2024.01.11 05:30,2040.15790,2040.52817,2039.44592,2039.72719,100,20.0
2024.01.11 05:45,2038.96345,2040.17249,2038.81812,2039.73295,100,20.0
2024.01.11 06:00,2040.48076,2040.68813,2039.52172,2039.96428,100,20.0
2024.01.11 06:15,2040.05879,2040.41579,2039.63598,2040.28770,100,20.0
2024.01.11 06:30,2041.27268,2041.67186,2040.94738,2041.38673,100,20.0
2024.01.11 06:45,2041.98663,2042.91441,2041.79133,2042.70591,100,20.0
2024.01.11 07:00,2042.49080,2042.75665,2042.14790,2042.61933,100,20.0
2024.01.11 07:15,2042.22234,2043.31257,2041.78813,2042.82440,100,20.0
2024.01.11 07:30,2043.51181,2044.84909,2043.48591,2044.70036,100,20.0
2024.01.11 07:45,2045.20546,2045.95160,2044.28294,2044.53312,100,20.0
2024.01.11 08:00,2045.20603,2045.46429,2044.39769,2044.52212,100,20.0
2024.01.11 08:15,2045.05065,2045.33031,2044.03633,2044.33358,100,20.0
2024.01.11 08:30,2044.81106,2045.30445,2044.70178,2045.16105,100,20.0
2024.01.11 08:45,2044.75532,2044.82188,2043.80769,2043.99029,100,20.0
2024.01.11 09:00,2043.91698,2044.08045,2043.69066,2043.97942,100,20.0
2024.01.11 09:15,2043.53523,2044.85821,2042.87328,2044.73549,100,20.0
2024.01.11 09:30,2044.90285,2045.02726,2044.54608,2044.55800,100,20.0
2024.01.11 09:45,2044.62224,2044.97786,2044.33011,2044.51703,100,20.0
2024.01.11 10:00,2044.50508,2045.50772,2044.02707,2044.04819,100,20.0
2024.01.11 10:15,2042.59538,2043.25823,2042.35082,2042.94835,100,20.0
2024.01.11 10:30,2042.38178,2043.10006,2042.17093,2043.04063,100,20.0
2024.01.11 10:45,2042.88925,2043.53318,2042.24064,2043.46679,100,20.0
2024.01.11 11:00,2043.99685,2044.89474,2042.86831,2043.94072,100,20.0
2024.01.11 11:15,2043.68063,2044.54566,2043.29049,2044.25860,100,20.0
2024.01.11 11:30,2044.88646,2045.21949,2044.83701,2044.99316,100,20.0
2024.01.11 11:45,2044.14511,2044.82388,2044.04022,2044.41464,100,20.0
2024.01.11 12:00,2044.16541,2044.21475,2043.65113,2043.97323,100,20.0
2024.01.11 12:15,2044.79230,2045.68606,2044.72210,2045.31105,100,20.0
2024.01.11 12:30,2046.06193,2046.08543,2045.42542,2045.72970,100,20.0
2024.01.11 12:45,2046.00855,2046.32459,2045.35005,2046.17399,100,20.0
2024.01.11 13:00,2045.43169,2046.14772,2045.22761,2045.88193,100,20.0
2024.01.11 13:15,2045.86535,2046.76157,2045.69372,2046.23830,100,20.0
2024.01.11 13:30,2047.35845,2047.44416,2047.01981,2047.14647,100,20.0
2024.01.11 13:45,2045.68622,2046.07241,2045.24166,2045.29587,100,20.0
2024.01.11 14:00,2045.51313,2046.17120,2045.12056,2045.75814,100,20.0
2024.01.11 14:15,2046.09616,2046.25547,2045.22769,2046.11565,100,20.0
2024.01.11 14:30,2045.37208,2045.51683,2044.93825,2045.04652,100,20.0
2024.01.11 14:45,2044.98688,2045.44894,2044.78488,2044.84174,100,20.0
2024.01.11 15:00,2044.59926,2045.00318,2044.59685,2044.66777,100,20.0
2024.01.11 15:15,2045.38234,2046.21534,2045.32357,2045.36511,100,20.0
2024.01.11 15:30,2044.64392,2044.70259,2044.06653,2044.07257,100,20.0
2024.01.11 15:45,2044.20239,2044.39066,2043.75174,2043.91838,100,20.0
2024.01.11 16:00,2043.74630,2044.03778,2043.06816,2043.23330,100,20.0
2024.01.11 16:15,2043.91482,2044.55771,2043.31156,2044.43240,100,20.0
2024.01.11 16:30,2044.69696,2044.75317,2044.58562,2044.70010,100,20.0
2024.01.11 16:45,2044.65046,2045.38116,2044.09587,2045.04783,100,20.0
2024.01.11 17:00,2045.70811,2045.77847,2045.63287,2045.71028,100,20.0
2024.01.11 17:15,2046.09118,2046.39208,2045.24350,2045.68165,100,20.0
2024.01.11 17:30,2046.00398,2046.61690,2045.33831,2045.58300,100,20.0
2024.01.11 17:45,2045.70163,2045.89975,2044.27579,2044.36361,100,20.0
2024.01.11 18:00,2043.79151,2044.11281,2043.48002,2043.53206,100,20.0
2024.01.11 18:15,2042.98954,2043.12223,2042.76233,2042.88217,100,20.0
2024.01.11 18:30,2042.02990,2042.39761,2041.31871,2042.21592,100,20.0
2024.01.11 18:45,2042.72861,2043.67888,2041.93981,2042.55517,100,20.0
2024.01.11 19:00,2041.93243,2042.42857,2041.27511,2042.37377,100,20.0
2024.01.11 19:15,2042.64713,2044.50962,2042.38161,2043.69187,100,20.0
2024.01.11 19:30,2043.41404,2043.90662,2042.73630,2043.38839,100,20.0
2024.01.11 19:45,2042.30964,2043.12854,2041.95649,2042.89812,100,20.0
2024.01.11 20:00,2042.95171,2043.22014,2042.31276,2043.00271,100,20.0
2024.01.11 20:15,2043.47401,2044.60700,2043.15158,2044.14074,100,20.0
2024.01.11 20:30,2044.05615,2044.16478,2043.71733,2043.72421,100,20.0
2024.01.11 20:45,2042.44998,2042.92482,2041.90472,2042.32810,100,20.0
2024.01.11 21:00,2042.45776,2042.74107,2041.99312,2042.68553,100,20.0
2024.01.11 21:15,2042.39983,2042.52691,2041.84882,2042.14913,100,20.0
2024.01.11 21:30,2042.84824,2043.46028,2042.69909,2042.93575,100,20.0
2024.01.11 21:45,2043.55263,2043.97897,2043.45499,2043.83930,100,20.0
2024.01.11 22:00,2044.37795,2044.98205,2044.20230,2044.82826,100,20.0
2024.01.11 22:15,2044.67754,2044.95595,2044.49382,2044.86741,100,20.0
2024.01.11 22:30,2044.82936,2045.23882,2044.55528,2044.61212,100,20.0
2024.01.11 22:45,2044.87447,2046.02470,2044.73061,2045.32722,100,20.0
2024.01.11 23:00,2044.69684,2044.85119,2043.62882,2044.01629,100,20.0
2024.01.11 23:15,2042.73637,2043.75288,2042.61933,2043.48231,100,20.0
2024.01.11 23:30,2044.49497,2044.52732,2043.46784,2044.23630,100,20.0
2024.01.11 23:45,2044.18426,2044.55877,2043.80192,2044.47095,100,20.0
2024.01.12 00:00,2043.79752,2043.84125,2043.10457,2043.49847,100,20.0
2024.01.12 00:15,2043.40797,2043.74721,2042.94194,2043.62459,100,20.0
2024.01.12 00:30,2043.52165,2044.00266,2043.33081,2043.83562,100,20.0
2024.01.12 00:45,2043.06712,2043.39278,2042.70082,2043.02815,100,20.0
2024.01.12 01:00,2043.12922,2043.91612,2042.10375,2043.63509,100,20.0
2024.01.12 01:15,2042.92969,2043.30438,2042.85693,2043.19547,100,20.0
2024.01.12 01:30,2043.99007,2044.70413,2043.87568,2044.44359,100,20.0
2024.01.12 01:45,2044.53140,2045.12073,2043.79474,2043.86407,100,20.0
2024.01.12 02:00,2044.05864,2044.98477,2043.72062,2044.75392,100,20.0
2024.01.12 02:15,2045.74193,2046.34976,2045.57951,2045.99704,100,20.0
2024.01.12 02:30,2046.49719,2046.78157,2046.02487,2046.75593,100,20.0
2024.01.12 02:45,2046.25855,2046.90852,2045.89406,2046.79665,100,20.0
2024.01.12 03:00,2046.63756,2047.21372,2046.46261,2046.78999,100,20.0
2024.01.12 03:15,2046.97609,2047.08800,2046.75196,2046.91758,100,20.0
2024.01.12 03:30,2047.87811,2048.91691,2047.85614,2048.46011,100,20.0
2024.01.12 03:45,2048.35218,2048.70194,2047.85340,2048.30187,100,20.0
2024.01.12 04:00,2047.83467,2048.17406,2046.75230,2046.94429,100,20.0
2024.01.12 04:15,2047.19974,2047.79632,2046.99411,2047.06796,100,20.0
2024.01.12 04:30,2046.65923,2047.30857,2045.71161,2046.16285,100,20.0
2024.01.12 04:45,2045.51609,2045.86845,2045.33521,2045.73666,100,20.0
2024.01.12 05:00,2045.22762,2045.24739,2044.72313,2044.93709,100,20.0
2024.01.12 05:15,2043.88826,2044.68357,2043.32989,2043.37723,100,20.0
2024.01.12 05:30,2042.89867,2043.54800,2042.56718,2042.99066,100,20.0
2024.01.12 05:45,2043.60075,2044.38529,2042.82382,2043.16364,100,20.0
2024.01.12 06:00,2043.37739,2043.63321,2042.53736,2042.55648,100,20.0
2024.01.12 06:15,2042.67697,2042.84058,2042.03017,2042.68548,100,20.0
2024.01.12 06:30,2042.02523,2042.87631,2041.73893,2042.40748,100,20.0
2024.01.12 06:45,2041.83515,2042.41871,2041.75900,2042.06383,100,20.0
2024.01.12 07:00,2042.51401,2043.54168,2042.10577,2043.38630,100,20.0
2024.01.12 07:15,2043.57327,2044.11574,2043.33672,2044.03069,100,20.0
2024.01.12 07:30,2044.76128,2044.93657,2044.58133,2044.90249,100,20.0
2024.01.12 07:45,2044.74202,2045.66250,2044.67676,2045.17228,100,20.0
2024.01.12 08:00,2044.77526,2044.89440,2044.25470,2044.62291,100,20.0
2024.01.12 08:15,2046.32983,2046.68010,2045.34611,2045.44132,100,20.0
2024.01.12 08:30,2044.96553,2045.48270,2044.71619,2044.78965,100,20.0
2024.01.12 08:45,2044.71951,2045.24350,2044.35793,2044.83362,100,20.0
2024.01.12 09:00,2044.82922,2044.83944,2043.36615,2043.85510,100,20.0
2024.01.12 09:15,2043.89027,2044.49117,2043.14661,2043.39869,100,20.0
2024.01.12 09:30,2043.39111,2043.80972,2043.04115,2043.60238,100,20.0
2024.01.12 09:45,2043.83330,2044.86057,2043.51680,2043.88318,100,20.0
2024.01.12 10:00,2044.06224,2044.46189,2043.93048,2044.10102,100,20.0
2024.01.12 10:15,2043.74900,2044.37581,2043.55999,2043.98509,100,20.0
2024.01.12 10:30,2044.03664,2045.01281,2043.86542,2044.29722,100,20.0
2024.01.12 10:45,2045.13483,2046.23230,2044.32289,2045.69142,100,20.0
2024.01.12 11:00,2046.57948,2047.25137,2046.29333,2046.37728,100,20.0
2024.01.12 11:15,2045.51673,2045.82630,2044.31767,2045.09560,100,20.0
2024.01.12 11:30,2045.12146,2046.09281,2044.59772,2045.48471,100,20.0
2024.01.12 11:45,2043.81944,2045.14822,2043.52977,2044.63180,100,20.0
2024.01.12 12:00,2045.01560,2045.31868,2044.89918,2045.23854,100,20.0
2024.01.12 12:15,2045.65431,2045.74530,2045.31442,2045.34465,100,20.0
2024.01.12 12:30,2046.15713,2046.41890,2045.32772,2045.68604,100,20.0
2024.01.12 12:45,2046.24896,2046.79305,2045.18274,2045.90745,100,20.0
2024.01.12 13:00,2044.36093,2044.71204,2043.91685,2044.68957,100,20.0
2024.01.12 13:15,2044.92943,2045.13172,2044.26736,2044.64921,100,20.0
2024.01.12 13:30,2045.77131,2046.33821,2045.75576,2046.02205,100,20.0
2024.01.12 13:45,2045.63700,2045.87171,2044.95987,2045.05814,100,20.0
2024.01.12 14:00,2045.19369,2045.44033,2044.72632,2045.11442,100,20.0
2024.01.12 14:15,2045.24718,2045.35258,2044.67668,2044.68619,100,20.0
2024.01.12 14:30,2043.44831,2043.48654,2042.41258,2042.47991,100,20.0
2024.01.12 14:45,2042.14466,2042.32122,2041.26408,2041.71916,100,20.0
2024.01.12 15:00,2041.83742,2041.98108,2041.03282,2041.52233,100,20.0
2024.01.12 15:15,2041.68426,2041.98612,2041.36242,2041.82178,100,20.0
2024.01.12 15:30,2042.83283,2042.99448,2042.00068,2042.15147,100,20.0
2024.01.12 15:45,2042.73950,2042.94633,2041.78763,2042.12136,100,20.0
2024.01.12 16:00,2042.47275,2042.94359,2042.15765,2042.66098,100,20.0
2024.01.12 16:15,2042.27630,2042.49383,2042.09893,2042.47167,100,20.0
2024.01.12 16:30,2042.15729,2042.33272,2041.72009,2041.73677,100,20.0
2024.01.12 16:45,2041.01507,2041.07486,2039.47899,2039.89157,100,20.0
2024.01.12 17:00,2039.35961,2039.94329,2038.59048,2038.78519,100,20.0
2024.01.12 17:15,2039.29462,2039.65823,2038.81284,2038.93262,100,20.0
2024.01.12 17:30,2038.45301,2038.90929,2038.10207,2038.84884,100,20.0
2024.01.12 17:45,2039.30696,2039.67277,2038.69223,2038.85459,100,20.0
2024.01.12 18:00,2039.11003,2039.17847,2038.18366,2038.24834,100,20.0
2024.01.12 18:15,2038.28920,2038.48752,2036.86104,2037.50513,100,20.0
2024.01.12 18:30,2037.69105,2037.93868,2037.07175,2037.33909,100,20.0
2024.01.12 18:45,2037.83555,2038.59703,2037.29554,2038.42990,100,20.0
2024.01.12 19:00,2038.81136,2038.87485,2038.36673,2038.54382,100,20.0
2024.01.12 19:15,2037.60356,2037.93982,2036.86427,2037.21670,100,20.0
2024.01.12 19:30,2037.35223,2038.28846,2037.34754,2038.00586,100,20.0
2024.01.12 19:45,2038.29426,2039.94869,2037.79402,2039.41373,100,20.0
2024.01.12 20:00,2039.43838,2040.22375,2039.26988,2040.01051,100,20.0
2024.01.12 20:15,2039.94462,2040.04154,2039.43152,2039.50713,100,20.0
2024.01.12 20:30,2039.15194,2039.25236,2037.98276,2038.42415,100,20.0
2024.01.12 20:45,2038.84821,2039.03214,2038.46440,2038.68081,100,20.0
2024.01.12 21:00,2038.53763,2039.16769,2037.68815,2039.11750,100,20.0
2024.01.12 21:15,2039.71917,2040.12323,2039.15850,2039.54573,100,20.0
2024.01.12 21:30,2040.00789,2040.19866,2039.85673,2040.02745,100,20.0
2024.01.12 21:45,2040.07940,2040.38508,2039.56622,2039.62850,100,20.0
2024.01.12 22:00,2040.33953,2040.39724,2040.27053,2040.34569,100,20.0
2024.01.12 22:15,2039.64733,2039.85734,2039.29666,2039.32322,100,20.0
2024.01.12 22:30,2038.55776,2038.75768,2038.02267,2038.28569,100,20.0
2024.01.12 22:45,2038.02200,2038.33035,2037.56868,2037.66036,100,20.0
2024.01.12 23:00,2037.19652,2037.62322,2036.57311,2036.58187,100,20.0
2024.01.12 23:15,2037.71908,2037.83655,2037.59291,2037.83098,100,20.0
2024.01.12 23:30,2037.51441,2037.78390,2036.57752,2036.81124,100,20.0
2024.01.12 23:45,2036.75516,2036.92063,2036.40831,2036.58950,100,20.0
2024.01.13 00:00,2036.96384,2037.06309,2036.45055,2037.03298,100,20.0
2024.01.13 00:15,2037.23058,2038.08176,2037.16556,2037.63307,100,20.0
2024.01.13 00:30,2036.98118,2037.47463,2036.20110,2036.62075,100,20.0
2024.01.13 00:45,2037.15792,2037.44693,2036.45724,2036.63373,100,20.0
2024.01.13 01:00,2037.45860,2038.10799,2036.54259,2036.91303,100,20.0
2024.01.13 01:15,2037.76609,2038.70769,2037.59699,2038.48548,100,20.0
2024.01.13 01:30,2038.50983,2038.87849,2038.07160,2038.78176,100,20.0
2024.01.13 01:45,2038.63888,2038.64898,2038.03404,2038.18632,100,20.0
2024.01.13 02:00,2038.50600,2039.31302,2038.32039,2038.89309,100,20.0
2024.01.13 02:15,2038.98360,2039.32565,2038.83122,2039.13714,100,20.0
2024.01.13 02:30,2039.13110,2039.25902,2038.78347,2038.99042,100,20.0
2024.01.13 02:45,2038.74433,2039.31036,2037.77040,2038.21219,100,20.0
2024.01.13 03:00,2037.54485,2037.92595,2037.07970,2037.28368,100,20.0
2024.01.13 03:15,2037.72770,2038.68136,2036.95722,2038.18225,100,20.0
2024.01.13 03:30,2038.33924,2038.69025,2036.37761,2036.77192,100,20.0
2024.01.13 03:45,2036.85506,2036.92970,2036.39767,2036.64399,100,20.0
2024.01.13 04:00,2037.79105,2037.96478,2037.18587,2037.53283,100,20.0
2024.01.13 04:15,2037.83340,2037.97248,2036.62972,2037.36558,100,20.0
2024.01.13 04:30,2036.72031,2037.06537,2036.15807,2036.54681,100,20.0
2024.01.13 04:45,2036.68258,2037.53959,2035.72658,2036.94606,100,20.0
2024.01.13 05:00,2038.15018,2038.29279,2038.09416,2038.24679,100,20.0
2024.01.13 05:15,2037.99825,2038.93115,2037.74056,2038.23928,100,20.0
2024.01.13 05:30,2039.17258,2039.81448,2038.70838,2039.56674,100,20.0
2024.01.13 05:45,2039.27289,2040.18479,2039.26828,2040.03393,100,20.0
2024.01.13 06:00,2039.07138,2039.74906,2038.63205,2039.51537,100,20.0
2024.01.13 06:15,2040.15724,2040.58335,2039.60822,2040.53174,100,20.0
2024.01.13 06:30,2041.70630,2041.92333,2041.15768,2041.44964,100,20.0
2024.01.13 06:45,2041.58368,2041.75485,2041.04223,2041.26704,100,20.0
2024.01.13 07:00,2040.73084,2040.87835,2040.06142,2040.18987,100,20.0
2024.01.13 07:15,2040.52852,2040.90644,2040.42529,2040.77336,100,20.0
2024.01.13 07:30,2041.08080,2041.32401,2040.85062,2041.02519,100,20.0
2024.01.13 07:45,2040.86450,2041.19222,2040.80856,2041.05199,100,20.0
2024.01.13 08:00,2041.38171,2041.82853,2040.92916,2041.52497,100,20.0
2024.01.13 08:15,2042.01727,2042.13276,2041.09809,2041.37896,100,20.0
2024.01.13 08:30,2041.92875,2042.88275,2041.69283,2042.26417,100,20.0
2024.01.13 08:45,2043.17304,2043.38859,2043.03552,2043.24353,100,20.0
2024.01.13 09:00,2043.81594,2043.84663,2042.91235,2043.77542,100,20.0
2024.01.13 09:15,2043.83428,2044.08602,2043.36536,2043.55193,100,20.0
2024.01.13 09:30,2044.15632,2044.67697,2044.13336,2044.57737,100,20.0
2024.01.13 09:45,2045.45436,2045.82582,2044.91882,2045.65634,100,20.0
2024.01.13 10:00,2044.91033,2045.38923,2044.45122,2045.24054,100,20.0
2024.01.13 10:15,2046.61930,2047.37054,2046.25744,2047.03992,100,20.0
2024.01.13 10:30,2046.78221,2047.52363,2046.50092,2047.03719,100,20.0
2024.01.13 10:45,2046.06497,2046.80587,2045.93975,2046.29359,100,20.0
2024.01.13 11:00,2045.25425,2045.38607,2044.79522,2044.88263,100,20.0
2024.01.13 11:15,2044.77367,2045.48200,2043.66917,2043.92560,100,20.0
2024.01.13 11:30,2043.90559,2044.04627,2043.09982,2043.31252,100,20.0
2024.01.13 11:45,2042.99057,2043.91357,2042.30523,2043.68699,100,20.0
2024.01.13 12:00,2043.51559,2043.77924,2043.48079,2043.54540,100,20.0
2024.01.13 12:15,2043.09528,2043.26708,2042.32302,2042.57073,100,20.0
2024.01.13 12:30,2042.53213,2043.33917,2042.25740,2043.06857,100,20.0
2024.01.13 12:45,2043.85174,2044.50882,2043.65409,2043.96842,100,20.0
2024.01.13 13:00,2042.52848,2043.19034,2042.34136,2042.63800,100,20.0
2024.01.13 13:15,2043.06175,2043.52807,2043.04674,2043.25465,100,20.0
2024.01.13 13:30,2044.01917,2044.13755,2042.98547,2043.71765,100,20.0
2024.01.13 13:45,2044.09697,2044.85416,2043.18185,2044.73612,100,20.0
2024.01.13 14:00,2044.97604,2045.05552,2044.66946,2044.92329,100,20.0
2024.01.13 14:15,2044.91345,2045.95201,2044.50913,2045.13144,100,20.0
2024.01.13 14:30,2045.09115,2045.95435,2045.01559,2045.80888,100,20.0
2024.01.13 14:45,2045.07212,2046.08875,2043.62713,2043.75303,100,20.0
2024.01.13 15:00,2043.78182,2043.84504,2043.55025,2043.74960,100,20.0
2024.01.13 15:15,2043.81722,2044.07438,2043.40345,2043.60818,100,20.0
2024.01.13 15:30,2044.45300,2044.69248,2043.50649,2043.65664,100,20.0
2024.01.13 15:45,2042.74445,2043.21788,2042.20417,2042.21464,100,20.0
2024.01.13 16:00,2042.08557,2043.20772,2042.02582,2042.93332,100,20.0
2024.01.13 16:15,2041.69359,2041.92645,2041.24951,2041.45575,100,20.0
2024.01.13 16:30,2041.25178,2042.28373,2041.11516,2041.90291,100,20.0
2024.01.13 16:45,2042.11440,2042.18006,2041.77730,2041.90710,100,20.0
2024.01.13 17:00,2041.86221,2041.92794,2041.23716,2041.25024,100,20.0
2024.01.13 17:15,2040.21478,2040.26462,2039.28954,2039.40615,100,20.0
2024.01.13 17:30,2038.63875,2039.19422,2038.62761,2039.01629,100,20.0
2024.01.13 17:45,2039.61299,2039.77644,2037.97642,2038.42056,100,20.0
2024.01.13 18:00,2039.09187,2039.36850,2038.22267,2038.40226,100,20.0
2024.01.13 18:15,2037.97738,2038.24030,2037.45615,2037.68463,100,20.0
2024.01.13 18:30,2037.71395,2038.03614,2037.20249,2037.23646,100,20.0
2024.01.13 18:45,2038.52201,2038.85576,2038.41736,2038.70981,100,20.0
2024.01.13 19:00,2038.64041,2038.65302,2038.59027,2038.59041,100,20.0
2024.01.13 19:15,2039.60158,2040.21554,2039.40329,2040.17961,100,20.0
2024.01.13 19:30,2038.96045,2039.45067,2038.36852,2038.42939,100,20.0
2024.01.13 19:45,2038.23245,2038.85479,2038.15109,2038.62875,100,20.0
2024.01.13 20:00,2038.47488,2038.84778,2038.20517,2038.63732,100,20.0
2024.01.13 20:15,2039.42052,2040.01288,2038.42964,2038.80767,100,20.0
2024.01.13 20:30,2039.24873,2040.72075,2038.80249,2040.09420,100,20.0
2024.01.13 20:45,2040.55317,2040.89729,2040.29592,2040.69896,100,20.0
2024.01.13 21:00,2040.32527,2041.15587,2040.09619,2040.96222,100,20.0
2024.01.13 21:15,2040.88433,2041.18365,2040.63202,2040.96229,100,20.0
2024.01.13 21:30,2041.41314,2041.56592,2040.62219,2040.85724,100,20.0
2024.01.13 21:45,2040.61231,2041.35853,2040.00452,2041.10780,100,20.0
2024.01.13 22:00,2041.68780,2041.98318,2040.92017,2041.86315,100,20.0
2024.01.13 22:15,2042.84727,2043.88049,2042.69868,2043.64946,100,20.0
2024.01.13 22:30,2043.61136,2044.81906,2043.37138,2044.21524,100,20.0
2024.01.13 22:45,2044.23829,2044.45266,2043.46107,2044.31286,100,20.0
2024.01.13 23:00,2043.98380,2044.40444,2043.82306,2044.33988,100,20.0
2024.01.13 23:15,2043.97680,2044.98616,2043.63919,2044.46679,100,20.0
2024.01.13 23:30,2044.81005,2045.14568,2044.42970,2044.87359,100,20.0
2024.01.13 23:45,2044.81643,2044.83174,2044.10725,2044.41010,100,20.0
2024.01.14 00:00,2044.67715,2044.76174,2044.66251,2044.67982,100,20.0
2024.01.14 00:15,2044.61627,2045.11146,2044.42111,2044.99648,100,20.0
2024.01.14 00:30,2044.98295,2045.74161,2044.94940,2045.72448,100,20.0
2024.01.14 00:45,2046.50012,2047.66022,2046.36571,2046.88010,100,20.0
2024.01.14 01:00,2046.97302,2047.59273,2046.89166,2047.39760,100,20.0
2024.01.14 01:15,2048.20832,2048.20845,2047.57162,2047.89033,100,20.0
2024.01.14 01:30,2048.69530,2049.67168,2048.01849,2049.10299,100,20.0
2024.01.14 01:45,2048.38127,2049.03874,2047.75517,2048.92129,100,20.0
2024.01.14 02:00,2049.51442,2050.14840,2049.32767,2049.66500,100,20.0
2024.01.14 02:15,2049.68744,2050.94207,2049.56060,2050.29690,100,20.0
2024.01.14 02:30,2050.27905,2051.45238,2049.84941,2051.31717,100,20.0
2024.01.14 02:45,2051.23036,2051.49486,2051.11873,2051.29004,100,20.0
2024.01.14 03:00,2052.72845,2052.93022,2052.63024,2052.85459,100,20.0
2024.01.14 03:15,2052.95797,2053.48893,2052.85954,2053.25649,100,20.0
2024.01.14 03:30,2053.82386,2054.09264,2053.03632,2053.13018,100,20.0
2024.01.14 03:45,2053.25204,2053.29439,2052.19379,2052.85120,100,20.0
2024.01.14 04:00,2052.90463,2053.59614,2052.10781,2053.14091,100,20.0
2024.01.14 04:15,2054.22943,2054.92268,2054.06899,2054.44918,100,20.0
2024.01.14 04:30,2054.76438,2055.40713,2054.73492,2055.15331,100,20.0
2024.01.14 04:45,2055.35837,2055.76259,2055.12879,2055.24626,100,20.0
2024.01.14 05:00,2056.13705,2056.77311,2055.74171,2056.57031,100,20.0
2024.01.14 05:15,2056.99476,2057.28276,2056.49278,2057.00842,100,20.0
2024.01.14 05:30,2056.49992,2056.79143,2056.24026,2056.77243,100,20.0
2024.01.14 05:45,2056.61322,2057.09863,2056.55593,2056.95553,100,20.0
2024.01.14 06:00,2057.17433,2057.96177,2056.56640,2057.85722,100,20.0
2024.01.14 06:15,2058.53320,2058.87943,2057.87273,2058.33666,100,20.0
2024.01.14 06:30,2057.22743,2058.26502,2057.20969,2057.76668,100,20.0
2024.01.14 06:45,2058.03337,2058.57642,2057.41815,2058.33329,100,20.0
2024.01.14 07:00,2058.20358,2058.32937,2057.55547,2058.22246,100,20.0
2024.01.14 07:15,2059.03063,2059.04480,2057.80064,2058.29816,100,20.0
2024.01.14 07:30,2058.47078,2058.76731,2057.56741,2058.04113,100,20.0
2024.01.14 07:45,2058.97305,2059.88474,2058.50696,2059.14326,100,20.0
2024.01.14 08:00,2058.57752,2058.88037,2058.36522,2058.83522,100,20.0
2024.01.14 08:15,2059.05325,2059.94168,2059.03930,2059.23039,100,20.0
2024.01.14 08:30,2058.88453,2059.30142,2057.76228,2058.08325,100,20.0
2024.01.14 08:45,2057.70184,2058.09393,2057.35764,2057.49534,100,20.0
2024.01.14 09:00,2058.21347,2059.06885,2057.93882,2058.21655,100,20.0
2024.01.14 09:15,2058.34631,2058.57737,2057.79392,2057.98213,100,20.0
2024.01.14 09:30,2058.45979,2058.54533,2057.21154,2057.40275,100,20.0
2024.01.14 09:45,2058.17027,2058.83341,2056.74461,2057.18935,100,20.0
2024.01.14 10:00,2056.73409,2057.12625,2056.14860,2056.90713,100,20.0
2024.01.14 10:15,2056.86682,2057.29075,2056.08499,2056.89850,100,20.0
2024.01.14 10:30,2056.64558,2057.06978,2056.07451,2057.02112,100,20.0
2024.01.14 10:45,2056.91124,2058.03472,2056.87126,2057.51157,100,20.0
2024.01.14 11:00,2056.53886,2056.94312,2056.29076,2056.43895,100,20.0
2024.01.14 11:15,2056.84934,2057.20770,2056.53055,2056.97991,100,20.0
2024.01.14 11:30,2057.48986,2058.30828,2056.98106,2058.17591,100,20.0
2024.01.14 11:45,2057.93759,2058.44602,2057.05948,2058.34901,100,20.0
2024.01.14 12:00,2059.03915,2059.53040,2058.90385,2059.29431,100,20.0
2024.01.14 12:15,2058.45088,2058.98564,2057.77156,2057.90229,100,20.0
2024.01.14 12:30,2058.46629,2058.59319,2058.46276,2058.57650,100,20.0
2024.01.14 12:45,2058.58160,2059.57422,2058.31453,2059.06487,100,20.0
2024.01.14 13:00,2059.22494,2059.48968,2058.06739,2058.26764,100,20.0
2024.01.14 13:15,2058.47024,2058.58117,2057.78297,2058.07140,100,20.0
2024.01.14 13:30,2058.73845,2058.82290,2058.53401,2058.56844,100,20.0
2024.01.14 13:45,2058.56804,2058.76789,2058.29134,2058.30076,100,20.0
2024.01.14 14:00,2058.28163,2058.81823,2058.19592,2058.76873,100,20.0
2024.01.14 14:15,2058.60095,2058.77689,2058.50320,2058.66473,100,20.0
2024.01.14 14:30,2060.46697,2061.14158,2060.39995,2060.63694,100,20.0
2024.01.14 14:45,2061.32083,2062.29232,2060.97223,2061.60554,100,20.0
2024.01.14 15:00,2062.00945,2062.62911,2061.83515,2062.31032,100,20.0
2024.01.14 15:15,2062.69748,2063.02446,2062.44056,2062.57370,100,20.0
2024.01.14 15:30,2063.32852,2063.46351,2063.11562,2063.14888,100,20.0
2024.01.14 15:45,2063.05684,2063.44883,2062.30975,2062.38506,100,20.0
2024.01.14 16:00,2062.60818,2062.77402,2062.41214,2062.74893,100,20.0
2024.01.14 16:15,2062.57439,2062.98927,2062.27975,2062.92418,100,20.0
2024.01.14 16:30,2063.64578,2063.71306,2062.85792,2063.19921,100,20.0
2024.01.14 16:45,2063.62978,2063.98235,2063.38098,2063.79683,100,20.0
2024.01.14 17:00,2063.18596,2063.76571,2062.81621,2062.92919,100,20.0
2024.01.14 17:15,2062.38989,2062.86837,2062.24015,2062.61719,100,20.0
2024.01.14 17:30,2062.11885,2063.13085,2061.76351,2062.51616,100,20.0
2024.01.14 17:45,2062.23299,2063.19779,2062.21782,2062.99916,100,20.0
2024.01.14 18:00,2063.47218,2063.53708,2062.86314,2063.29556,100,20.0
2024.01.14 18:15,2064.28777,2064.36461,2063.74702,2064.21959,100,20.0
2024.01.14 18:30,2063.88209,2064.01914,2063.44856,2063.75434,100,20.0
2024.01.14 18:45,2063.82785,2064.36823,2063.39569,2064.00247,100,20.0
2024.01.14 19:00,2064.95106,2065.13406,2064.62675,2064.64795,100,20.0
2024.01.14 19:15,2065.73084,2067.43647,2065.42769,2067.09357,100,20.0
2024.01.14 19:30,2066.10256,2066.21997,2066.02714,2066.10064,100,20.0
2024.01.14 19:45,2066.58483,2066.67412,2066.51272,2066.61819,100,20.0
2024.01.14 20:00,2066.95847,2066.97307,2066.54729,2066.68261,100,20.0
2024.01.14 20:15,2066.44684,2066.56369,2066.29199,2066.32218,100,20.0
2024.01.14 20:30,2065.88528,2066.78334,2065.66664,2066.46025,100,20.0
2024.01.14 20:45,2066.62049,2067.88591,2066.55647,2067.13249,100,20.0
2024.01.14 21:00,2067.00393,2068.18985,2066.67020,2067.70907,100,20.0
2024.01.14 21:15,2067.01801,2067.29165,2066.28854,2067.02303,100,20.0
2024.01.14 21:30,2067.28249,2068.01722,2066.56779,2066.61142,100,20.0
2024.01.14 21:45,2067.81494,2067.86191,2067.69572,2067.71727,100,20.0
2024.01.14 22:00,2068.33074,2069.48763,2068.09423,2069.08311,100,20.0
2024.01.14 22:15,2069.69975,2069.85312,2068.36908,2069.02073,100,20.0
2024.01.14 22:30,2068.97366,2069.07737,2068.88974,2069.01102,100,20.0
2024.01.14 22:45,2068.59988,2068.64725,2067.69157,2068.09612,100,20.0
2024.01.14 23:00,2068.11995,2068.37071,2066.95735,2067.31648,100,20.0
2024.01.14 23:15,2067.57479,2068.34951,2067.41265,2068.19153,100,20.0
2024.01.14 23:30,2068.19729,2069.15732,2067.70399,2068.72430,100,20.0
2024.01.14 23:45,2068.02695,2068.05811,2067.76328,2067.85028,100,20.0
2024.01.15 00:00,2067.47555,2067.98404,2066.71155,2067.11036,100,20.0
2024.01.15 00:15,2066.68873,2067.02366,2066.06025,2066.35403,100,20.0
2024.01.15 00:30,2065.25873,2066.07051,2064.97456,2065.70017,100,20.0
2024.01.15 00:45,2066.64630,2066.68395,2066.23769,2066.50815,100,20.0
2024.01.15 01:00,2065.33022,2065.69206,2065.08910,2065.38195,100,20.0
2024.01.15 01:15,2065.65399,2065.76722,2065.25063,2065.66231,100,20.0
2024.01.15 01:30,2065.59244,2065.73973,2065.06063,2065.49777,100,20.0
2024.01.15 01:45,2065.87762,2066.40954,2065.40725,2065.42855,100,20.0
2024.01.15 02:00,2066.05707,2066.07530,2065.55147,2065.74827,100,20.0
2024.01.15 02:15,2065.09101,2065.12094,2064.15557,2064.39891,100,20.0
2024.01.15 02:30,2065.25594,2066.09598,2065.12519,2065.46497,100,20.0
2024.01.15 02:45,2066.28648,2066.33528,2065.97902,2066.03386,100,20.0
2024.01.15 03:00,2065.97739,2066.88748,2065.88964,2066.87245,100,20.0
2024.01.15 03:15,2066.19433,2066.27770,2066.06798,2066.09867,100,20.0
2024.01.15 03:30,2066.22579,2066.79025,2066.01954,2066.63216,100,20.0
2024.01.15 03:45,2067.25065,2067.76649,2066.82394,2067.26503,100,20.0
2024.01.15 04:00,2067.15048,2067.52074,2065.42678,2065.67589,100,20.0
2024.01.15 04:15,2065.54093,2065.69388,2065.31398,2065.50472,100,20.0
2024.01.15 04:30,2065.65151,2066.06690,2064.87361,2065.08658,100,20.0
2024.01.15 04:45,2064.91902,2065.01401,2064.32167,2064.37338,100,20.0
2024.01.15 05:00,2064.82071,2065.13471,2064.35173,2065.03660,100,20.0
2024.01.15 05:15,2065.89231,2066.32197,2065.15465,2065.47698,100,20.0
2024.01.15 05:30,2065.10288,2065.30361,2064.70346,2064.71639,100,20.0
2024.01.15 05:45,2065.24682,2065.79038,2065.23557,2065.56106,100,20.0
2024.01.15 06:00,2065.61325,2065.96181,2064.78042,2064.86180,100,20.0
2024.01.15 06:15,2064.11133,2065.40980,2063.58317,2064.99198,100,20.0
2024.01.15 06:30,2064.81457,2065.06684,2064.21587,2064.46829,100,20.0
2024.01.15 06:45,2064.11368,2065.39444,2064.01623,2065.03192,100,20.0
2024.01.15 07:00,2064.87059,2065.27593,2063.50394,2063.81687,100,20.0
2024.01.15 07:15,2063.98504,2064.69611,2063.63515,2064.16825,100,20.0
2024.01.15 07:30,2064.81552,2064.81947,2064.49214,2064.63313,100,20.0
2024.01.15 07:45,2064.86889,2065.47203,2064.68237,2064.82254,100,20.0
2024.01.15 08:00,2064.24316,2065.01355,2064.19791,2064.74370,100,20.0
2024.01.15 08:15,2064.19564,2065.03273,2063.77246,2064.76955,100,20.0
2024.01.15 08:30,2064.59553,2065.38921,2064.19360,2065.16690,100,20.0
2024.01.15 08:45,2065.28266,2065.52651,2064.27948,2064.62901,100,20.0
2024.01.15 09:00,2063.61232,2063.87846,2063.02595,2063.53575,100,20.0
2024.01.15 09:15,2063.99301,2065.46367,2063.92816,2065.37561,100,20.0
2024.01.15 09:30,2065.39865,2065.47073,2064.61214,2064.75822,100,20.0
2024.01.15 09:45,2063.85943,2064.16243,2063.33286,2063.74978,100,20.0
2024.01.15 10:00,2063.97934,2064.01818,2063.61757,2063.76452,100,20.0
2024.01.15 10:15,2063.87055,2064.43011,2063.34996,2063.59960,100,20.0
2024.01.15 10:30,2063.04423,2063.57137,2062.69930,2063.49218,100,20.0
2024.01.15 10:45,2065.00632,2065.03800,2064.34315,2065.01870,100,20.0
2024.01.15 11:00,2065.76049,2066.03199,2065.18395,2065.24788,100,20.0
2024.01.15 11:15,2063.79379,2064.60072,2063.38826,2063.99565,100,20.0
2024.01.15 11:30,2064.08333,2064.76983,2064.05829,2064.23875,100,20.0
2024.01.15 11:45,2064.68957,2065.63378,2064.60545,2065.20183,100,20.0
2024.01.15 12:00,2065.95773,2066.93542,2065.66290,2066.77283,100,20.0
2024.01.15 12:15,2066.31236,2066.41756,2065.24521,2065.67103,100,20.0
2024.01.15 12:30,2064.23287,2064.80212,2063.84964,2064.79801,100,20.0
2024.01.15 12:45,2064.92867,2065.29326,2064.07527,2064.38044,100,20.0
2024.01.15 13:00,2063.51828,2063.86016,2063.26596,2063.44204,100,20.0
2024.01.15 13:15,2062.51154,2062.53919,2062.32892,2062.52203,100,20.0
2024.01.15 13:30,2062.11806,2062.42127,2062.03614,2062.26778,100,20.0
2024.01.15 13:45,2061.99823,2062.05562,2061.17226,2061.86529,100,20.0
2024.01.15 14:00,2063.13861,2063.93292,2062.99740,2063.77735,100,20.0
2024.01.15 14:15,2063.48901,2063.78713,2062.48900,2062.89838,100,20.0
2024.01.15 14:30,2062.86589,2063.33138,2062.39804,2063.15023,100,20.0
2024.01.15 14:45,2063.05278,2063.83050,2062.80770,2063.18258,100,20.0
2024.01.15 15:00,2063.36823,2063.99324,2063.03127,2063.40735,100,20.0
2024.01.15 15:15,2062.20825,2062.78146,2061.93279,2062.14606,100,20.0
2024.01.15 15:30,2063.16177,2063.90203,2062.67810,2062.91008,100,20.0
2024.01.15 15:45,2063.54006,2063.77164,2062.85571,2063.12108,100,20.0
2024.01.15 16:00,2062.42573,2063.14735,2061.26610,2061.78442,100,20.0
2024.01.15 16:15,2061.23793,2061.56935,2060.56177,2061.50294,100,20.0
2024.01.15 16:30,2061.69204,2062.59749,2061.09768,2061.93738,100,20.0
2024.01.15 16:45,2062.11711,2062.17400,2061.64054,2061.66278,100,20.0
2024.01.15 17:00,2061.00958,2061.91782,2060.50300,2061.47668,100,20.0
2024.01.15 17:15,2061.13919,2061.69170,2060.81646,2061.07898,100,20.0
2024.01.15 17:30,2060.63501,2060.87893,2060.40961,2060.68825,100,20.0
2024.01.15 17:45,2060.65650,2060.88235,2060.59918,2060.64606,100,20.0
2024.01.15 18:00,2061.25497,2061.47352,2060.45240,2061.38931,100,20.0
2024.01.15 18:15,2062.09320,2062.13295,2061.43366,2061.50403,100,20.0
2024.01.15 18:30,2062.23557,2062.29718,2061.97066,2062.15412,100,20.0
2024.01.15 18:45,2062.81522,2062.92284,2061.78991,2062.32650,100,20.0
2024.01.15 19:00,2062.11341,2063.16193,2062.09557,2062.59561,100,20.0
2024.01.15 19:15,2062.55784,2063.53383,2062.00898,2063.11557,100,20.0
2024.01.15 19:30,2063.60076,2063.83573,2063.43450,2063.57585,100,20.0
2024.01.15 19:45,2063.85864,2064.50881,2063.49374,2064.47990,100,20.0
2024.01.15 20:00,2064.59492,2065.34662,2064.49563,2065.00806,100,20.0
2024.01.15 20:15,2064.56117,2065.62795,2064.42669,2064.94788,100,20.0
2024.01.15 20:30,2064.39270,2064.50900,2063.78115,2063.79500,100,20.0
2024.01.15 20:45,2064.24035,2064.47054,2063.76574,2063.86711,100,20.0
2024.01.15 21:00,2064.70408,2065.25625,2063.79230,2064.20945,100,20.0
2024.01.15 21:15,2064.46385,2065.14666,2064.06883,2064.58973,100,20.0
2024.01.15 21:30,2065.17830,2066.29373,2064.80192,2066.03526,100,20.0
2024.01.15 21:45,2066.96814,2068.07021,2066.96099,2068.01961,100,20.0
2024.01.15 22:00,2068.49065,2068.56797,2067.99601,2068.21266,100,20.0
2024.01.15 22:15,2068.28578,2068.96366,2067.71775,2067.87761,100,20.0
2024.01.15 22:30,2067.54279,2067.71010,2067.46277,2067.55848,100,20.0
2024.01.15 22:45,2066.87390,2067.14874,2066.79861,2066.89335,100,20.0
2024.01.15 23:00,2065.99060,2066.38605,2064.21936,2064.86207,100,20.0
2024.01.15 23:15,2065.63657,2066.36825,2065.60349,2066.11095,100,20.0
2024.01.15 23:30,2066.74277,2067.08061,2066.40599,2066.88067,100,20.0
2024.01.15 23:45,2066.02433,2066.33499,2065.14896,2065.40273,100,20.0
2024.01.16 00:00,2065.70513,2066.86388,2065.40127,2066.26214,100,20.0
2024.01.16 00:15,2066.86560,2068.41302,2066.38772,2068.32082,100,20.0
2024.01.16 00:30,2068.41137,2069.77570,2068.39630,2069.51554,100,20.0
2024.01.16 00:45,2070.09960,2070.42377,2069.51174,2069.80503,100,20.0
2024.01.16 01:00,2071.07027,2071.75792,2070.86232,2071.54057,100,20.0
2024.01.16 01:15,2072.19857,2072.29446,2072.02752,2072.18537,100,20.0
2024.01.16 01:30,2071.69665,2071.80171,2071.11087,2071.29519,100,20.0
2024.01.16 01:45,2071.71904,2072.16605,2071.45885,2071.87440,100,20.0
2024.01.16 02:00,2072.47822,2072.52160,2071.26331,2072.03828,100,20.0
2024.01.16 02:15,2072.45702,2072.81764,2072.12739,2072.51119,100,20.0
2024.01.16 02:30,2072.38393,2073.11421,2071.33350,2071.75990,100,20.0
2024.01.16 02:45,2072.11636,2072.13957,2071.49429,2071.94826,100,20.0
2024.01.16 03:00,2071.66054,2071.84161,2071.07253,2071.65526,100,20.0
2024.01.16 03:15,2072.38436,2072.75850,2072.22582,2072.36768,100,20.0
2024.01.16 03:30,2073.23802,2073.75214,2073.15946,2073.50682,100,20.0
2024.01.16 03:45,2073.69242,2074.41339,2073.17734,2074.19411,100,20.0
2024.01.16 04:00,2073.19621,2073.23551,2072.51293,2072.82472,100,20.0
2024.01.16 04:15,2070.87843,2070.98387,2069.70712,2070.08818,100,20.0
2024.01.16 04:30,2069.97085,2070.78156,2069.92948,2070.60683,100,20.0
2024.01.16 04:45,2070.20757,2070.51320,2069.97060,2070.32611,100,20.0
2024.01.16 05:00,2071.34629,2071.79536,2070.98175,2071.56820,100,20.0
2024.01.16 05:15,2072.20273,2072.96991,2071.38656,2072.68438,100,20.0
2024.01.16 05:30,2072.27329,2072.50459,2071.97191,2072.47071,100,20.0
2024.01.16 05:45,2073.05337,2073.07163,2072.35746,2072.87561,100,20.0
2024.01.16 06:00,2073.73784,2074.00279,2072.45980,2073.32770,100,20.0
2024.01.16 06:15,2072.43521,2072.89435,2072.20726,2072.33739,100,20.0
2024.01.16 06:30,2073.51876,2074.20371,2073.51577,2074.00987,100,20.0
2024.01.16 06:45,2074.05015,2074.79727,2072.73284,2073.81252,100,20.0
2024.01.16 07:00,2073.02136,2073.57624,2072.84356,2073.52666,100,20.0
2024.01.16 07:15,2073.35765,2073.39273,2072.88876,2073.16358,100,20.0
2024.01.16 07:30,2073.98963,2074.11522,2073.58323,2074.00182,100,20.0
2024.01.16 07:45,2074.41445,2075.03214,2074.32125,2074.77259,100,20.0
2024.01.16 08:00,2075.53879,2076.15617,2075.39452,2075.69164,100,20.0
2024.01.16 08:15,2074.94665,2075.14860,2073.33340,2073.94174,100,20.0
2024.01.16 08:30,2072.81291,2073.20062,2072.29409,2073.18852,100,20.0
2024.01.16 08:45,2072.55710,2073.41066,2072.12423,2072.76098,100,20.0
2024.01.16 09:00,2072.28984,2072.56467,2072.18095,2072.50002,100,20.0
2024.01.16 09:15,2072.27972,2072.62311,2072.27470,2072.52929,100,20.0
2024.01.16 09:30,2072.86498,2073.22850,2072.13389,2072.44528,100,20.0
2024.01.16 09:45,2073.51577,2074.43018,2073.50102,2073.69843,100,20.0
2024.01.16 10:00,2073.56073,2073.68283,2072.56574,2072.82608,100,20.0
2024.01.16 10:15,2072.71496,2073.18718,2072.41472,2072.51933,100,20.0
2024.01.16 10:30,2072.50463,2072.52161,2071.97579,2072.10578,100,20.0
2024.01.16 10:45,2072.78484,2074.04552,2072.68370,2073.61331,100,20.0
2024.01.16 11:00,2074.00716,2075.33350,2073.86409,2074.73344,100,20.0
2024.01.16 11:15,2076.00094,2076.35562,2075.22215,2075.59075,100,20.0
2024.01.16 11:30,2076.04372,2076.38526,2075.97379,2076.14992,100,20.0
2024.01.16 11:45,2075.55090,2075.93026,2075.52304,2075.56544,100,20.0
2024.01.16 12:00,2075.07926,2075.62425,2074.58459,2075.24044,100,20.0
2024.01.16 12:15,2076.39227,2076.45447,2074.90637,2075.48047,100,20.0
2024.01.16 12:30,2074.82498,2074.85601,2074.34540,2074.77826,100,20.0
2024.01.16 12:45,2074.43660,2074.66578,2073.29300,2073.66415,100,20.0
2024.01.16 13:00,2072.03290,2072.39463,2071.33288,2071.88200,100,20.0
2024.01.16 13:15,2071.42878,2072.65455,2071.10964,2072.36989,100,20.0
2024.01.16 13:30,2072.36411,2073.21040,2072.26475,2072.98444,100,20.0
2024.01.16 13:45,2072.80044,2073.02742,2072.44623,2072.44805,100,20.0
2024.01.16 14:00,2072.13976,2072.88554,2071.92327,2072.79876,100,20.0
2024.01.16 14:15,2072.93133,2073.47574,2072.69866,2072.71606,100,20.0
2024.01.16 14:30,2074.19348,2075.41204,2073.86611,2074.90471,100,20.0
2024.01.16 14:45,2076.04244,2077.39010,2076.00037,2076.90380,100,20.0
2024.01.16 15:00,2077.17862,2077.23456,2077.12709,2077.15371,100,20.0
2024.01.16 15:15,2077.29273,2077.59404,2076.77262,2076.93221,100,20.0
2024.01.16 15:30,2076.40063,2076.73622,2076.17057,2076.20572,100,20.0
2024.01.16 15:45,2076.43984,2077.00644,2076.13711,2076.59824,100,20.0
2024.01.16 16:00,2077.17408,2078.65461,2077.14895,2078.31266,100,20.0
2024.01.16 16:15,2078.88881,2079.15820,2078.77136,2078.91220,100,20.0
2024.01.16 16:30,2078.57765,2078.97445,2078.51680,2078.81756,100,20.0
2024.01.16 16:45,2079.15491,2079.18848,2078.28138,2078.30568,100,20.0
2024.01.16 17:00,2078.32674,2078.37934,2077.61969,2077.73601,100,20.0
2024.01.16 17:15,2078.02155,2079.36760,2077.83255,2079.11076,100,20.0
2024.01.16 17:30,2080.19831,2080.70397,2079.55807,2080.55208,100,20.0
2024.01.16 17:45,2081.28171,2081.71714,2080.99960,2081.40333,100,20.0
2024.01.16 18:00,2082.05774,2082.68408,2081.14993,2082.54716,100,20.0
2024.01.16 18:15,2082.50974,2082.87556,2081.97087,2082.36559,100,20.0
2024.01.16 18:30,2081.73211,2082.35972,2081.66413,2082.28678,100,20.0
2024.01.16 18:45,2081.55009,2081.75433,2080.82127,2080.95176,100,20.0
2024.01.16 19:00,2081.53835,2081.61007,2081.28088,2081.29375,100,20.0
2024.01.16 19:15,2081.57057,2082.30665,2080.45390,2080.89011,100,20.0
2024.01.16 19:30,2081.27899,2081.99944,2081.15132,2081.89100,100,20.0
2024.01.16 19:45,2082.57677,2083.35703,2082.05034,2082.99152,100,20.0
2024.01.16 20:00,2083.52809,2084.25997,2083.28770,2084.10049,100,20.0
2024.01.16 20:15,2084.60360,2084.77603,2083.30833,2083.83642,100,20.0
2024.01.16 20:30,2085.47330,2085.65116,2084.09762,2084.69526,100,20.0
2024.01.16 20:45,2084.78925,2085.68937,2084.40607,2084.68593,100,20.0
2024.01.16 21:00,2085.20918,2085.31572,2084.01506,2084.44752,100,20.0
2024.01.16 21:15,2083.51503,2083.64510,2083.38718,2083.58673,100,20.0
2024.01.16 21:30,2083.03636,2083.10534,2082.89466,2082.92740,100,20.0
2024.01.16 21:45,2082.24749,2082.33516,2081.82141,2082.02524,100,20.0
2024.01.16 22:00,2082.62555,2083.91764,2082.18594,2083.47877,100,20.0
2024.01.16 22:15,2083.89372,2083.99413,2083.33532,2083.54781,100,20.0
2024.01.16 22:30,2082.52784,2082.77338,2082.26836,2082.61996,100,20.0
2024.01.16 22:45,2082.71541,2082.98935,2082.22226,2082.34172,100,20.0
2024.01.16 23:00,2081.73868,2082.37463,2081.54867,2082.22070,100,20.0
2024.01.16 23:15,2082.47198,2082.75125,2082.34735,2082.55448,100,20.0
2024.01.16 23:30,2083.20010,2083.33773,2082.73513,2083.30128,100,20.0
2024.01.16 23:45,2083.20372,2083.38439,2082.78663,2082.78994,100,20.0
2024.01.17 00:00,2081.69709,2081.77624,2081.25318,2081.60124,100,20.0
2024.01.17 00:15,2081.74301,2082.11476,2080.68256,2080.72536,100,20.0
2024.01.17 00:30,2080.78452,2081.42651,2080.48375,2081.06893,100,20.0
2024.01.17 00:45,2080.82945,2081.48946,2079.37946,2080.47266,100,20.0
2024.01.17 01:00,2081.03354,2081.78703,2080.99452,2081.78449,100,20.0
2024.01.17 01:15,2081.86457,2082.17198,2081.79868,2081.94206,100,20.0
2024.01.17 01:30,2082.33455,2082.79519,2082.22098,2082.73967,100,20.0
2024.01.17 01:45,2082.63637,2083.02695,2082.44905,2082.72653,100,20.0
2024.01.17 02:00,2081.96878,2082.89392,2081.55704,2082.52443,100,20.0
2024.01.17 02:15,2082.17748,2082.61887,2082.08609,2082.17677,100,20.0
2024.01.17 02:30,2082.06973,2082.52350,2081.32039,2081.86514,100,20.0
2024.01.17 02:45,2082.44130,2082.49833,2082.24429,2082.46759,100,20.0
2024.01.17 03:00,2082.86606,2083.53726,2082.58131,2083.47417,100,20.0
2024.01.17 03:15,2082.92523,2083.10951,2082.43583,2082.55752,100,20.0
2024.01.17 03:30,2082.67404,2082.69491,2081.39410,2081.57908,100,20.0
2024.01.17 03:45,2080.95722,2081.68928,2080.17173,2081.20827,100,20.0
2024.01.17 04:00,2080.89862,2081.88201,2080.48688,2081.22644,100,20.0
2024.01.17 04:15,2081.42380,2081.73566,2080.93738,2081.08724,100,20.0
2024.01.17 04:30,2080.21597,2080.49997,2079.41540,2079.59140,100,20.0
2024.01.17 04:45,2079.52416,2080.17787,2079.20081,2079.52514,100,20.0
2024.01.17 05:00,2080.20397,2080.45629,2078.51016,2079.30299,100,20.0
2024.01.17 05:15,2078.45324,2078.71547,2077.33482,2077.65931,100,20.0
2024.01.17 05:30,2077.46108,2077.71064,2077.26516,2077.35769,100,20.0
2024.01.17 05:45,2077.60700,2077.98433,2076.82768,2076.98514,100,20.0
2024.01.17 06:00,2076.50854,2076.87861,2075.93782,2076.86023,100,20.0
2024.01.17 06:15,2076.04602,2076.33629,2074.96598,2075.60524,100,20.0
2024.01.17 06:30,2076.43923,2076.45001,2076.17700,2076.36022,100,20.0
2024.01.17 06:45,2076.65955,2076.69572,2076.32816,2076.57310,100,20.0
2024.01.17 07:00,2075.76620,2077.03234,2075.31922,2076.51157,100,20.0
2024.01.17 07:15,2076.53709,2076.75637,2076.04052,2076.38997,100,20.0
2024.01.17 07:30,2076.24819,2077.34236,2076.20114,2076.89640,100,20.0
2024.01.17 07:45,2076.81268,2077.60326,2076.57372,2077.46496,100,20.0
2024.01.17 08:00,2077.15477,2077.36786,2076.70069,2076.93677,100,20.0
2024.01.17 08:15,2077.09837,2077.46073,2077.09485,2077.17581,100,20.0
2024.01.17 08:30,2076.86199,2077.46107,2076.29421,2077.24226,100,20.0
2024.01.17 08:45,2077.08541,2077.52886,2076.74390,2076.74674,100,20.0
2024.01.17 09:00,2076.70139,2077.46012,2076.47395,2077.20879,100,20.0
2024.01.17 09:15,2076.84292,2077.59626,2076.73687,2077.17479,100,20.0
2024.01.17 09:30,2077.57723,2078.14678,2077.19309,2078.04302,100,20.0
2024.01.17 09:45,2076.92973,2077.05315,2076.78633,2076.83632,100,20.0
2024.01.17 10:00,2076.70915,2077.57681,2076.59668,2077.42787,100,20.0
2024.01.17 10:15,2078.48712,2079.00173,2078.41350,2078.86334,100,20.0
2024.01.17 10:30,2078.48842,2078.49117,2077.80565,2078.11690,100,20.0
2024.01.17 10:45,2077.57217,2077.87659,2077.16780,2077.84771,100,20.0
2024.01.17 11:00,2077.03348,2077.84683,2076.73488,2077.27962,100,20.0
2024.01.17 11:15,2077.71726,2078.94490,2077.68780,2078.08272,100,20.0
2024.01.17 11:30,2078.78334,2079.56149,2078.75161,2079.10360,100,20.0
2024.01.17 11:45,2079.23255,2079.67102,2078.75939,2079.61318,100,20.0
2024.01.17 12:00,2078.05857,2078.08177,2077.16047,2077.69450,100,20.0
2024.01.17 12:15,2077.44446,2077.83476,2075.91808,2076.18265,100,20.0
2024.01.17 12:30,2077.27929,2077.38606,2076.56239,2077.13139,100,20.0
2024.01.17 12:45,2077.77588,2077.99658,2077.69334,2077.73452,100,20.0
2024.01.17 13:00,2077.80863,2078.67778,2077.63702,2078.39480,100,20.0
2024.01.17 13:15,2077.93469,2078.23053,2077.84567,2078.05732,100,20.0
2024.01.17 13:30,2078.75608,2078.80344,2078.36259,2078.52724,100,20.0
2024.01.17 13:45,2077.81367,2078.07217,2077.76005,2077.84311,100,20.0
2024.01.17 14:00,2077.35565,2077.70673,2076.28722,2076.63431,100,20.0
2024.01.17 14:15,2077.09955,2077.50055,2076.70599,2077.12051,100,20.0
2024.01.17 14:30,2077.10366,2077.52730,2076.53188,2076.82650,100,20.0
2024.01.17 14:45,2076.98936,2077.27280,2076.45144,2077.11231,100,20.0
2024.01.17 15:00,2077.61260,2077.74763,2076.22123,2076.54895,100,20.0
2024.01.17 15:15,2076.39585,2076.40726,2076.17702,2076.35695,100,20.0
2024.01.17 15:30,2076.44298,2076.92347,2076.09842,2076.73660,100,20.0
2024.01.17 15:45,2076.95038,2077.20862,2076.25501,2076.72343,100,20.0
2024.01.17 16:00,2077.52052,2077.60088,2076.49921,2076.58123,100,20.0
2024.01.17 16:15,2076.13124,2077.08543,2075.97091,2075.98015,100,20.0
2024.01.17 16:30,2075.71250,2076.44965,2075.67285,2076.03499,100,20.0
2024.01.17 16:45,2076.23841,2077.01446,2076.00252,2076.85150,100,20.0
2024.01.17 17:00,2076.11137,2076.33086,2075.19736,2075.55590,100,20.0
2024.01.17 17:15,2076.15545,2076.63034,2075.54411,2075.71991,100,20.0
2024.01.17 17:30,2075.63551,2075.90531,2074.88065,2075.22773,100,20.0
2024.01.17 17:45,2075.62776,2076.17088,2075.58458,2076.00855,100,20.0
2024.01.17 18:00,2075.87186,2076.65270,2075.68378,2076.38822,100,20.0
2024.01.17 18:15,2075.39035,2076.04111,2075.02644,2075.68364,100,20.0
2024.01.17 18:30,2077.06211,2077.37129,2076.96719,2077.08090,100,20.0
2024.01.17 18:45,2076.42612,2076.73867,2075.96731,2076.49319,100,20.0
2024.01.17 19:00,2076.38907,2076.57592,2076.01588,2076.15712,100,20.0
2024.01.17 19:15,2076.35846,2076.51507,2075.67081,2075.95899,100,20.0
2024.01.17 19:30,2074.98587,2075.78661,2074.60224,2075.47109,100,20.0
2024.01.17 19:45,2074.96166,2075.35238,2074.71615,2074.94431,100,20.0
2024.01.17 20:00,2074.69664,2075.12191,2074.62406,2074.95852,100,20.0
2024.01.17 20:15,2073.97223,2075.10355,2073.58677,2073.93005,100,20.0
2024.01.17 20:30,2073.03697,2073.15956,2072.55378,2072.97464,100,20.0
2024.01.17 20:45,2072.84414,2073.73075,2072.48808,2072.92746,100,20.0
2024.01.17 21:00,2071.44463,2071.85433,2071.19357,2071.21790,100,20.0
2024.01.17 21:15,2071.02391,2071.48893,2070.71493,2070.99853,100,20.0
2024.01.17 21:30,2072.03115,2072.21805,2070.46020,2071.11499,100,20.0
2024.01.17 21:45,2071.40031,2071.76810,2070.69598,2070.89922,100,20.0
2024.01.17 22:00,2070.67608,2071.26553,2070.11797,2070.26503,100,20.0
2024.01.17 22:15,2071.39985,2071.98491,2071.08236,2071.78256,100,20.0
2024.01.17 22:30,2072.34704,2072.55207,2071.59463,2072.01317,100,20.0
2024.01.17 22:45,2071.70835,2072.03367,2071.69680,2071.91821,100,20.0
2024.01.17 23:00,2071.21269,2072.21076,2071.18908,2072.16903,100,20.0
2024.01.17 23:15,2071.88069,2071.95460,2071.41767,2071.91879,100,20.0
2024.01.17 23:30,2072.15689,2072.87805,2071.57251,2072.60170,100,20.0
2024.01.17 23:45,2072.90089,2072.90927,2072.18133,2072.33550,100,20.0
2024.01.18 00:00,2072.40800,2073.29977,2071.69241,2071.90737,100,20.0
2024.01.18 00:15,2070.99551,2071.81681,2070.98994,2071.45725,100,20.0
2024.01.18 00:30,2071.87071,2072.29863,2070.63327,2071.11095,100,20.0
2024.01.18 00:45,2070.88820,2070.95608,2070.00365,2070.64783,100,20.0
2024.01.18 01:00,2070.77504,2071.18577,2069.68735,2069.87750,100,20.0
2024.01.18 01:15,2069.51412,2069.60126,2068.97391,2069.07643,100,20.0
2024.01.18 01:30,2068.89039,2069.04221,2068.22381,2069.03615,100,20.0
2024.01.18 01:45,2069.11321,2070.30307,2069.00273,2070.07556,100,20.0
2024.01.18 02:00,2070.78205,2071.16332,2070.69205,2070.93929,100,20.0
2024.01.18 02:15,2069.78853,2071.59996,2069.45121,2070.80937,100,20.0
2024.01.18 02:30,2070.32393,2070.56128,2068.94869,2069.44395,100,20.0
2024.01.18 02:45,2069.41739,2069.83897,2068.90121,2069.34573,100,20.0
2024.01.18 03:00,2070.11112,2070.20357,2070.01846,2070.02906,100,20.0
2024.01.18 03:15,2071.44768,2072.50568,2071.20942,2072.22711,100,20.0
2024.01.18 03:30,2073.70273,2073.80863,2073.36363,2073.78404,100,20.0
2024.01.18 03:45,2073.59194,2073.85603,2072.64898,2072.88905,100,20.0
2024.01.18 04:00,2073.58805,2073.78135,2073.55979,2073.61370,100,20.0
2024.01.18 04:15,2073.35755,2073.79620,2072.94773,2073.05200,100,20.0
2024.01.18 04:30,2072.71581,2072.90054,2072.36905,2072.47510,100,20.0
2024.01.18 04:45,2072.96254,2073.54035,2072.94488,2073.35619,100,20.0
2024.01.18 05:00,2073.72418,2074.62521,2072.83588,2073.34355,100,20.0
2024.01.18 05:15,2072.15728,2072.51478,2072.12640,2072.36180,100,20.0
2024.01.18 05:30,2071.97503,2073.26581,2071.77437,2072.95229,100,20.0
2024.01.18 05:45,2073.18474,2073.35299,2072.73553,2072.80382,100,20.0
2024.01.18 06:00,2072.25367,2072.89113,2071.56287,2071.56973,100,20.0
2024.01.18 06:15,2071.94614,2073.59362,2071.17008,2073.13145,100,20.0
2024.01.18 06:30,2073.38116,2073.73936,2073.35366,2073.60213,100,20.0
2024.01.18 06:45,2074.01196,2074.02550,2073.85001,2073.87578,100,20.0
2024.01.18 07:00,2074.33073,2075.02020,2073.64955,2074.86915,100,20.0
2024.01.18 07:15,2075.27373,2076.42561,2075.04167,2075.61323,100,20.0
2024.01.18 07:30,2076.22823,2076.73123,2076.06794,2076.31741,100,20.0
2024.01.18 07:45,2076.84789,2077.13546,2076.05367,2076.35305,100,20.0
2024.01.18 08:00,2076.67739,2077.27962,2076.25962,2077.07350,100,20.0
2024.01.18 08:15,2076.93936,2077.03398,2076.38604,2076.52825,100,20.0
2024.01.18 08:30,2076.35197,2076.37618,2075.70834,2076.04123,100,20.0
2024.01.18 08:45,2077.29696,2077.76248,2076.89303,2077.13922,100,20.0
2024.01.18 09:00,2076.58922,2076.70025,2076.00366,2076.13695,100,20.0
2024.01.18 09:15,2076.01994,2076.21672,2076.01134,2076.17706,100,20.0
2024.01.18 09:30,2075.75259,2076.11464,2075.21097,2075.88426,100,20.0
2024.01.18 09:45,2076.11285,2078.02152,2075.83239,2077.54075,100,20.0
2024.01.18 10:00,2078.05022,2078.22529,2077.84961,2078.05112,100,20.0
2024.01.18 10:15,2077.99704,2078.67170,2077.41388,2077.97370,100,20.0
2024.01.18 10:30,2078.87713,2079.50587,2078.17647,2078.40594,100,20.0
2024.01.18 10:45,2078.39120,2078.50205,2077.22725,2077.55789,100,20.0
2024.01.18 11:00,2077.61164,2078.01767,2075.66788,2076.55142,100,20.0
2024.01.18 11:15,2077.08898,2078.46452,2076.63757,2077.85862,100,20.0
2024.01.18 11:30,2078.26399,2078.86957,2078.25334,2078.76414,100,20.0
2024.01.18 11:45,2079.89096,2080.52566,2079.56315,2079.95254,100,20.0
2024.01.18 12:00,2079.58453,2081.02759,2079.52106,2081.01821,100,20.0
2024.01.18 12:15,2080.98870,2081.12443,2079.89043,2080.27187,100,20.0
2024.01.18 12:30,2080.63036,2080.90065,2079.77524,2080.42284,100,20.0
2024.01.18 12:45,2080.11287,2080.42625,2079.93325,2080.07769,100,20.0
2024.01.18 13:00,2079.13118,2080.12389,2078.66941,2080.10240,100,20.0
2024.01.18 13:15,2080.44080,2081.41083,2079.65075,2081.24023,100,20.0
2024.01.18 13:30,2081.30390,2081.51570,2081.29385,2081.43115,100,20.0
2024.01.18 13:45,2081.21040,2082.27282,2080.55249,2082.00737,100,20.0
2024.01.18 14:00,2083.04385,2083.70387,2082.76281,2083.10060,100,20.0
2024.01.18 14:15,2083.59268,2084.70376,2082.96993,2084.66550,100,20.0
2024.01.18 14:30,2084.83910,2084.95114,2084.31858,2084.66549,100,20.0
2024.01.18 14:45,2085.42554,2085.91684,2085.18026,2085.47327,100,20.0
2024.01.18 15:00,2084.98265,2085.36351,2084.17915,2084.37700,100,20.0
2024.01.18 15:15,2083.41631,2084.12273,2083.14983,2083.73995,100,20.0
2024.01.18 15:30,2084.19659,2084.65042,2083.60750,2083.92591,100,20.0
2024.01.18 15:45,2083.15308,2083.93548,2083.07436,2083.70002,100,20.0
2024.01.18 16:00,2083.86177,2084.41841,2083.44964,2084.23529,100,20.0
2024.01.18 16:15,2084.53676,2085.10592,2083.97558,2084.82944,100,20.0
2024.01.18 16:30,2084.70908,2084.73728,2083.91362,2084.19150,100,20.0
2024.01.18 16:45,2084.41210,2084.52651,2083.70625,2083.87626,100,20.0
2024.01.18 17:00,2084.33887,2084.44152,2084.21034,2084.39207,100,20.0
2024.01.18 17:15,2084.46714,2084.60189,2084.40458,2084.44235,100,20.0
2024.01.18 17:30,2084.53101,2084.53210,2083.38870,2084.19515,100,20.0
2024.01.18 17:45,2084.61927,2085.14756,2083.95625,2084.40764,100,20.0
2024.01.18 18:00,2085.66110,2086.50993,2085.23592,2086.23701,100,20.0
2024.01.18 18:15,2084.65918,2084.80842,2083.56691,2084.13903,100,20.0
2024.01.18 18:30,2084.58891,2085.22433,2084.54525,2084.74263,100,20.0
2024.01.18 18:45,2084.36304,2084.36925,2083.85739,2084.33854,100,20.0
2024.01.18 19:00,2085.06573,2085.97254,2084.96444,2085.30205,100,20.0
2024.01.18 19:15,2085.38312,2087.81834,2085.19796,2087.46368,100,20.0
2024.01.18 19:30,2086.81517,2087.03997,2086.56121,2086.62832,100,20.0
2024.01.18 19:45,2087.63393,2088.43289,2087.42046,2088.17499,100,20.0
2024.01.18 20:00,2088.25355,2089.62205,2088.13085,2088.87996,100,20.0
2024.01.18 20:15,2088.97115,2089.12030,2088.61281,2088.84541,100,20.0
2024.01.18 20:30,2089.54943,2090.04568,2089.37908,2089.80242,100,20.0
2024.01.18 20:45,2089.76421,2091.19754,2089.68123,2090.31988,100,20.0
2024.01.18 21:00,2089.83451,2090.40742,2089.72642,2090.21487,100,20.0
2024.01.18 21:15,2090.79745,2091.77658,2090.64527,2091.18496,100,20.0
2024.01.18 21:30,2089.55692,2089.58628,2089.00946,2089.57607,100,20.0
2024.01.18 21:45,2089.25170,2089.71987,2088.39945,2088.60608,100,20.0
2024.01.18 22:00,2088.63259,2089.16135,2088.52152,2088.72165,100,20.0
2024.01.18 22:15,2088.79393,2089.40636,2088.66884,2089.19229,100,20.0
2024.01.18 22:30,2089.59683,2089.70100,2088.06088,2088.51853,100,20.0
2024.01.18 22:45,2088.43010,2089.09727,2088.39088,2088.92520,100,20.0
2024.01.18 23:00,2089.29387,2089.32387,2088.29826,2088.36571,100,20.0
2024.01.18 23:15,2087.65889,2087.81741,2087.55474,2087.59012,100,20.0
2024.01.18 23:30,2087.23181,2087.45923,2085.92878,2086.50746,100,20.0
2024.01.18 23:45,2086.30327,2086.33108,2085.16504,2085.54591,100,20.0
2024.01.19 00:00,2085.60484,2085.94877,2084.96307,2085.41450,100,20.0
2024.01.19 00:15,2084.98562,2085.03510,2084.09649,2084.69387,100,20.0
2024.01.19 00:30,2084.80224,2084.95427,2083.92566,2084.56462,100,20.0
2024.01.19 00:45,2083.85332,2084.54001,2083.63553,2084.15694,100,20.0
2024.01.19 01:00,2084.93420,2085.44963,2083.95488,2085.15813,100,20.0
2024.01.19 01:15,2084.36331,2084.66010,2084.27444,2084.32313,100,20.0
2024.01.19 01:30,2084.17177,2084.30848,2082.65631,2083.49108,100,20.0
2024.01.19 01:45,2083.37184,2084.21487,2083.32490,2083.66783,100,20.0
2024.01.19 02:00,2083.94388,2084.09049,2083.43577,2083.48566,100,20.0
2024.01.19 02:15,2082.69357,2083.22436,2082.39558,2082.41781,100,20.0
2024.01.19 02:30,2082.97838,2083.21261,2081.97044,2082.31375,100,20.0
2024.01.19 02:45,2082.06020,2082.12277,2081.62916,2081.82939,100,20.0
2024.01.19 03:00,2081.41332,2082.18134,2081.10874,2082.09479,100,20.0
2024.01.19 03:15,2081.56806,2082.50985,2081.52613,2082.15765,100,20.0
2024.01.19 03:30,2082.96131,2083.67198,2082.85803,2083.57058,100,20.0
2024.01.19 03:45,2083.87881,2084.00813,2083.33073,2083.64899,100,20.0
2024.01.19 04:00,2083.29751,2083.45462,2082.51659,2082.55452,100,20.0
2024.01.19 04:15,2081.71866,2082.07910,2081.28325,2081.88934,100,20.0
2024.01.19 04:30,2082.87517,2083.04525,2082.29173,2082.59551,100,20.0
2024.01.19 04:45,2082.65568,2083.92994,2082.44451,2083.53827,100,20.0
2024.01.19 05:00,2083.25533,2083.94542,2083.18458,2083.35001,100,20.0
2024.01.19 05:15,2082.68033,2082.83203,2082.22887,2082.81557,100,20.0
2024.01.19 05:30,2083.42609,2083.43516,2082.82909,2083.33867,100,20.0
2024.01.19 05:45,2083.37051,2083.60783,2083.27884,2083.43040,100,20.0
2024.01.19 06:00,2082.85274,2083.48969,2082.52269,2083.47864,100,20.0
2024.01.19 06:15,2084.54457,2084.82898,2084.37447,2084.74828,100,20.0
2024.01.19 06:30,2084.36841,2085.39654,2084.22787,2085.26388,100,20.0
2024.01.19 06:45,2085.95810,2086.14528,2085.64339,2086.03349,100,20.0
2024.01.19 07:00,2085.60640,2086.14747,2085.50426,2086.06981,100,20.0
2024.01.19 07:15,2087.11814,2087.48961,2086.61984,2087.28548,100,20.0
2024.01.19 07:30,2087.23001,2087.57527,2087.11279,2087.54409,100,20.0
2024.01.19 07:45,2088.55374,2089.45643,2088.23227,2088.83866,100,20.0
2024.01.19 08:00,2089.38707,2090.30094,2088.47639,2088.68732,100,20.0
2024.01.19 08:15,2088.63932,2088.65160,2088.23521,2088.63870,100,20.0
2024.01.19 08:30,2088.60460,2089.36512,2088.05005,2088.68752,100,20.0
2024.01.19 08:45,2088.93916,2090.39720,2088.45763,2090.22671,100,20.0
2024.01.19 09:00,2090.59151,2091.13303,2090.53615,2091.13086,100,20.0
2024.01.19 09:15,2090.48460,2090.75564,2090.18306,2090.54077,100,20.0
2024.01.19 09:30,2090.41772,2090.64902,2090.13385,2090.16274,100,20.0
2024.01.19 09:45,2089.45150,2090.07898,2088.96739,2089.65223,100,20.0
2024.01.19 10:00,2089.99279,2090.36734,2089.43828,2090.17972,100,20.0
2024.01.19 10:15,2090.33620,2091.04450,2088.97295,2089.18405,100,20.0
2024.01.19 10:30,2089.42231,2090.76004,2089.19722,2090.56322,100,20.0
2024.01.19 10:45,2090.79640,2091.40823,2089.74860,2089.82932,100,20.0
2024.01.19 11:00,2090.19787,2090.85639,2089.84939,2090.80346,100,20.0
2024.01.19 11:15,2090.87091,2090.96866,2089.30885,2089.55466,100,20.0
2024.01.19 11:30,2089.12701,2089.49965,2088.92262,2089.38861,100,20.0
2024.01.19 11:45,2089.59426,2090.44649,2089.07162,2089.98499,100,20.0
2024.01.19 12:00,2090.07619,2090.27058,2089.90791,2090.07798,100,20.0
2024.01.19 12:15,2089.73204,2089.77090,2088.80773,2089.16053,100,20.0
2024.01.19 12:30,2089.84000,2090.32518,2089.59640,2089.70753,100,20.0
2024.01.19 12:45,2088.87915,2089.47322,2088.70964,2089.34578,100,20.0
2024.01.19 13:00,2090.26511,2091.18275,2089.60004,2091.17918,100,20.0
2024.01.19 13:15,2090.96282,2091.05449,2090.76387,2090.96089,100,20.0
2024.01.19 13:30,2092.21774,2092.58006,2092.04329,2092.16685,100,20.0
2024.01.19 13:45,2092.66405,2092.77646,2092.32378,2092.70001,100,20.0
2024.01.19 14:00,2092.03678,2092.17621,2091.46918,2091.66033,100,20.0
2024.01.19 14:15,2090.61687,2091.35526,2090.41753,2091.11813,100,20.0
2024.01.19 14:30,2090.55000,2090.65644,2088.78504,2089.75111,100,20.0
2024.01.19 14:45,2090.44548,2091.27615,2090.31329,2091.13139,100,20.0
2024.01.19 15:00,2090.96219,2091.62169,2090.30511,2090.80800,100,20.0
2024.01.19 15:15,2091.11103,2091.54502,2090.14248,2090.43750,100,20.0
2024.01.19 15:30,2090.21692,2090.60851,2089.70669,2090.06652,100,20.0
2024.01.19 15:45,2089.02265,2089.64450,2088.97550,2089.53221,100,20.0
2024.01.19 16:00,2089.81443,2090.84815,2089.75868,2090.47690,100,20.0
2024.01.19 16:15,2089.66809,2090.05633,2089.52397,2089.56663,100,20.0
2024.01.19 16:30,2089.74686,2089.84929,2088.51277,2088.97858,100,20.0
2024.01.19 16:45,2089.33784,2089.59399,2089.17035,2089.29490,100,20.0
2024.01.19 17:00,2090.05176,2090.56946,2089.70786,2089.90948,100,20.0
2024.01.19 17:15,2089.67277,2090.55662,2089.49699,2089.77142,100,20.0
2024.01.19 17:30,2090.02982,2090.94838,2090.02285,2090.69514,100,20.0
2024.01.19 17:45,2091.56035,2091.62070,2091.33140,2091.52127,100,20.0
2024.01.19 18:00,2090.60431,2092.10178,2090.34196,2091.75703,100,20.0
2024.01.19 18:15,2091.94431,2092.28248,2091.63468,2092.03332,100,20.0
2024.01.19 18:30,2092.95398,2094.23712,2092.85632,2093.84635,100,20.0
2024.01.19 18:45,2093.93579,2094.08409,2093.64303,2093.86803,100,20.0
2024.01.19 19:00,2094.11775,2094.66971,2093.69313,2094.39036,100,20.0
2024.01.19 19:15,2094.70337,2094.76667,2094.13062,2094.76203,100,20.0
2024.01.19 19:30,2094.95515,2095.38928,2094.18640,2095.16243,100,20.0
2024.01.19 19:45,2095.71594,2095.82381,2094.11827,2094.77284,100,20.0
2024.01.19 20:00,2093.44816,2093.63938,2092.68191,2093.19779,100,20.0
2024.01.19 20:15,2092.97774,2093.83590,2092.71574,2093.64299,100,20.0
2024.01.19 20:30,2093.62479,2093.70312,2093.43209,2093.54705,100,20.0
2024.01.19 20:45,2093.53045,2094.18511,2092.83134,2093.96146,100,20.0
2024.01.19 21:00,2094.24574,2094.56376,2094.18095,2094.47405,100,20.0
2024.01.19 21:15,2095.35581,2095.49018,2093.77057,2094.48034,100,20.0
2024.01.19 21:30,2095.46510,2096.09049,2095.22280,2096.05309,100,20.0
2024.01.19 21:45,2095.58863,2096.09216,2094.47469,2094.66550,100,20.0
2024.01.19 22:00,2094.61202,2095.53534,2094.44520,2095.12713,100,20.0
2024.01.19 22:15,2095.39668,2096.07134,2095.01300,2095.18207,100,20.0
2024.01.19 22:30,2095.46925,2095.99993,2094.92510,2095.10861,100,20.0
2024.01.19 22:45,2094.99429,2095.51699,2094.47920,2095.41566,100,20.0
2024.01.19 23:00,2095.84647,2096.20942,2095.32677,2095.59060,100,20.0
2024.01.19 23:15,2095.96082,2096.37834,2095.77920,2096.09078,100,20.0
2024.01.19 23:30,2095.76017,2096.00186,2095.45952,2095.93535,100,20.0
2024.01.19 23:45,2095.95641,2096.06915,2095.31256,2095.40587,100,20.0
2024.01.20 00:00,2095.92404,2096.17778,2095.83998,2096.04844,100,20.0
2024.01.20 00:15,2096.59206,2097.13315,2096.50799,2097.09790,100,20.0
2024.01.20 00:30,2097.51857,2098.21526,2096.75619,2097.74646,100,20.0
2024.01.20 00:45,2097.62904,2098.31198,2097.45724,2098.10207,100,20.0
2024.01.20 01:00,2097.95844,2098.77622,2097.84619,2098.67814,100,20.0
2024.01.20 01:15,2097.92189,2097.92452,2096.59568,2096.79843,100,20.0
2024.01.20 01:30,2096.60633,2097.67845,2096.57209,2097.32465,100,20.0
2024.01.20 01:45,2097.71532,2098.22051,2097.34800,2097.58003,100,20.0
2024.01.20 02:00,2097.70135,2097.96980,2097.58493,2097.84366,100,20.0
2024.01.20 02:15,2098.40606,2099.47120,2098.36500,2098.97274,100,20.0
2024.01.20 02:30,2100.21160,2100.53941,2100.05935,2100.10330,100,20.0
2024.01.20 02:45,2099.99197,2100.69481,2099.79849,2100.54732,100,20.0
2024.01.20 03:00,2101.28836,2101.72194,2100.32362,2101.03343,100,20.0
2024.01.20 03:15,2100.74405,2101.08904,2099.88228,2100.08459,100,20.0
2024.01.20 03:30,2099.33602,2099.82418,2098.76855,2099.19552,100,20.0
2024.01.20 03:45,2099.37473,2099.52495,2099.22997,2099.45903,100,20.0
2024.01.20 04:00,2098.91399,2099.74131,2098.84723,2099.72592,100,20.0
2024.01.20 04:15,2100.05855,2100.70342,2098.55480,2099.23059,100,20.0
2024.01.20 04:30,2099.38614,2099.54682,2097.30959,2097.84252,100,20.0
2024.01.20 04:45,2098.38743,2099.52646,2098.17367,2099.09985,100,20.0
2024.01.20 05:00,2100.41303,2100.61702,2100.30118,2100.53831,100,20.0
2024.01.20 05:15,2100.47404,2100.98465,2100.05692,2100.24816,100,20.0
2024.01.20 05:30,2099.63312,2100.28288,2099.24188,2099.65291,100,20.0
2024.01.20 05:45,2099.83070,2100.70849,2099.58405,2100.65314,100,20.0
2024.01.20 06:00,2101.01480,2101.69580,2100.54589,2100.84665,100,20.0
2024.01.20 06:15,2099.83632,2100.39798,2099.30057,2099.48226,100,20.0
2024.01.20 06:30,2099.77949,2099.83831,2098.37729,2098.73795,100,20.0
2024.01.20 06:45,2098.20196,2098.34556,2097.30570,2097.63032,100,20.0
2024.01.20 07:00,2097.53645,2098.11056,2097.14541,2097.52305,100,20.0
2024.01.20 07:15,2097.98900,2098.79674,2097.75102,2098.21413,100,20.0
2024.01.20 07:30,2097.53995,2097.82079,2097.34382,2097.40357,100,20.0
2024.01.20 07:45,2096.76930,2097.22084,2096.72253,2097.21305,100,20.0
2024.01.20 08:00,2096.25754,2096.93116,2096.13613,2096.61286,100,20.0
2024.01.20 08:15,2096.21795,2096.47128,2095.49153,2095.92056,100,20.0
2024.01.20 08:30,2095.92168,2096.44332,2095.83144,2096.07287,100,20.0
2024.01.20 08:45,2095.54959,2095.79794,2094.80662,2095.61266,100,20.0
2024.01.20 09:00,2095.12690,2096.22763,2094.58637,2095.92236,100,20.0
2024.01.20 09:15,2095.56037,2095.89832,2095.51442,2095.60987,100,20.0
2024.01.20 09:30,2095.58417,2095.60304,2095.36579,2095.53657,100,20.0
2024.01.20 09:45,2095.81983,2096.10745,2095.19669,2095.68042,100,20.0
2024.01.20 10:00,2095.92192,2096.42841,2095.15150,2095.19394,100,20.0
2024.01.20 10:15,2095.82060,2096.03646,2095.34640,2095.83580,100,20.0
2024.01.20 10:30,2095.99486,2096.07066,2095.51029,2095.73009,100,20.0
2024.01.20 10:45,2093.94244,2094.22312,2092.96093,2093.18032,100,20.0
2024.01.20 11:00,2092.66074,2092.97942,2092.03503,2092.39325,100,20.0
2024.01.20 11:15,2092.36301,2093.96391,2092.29569,2093.28332,100,20.0
2024.01.20 11:30,2094.20361,2094.40645,2093.59920,2093.63050,100,20.0
2024.01.20 11:45,2093.47215,2093.62859,2092.32095,2092.68200,100,20.0
2024.01.20 12:00,2092.88833,2093.75397,2092.62448,2093.20233,100,20.0
2024.01.20 12:15,2094.08552,2094.29739,2093.95617,2094.14905,100,20.0
2024.01.20 12:30,2095.01401,2096.07854,2094.84657,2095.48366,100,20.0
2024.01.20 12:45,2095.65173,2095.70921,2094.55092,2095.25392,100,20.0
2024.01.20 13:00,2096.21759,2096.61669,2095.64542,2096.36346,100,20.0
2024.01.20 13:15,2096.16064,2096.44042,2095.30105,2095.54907,100,20.0
2024.01.20 13:30,2095.33502,2095.53083,2094.58130,2094.94316,100,20.0
2024.01.20 13:45,2094.87044,2095.15848,2093.96392,2094.46849,100,20.0
2024.01.20 14:00,2095.01105,2095.06147,2093.90299,2093.92524,100,20.0
2024.01.20 14:15,2094.16384,2094.85551,2094.09298,2094.72176,100,20.0
2024.01.20 14:30,2095.11287,2095.34320,2094.01629,2094.14005,100,20.0
2024.01.20 14:45,2094.49185,2094.54110,2093.05032,2093.96155,100,20.0
2024.01.20 15:00,2093.19999,2093.25493,2092.16595,2092.82876,100,20.0
2024.01.20 15:15,2092.71958,2092.86674,2092.30082,2092.61238,100,20.0
2024.01.20 15:30,2092.80182,2093.34571,2092.14326,2092.46966,100,20.0
2024.01.20 15:45,2093.14159,2093.80732,2092.96117,2093.37603,100,20.0
2024.01.20 16:00,2093.44357,2093.45725,2092.75116,2092.96938,100,20.0
2024.01.20 16:15,2093.23565,2094.04240,2093.08755,2093.69903,100,20.0
2024.01.20 16:30,2092.96518,2093.87557,2092.61063,2093.66025,100,20.0
2024.01.20 16:45,2094.08851,2095.03037,2094.04828,2094.06186,100,20.0
2024.01.20 17:00,2095.55673,2096.01415,2094.62820,2094.90728,100,20.0
2024.01.20 17:15,2094.67483,2094.68825,2093.71821,2094.12824,100,20.0
2024.01.20 17:30,2093.67198,2094.17734,2093.42795,2093.97848,100,20.0
2024.01.20 17:45,2094.69637,2095.22688,2094.44285,2095.09262,100,20.0
2024.01.20 18:00,2095.46422,2095.77177,2095.03649,2095.27332,100,20.0
2024.01.20 18:15,2096.41776,2096.84490,2096.12289,2096.67532,100,20.0
2024.01.20 18:30,2095.89143,2097.01970,2095.86665,2096.75331,100,20.0
2024.01.20 18:45,2097.11416,2098.17722,2096.93899,2097.71354,100,20.0
2024.01.20 19:00,2098.08141,2098.62928,2098.06636,2098.21657,100,20.0
2024.01.20 19:15,2098.48615,2098.59937,2097.65602,2097.90175,100,20.0
2024.01.20 19:30,2098.07823,2098.15400,2097.36201,2097.63448,100,20.0
2024.01.20 19:45,2097.77635,2098.19284,2097.52982,2097.72990,100,20.0
2024.01.20 20:00,2097.81527,2098.35099,2097.52037,2098.34567,100,20.0
2024.01.20 20:15,2098.49129,2099.27089,2098.18204,2098.42642,100,20.0
2024.01.20 20:30,2098.27062,2099.22062,2097.91015,2098.75914,100,20.0
2024.01.20 20:45,2098.95717,2099.20322,2098.73357,2098.94368,100,20.0
2024.01.20 21:00,2098.76900,2099.03448,2098.26022,2098.30666,100,20.0
2024.01.20 21:15,2097.26635,2098.12238,2096.71728,2097.12084,100,20.0
2024.01.20 21:30,2096.66284,2096.81238,2096.51873,2096.56388,100,20.0
2024.01.20 21:45,2096.81216,2097.23625,2096.60767,2097.06791,100,20.0
2024.01.20 22:00,2097.95755,2098.99920,2097.25033,2098.81728,100,20.0
2024.01.20 22:15,2097.99466,2098.20433,2097.22245,2097.48141,100,20.0
2024.01.20 22:30,2097.13546,2097.41395,2096.82469,2097.00478,100,20.0
2024.01.20 22:45,2095.96017,2095.97451,2095.15808,2095.40395,100,20.0
2024.01.20 23:00,2095.18181,2095.72023,2094.86662,2095.21474,100,20.0
2024.01.20 23:15,2095.42012,2096.17559,2095.11589,2096.01984,100,20.0
2024.01.20 23:30,2097.03343,2097.47937,2095.65138,2096.12921,100,20.0
2024.01.20 23:45,2096.52357,2097.17713,2096.32375,2096.42173,100,20.0
2024.01.21 00:00,2096.83489,2096.98654,2096.65528,2096.81180,100,20.0
2024.01.21 00:15,2095.71864,2096.28652,2095.58229,2095.76482,100,20.0
2024.01.21 00:30,2096.61126,2097.33977,2096.08510,2096.31586,100,20.0
2024.01.21 00:45,2096.24661,2096.84165,2095.15529,2095.78150,100,20.0
2024.01.21 01:00,2095.54527,2095.76439,2094.26548,2094.76353,100,20.0
2024.01.21 01:15,2094.45778,2095.76093,2094.39185,2094.95201,100,20.0
2024.01.21 01:30,2094.50718,2095.01057,2094.42476,2094.55184,100,20.0
2024.01.21 01:45,2095.20750,2095.70434,2094.56633,2095.59882,100,20.0
2024.01.21 02:00,2095.39081,2095.75034,2093.85916,2094.77147,100,20.0
2024.01.21 02:15,2094.02231,2094.12716,2093.28342,2093.42263,100,20.0
2024.01.21 02:30,2092.59768,2093.25753,2092.05326,2092.48810,100,20.0
2024.01.21 02:45,2092.56743,2093.26148,2092.34688,2093.11452,100,20.0
2024.01.21 03:00,2093.54790,2093.94206,2093.16136,2093.62737,100,20.0
2024.01.21 03:15,2092.79192,2094.09035,2092.59553,2093.31066,100,20.0
2024.01.21 03:30,2093.18941,2093.36134,2092.83572,2093.10150,100,20.0
2024.01.21 03:45,2093.42540,2093.46184,2092.69166,2092.89116,100,20.0
2024.01.21 04:00,2093.64404,2093.89726,2093.42377,2093.75923,100,20.0
2024.01.21 04:15,2094.58921,2094.83086,2094.34743,2094.52256,100,20.0
2024.01.21 04:30,2095.19432,2095.41313,2093.88480,2094.36996,100,20.0
2024.01.21 04:45,2094.35700,2094.61351,2092.87201,2093.26726,100,20.0
2024.01.21 05:00,2094.43118,2094.97025,2094.35753,2094.88317,100,20.0
2024.01.21 05:15,2094.37499,2094.87798,2094.02813,2094.43061,100,20.0
2024.01.21 05:30,2094.24158,2094.77493,2093.47161,2093.59608,100,20.0
2024.01.21 05:45,2094.78827,2095.53951,2094.64062,2095.02070,100,20.0
2024.01.21 06:00,2095.06784,2095.59000,2094.79335,2095.41614,100,20.0
2024.01.21 06:15,2095.59139,2095.92488,2095.09536,2095.44571,100,20.0
2024.01.21 06:30,2096.35796,2096.45527,2095.74325,2096.00984,100,20.0
2024.01.21 06:45,2095.83111,2096.04607,2095.33062,2095.70084,100,20.0
2024.01.21 07:00,2095.95270,2096.17813,2095.49598,2095.92939,100,20.0
2024.01.21 07:15,2096.63352,2096.91894,2096.24900,2096.74253,100,20.0
2024.01.21 07:30,2096.97833,2097.24789,2096.93055,2097.09699,100,20.0
2024.01.21 07:45,2097.47251,2098.03573,2097.30760,2097.94672,100,20.0
2024.01.21 08:00,2098.00731,2099.17789,2097.96805,2098.83546,100,20.0
2024.01.21 08:15,2099.37311,2099.86858,2099.19182,2099.55397,100,20.0
2024.01.21 08:30,2098.86636,2098.91397,2098.16295,2098.52966,100,20.0
2024.01.21 08:45,2097.77671,2099.06412,2097.42469,2098.38292,100,20.0
2024.01.21 09:00,2097.98787,2098.71319,2097.73311,2098.14247,100,20.0
2024.01.21 09:15,2099.17659,2100.14911,2098.68908,2099.95409,100,20.0
2024.01.21 09:30,2099.30632,2099.34700,2097.68177,2098.60904,100,20.0
2024.01.21 09:45,2099.33045,2099.85238,2098.78210,2099.45931,100,20.0
2024.01.21 10:00,2099.55616,2100.09544,2099.31781,2100.00905,100,20.0
2024.01.21 10:15,2100.49677,2100.92839,2099.88968,2100.31509,100,20.0
2024.01.21 10:30,2100.02804,2100.26068,2099.04507,2099.39817,100,20.0
2024.01.21 10:45,2099.73620,2101.07508,2099.52188,2100.31964,100,20.0
2024.01.21 11:00,2100.71145,2100.88562,2099.51013,2100.11341,100,20.0
2024.01.21 11:15,2099.79032,2100.33453,2099.48700,2099.94953,100,20.0
2024.01.21 11:30,2100.19197,2100.48308,2099.28194,2099.52309,100,20.0
2024.01.21 11:45,2100.26535,2100.32042,2099.22088,2099.66711,100,20.0
2024.01.21 12:00,2100.29395,2100.43790,2100.09224,2100.17329,100,20.0
2024.01.21 12:15,2100.70529,2100.78581,2100.10149,2100.43771,100,20.0
2024.01.21 12:30,2101.52647,2101.99352,2101.28730,2101.51381,100,20.0
2024.01.21 12:45,2101.51471,2101.83806,2101.12118,2101.12989,100,20.0
2024.01.21 13:00,2101.09082,2101.90151,2100.48706,2101.87620,100,20.0
2024.01.21 13:15,2101.76425,2102.10527,2101.39747,2101.58763,100,20.0
2024.01.21 13:30,2100.93176,2101.40575,2100.73789,2101.23571,100,20.0
2024.01.21 13:45,2101.17859,2101.22958,2100.92343,2101.13636,100,20.0
2024.01.21 14:00,2100.38915,2100.46119,2099.53764,2099.77971,100,20.0
2024.01.21 14:15,2100.71617,2100.94386,2099.57064,2100.13495,100,20.0
2024.01.21 14:30,2099.56201,2100.37546,2098.84892,2099.81736,100,20.0
2024.01.21 14:45,2099.27804,2099.77776,2098.50012,2099.54584,100,20.0
2024.01.21 15:00,2099.52879,2099.57557,2098.84979,2099.21212,100,20.0
2024.01.21 15:15,2099.02346,2099.32624,2098.36973,2098.75867,100,20.0
2024.01.21 15:30,2098.72636,2099.12242,2097.70166,2097.81801,100,20.0
2024.01.21 15:45,2097.53656,2097.82637,2096.99830,2097.18464,100,20.0
2024.01.21 16:00,2097.51175,2097.98137,2097.25825,2097.32016,100,20.0
2024.01.21 16:15,2097.07644,2097.56558,2096.71454,2097.01511,100,20.0
2024.01.21 16:30,2098.16935,2099.26405,2098.08456,2098.90382,100,20.0
2024.01.21 16:45,2098.32296,2098.33329,2097.17303,2097.59756,100,20.0
2024.01.21 17:00,2097.66935,2097.88906,2097.55775,2097.86138,100,20.0
2024.01.21 17:15,2097.41790,2098.29590,2097.12731,2098.24867,100,20.0
2024.01.21 17:30,2097.91029,2098.71337,2097.57709,2098.11293,100,20.0
2024.01.21 17:45,2098.88771,2099.30906,2097.79215,2097.94639,100,20.0
2024.01.21 18:00,2097.92706,2098.38345,2097.45096,2098.28904,100,20.0
2024.01.21 18:15,2098.97560,2100.42708,2098.68574,2099.95830,100,20.0
2024.01.21 18:30,2099.82576,2099.84148,2099.54743,2099.57776,100,20.0
2024.01.21 18:45,2100.12382,2100.16836,2099.97530,2099.99245,100,20.0
2024.01.21 19:00,2099.89146,2100.13357,2099.20852,2099.48405,100,20.0
2024.01.21 19:15,2099.01581,2099.49010,2098.69744,2098.82595,100,20.0
2024.01.21 19:30,2099.21199,2100.01903,2099.10970,2099.74011,100,20.0
2024.01.21 19:45,2100.11705,2100.48114,2099.26363,2099.41355,100,20.0
2024.01.21 20:00,2104.55475,2105.80705,2098.75519,2102.55242,100,45.0
2024.01.21 20:15,2102.88957,2104.73706,2101.85813,2103.50700,100,45.0
2024.01.21 20:30,2098.73594,2099.62584,2096.44736,2097.31589,100,45.0
2024.01.21 20:45,2102.44408,2106.63825,2099.58085,2100.09866,100,45.0
2024.01.21 21:00,2100.19975,2101.81571,2097.79262,2098.00935,100,45.0
2024.01.21 21:15,2097.21782,2097.36452,2095.57822,2096.50717,100,45.0
2024.01.21 21:30,2094.59979,2094.82070,2090.70793,2091.29705,100,45.0
2024.01.21 21:45,2098.19522,2100.41555,2096.77045,2100.38425,100,45.0
2024.01.21 22:00,2095.43687,2097.30523,2092.78558,2095.50986,100,45.0
2024.01.21 22:15,2088.36503,2091.11514,2082.25605,2085.93382,100,45.0
2024.01.21 22:30,2086.18699,2090.68059,2083.15485,2089.60536,100,45.0
2024.01.21 22:45,2089.61847,2090.19615,2085.48615,2086.81935,100,45.0
2024.01.21 23:00,2084.65166,2085.23821,2083.15699,2083.16496,100,45.0
2024.01.21 23:15,2082.81271,2085.04042,2080.86155,2083.40235,100,45.0
2024.01.21 23:30,2088.62786,2091.08617,2088.56906,2089.52641,100,45.0
2024.01.21 23:45,2094.54420,2097.04688,2093.27373,2093.31389,100,45.0
2024.01.22 00:00,2089.82278,2091.32674,2089.47022,2090.03351,100,45.0
2024.01.22 00:15,2088.77632,2092.11707,2087.84011,2089.42003,100,45.0
2024.01.22 00:30,2083.89990,2086.39980,2082.78455,2084.66183,100,45.0
2024.01.22 00:45,2083.42905,2083.73994,2081.94209,2082.79506,100,45.0
2024.01.22 01:00,2082.69253,2086.32584,2081.58124,2085.60498,100,45.0
2024.01.22 01:15,2087.30867,2089.52566,2085.73959,2086.70116,100,45.0
2024.01.22 01:30,2087.97403,2088.50664,2086.42428,2086.52092,100,45.0
2024.01.22 01:45,2089.12138,2094.39598,2088.98156,2091.96348,100,45.0
2024.01.22 02:00,2095.01819,2096.73977,2089.58348,2091.22072,100,45.0
2024.01.22 02:15,2095.22211,2100.83506,2093.96773,2100.18371,100,45.0
2024.01.22 02:30,2098.40360,2100.54550,2096.56516,2099.81124,100,45.0
2024.01.22 02:45,2105.88400,2106.69696,2104.77272,2106.03990,100,45.0
2024.01.22 03:00,2103.09725,2103.21280,2101.58306,2102.24564,100,45.0
2024.01.22 03:15,2102.17056,2104.35433,2097.00525,2097.94410,100,45.0
2024.01.22 03:30,2097.35104,2099.91997,2094.00939,2097.43719,100,45.0
2024.01.22 03:45,2095.75978,2101.86273,2094.97290,2099.92744,100,45.0
2024.01.22 04:00,2109.24932,2112.73260,2104.55600,2106.08764,100,45.0
2024.01.22 04:15,2108.77129,2113.90025,2107.28285,2111.19876,100,45.0
2024.01.22 04:30,2108.45657,2108.95241,2104.12657,2108.83408,100,45.0
2024.01.22 04:45,2112.91896,2114.36137,2107.07226,2109.43917,100,45.0
2024.01.22 05:00,2100.93573,2106.34716,2097.57786,2097.94954,100,45.0
2024.01.22 05:15,2099.31388,2099.69232,2096.39415,2099.58629,100,45.0
2024.01.22 05:30,2102.32632,2105.69074,2101.63097,2103.54336,100,45.0
2024.01.22 05:45,2105.22739,2109.39282,2104.55059,2107.59299,100,45.0
2024.01.22 06:00,2110.18438,2111.01533,2102.36665,2106.36760,100,45.0
2024.01.22 06:15,2109.49630,2112.72158,2108.81128,2110.55435,100,45.0
2024.01.22 06:30,2112.82926,2114.59121,2107.24094,2109.83102,100,45.0
2024.01.22 06:45,2109.10371,2112.44500,2109.09575,2110.21879,100,45.0
2024.01.22 07:00,2108.74248,2112.35963,2107.94952,2110.38330,100,45.0
2024.01.22 07:15,2108.90304,2110.15078,2098.54684,2103.27690,100,45.0
2024.01.22 07:30,2106.14052,2107.35723,2100.96239,2102.48227,100,45.0
2024.01.22 07:45,2104.24004,2108.08710,2102.82718,2104.52116,100,45.0
2024.01.22 08:00,2105.52319,2108.84893,2103.54789,2108.51310,100,45.0
2024.01.22 08:15,2111.57117,2116.22981,2106.77680,2115.39121,100,45.0
2024.01.22 08:30,2119.00983,2119.15862,2115.39770,2116.56183,100,45.0
2024.01.22 08:45,2118.42156,2119.94434,2110.96404,2111.45163,100,45.0
2024.01.22 09:00,2104.64475,2106.02092,2103.63015,2105.65098,100,45.0
2024.01.22 09:15,2103.34260,2103.45311,2092.43452,2096.81608,100,45.0
2024.01.22 09:30,2098.63605,2101.32461,2094.73607,2099.78748,100,45.0
2024.01.22 09:45,2097.85762,2099.70679,2096.83459,2098.51338,100,45.0
2024.01.22 10:00,2092.03300,2094.84623,2090.81163,2094.17133,100,45.0
2024.01.22 10:15,2093.88839,2098.95247,2093.61777,2098.55872,100,45.0
2024.01.22 10:30,2098.45042,2103.91008,2097.93302,2103.00073,100,45.0
2024.01.22 10:45,2099.90352,2103.08661,2094.01748,2094.82899,100,45.0
2024.01.22 11:00,2093.97672,2094.10894,2093.63529,2094.00454,100,20.0
2024.01.22 11:15,2093.59920,2094.46469,2093.15404,2093.79103,100,20.0
2024.01.22 11:30,2093.72247,2094.87435,2093.69683,2094.53569,100,20.0
2024.01.22 11:45,2093.64771,2094.18878,2092.74409,2093.15218,100,20.0
2024.01.22 12:00,2093.13584,2093.87990,2092.97498,2093.27633,100,20.0
2024.01.22 12:15,2093.31809,2093.42224,2092.69070,2093.00763,100,20.0
2024.01.22 12:30,2093.70438,2093.89010,2093.16460,2093.86669,100,20.0
2024.01.22 12:45,2094.92998,2095.37927,2094.69672,2095.23353,100,20.0
2024.01.22 13:00,2093.94831,2094.39074,2093.47479,2093.59805,100,20.0
2024.01.22 13:15,2093.76758,2094.31167,2092.80169,2092.86485,100,20.0
2024.01.22 13:30,2092.78401,2093.09562,2092.19069,2092.47541,100,20.0
2024.01.22 13:45,2092.76965,2093.03161,2092.44882,2092.84947,100,20.0
2024.01.22 14:00,2093.37419,2093.40010,2093.26980,2093.39387,100,20.0
2024.01.22 14:15,2093.70899,2093.89946,2093.60490,2093.81833,100,20.0
2024.01.22 14:30,2094.02838,2095.51599,2093.52941,2094.55362,100,20.0
2024.01.22 14:45,2094.56439,2094.95488,2094.01869,2094.24654,100,20.0
2024.01.22 15:00,2093.45181,2093.83842,2093.19103,2093.59920,100,20.0
2024.01.22 15:15,2093.68084,2093.73378,2093.18025,2093.48462,100,20.0
2024.01.22 15:30,2093.05736,2093.12941,2092.56734,2092.72991,100,20.0
2024.01.22 15:45,2091.72058,2091.81265,2091.39374,2091.63909,100,20.0
2024.01.22 16:00,2091.86553,2092.41444,2091.55381,2092.39777,100,20.0
2024.01.22 16:15,2091.20635,2091.52626,2090.96414,2091.02855,100,20.0
2024.01.22 16:30,2090.69514,2091.43168,2090.52122,2091.03432,100,20.0
2024.01.22 16:45,2090.77722,2090.94500,2090.46828,2090.59556,100,20.0
2024.01.22 17:00,2089.74809,2089.95115,2088.33636,2089.03281,100,20.0
2024.01.22 17:15,2089.68755,2090.04558,2089.40943,2089.45558,100,20.0
2024.01.22 17:30,2088.91520,2089.22765,2088.19648,2089.08488,100,20.0
2024.01.22 17:45,2088.84582,2090.48469,2088.37053,2090.21047,100,20.0
2024.01.22 18:00,2091.17253,2091.37335,2091.07544,2091.37042,100,20.0
2024.01.22 18:15,2091.27610,2091.33938,2090.27480,2090.95365,100,20.0
2024.01.22 18:30,2091.66243,2092.08115,2091.22293,2091.38536,100,20.0
2024.01.22 18:45,2091.75328,2092.03522,2090.45937,2090.64536,100,20.0
2024.01.22 19:00,2090.40143,2090.79201,2090.16598,2090.59066,100,20.0
2024.01.22 19:15,2090.16357,2090.48534,2089.50655,2090.37119,100,20.0
2024.01.22 19:30,2089.88537,2091.09462,2089.81562,2090.13795,100,20.0
2024.01.22 19:45,2089.15638,2090.24016,2089.05642,2089.46335,100,20.0
2024.01.22 20:00,2089.86175,2090.55252,2089.54631,2090.39337,100,20.0
2024.01.22 20:15,2090.22863,2090.58882,2090.01808,2090.34520,100,20.0
2024.01.22 20:30,2090.88011,2091.97966,2090.84167,2091.50765,100,20.0
2024.01.22 20:45,2091.32222,2092.21928,2090.76331,2091.79934,100,20.0
2024.01.22 21:00,2091.99377,2092.23798,2091.38230,2091.71583,100,20.0
2024.01.22 21:15,2092.02287,2092.72717,2091.65866,2092.21210,100,20.0
2024.01.22 21:30,2091.77831,2092.08391,2091.05463,2091.63586,100,20.0
2024.01.22 21:45,2091.88602,2091.91726,2090.68343,2091.29253,100,20.0
2024.01.22 22:00,2091.92103,2092.61349,2091.78410,2092.25103,100,20.0
2024.01.22 22:15,2091.20479,2091.47390,2090.03518,2090.65538,100,20.0
2024.01.22 22:30,2091.42889,2091.91196,2091.32652,2091.75901,100,20.0
2024.01.22 22:45,2091.48843,2092.01837,2091.06561,2091.86990,100,20.0
2024.01.22 23:00,2091.37921,2091.84237,2091.15262,2091.32057,100,20.0
2024.01.22 23:15,2091.62353,2092.53401,2091.29227,2092.49352,100,20.0
2024.01.22 23:30,2092.52939,2092.96138,2092.26514,2092.46109,100,20.0
2024.01.22 23:45,2092.17090,2092.58038,2091.17109,2091.53595,100,20.0
2024.01.23 00:00,2091.70214,2091.81259,2091.48542,2091.75318,100,20.0
2024.01.23 00:15,2091.41599,2091.54637,2090.44284,2090.76646,100,20.0
2024.01.23 00:30,2091.66504,2091.71616,2091.45496,2091.62631,100,20.0
2024.01.23 00:45,2092.33320,2093.13559,2092.05705,2092.74103,100,20.0
2024.01.23 01:00,2093.38977,2093.60575,2093.13823,2093.25098,100,20.0
2024.01.23 01:15,2094.31164,2095.29169,2093.66501,2094.68558,100,20.0
2024.01.23 01:30,2094.37647,2094.72538,2093.79146,2094.21933,100,20.0
2024.01.23 01:45,2092.83717,2092.92067,2092.31279,2092.59344,100,20.0
2024.01.23 02:00,2092.68277,2093.56578,2092.32546,2093.53038,100,20.0
2024.01.23 02:15,2093.77381,2094.39333,2093.44531,2094.09886,100,20.0
2024.01.23 02:30,2093.34014,2093.57944,2092.43726,2092.75131,100,20.0
2024.01.23 02:45,2092.94541,2093.09286,2092.08070,2092.53430,100,20.0
2024.01.23 03:00,2092.08226,2092.63044,2091.10495,2091.44764,100,20.0
2024.01.23 03:15,2091.31077,2092.38692,2091.13113,2091.65161,100,20.0
2024.01.23 03:30,2091.69816,2091.80346,2091.35415,2091.39957,100,20.0
2024.01.23 03:45,2091.44605,2091.55932,2091.12508,2091.33986,100,20.0
2024.01.23 04:00,2090.99776,2091.39238,2090.62536,2090.85763,100,20.0
2024.01.23 04:15,2090.30327,2090.64431,2090.09143,2090.18459,100,20.0
2024.01.23 04:30,2090.15905,2090.58358,2089.27064,2089.54918,100,20.0
2024.01.23 04:45,2088.74135,2089.81620,2088.72159,2089.42254,100,20.0
2024.01.23 05:00,2088.78610,2089.22556,2088.54257,2089.18156,100,20.0
2024.01.23 05:15,2088.29047,2088.32058,2088.02830,2088.06048,100,20.0
2024.01.23 05:30,2088.30860,2088.63629,2087.42219,2088.07159,100,20.0
2024.01.23 05:45,2087.58888,2087.86229,2087.18940,2087.62963,100,20.0
2024.01.23 06:00,2087.37812,2087.47352,2086.92386,2087.28358,100,20.0
2024.01.23 06:15,2087.90465,2087.96487,2086.79554,2086.96681,100,20.0
2024.01.23 06:30,2085.80821,2086.16835,2085.31394,2085.49543,100,20.0
2024.01.23 06:45,2085.22781,2086.41891,2084.78545,2085.97889,100,20.0
2024.01.23 07:00,2085.84946,2086.72588,2085.83871,2086.54851,100,20.0
2024.01.23 07:15,2086.06812,2086.28749,2085.52714,2085.66636,100,20.0
2024.01.23 07:30,2085.38055,2085.69805,2085.00215,2085.33740,100,20.0
2024.01.23 07:45,2085.59342,2085.60663,2084.50896,2085.53672,100,20.0
2024.01.23 08:00,2084.88722,2085.45199,2083.71402,2084.48983,100,20.0
2024.01.23 08:15,2083.46058,2083.69238,2083.21553,2083.42601,100,20.0
2024.01.23 08:30,2083.70136,2084.19536,2083.44930,2083.76599,100,20.0
2024.01.23 08:45,2083.88700,2084.78793,2083.45969,2084.34168,100,20.0
2024.01.23 09:00,2084.42979,2084.72675,2083.94797,2084.05259,100,20.0
2024.01.23 09:15,2082.69784,2083.50792,2082.37457,2083.16414,100,20.0
2024.01.23 09:30,2082.63366,2082.90088,2081.69267,2082.51664,100,20.0
2024.01.23 09:45,2081.72941,2082.09372,2081.69322,2081.78895,100,20.0
2024.01.23 10:00,2081.90989,2082.78574,2081.65854,2082.63025,100,20.0
2024.01.23 10:15,2082.57122,2082.95540,2081.87120,2082.33662,100,20.0
2024.01.23 10:30,2082.79429,2083.10233,2082.20576,2082.44260,100,20.0
2024.01.23 10:45,2082.48724,2082.94784,2082.23903,2082.80081,100,20.0
2024.01.23 11:00,2083.26689,2083.32230,2082.46405,2082.83293,100,20.0
2024.01.23 11:15,2082.55222,2083.22226,2081.69834,2082.01098,100,20.0
2024.01.23 11:30,2082.61345,2082.96438,2081.92719,2082.28104,100,20.0
2024.01.23 11:45,2082.63010,2083.16791,2082.52058,2082.82286,100,20.0
2024.01.23 12:00,2083.03258,2083.06415,2082.04964,2082.61986,100,20.0
2024.01.23 12:15,2082.92591,2083.42190,2082.18551,2082.71352,100,20.0
2024.01.23 12:30,2082.87660,2083.01454,2082.49571,2082.68954,100,20.0
2024.01.23 12:45,2081.79761,2081.90262,2081.44636,2081.89012,100,20.0
2024.01.23 13:00,2082.50435,2083.11810,2082.43472,2082.72868,100,20.0
2024.01.23 13:15,2083.04634,2083.25928,2082.60114,2082.93450,100,20.0
2024.01.23 13:30,2082.27375,2082.67221,2081.53597,2082.50722,100,20.0
2024.01.23 13:45,2082.02529,2082.38578,2081.92112,2082.35298,100,20.0
2024.01.23 14:00,2082.87349,2083.76158,2082.74899,2083.65358,100,20.0
2024.01.23 14:15,2084.52852,2084.77296,2083.62826,2084.24334,100,20.0
2024.01.23 14:30,2084.08244,2084.54355,2083.54065,2083.87349,100,20.0
2024.01.23 14:45,2083.46492,2083.75692,2083.10184,2083.69604,100,20.0
2024.01.23 15:00,2084.39693,2085.35671,2084.32832,2085.07024,100,20.0
2024.01.23 15:15,2085.57455,2086.30884,2085.19668,2086.26242,100,20.0
2024.01.23 15:30,2085.97622,2086.01537,2084.94901,2085.34794,100,20.0
2024.01.23 15:45,2085.51060,2085.73876,2084.80028,2085.14498,100,20.0
2024.01.23 16:00,2084.80103,2084.92545,2083.82117,2084.39063,100,20.0
2024.01.23 16:15,2084.27231,2084.78911,2083.35461,2083.76356,100,20.0
2024.01.23 16:30,2084.08383,2084.47415,2083.93213,2084.01812,100,20.0
2024.01.23 16:45,2084.31806,2084.32189,2083.90962,2084.19536,100,20.0
2024.01.23 17:00,2084.20697,2084.42353,2084.08219,2084.20445,100,20.0
2024.01.23 17:15,2084.37524,2084.40832,2083.76476,2084.38288,100,20.0
2024.01.23 17:30,2085.14534,2086.17088,2084.83248,2085.97378,100,20.0
2024.01.23 17:45,2085.24348,2085.25537,2084.86133,2085.23093,100,20.0
2024.01.23 18:00,2085.60663,2085.63608,2085.54486,2085.59200,100,20.0
2024.01.23 18:15,2085.30799,2085.57791,2084.98121,2085.01312,100,20.0
2024.01.23 18:30,2085.67045,2085.79415,2084.69701,2085.35871,100,20.0
2024.01.23 18:45,2085.57174,2085.69538,2084.51641,2084.68461,100,20.0
2024.01.23 19:00,2083.93987,2084.08251,2083.38385,2083.39927,100,20.0
2024.01.23 19:15,2084.81843,2084.82850,2083.59813,2084.28603,100,20.0
2024.01.23 19:30,2084.36612,2084.57568,2083.71729,2084.21930,100,20.0
2024.01.23 19:45,2085.37767,2085.90067,2084.51908,2085.07388,100,20.0
2024.01.23 20:00,2084.24818,2084.67550,2083.11116,2084.04921,100,20.0
2024.01.23 20:15,2083.86643,2084.12972,2082.11826,2083.16691,100,20.0
2024.01.23 20:30,2084.11729,2084.58439,2083.60940,2083.88179,100,20.0
2024.01.23 20:45,2084.91140,2085.00557,2084.37535,2084.99055,100,20.0
2024.01.23 21:00,2085.04054,2085.62336,2084.69689,2085.13128,100,20.0
2024.01.23 21:15,2085.47487,2086.03513,2085.32460,2085.57183,100,20.0
2024.01.23 21:30,2085.32269,2085.33829,2084.94606,2085.05248,100,20.0
2024.01.23 21:45,2085.40008,2085.84556,2084.77709,2085.68459,100,20.0
2024.01.23 22:00,2085.64175,2085.99842,2085.56134,2085.88380,100,20.0
2024.01.23 22:15,2086.37765,2087.02269,2086.00364,2086.61906,100,20.0
2024.01.23 22:30,2087.98075,2088.32246,2087.37780,2088.12146,100,20.0
2024.01.23 22:45,2088.34602,2088.64750,2087.88028,2088.12246,100,20.0
2024.01.23 23:00,2088.18197,2088.70947,2087.16545,2088.31469,100,20.0
2024.01.23 23:15,2088.69611,2089.25375,2088.60954,2088.87033,100,20.0
2024.01.23 23:30,2089.20868,2089.81021,2088.43285,2089.40294,100,20.0
2024.01.23 23:45,2089.01181,2089.91191,2088.69554,2089.48502,100,20.0
2024.01.24 00:00,2088.39241,2088.99986,2088.35488,2088.48678,100,20.0
2024.01.24 00:15,2088.82711,2089.62507,2088.55949,2089.31073,100,20.0
2024.01.24 00:30,2088.70095,2089.38747,2088.09115,2089.28065,100,20.0
2024.01.24 00:45,2090.32990,2090.45184,2089.86151,2090.11564,100,20.0
2024.01.24 01:00,2090.67831,2090.69420,2089.92602,2090.09354,100,20.0
2024.01.24 01:15,2090.32354,2090.60544,2089.23796,2089.36763,100,20.0
2024.01.24 01:30,2089.54497,2089.95236,2089.09410,2089.49063,100,20.0
2024.01.24 01:45,2090.09598,2090.30433,2090.01734,2090.26848,100,20.0
2024.01.24 02:00,2090.20043,2090.58484,2089.19646,2089.89406,100,20.0
2024.01.24 02:15,2089.60827,2090.06678,2089.51242,2089.57766,100,20.0
2024.01.24 02:30,2089.79943,2089.89971,2089.45167,2089.59409,100,20.0
2024.01.24 02:45,2090.04705,2090.29214,2089.79672,2089.94883,100,20.0
2024.01.24 03:00,2090.65578,2090.97131,2090.20644,2090.60883,100,20.0
2024.01.24 03:15,2091.11481,2091.59586,2090.60807,2091.40830,100,20.0
2024.01.24 03:30,2091.08170,2091.43293,2090.42618,2090.84573,100,20.0
2024.01.24 03:45,2091.57607,2092.01258,2091.53426,2091.84676,100,20.0
2024.01.24 04:00,2091.14112,2091.68272,2090.97537,2091.32921,100,20.0
2024.01.24 04:15,2091.76644,2092.06623,2091.47116,2091.51611,100,20.0
2024.01.24 04:30,2092.52116,2092.64335,2091.82884,2092.22759,100,20.0
2024.01.24 04:45,2092.83551,2093.63114,2091.69744,2092.28808,100,20.0
2024.01.24 05:00,2092.67501,2092.73914,2092.21217,2092.34389,100,20.0
2024.01.24 05:15,2091.84584,2091.95372,2091.79259,2091.81382,100,20.0
2024.01.24 05:30,2091.11511,2091.41778,2089.85893,2089.90312,100,20.0
2024.01.24 05:45,2089.39766,2090.10408,2089.27414,2089.51331,100,20.0
2024.01.24 06:00,2089.63181,2089.79562,2089.38098,2089.39306,100,20.0
2024.01.24 06:15,2089.61102,2089.88683,2088.72126,2088.75111,100,20.0
2024.01.24 06:30,2089.17272,2089.42549,2088.78807,2088.99159,100,20.0
2024.01.24 06:45,2088.30602,2089.10553,2088.07990,2088.23048,100,20.0
2024.01.24 07:00,2088.98973,2089.60784,2088.18640,2089.56338,100,20.0
2024.01.24 07:15,2089.22086,2089.35239,2088.79510,2088.88631,100,20.0
2024.01.24 07:30,2089.24143,2089.31992,2088.58687,2089.05195,100,20.0
2024.01.24 07:45,2089.22649,2089.60236,2088.80286,2089.33457,100,20.0
2024.01.24 08:00,2089.19294,2089.46768,2088.81521,2089.04624,100,20.0
2024.01.24 08:15,2088.83725,2088.95218,2088.06990,2088.70546,100,20.0
2024.01.24 08:30,2087.40796,2087.59489,2086.70240,2086.81595,100,20.0
2024.01.24 08:45,2086.12195,2086.81763,2085.88804,2086.10098,100,20.0
2024.01.24 09:00,2086.53668,2086.86180,2086.33449,2086.84811,100,20.0
2024.01.24 09:15,2086.59496,2088.15151,2086.03402,2087.58999,100,20.0
2024.01.24 09:30,2088.22854,2088.87114,2087.85297,2088.42224,100,20.0
2024.01.24 09:45,2088.37031,2088.71416,2087.97761,2088.06153,100,20.0
2024.01.24 10:00,2087.65965,2087.68429,2086.92228,2086.97797,100,20.0
2024.01.24 10:15,2086.03416,2086.08333,2084.99511,2085.30772,100,20.0
2024.01.24 10:30,2084.19192,2084.79987,2083.95459,2084.60102,100,20.0
2024.01.24 10:45,2085.40341,2085.85710,2084.92126,2085.01937,100,20.0
2024.01.24 11:00,2084.65165,2084.83326,2083.98924,2084.09527,100,20.0
2024.01.24 11:15,2083.81436,2084.13605,2082.57419,2083.77066,100,20.0
2024.01.24 11:30,2084.12323,2084.35824,2083.41941,2084.03343,100,20.0
2024.01.24 11:45,2083.94038,2084.69559,2083.42307,2084.30163,100,20.0
2024.01.24 12:00,2083.39829,2083.98700,2083.10232,2083.58509,100,20.0
2024.01.24 12:15,2083.91126,2084.31101,2082.64391,2083.33835,100,20.0
2024.01.24 12:30,2083.75781,2083.93436,2082.36498,2082.82926,100,20.0
2024.01.24 12:45,2082.31055,2082.80514,2081.35871,2081.68646,100,20.0
2024.01.24 13:00,2080.69987,2081.79856,2080.38284,2081.71546,100,20.0
2024.01.24 13:15,2081.30247,2081.61323,2080.88409,2081.35971,100,20.0
2024.01.24 13:30,2081.01179,2081.35733,2080.91027,2081.09884,100,20.0
2024.01.24 13:45,2081.55295,2081.98628,2080.34997,2080.77320,100,20.0
2024.01.24 14:00,2081.55709,2081.91059,2081.53119,2081.86370,100,20.0
2024.01.24 14:15,2081.89657,2083.46597,2081.53879,2082.90891,100,20.0
2024.01.24 14:30,2083.83420,2084.54007,2083.67249,2084.31055,100,20.0
2024.01.24 14:45,2083.97799,2084.35718,2083.13443,2083.57944,100,20.0
2024.01.24 15:00,2082.90384,2082.98012,2082.49032,2082.50398,100,20.0
2024.01.24 15:15,2082.59147,2083.02860,2081.63768,2082.06173,100,20.0
2024.01.24 15:30,2082.93383,2084.12272,2082.86629,2083.94677,100,20.0
2024.01.24 15:45,2084.52009,2084.71809,2083.48685,2083.92641,100,20.0
2024.01.24 16:00,2083.53644,2083.65666,2082.51265,2083.00865,100,20.0
2024.01.24 16:15,2082.50876,2082.52343,2081.98089,2082.37245,100,20.0
2024.01.24 16:30,2081.84396,2082.36224,2081.50836,2081.92293,100,20.0
2024.01.24 16:45,2080.61326,2080.63675,2080.07861,2080.49368,100,20.0
2024.01.24 17:00,2080.95278,2081.14977,2080.41567,2080.67431,100,20.0
2024.01.24 17:15,2080.30578,2080.65900,2080.22222,2080.48501,100,20.0
2024.01.24 17:30,2080.45595,2080.90901,2079.07591,2079.91910,100,20.0
2024.01.24 17:45,2079.93423,2080.83391,2079.41940,2080.35736,100,20.0
2024.01.24 18:00,2080.25634,2080.93112,2079.56186,2079.96006,100,20.0
2024.01.24 18:15,2080.00592,2080.53132,2079.66217,2080.37864,100,20.0
2024.01.24 18:30,2080.10419,2080.59062,2079.95199,2080.17112,100,20.0
2024.01.24 18:45,2080.86830,2081.23818,2079.46001,2080.00515,100,20.0
2024.01.24 19:00,2080.07589,2080.15237,2079.71146,2080.10023,100,20.0
2024.01.24 19:15,2080.73305,2081.66428,2080.36172,2081.58452,100,20.0
2024.01.24 19:30,2081.09802,2081.20713,2080.50426,2080.93389,100,20.0
2024.01.24 19:45,2081.63999,2082.06164,2081.20940,2081.29000,100,20.0
2024.01.24 20:00,2082.09240,2082.76829,2081.99298,2082.48935,100,20.0
2024.01.24 20:15,2082.38229,2083.21913,2081.92919,2082.34120,100,20.0
2024.01.24 20:30,2082.67474,2083.60643,2082.29452,2083.16697,100,20.0
2024.01.24 20:45,2084.03576,2085.05120,2083.98119,2084.60277,100,20.0
2024.01.24 21:00,2084.72591,2085.07970,2084.25671,2084.82708,100,20.0
2024.01.24 21:15,2084.86455,2084.90829,2083.38249,2083.95036,100,20.0
2024.01.24 21:30,2085.21422,2085.57851,2084.93702,2084.94505,100,20.0
2024.01.24 21:45,2085.54317,2086.08621,2085.34354,2085.80626,100,20.0
2024.01.24 22:00,2085.69596,2086.07783,2085.57107,2085.78908,100,20.0
2024.01.24 22:15,2086.01121,2086.45574,2085.52993,2085.68192,100,20.0
2024.01.24 22:30,2085.52748,2086.04658,2084.75123,2084.88300,100,20.0
2024.01.24 22:45,2084.67863,2085.32724,2084.40492,2084.79707,100,20.0
2024.01.24 23:00,2085.07238,2085.58054,2084.00651,2084.16511,100,20.0
2024.01.24 23:15,2084.10337,2084.20898,2082.93296,2083.21524,100,20.0
2024.01.24 23:30,2083.70483,2084.18647,2083.36007,2084.09235,100,20.0
2024.01.24 23:45,2083.19658,2083.93917,2082.74554,2083.50523,100,20.0
2024.01.25 00:00,2082.54890,2082.88089,2081.41357,2081.81977,100,20.0
2024.01.25 00:15,2082.04348,2082.74181,2081.96782,2082.33405,100,20.0
2024.01.25 00:30,2080.90714,2081.49469,2080.61395,2081.43234,100,20.0
2024.01.25 00:45,2080.91752,2081.84500,2080.57477,2081.04574,100,20.0
2024.01.25 01:00,2081.44569,2081.74710,2080.68607,2081.49099,100,20.0
2024.01.25 01:15,2080.30897,2080.83674,2080.16970,2080.61055,100,20.0
2024.01.25 01:30,2080.34175,2080.37596,2079.36339,2079.67654,100,20.0
2024.01.25 01:45,2080.30773,2080.72201,2080.23086,2080.56594,100,20.0
2024.01.25 02:00,2079.47354,2079.89135,2078.78311,2079.31065,100,20.0
2024.01.25 02:15,2078.97420,2079.70158,2078.54594,2079.49136,100,20.0
2024.01.25 02:30,2079.57125,2079.64826,2079.09704,2079.27591,100,20.0
2024.01.25 02:45,2078.85708,2079.28533,2078.64022,2078.98655,100,20.0
2024.01.25 03:00,2079.79806,2080.57644,2079.78604,2080.32756,100,20.0
2024.01.25 03:15,2080.93446,2081.31815,2080.45633,2081.24339,100,20.0
2024.01.25 03:30,2081.13219,2081.57677,2080.66467,2081.49134,100,20.0
2024.01.25 03:45,2080.96565,2081.44111,2080.57593,2081.22191,100,20.0
2024.01.25 04:00,2081.80958,2082.79898,2081.73716,2082.41680,100,20.0
2024.01.25 04:15,2082.15595,2082.20813,2081.58345,2081.86249,100,20.0
2024.01.25 04:30,2081.53282,2082.07780,2080.90209,2082.04633,100,20.0
2024.01.25 04:45,2082.20746,2082.21983,2081.96014,2082.11970,100,20.0
2024.01.25 05:00,2082.24330,2082.46130,2081.87030,2081.97578,100,20.0
2024.01.25 05:15,2082.39518,2083.02105,2082.18934,2082.80930,100,20.0
2024.01.25 05:30,2081.27152,2082.53648,2081.06947,2081.85714,100,20.0
2024.01.25 05:45,2081.76301,2082.57185,2081.19769,2082.19741,100,20.0
2024.01.25 06:00,2081.29230,2081.31374,2081.27504,2081.27775,100,20.0
2024.01.25 06:15,2080.95062,2081.47760,2080.90444,2081.44024,100,20.0
2024.01.25 06:30,2081.61118,2082.93699,2081.21527,2082.43182,100,20.0
2024.01.25 06:45,2082.29041,2083.23529,2082.07913,2082.98611,100,20.0
2024.01.25 07:00,2082.18146,2083.38298,2082.11685,2083.21609,100,20.0
2024.01.25 07:15,2082.85808,2083.04450,2082.00065,2082.83086,100,20.0
2024.01.25 07:30,2083.13214,2083.18130,2082.33865,2082.80432,100,20.0
2024.01.25 07:45,2082.77505,2083.30869,2082.70614,2083.07978,100,20.0
2024.01.25 08:00,2083.50398,2083.53334,2082.55840,2083.17581,100,20.0
2024.01.25 08:15,2082.46316,2082.92292,2081.31281,2081.67050,100,20.0
2024.01.25 08:30,2082.00889,2083.24791,2081.80037,2082.80189,100,20.0
2024.01.25 08:45,2083.18328,2083.31119,2082.43593,2082.83121,100,20.0
2024.01.25 09:00,2082.56393,2082.59257,2082.36250,2082.52463,100,20.0
2024.01.25 09:15,2082.16770,2082.94628,2081.62020,2082.83824,100,20.0
2024.01.25 09:30,2083.33031,2083.98334,2083.27496,2083.38489,100,20.0
2024.01.25 09:45,2083.44905,2083.49222,2083.28130,2083.34599,100,20.0
2024.01.25 10:00,2084.62142,2084.92757,2084.47803,2084.81175,100,20.0
2024.01.25 10:15,2085.20766,2086.94530,2084.96988,2086.32967,100,20.0
2024.01.25 10:30,2086.96578,2087.36648,2086.05334,2086.05485,100,20.0
2024.01.25 10:45,2086.23541,2086.65933,2085.72145,2086.16888,100,20.0
2024.01.25 11:00,2086.20556,2086.26773,2085.39321,2085.59393,100,20.0
2024.01.25 11:15,2085.80960,2086.98576,2084.87872,2086.60747,100,20.0
2024.01.25 11:30,2086.48323,2086.87063,2086.27305,2086.64092,100,20.0
2024.01.25 11:45,2086.87373,2087.07939,2086.30543,2086.88770,100,20.0
2024.01.25 12:00,2086.99008,2087.45419,2086.54187,2087.20787,100,20.0
2024.01.25 12:15,2086.72342,2087.20049,2086.70530,2086.76984,100,20.0
2024.01.25 12:30,2086.79932,2087.09078,2085.73247,2085.80006,100,20.0
2024.01.25 12:45,2086.04994,2086.33215,2085.94889,2086.06042,100,20.0
2024.01.25 13:00,2086.00041,2086.00272,2085.72525,2085.94571,100,20.0
2024.01.25 13:15,2085.98341,2086.08276,2085.48795,2085.58032,100,20.0
2024.01.25 13:30,2085.65199,2086.14138,2084.95626,2085.49513,100,20.0
2024.01.25 13:45,2085.91589,2085.92034,2085.11123,2085.33990,100,20.0
2024.01.25 14:00,2084.70776,2085.10577,2084.34048,2084.92453,100,20.0
2024.01.25 14:15,2085.09918,2085.76665,2084.56922,2085.76370,100,20.0
2024.01.25 14:30,2085.62957,2085.67804,2085.51176,2085.56759,100,20.0
2024.01.25 14:45,2084.71435,2085.21455,2084.46066,2084.92987,100,20.0
2024.01.25 15:00,2085.06546,2085.40220,2083.75503,2084.12230,100,20.0
2024.01.25 15:15,2084.22865,2085.04947,2083.83264,2084.49908,100,20.0
2024.01.25 15:30,2084.52444,2085.09773,2084.24819,2084.91245,100,20.0
2024.01.25 15:45,2085.38856,2086.48205,2085.35730,2085.75950,100,20.0
2024.01.25 16:00,2085.97753,2086.48631,2084.89065,2085.19009,100,20.0
2024.01.25 16:15,2085.10043,2085.37084,2085.00909,2085.18079,100,20.0
2024.01.25 16:30,2084.56459,2084.91428,2084.20346,2084.61999,100,20.0
2024.01.25 16:45,2085.58992,2085.79741,2084.30451,2084.78163,100,20.0
2024.01.25 17:00,2084.30750,2084.57868,2083.90388,2084.55294,100,20.0
2024.01.25 17:15,2085.97280,2085.97943,2085.63908,2085.74716,100,20.0
2024.01.25 17:30,2085.91610,2086.96399,2085.79434,2086.20789,100,20.0
2024.01.25 17:45,2086.18889,2086.76111,2086.13438,2086.49200,100,20.0
2024.01.25 18:00,2086.32963,2087.21459,2086.21367,2086.57191,100,20.0
2024.01.25 18:15,2087.33177,2087.84413,2087.29496,2087.64791,100,20.0
2024.01.25 18:30,2087.66903,2089.12190,2087.29916,2088.84734,100,20.0
2024.01.25 18:45,2089.43579,2089.65969,2089.33035,2089.59337,100,20.0
2024.01.25 19:00,2089.61992,2089.70826,2088.39775,2088.75594,100,20.0
2024.01.25 19:15,2088.99314,2089.26921,2087.65571,2088.05021,100,20.0
2024.01.25 19:30,2089.23433,2089.63134,2089.09798,2089.28172,100,20.0
2024.01.25 19:45,2090.32555,2091.01873,2089.65107,2090.29343,100,20.0
2024.01.25 20:00,2091.00914,2092.18245,2090.49566,2091.51645,100,20.0
2024.01.25 20:15,2092.00013,2092.07222,2090.83624,2091.59533,100,20.0
2024.01.25 20:30,2090.84324,2091.37346,2090.05702,2090.36673,100,20.0
2024.01.25 20:45,2089.74399,2090.64228,2089.09233,2089.61582,100,20.0
2024.01.25 21:00,2089.52455,2089.68929,2089.30457,2089.50525,100,20.0
2024.01.25 21:15,2090.01490,2090.14722,2089.63475,2089.67351,100,20.0
2024.01.25 21:30,2088.32284,2088.66823,2087.53704,2087.66730,100,20.0
2024.01.25 21:45,2086.93106,2087.49661,2085.89050,2086.44368,100,20.0
2024.01.25 22:00,2086.39564,2087.04624,2086.19829,2086.72064,100,20.0
2024.01.25 22:15,2086.67109,2087.12616,2086.54122,2086.65566,100,20.0
2024.01.25 22:30,2086.64239,2087.51891,2086.37990,2086.85700,100,20.0
2024.01.25 22:45,2087.26185,2087.83699,2087.22872,2087.30901,100,20.0
2024.01.25 23:00,2086.85689,2087.83390,2086.35741,2087.49584,100,20.0
2024.01.25 23:15,2087.69647,2088.11757,2087.12473,2087.94609,100,20.0
2024.01.25 23:30,2087.62404,2088.49677,2087.60585,2088.09141,100,20.0
2024.01.25 23:45,2087.92406,2088.14791,2087.57200,2087.73204,100,20.0
2024.01.26 00:00,2087.07298,2088.26007,2086.58211,2087.74392,100,20.0
2024.01.26 00:15,2087.34750,2087.85775,2087.12488,2087.14483,100,20.0
2024.01.26 00:30,2087.23492,2087.49074,2086.81311,2086.96619,100,20.0
2024.01.26 00:45,2086.18080,2086.80235,2085.99569,2086.51969,100,20.0
2024.01.26 01:00,2087.45590,2088.63349,2087.38373,2088.18619,100,20.0
2024.01.26 01:15,2087.34944,2087.79452,2085.86883,2086.58008,100,20.0
2024.01.26 01:30,2085.78327,2086.38069,2085.70572,2086.27024,100,20.0
2024.01.26 01:45,2085.42281,2085.96046,2084.73021,2085.46680,100,20.0
2024.01.26 02:00,2086.39011,2086.50909,2085.76736,2086.13324,100,20.0
2024.01.26 02:15,2085.69157,2086.35130,2085.23923,2085.41309,100,20.0
2024.01.26 02:30,2084.55752,2085.49058,2084.44691,2084.99502,100,20.0
2024.01.26 02:45,2085.12283,2085.41899,2084.58888,2084.90427,100,20.0
2024.01.26 03:00,2084.97423,2085.08284,2083.86718,2084.25743,100,20.0
2024.01.26 03:15,2083.75511,2083.89399,2083.06144,2083.37849,100,20.0
2024.01.26 03:30,2083.26143,2084.28405,2083.22366,2083.95989,100,20.0
2024.01.26 03:45,2084.42944,2084.88359,2084.41368,2084.77118,100,20.0
2024.01.26 04:00,2085.59179,2086.47826,2084.50431,2084.91588,100,20.0
2024.01.26 04:15,2084.98884,2085.98830,2084.81607,2085.17585,100,20.0
2024.01.26 04:30,2084.98096,2085.29558,2084.81849,2085.22975,100,20.0
2024.01.26 04:45,2085.71828,2086.19413,2085.07281,2085.20742,100,20.0
2024.01.26 05:00,2085.02343,2085.47629,2084.46020,2085.17779,100,20.0
2024.01.26 05:15,2085.13759,2085.91844,2084.73815,2085.66063,100,20.0
2024.01.26 05:30,2084.99009,2085.14771,2084.39817,2084.50998,100,20.0
2024.01.26 05:45,2085.37476,2085.61428,2084.65472,2085.17884,100,20.0
2024.01.26 06:00,2085.26931,2086.48112,2085.26026,2086.24543,100,20.0
2024.01.26 06:15,2086.89342,2087.47200,2086.88796,2087.42011,100,20.0
2024.01.26 06:30,2086.67292,2087.27417,2086.37322,2086.72850,100,20.0
2024.01.26 06:45,2085.25955,2085.82268,2084.80077,2084.80447,100,20.0
2024.01.26 07:00,2085.06045,2085.08045,2084.57011,2084.90132,100,20.0
2024.01.26 07:15,2084.92162,2085.28083,2084.17699,2084.59248,100,20.0
2024.01.26 07:30,2085.52881,2086.60678,2085.49461,2086.16144,100,20.0
2024.01.26 07:45,2085.79338,2086.33696,2085.57636,2086.02336,100,20.0
2024.01.26 08:00,2085.92513,2086.23520,2085.04019,2085.24606,100,20.0
2024.01.26 08:15,2086.03603,2087.14493,2085.98994,2086.77133,100,20.0
2024.01.26 08:30,2086.65984,2086.69394,2086.15657,2086.62196,100,20.0
2024.01.26 08:45,2087.13727,2087.23676,2086.26612,2086.31541,100,20.0
2024.01.26 09:00,2086.55832,2087.19964,2085.99956,2086.76339,100,20.0
2024.01.26 09:15,2087.40039,2088.52939,2087.27610,2088.25776,100,20.0
2024.01.26 09:30,2087.33438,2087.40410,2087.01179,2087.15645,100,20.0
2024.01.26 09:45,2086.93136,2087.62907,2086.63839,2087.10329,100,20.0
2024.01.26 10:00,2087.32333,2087.86636,2087.02260,2087.02872,100,20.0
2024.01.26 10:15,2087.95221,2089.62004,2087.78989,2089.17457,100,20.0
2024.01.26 10:30,2089.19123,2089.67145,2088.70108,2088.86466,100,20.0
2024.01.26 10:45,2088.97574,2089.51140,2088.42319,2088.49645,100,20.0
2024.01.26 11:00,2089.13855,2089.77507,2088.96215,2089.37631,100,20.0
2024.01.26 11:15,2088.93904,2089.51908,2088.74629,2088.78671,100,20.0
2024.01.26 11:30,2089.60171,2090.85364,2089.19069,2090.64285,100,20.0
2024.01.26 11:45,2089.67470,2089.88584,2089.60251,2089.73076,100,20.0
2024.01.26 12:00,2090.28032,2090.82285,2090.17201,2090.70415,100,20.0
2024.01.26 12:15,2091.03963,2091.23940,2090.13286,2090.15509,100,20.0
2024.01.26 12:30,2090.90721,2091.27929,2090.27256,2090.42541,100,20.0
2024.01.26 12:45,2090.86679,2091.39947,2090.46834,2090.65704,100,20.0
2024.01.26 13:00,2090.74737,2091.59955,2090.07524,2091.54772,100,20.0
2024.01.26 13:15,2090.91179,2091.43659,2090.31747,2090.39234,100,20.0
2024.01.26 13:30,2089.34540,2089.41726,2088.64092,2088.96785,100,20.0
2024.01.26 13:45,2089.09828,2090.21408,2088.67642,2089.45806,100,20.0
2024.01.26 14:00,2089.65100,2089.69564,2089.00363,2089.12715,100,20.0
2024.01.26 14:15,2088.96907,2089.91756,2088.79915,2089.52256,100,20.0
2024.01.26 14:30,2089.52918,2091.04850,2089.16590,2090.62040,100,20.0
2024.01.26 14:45,2090.16050,2090.63002,2090.02185,2090.12337,100,20.0
2024.01.26 15:00,2090.61315,2091.04750,2089.80351,2090.24732,100,20.0
2024.01.26 15:15,2090.00725,2090.74306,2088.83544,2090.22101,100,20.0
2024.01.26 15:30,2090.28384,2090.29644,2089.15045,2089.42147,100,20.0
2024.01.26 15:45,2090.75841,2090.95953,2090.28464,2090.31038,100,20.0
2024.01.26 16:00,2090.57224,2090.86220,2090.02177,2090.80295,100,20.0
2024.01.26 16:15,2089.95986,2090.06139,2089.55131,2089.75163,100,20.0
2024.01.26 16:30,2089.92213,2091.04519,2089.37233,2090.83945,100,20.0
2024.01.26 16:45,2091.13637,2091.24074,2090.72082,2091.11176,100,20.0
2024.01.26 17:00,2092.04585,2092.88173,2091.55749,2092.86713,100,20.0
2024.01.26 17:15,2092.04851,2092.65849,2090.97886,2091.43598,100,20.0
2024.01.26 17:30,2091.53111,2091.59053,2091.20603,2091.53256,100,20.0
2024.01.26 17:45,2091.84986,2092.61624,2091.46493,2092.41332,100,20.0
2024.01.26 18:00,2093.24099,2093.39842,2092.64828,2093.01032,100,20.0
2024.01.26 18:15,2092.85924,2093.84004,2092.27849,2093.28209,100,20.0
2024.01.26 18:30,2094.29403,2095.11874,2093.67981,2093.77992,100,20.0
2024.01.26 18:45,2093.96835,2094.57931,2093.63941,2094.31537,100,20.0
2024.01.26 19:00,2093.61685,2094.35216,2093.48432,2093.77382,100,20.0
2024.01.26 19:15,2094.66968,2094.99930,2094.19327,2094.41684,100,20.0
2024.01.26 19:30,2094.28393,2094.53231,2093.36531,2093.59881,100,20.0
2024.01.26 19:45,2093.36149,2093.45398,2093.10468,2093.44851,100,20.0
2024.01.26 20:00,2093.15808,2093.53904,2092.71860,2092.82679,100,20.0
2024.01.26 20:15,2093.17124,2093.46633,2092.64363,2092.86226,100,20.0
2024.01.26 20:30,2093.12781,2093.71455,2092.96990,2093.55408,100,20.0
2024.01.26 20:45,2093.87835,2094.39589,2093.08972,2094.09746,100,20.0
2024.01.26 21:00,2094.25643,2094.53482,2093.00888,2093.33620,100,20.0
2024.01.26 21:15,2093.42502,2094.02836,2093.23935,2093.33377,100,20.0
2024.01.26 21:30,2093.56348,2093.79840,2093.36221,2093.66538,100,20.0
2024.01.26 21:45,2094.24780,2094.73972,2093.07196,2093.81565,100,20.0
2024.01.26 22:00,2093.72850,2093.73555,2092.95789,2093.41816,100,20.0
2024.01.26 22:15,2093.51735,2093.96754,2093.45904,2093.93198,100,20.0
2024.01.26 22:30,2094.26931,2094.31073,2093.88857,2094.13545,100,20.0
2024.01.26 22:45,2093.95484,2094.07232,2093.30881,2093.61729,100,20.0
2024.01.26 23:00,2093.79261,2093.87082,2093.02096,2093.47117,100,20.0
2024.01.26 23:15,2093.77591,2094.25621,2093.61309,2094.03150,100,20.0
2024.01.26 23:30,2094.38918,2094.80053,2094.26394,2094.51372,100,20.0
2024.01.26 23:45,2094.55278,2095.54041,2093.89199,2095.15698,100,20.0
2024.01.27 00:00,2094.91454,2095.14015,2093.74973,2093.84824,100,20.0
2024.01.27 00:15,2094.31725,2095.07125,2094.17898,2095.05697,100,20.0
2024.01.27 00:30,2094.57732,2095.10989,2094.38099,2094.48019,100,20.0
2024.01.27 00:45,2095.02929,2095.98713,2094.66845,2095.38868,100,20.0
2024.01.27 01:00,2095.29166,2095.73010,2094.31793,2095.14945,100,20.0
2024.01.27 01:15,2095.83480,2096.02161,2095.52293,2095.99795,100,20.0
2024.01.27 01:30,2095.48463,2095.76392,2094.53725,2094.68831,100,20.0
2024.01.27 01:45,2094.85810,2095.22247,2094.03234,2094.37792,100,20.0
2024.01.27 02:00,2094.85416,2095.11807,2094.47916,2095.00994,100,20.0
2024.01.27 02:15,2095.91441,2096.60699,2095.31317,2096.19058,100,20.0
2024.01.27 02:30,2096.85610,2097.09220,2095.76129,2096.43657,100,20.0
2024.01.27 02:45,2096.23822,2096.77286,2096.18426,2096.50418,100,20.0
2024.01.27 03:00,2096.66138,2096.88324,2096.14308,2096.21353,100,20.0
2024.01.27 03:15,2096.74135,2097.24039,2096.29486,2096.96166,100,20.0
2024.01.27 03:30,2097.44405,2097.67215,2097.37944,2097.61400,100,20.0
2024.01.27 03:45,2098.33637,2098.91169,2098.07359,2098.52568,100,20.0
2024.01.27 04:00,2098.56453,2099.40926,2097.92314,2099.20176,100,20.0
2024.01.27 04:15,2099.77037,2099.84875,2099.36076,2099.80423,100,20.0
2024.01.27 04:30,2100.20457,2100.62342,2099.59285,2099.78397,100,20.0
2024.01.27 04:45,2099.95459,2100.40671,2099.44281,2099.46002,100,20.0
2024.01.27 05:00,2099.09522,2099.83413,2098.97742,2099.46571,100,20.0
2024.01.27 05:15,2099.51975,2099.88232,2099.14276,2099.80438,100,20.0
2024.01.27 05:30,2099.81636,2099.91747,2099.43592,2099.73895,100,20.0
2024.01.27 05:45,2100.41284,2101.09692,2100.22902,2100.36655,100,20.0
2024.01.27 06:00,2100.50725,2100.61692,2099.97083,2100.35643,100,20.0
2024.01.27 06:15,2099.27068,2100.11054,2099.05803,2099.41322,100,20.0
2024.01.27 06:30,2099.15096,2099.23422,2098.41896,2098.83631,100,20.0
2024.01.27 06:45,2099.40938,2099.41948,2098.61384,2099.28084,100,20.0
2024.01.27 07:00,2097.51567,2097.98171,2097.31476,2097.65077,100,20.0
2024.01.27 07:15,2098.31289,2098.77075,2098.03258,2098.75431,100,20.0
2024.01.27 07:30,2098.30801,2098.49169,2097.29559,2097.72652,100,20.0
2024.01.27 07:45,2098.04105,2098.16945,2097.49530,2097.99467,100,20.0
2024.01.27 08:00,2097.77954,2098.32459,2097.63385,2097.91158,100,20.0
2024.01.27 08:15,2097.62206,2098.63763,2097.02293,2098.46998,100,20.0
2024.01.27 08:30,2099.51939,2099.82070,2098.73874,2099.22483,100,20.0
2024.01.27 08:45,2099.52493,2099.99183,2098.52810,2098.76475,100,20.0
2024.01.27 09:00,2097.62702,2098.81690,2096.87188,2098.62073,100,20.0
2024.01.27 09:15,2098.29055,2098.68084,2098.24064,2098.47373,100,20.0
2024.01.27 09:30,2098.18995,2098.20583,2097.60934,2097.68765,100,20.0
2024.01.27 09:45,2097.38568,2098.26848,2097.15393,2097.66794,100,20.0
2024.01.27 10:00,2096.72661,2096.83068,2094.97266,2095.34414,100,20.0
2024.01.27 10:15,2095.09304,2095.40259,2094.68551,2094.74720,100,20.0
2024.01.27 10:30,2095.55157,2095.90845,2095.29855,2095.31331,100,20.0
2024.01.27 10:45,2095.49710,2096.11337,2095.37988,2095.52141,100,20.0
2024.01.27 11:00,2095.77697,2096.67090,2095.62455,2096.11904,100,20.0
2024.01.27 11:15,2097.11691,2097.47718,2096.08699,2096.16025,100,20.0
2024.01.27 11:30,2097.20304,2097.48228,2096.77034,2097.23265,100,20.0
2024.01.27 11:45,2096.60569,2097.32344,2095.98262,2096.89533,100,20.0
2024.01.27 12:00,2096.36711,2096.61774,2096.01866,2096.19753,100,20.0
2024.01.27 12:15,2095.52665,2096.45678,2095.48603,2096.22147,100,20.0
2024.01.27 12:30,2096.88823,2097.25048,2096.66449,2097.09824,100,20.0
2024.01.27 12:45,2096.83791,2097.72736,2096.55334,2097.62480,100,20.0
2024.01.27 13:00,2098.01760,2098.80386,2097.75553,2098.30000,100,20.0
2024.01.27 13:15,2098.21923,2098.69551,2098.07441,2098.37836,100,20.0
2024.01.27 13:30,2098.26471,2099.62309,2098.07490,2099.29801,100,20.0
2024.01.27 13:45,2099.49571,2099.99238,2098.94282,2099.87417,100,20.0
2024.01.27 14:00,2100.98947,2101.16777,2100.74576,2101.04086,100,20.0
2024.01.27 14:15,2101.56466,2101.89528,2101.52092,2101.77382,100,20.0
2024.01.27 14:30,2101.74536,2102.63607,2101.49645,2102.56793,100,20.0
2024.01.27 14:45,2102.70372,2103.04936,2102.49166,2102.68428,100,20.0
2024.01.27 15:00,2102.95317,2103.66268,2102.74039,2102.92918,100,20.0
2024.01.27 15:15,2102.20730,2102.57925,2101.70927,2102.02766,100,20.0
2024.01.27 15:30,2100.99861,2101.06935,2100.37598,2100.73631,100,20.0
2024.01.27 15:45,2101.61562,2101.66247,2100.57073,2100.57384,100,20.0
2024.01.27 16:00,2100.71219,2101.68956,2100.28210,2101.23390,100,20.0
2024.01.27 16:15,2101.81132,2102.07010,2101.33058,2101.54494,100,20.0
2024.01.27 16:30,2101.26795,2101.49381,2100.28071,2100.42322,100,20.0
2024.01.27 16:45,2100.57943,2100.69778,2099.07339,2100.04344,100,20.0
2024.01.27 17:00,2099.75444,2100.40422,2099.56473,2100.39945,100,20.0
2024.01.27 17:15,2101.28338,2101.33023,2100.52792,2100.72332,100,20.0
2024.01.27 17:30,2100.73585,2101.74228,2100.67400,2101.54124,100,20.0
2024.01.27 17:45,2101.13054,2101.45389,2101.07761,2101.25469,100,20.0
2024.01.27 18:00,2102.41450,2103.08864,2102.33947,2103.05126,100,20.0
2024.01.27 18:15,2102.51056,2102.83522,2102.20397,2102.35793,100,20.0
2024.01.27 18:30,2102.54423,2103.78599,2102.24056,2103.56424,100,20.0
2024.01.27 18:45,2104.06372,2104.92189,2102.60479,2103.11049,100,20.0
2024.01.27 19:00,2104.18848,2104.37821,2102.52744,2103.35305,100,20.0
2024.01.27 19:15,2103.02499,2104.28564,2102.50758,2103.54558,100,20.0
2024.01.27 19:30,2102.92026,2103.37936,2102.33973,2102.58093,100,20.0
2024.01.27 19:45,2102.36177,2102.56528,2101.66381,2101.68892,100,20.0
2024.01.27 20:00,2101.94957,2102.04041,2100.79629,2100.92866,100,20.0
2024.01.27 20:15,2101.16018,2101.31602,2100.33278,2100.72869,100,20.0
2024.01.27 20:30,2100.58635,2102.07155,2100.41924,2101.96510,100,20.0
2024.01.27 20:45,2101.93995,2102.51925,2101.80529,2102.13328,100,20.0
2024.01.27 21:00,2102.98084,2103.22443,2102.66923,2103.01107,100,20.0
2024.01.27 21:15,2103.65107,2104.22684,2103.42061,2103.88824,100,20.0
2024.01.27 21:30,2103.51286,2104.01751,2103.14639,2103.44873,100,20.0
2024.01.27 21:45,2103.58012,2103.67034,2102.89876,2103.22155,100,20.0
2024.01.27 22:00,2103.17149,2103.37517,2101.97968,2102.01670,100,20.0
2024.01.27 22:15,2102.32189,2102.73969,2101.63291,2102.29365,100,20.0
2024.01.27 22:30,2102.26562,2102.52574,2102.17375,2102.26665,100,20.0
2024.01.27 22:45,2102.11648,2102.85883,2101.63566,2101.73457,100,20.0
2024.01.27 23:00,2101.37196,2101.99887,2101.33733,2101.57652,100,20.0
2024.01.27 23:15,2100.78372,2101.00905,2099.69593,2099.79257,100,20.0
2024.01.27 23:30,2100.62351,2101.02870,2100.42959,2100.75390,100,20.0
2024.01.27 23:45,2101.31948,2101.49979,2100.63330,2100.77769,100,20.0
2024.01.28 00:00,2102.44478,2102.85706,2101.64531,2101.87356,100,20.0
2024.01.28 00:15,2102.12732,2102.63463,2101.85289,2102.25475,100,20.0
2024.01.28 00:30,2102.09546,2102.64560,2101.89377,2102.54476,100,20.0
2024.01.28 00:45,2102.29627,2102.45700,2101.75891,2102.18528,100,20.0
2024.01.28 01:00,2102.01110,2103.75460,2101.66409,2103.29146,100,20.0
2024.01.28 01:15,2103.49940,2103.86243,2101.50850,2102.17603,100,20.0
2024.01.28 01:30,2103.47974,2103.74457,2102.56569,2103.47227,100,20.0
2024.01.28 01:45,2103.03699,2103.17077,2102.46038,2102.83619,100,20.0
2024.01.28 02:00,2102.84793,2103.14040,2101.82158,2102.09793,100,20.0
2024.01.28 02:15,2101.81105,2102.52017,2101.55616,2102.47532,100,20.0
2024.01.28 02:30,2102.52322,2102.77858,2101.80209,2101.94902,100,20.0
2024.01.28 02:45,2101.40503,2101.85524,2100.59480,2100.99437,100,20.0
2024.01.28 03:00,2100.68537,2101.06185,2100.60828,2101.02049,100,20.0
2024.01.28 03:15,2102.83088,2103.83747,2102.39693,2103.72028,100,20.0
2024.01.28 03:30,2103.70094,2103.89516,2103.38819,2103.89243,100,20.0
2024.01.28 03:45,2104.03127,2104.82979,2103.65115,2103.81888,100,20.0
2024.01.28 04:00,2103.34928,2103.50693,2102.95758,2103.21001,100,20.0
2024.01.28 04:15,2102.98084,2103.20788,2102.59868,2102.71115,100,20.0
2024.01.28 04:30,2102.45929,2102.57635,2101.06920,2101.59008,100,20.0
2024.01.28 04:45,2101.42257,2102.03325,2100.75759,2101.68019,100,20.0
2024.01.28 05:00,2101.44955,2101.58461,2100.31757,2100.69864,100,20.0
2024.01.28 05:15,2100.46610,2100.49409,2100.29146,2100.48907,100,20.0
2024.01.28 05:30,2099.31962,2099.93238,2098.52903,2099.05959,100,20.0
2024.01.28 05:45,2100.07201,2100.18920,2099.38731,2099.97113,100,20.0
2024.01.28 06:00,2099.85267,2100.35373,2099.24505,2100.02779,100,20.0
2024.01.28 06:15,2100.49396,2100.61110,2099.92273,2100.23771,100,20.0
2024.01.28 06:30,2100.30067,2100.40280,2099.57162,2099.89603,100,20.0
2024.01.28 06:45,2100.97556,2101.49681,2100.73903,2101.43211,100,20.0
2024.01.28 07:00,2101.21212,2101.64929,2100.76839,2101.06353,100,20.0
2024.01.28 07:15,2101.20301,2101.38369,2100.84666,2100.93781,100,20.0
2024.01.28 07:30,2101.37038,2102.19242,2101.34301,2101.53114,100,20.0
2024.01.28 07:45,2101.11837,2101.12460,2100.01764,2100.68304,100,20.0
2024.01.28 08:00,2101.33731,2101.71063,2100.14528,2100.63800,100,20.0
2024.01.28 08:15,2101.23269,2101.33051,2100.38518,2100.47318,100,20.0
2024.01.28 08:30,2100.61933,2101.18931,2100.37505,2100.81636,100,20.0
2024.01.28 08:45,2099.48011,2099.55942,2098.52701,2098.78915,100,20.0
2024.01.28 09:00,2098.45279,2098.92443,2098.01181,2098.76704,100,20.0
2024.01.28 09:15,2099.65614,2100.02705,2098.70771,2099.15407,100,20.0
2024.01.28 09:30,2098.74186,2099.52994,2098.18699,2098.57513,100,20.0
2024.01.28 09:45,2098.89612,2099.40930,2098.04054,2098.37499,100,20.0
2024.01.28 10:00,2097.83180,2099.32341,2097.54236,2098.64471,100,20.0
2024.01.28 10:15,2098.20230,2098.77608,2097.06323,2097.44615,100,20.0
2024.01.28 10:30,2097.79308,2098.66994,2097.59486,2097.84512,100,20.0
2024.01.28 10:45,2098.60712,2099.06142,2097.90893,2098.22104,100,20.0
2024.01.28 11:00,2097.40505,2098.18578,2097.15627,2097.28632,100,20.0
2024.01.28 11:15,2097.74317,2097.92271,2097.55373,2097.61771,100,20.0
2024.01.28 11:30,2097.74584,2098.01176,2097.63207,2097.64785,100,20.0
2024.01.28 11:45,2097.72570,2097.98253,2097.56582,2097.77387,100,20.0
2024.01.28 12:00,2098.81883,2099.43181,2098.29045,2098.62042,100,20.0
2024.01.28 12:15,2098.64540,2099.00456,2098.33371,2098.64129,100,20.0
2024.01.28 12:30,2099.19739,2099.53865,2098.14124,2098.20020,100,20.0
2024.01.28 12:45,2098.90558,2099.34026,2098.59367,2098.71803,100,20.0
2024.01.28 13:00,2097.82629,2098.15844,2097.34136,2097.53910,100,20.0
2024.01.28 13:15,2097.21306,2097.33967,2096.41276,2097.24816,100,20.0
2024.01.28 13:30,2097.56355,2099.63724,2097.50924,2099.17590,100,20.0
2024.01.28 13:45,2099.36891,2100.01581,2099.19417,2100.00562,100,20.0
2024.01.28 14:00,2100.04817,2100.51960,2099.36497,2099.50875,100,20.0
2024.01.28 14:15,2099.73830,2100.76372,2099.50637,2100.13337,100,20.0
2024.01.28 14:30,2099.63712,2099.95014,2098.92949,2098.94316,100,20.0
2024.01.28 14:45,2098.43965,2098.47037,2097.37574,2097.47144,100,20.0
2024.01.28 15:00,2097.50757,2098.03468,2097.28813,2097.76242,100,20.0
2024.01.28 15:15,2099.07967,2099.28610,2098.29359,2098.49885,100,20.0
2024.01.28 15:30,2098.71150,2099.61564,2098.41913,2099.41940,100,20.0
2024.01.28 15:45,2099.41136,2099.83269,2098.75406,2099.06730,100,20.0
2024.01.28 16:00,2098.65637,2098.87695,2098.49077,2098.82471,100,20.0
2024.01.28 16:15,2098.49758,2099.48912,2098.33765,2099.14420,100,20.0
2024.01.28 16:30,2099.18812,2100.16569,2099.03498,2099.96758,100,20.0
2024.01.28 16:45,2099.66452,2099.79948,2099.46135,2099.73275,100,20.0
2024.01.28 17:00,2098.64557,2099.02858,2098.20768,2098.74377,100,20.0
2024.01.28 17:15,2099.94947,2100.12222,2099.19238,2099.36091,100,20.0
2024.01.28 17:30,2100.05567,2100.84177,2099.85558,2100.71743,100,20.0
2024.01.28 17:45,2100.37976,2101.92085,2099.89437,2101.22124,100,20.0
2024.01.28 18:00,2101.67209,2102.36710,2101.38487,2101.92159,100,20.0
2024.01.28 18:15,2100.89734,2101.12650,2100.28720,2100.58920,100,20.0
2024.01.28 18:30,2101.40500,2101.52832,2101.31157,2101.52434,100,20.0
2024.01.28 18:45,2101.42944,2102.01953,2101.35205,2101.79155,100,20.0
2024.01.28 19:00,2101.28476,2102.45343,2101.08816,2102.03545,100,20.0
2024.01.28 19:15,2103.36850,2103.72420,2103.10882,2103.65754,100,20.0
2024.01.28 19:30,2104.29912,2104.35177,2103.67988,2103.70268,100,20.0
2024.01.28 19:45,2102.83170,2103.22403,2102.62284,2103.01480,100,20.0
2024.01.28 20:00,2103.52793,2103.62021,2103.33073,2103.45913,100,20.0
2024.01.28 20:15,2102.55030,2103.35287,2102.19619,2103.32906,100,20.0
2024.01.28 20:30,2103.08179,2103.77846,2102.59397,2103.59532,100,20.0
2024.01.28 20:45,2104.21845,2104.34213,2103.34583,2103.54114,100,20.0
2024.01.28 21:00,2104.66641,2105.14524,2104.24457,2105.07581,100,20.0
2024.01.28 21:15,2105.45741,2105.68224,2104.71411,2105.16684,100,20.0
2024.01.28 21:30,2104.72440,2105.15028,2103.76406,2104.01249,100,20.0
2024.01.28 21:45,2104.10094,2104.23584,2103.24266,2103.40633,100,20.0
2024.01.28 22:00,2102.60072,2103.21175,2102.58843,2103.03267,100,20.0
2024.01.28 22:15,2103.14857,2103.59654,2102.80581,2103.40185,100,20.0
2024.01.28 22:30,2103.57686,2104.38042,2103.46858,2104.13381,100,20.0
2024.01.28 22:45,2103.83087,2104.41752,2103.04651,2103.36992,100,20.0
2024.01.28 23:00,2104.21064,2104.30206,2104.14098,2104.26281,100,20.0
2024.01.28 23:15,2104.01496,2104.61719,2103.21395,2103.25917,100,20.0
2024.01.28 23:30,2103.22273,2104.39897,2102.85004,2104.29221,100,20.0
2024.01.28 23:45,2102.85983,2103.13208,2102.84126,2103.12800,100,20.0
2024.01.29 00:00,2102.89719,2103.29731,2101.46272,2101.77636,100,20.0
2024.01.29 00:15,2102.28078,2102.80200,2102.13577,2102.53843,100,20.0
2024.01.29 00:30,2101.65345,2102.89747,2101.13392,2102.21955,100,20.0
2024.01.29 00:45,2102.85839,2103.24010,2102.53085,2103.14848,100,20.0
2024.01.29 01:00,2102.75279,2103.28196,2101.71057,2102.18805,100,20.0
2024.01.29 01:15,2102.55792,2102.56978,2102.27545,2102.39612,100,20.0
2024.01.29 01:30,2102.68718,2103.19123,2102.03386,2102.45040,100,20.0
2024.01.29 01:45,2102.54618,2102.62286,2101.98854,2102.30431,100,20.0
2024.01.29 02:00,2102.17959,2102.67112,2102.08551,2102.16227,100,20.0
2024.01.29 02:15,2102.28251,2102.55590,2101.84222,2101.87585,100,20.0
2024.01.29 02:30,2101.68211,2102.38036,2101.33941,2102.11094,100,20.0
2024.01.29 02:45,2102.41070,2102.98023,2102.09008,2102.26208,100,20.0
2024.01.29 03:00,2103.04061,2103.20067,2102.14754,2102.29843,100,20.0
2024.01.29 03:15,2102.96165,2103.70490,2102.83556,2103.43333,100,20.0
2024.01.29 03:30,2102.40730,2103.05691,2102.03292,2102.65238,100,20.0
2024.01.29 03:45,2102.52604,2103.34637,2102.42003,2102.84286,100,20.0
2024.01.29 04:00,2101.88808,2102.49878,2101.60068,2102.13830,100,20.0
2024.01.29 04:15,2102.78052,2102.83514,2101.71567,2102.19837,100,20.0
2024.01.29 04:30,2100.95677,2101.42593,2100.63143,2100.77748,100,20.0
2024.01.29 04:45,2100.79398,2101.17061,2099.10095,2099.66902,100,20.0
2024.01.29 05:00,2099.17187,2100.04498,2098.94604,2099.30463,100,20.0
2024.01.29 05:15,2099.22075,2099.98767,2099.05714,2099.51319,100,20.0
2024.01.29 05:30,2099.41333,2100.49344,2099.27836,2100.18281,100,20.0
2024.01.29 05:45,2100.14914,2101.09834,2099.76438,2100.69526,100,20.0
2024.01.29 06:00,2101.41102,2101.44103,2100.75726,2101.26924,100,20.0
2024.01.29 06:15,2102.27961,2102.46872,2101.86840,2102.07065,100,20.0
2024.01.29 06:30,2102.74074,2103.06274,2102.30119,2102.57494,100,20.0
2024.01.29 06:45,2103.73727,2104.09613,2103.23692,2104.06303,100,20.0
2024.01.29 07:00,2103.11022,2103.34224,2101.85353,2101.87086,100,20.0
2024.01.29 07:15,2101.43258,2102.32680,2101.40119,2101.72611,100,20.0
2024.01.29 07:30,2100.96674,2101.16531,2100.38938,2100.78925,100,20.0
2024.01.29 07:45,2102.14227,2102.28071,2101.32778,2101.61839,100,20.0
2024.01.29 08:00,2101.96318,2102.72946,2101.38416,2102.44872,100,20.0
2024.01.29 08:15,2102.38081,2102.45676,2101.96588,2102.18937,100,20.0
2024.01.29 08:30,2102.64685,2103.25141,2102.57041,2103.11679,100,20.0
2024.01.29 08:45,2103.59292,2104.32985,2103.17998,2103.99849,100,20.0
2024.01.29 09:00,2104.31290,2104.89073,2103.89461,2104.86972,100,20.0
2024.01.29 09:15,2105.03638,2105.14883,2104.47173,2104.60548,100,20.0
2024.01.29 09:30,2104.24519,2104.57893,2104.22731,2104.40927,100,20.0
2024.01.29 09:45,2104.73134,2105.05443,2104.31263,2104.78572,100,20.0
2024.01.29 10:00,2104.53213,2104.78854,2104.39073,2104.58235,100,20.0
2024.01.29 10:15,2105.20667,2105.41719,2104.80268,2105.11318,100,20.0
2024.01.29 10:30,2104.89256,2105.08929,2103.68466,2104.03812,100,20.0
2024.01.29 10:45,2103.92135,2104.51543,2103.51794,2104.32191,100,20.0
2024.01.29 11:00,2103.41897,2103.80624,2102.39204,2103.61358,100,20.0
2024.01.29 11:15,2103.72287,2104.17677,2102.93332,2104.00450,100,20.0
2024.01.29 11:30,2104.36972,2104.62901,2104.01277,2104.44797,100,20.0
2024.01.29 11:45,2104.40386,2105.27898,2104.35866,2105.01429,100,20.0
2024.01.29 12:00,2104.82041,2105.08397,2104.46847,2104.96381,100,20.0
2024.01.29 12:15,2104.69037,2104.95035,2104.38687,2104.87473,100,20.0
2024.01.29 12:30,2103.88834,2104.31300,2103.49506,2104.16035,100,20.0
2024.01.29 12:45,2105.04478,2105.06293,2104.86734,2104.95868,100,20.0
2024.01.29 13:00,2104.62885,2105.23032,2104.62147,2105.14126,100,20.0
2024.01.29 13:15,2105.02417,2106.27752,2104.61801,2105.62023,100,20.0
2024.01.29 13:30,2104.91395,2105.94973,2104.64464,2105.86150,100,20.0
2024.01.29 13:45,2106.31351,2106.54416,2105.73815,2105.74377,100,20.0
2024.01.29 14:00,2106.06266,2106.54239,2106.00925,2106.29258,100,20.0
2024.01.29 14:15,2106.94359,2107.01041,2106.25798,2106.31619,100,20.0
2024.01.29 14:30,2105.64283,2105.99811,2105.32391,2105.94084,100,20.0
2024.01.29 14:45,2105.19260,2105.50096,2104.70732,2105.13798,100,20.0
2024.01.29 15:00,2104.99063,2105.23880,2104.20552,2104.91740,100,20.0
2024.01.29 15:15,2105.10182,2105.39626,2104.94277,2105.19539,100,20.0
2024.01.29 15:30,2104.95081,2105.48110,2104.37650,2104.82517,100,20.0
2024.01.29 15:45,2105.75072,2106.75650,2105.60021,2106.49539,100,20.0
2024.01.29 16:00,2107.39721,2107.77118,2106.70147,2106.89429,100,20.0
2024.01.29 16:15,2108.05777,2108.53323,2107.79629,2108.37550,100,20.0
2024.01.29 16:30,2108.64211,2108.82458,2108.21131,2108.76257,100,20.0
2024.01.29 16:45,2109.81626,2110.79737,2109.55875,2110.38538,100,20.0
2024.01.29 17:00,2110.51825,2111.15988,2110.29139,2110.75931,100,20.0
2024.01.29 17:15,2110.61338,2110.93628,2109.82521,2110.25568,100,20.0
2024.01.29 17:30,2110.77157,2111.02559,2110.28229,2110.67526,100,20.0
2024.01.29 17:45,2111.27510,2111.81671,2110.81239,2111.45596,100,20.0
2024.01.29 18:00,2112.39387,2112.91004,2112.33904,2112.59512,100,20.0
2024.01.29 18:15,2112.20577,2112.35478,2111.51647,2111.66384,100,20.0
2024.01.29 18:30,2111.51267,2111.69114,2110.36326,2110.74391,100,20.0
2024.01.29 18:45,2111.52975,2111.84662,2110.81664,2111.48068,100,20.0
2024.01.29 19:00,2112.35903,2112.63269,2112.27292,2112.34879,100,20.0
2024.01.29 19:15,2112.80959,2113.64886,2112.66698,2113.46473,100,20.0
2024.01.29 19:30,2112.35593,2112.88375,2111.64987,2111.93642,100,20.0
2024.01.29 19:45,2111.58430,2112.29313,2111.31483,2112.16298,100,20.0
2024.01.29 20:00,2111.86822,2113.00192,2111.54786,2112.48436,100,20.0
2024.01.29 20:15,2112.43456,2113.20644,2112.01975,2113.11294,100,20.0
2024.01.29 20:30,2114.88630,2115.24877,2114.42217,2114.52974,100,20.0
2024.01.29 20:45,2114.56796,2114.87492,2114.33617,2114.44275,100,20.0
2024.01.29 21:00,2114.11736,2114.13152,2114.09448,2114.13100,100,20.0
2024.01.29 21:15,2113.31173,2113.37106,2112.48440,2112.70705,100,20.0
2024.01.29 21:30,2111.80046,2111.85396,2110.88879,2111.33493,100,20.0
2024.01.29 21:45,2111.26639,2111.57295,2110.58410,2111.16002,100,20.0
2024.01.29 22:00,2111.78039,2112.04627,2111.77857,2111.93601,100,20.0
2024.01.29 22:15,2112.98260,2113.86191,2112.64859,2113.63565,100,20.0
2024.01.29 22:30,2113.34675,2113.54002,2112.40226,2112.82519,100,20.0
2024.01.29 22:45,2113.01570,2113.45511,2112.32825,2113.14357,100,20.0
2024.01.29 23:00,2113.90596,2114.72890,2113.50513,2114.33559,100,20.0
2024.01.29 23:15,2113.35603,2113.82664,2113.13634,2113.45501,100,20.0
2024.01.29 23:30,2113.67931,2114.20086,2112.97712,2113.31296,100,20.0
2024.01.29 23:45,2113.79385,2114.05793,2113.10008,2113.13921,100,20.0
2024.01.30 00:00,2114.59486,2115.89934,2114.38352,2114.76669,100,20.0
2024.01.30 00:15,2114.27603,2115.58000,2113.95245,2115.34666,100,20.0
2024.01.30 00:30,2115.35516,2115.38762,2114.75665,2115.03678,100,20.0
2024.01.30 00:45,2116.28964,2116.73151,2115.54574,2116.01702,100,20.0
2024.01.30 01:00,2117.24623,2117.41613,2117.13551,2117.22257,100,20.0
2024.01.30 01:15,2118.01144,2118.27947,2117.33163,2117.51445,100,20.0
2024.01.30 01:30,2117.03973,2117.84870,2117.00924,2117.55575,100,20.0
2024.01.30 01:45,2117.21248,2117.94824,2116.94922,2117.79386,100,20.0
2024.01.30 02:00,2118.95612,2119.29581,2118.38566,2119.24568,100,20.0
2024.01.30 02:15,2119.39550,2119.67610,2119.25760,2119.67342,100,20.0
2024.01.30 02:30,2119.59930,2119.78995,2118.69606,2118.78369,100,20.0
2024.01.30 02:45,2119.51840,2119.85588,2119.29103,2119.30921,100,20.0
2024.01.30 03:00,2119.20189,2119.42180,2118.42650,2119.00632,100,20.0
2024.01.30 03:15,2119.14261,2119.83592,2118.92782,2119.63053,100,20.0
2024.01.30 03:30,2119.01463,2119.72598,2119.01227,2119.58764,100,20.0
2024.01.30 03:45,2118.50532,2118.94247,2118.26788,2118.63992,100,20.0
2024.01.30 04:00,2118.28294,2119.94338,2117.70998,2119.62021,100,20.0
2024.01.30 04:15,2120.20661,2120.79530,2119.60013,2119.66535,100,20.0
2024.01.30 04:30,2119.33611,2119.38410,2118.54900,2118.56159,100,20.0
2024.01.30 04:45,2118.58119,2118.98212,2117.47755,2117.70849,100,20.0
2024.01.30 05:00,2118.12453,2119.08821,2117.84282,2118.98565,100,20.0
2024.01.30 05:15,2119.17476,2119.61173,2118.66139,2118.76142,100,20.0
2024.01.30 05:30,2117.87359,2118.19983,2117.15891,2117.55832,100,20.0
2024.01.30 05:45,2117.73830,2117.92619,2117.62736,2117.70076,100,20.0
2024.01.30 06:00,2117.87813,2118.50582,2117.73939,2118.28254,100,20.0
2024.01.30 06:15,2118.14625,2118.65394,2117.34502,2117.54310,100,20.0
2024.01.30 06:30,2118.23615,2118.50963,2117.86905,2118.12030,100,20.0
2024.01.30 06:45,2118.40930,2118.69851,2117.46524,2117.69979,100,20.0
2024.01.30 07:00,2117.41626,2117.60425,2117.20073,2117.22706,100,20.0
2024.01.30 07:15,2117.32459,2117.83485,2116.20631,2116.88299,100,20.0
2024.01.30 07:30,2117.56147,2118.29358,2117.04813,2117.71293,100,20.0
2024.01.30 07:45,2117.78335,2118.12291,2117.42790,2118.08598,100,20.0
2024.01.30 08:00,2117.30696,2117.38337,2116.89970,2117.18673,100,20.0
2024.01.30 08:15,2118.29575,2118.53293,2117.16187,2117.48079,100,20.0
2024.01.30 08:30,2117.55234,2117.93630,2116.68898,2117.04058,100,20.0
2024.01.30 08:45,2117.14796,2117.15017,2116.50207,2116.60012,100,20.0
2024.01.30 09:00,2116.47412,2116.86547,2115.50507,2116.07168,100,20.0
2024.01.30 09:15,2115.59361,2116.44817,2115.28711,2115.89756,100,20.0
2024.01.30 09:30,2115.78957,2116.19379,2114.47488,2115.13266,100,20.0
2024.01.30 09:45,2115.48490,2116.83770,2115.38969,2116.62280,100,20.0
2024.01.30 10:00,2116.74975,2117.97322,2116.25172,2117.40444,100,20.0
2024.01.30 10:15,2118.21670,2118.28411,2117.97087,2118.08282,100,20.0
2024.01.30 10:30,2118.02681,2118.75812,2117.77291,2118.19442,100,20.0
2024.01.30 10:45,2118.00282,2118.02351,2117.70861,2117.91784,100,20.0
2024.01.30 11:00,2117.56288,2117.88517,2116.80601,2117.21522,100,20.0
2024.01.30 11:15,2116.93044,2118.02257,2116.42898,2117.74711,100,20.0
2024.01.30 11:30,2117.91421,2118.07783,2117.86489,2117.88754,100,20.0
2024.01.30 11:45,2117.23876,2117.26384,2116.33219,2116.46056,100,20.0
2024.01.30 12:00,2116.53545,2116.78488,2116.19080,2116.68809,100,20.0
2024.01.30 12:15,2116.18244,2116.56554,2115.84768,2116.19832,100,20.0
2024.01.30 12:30,2116.12033,2117.20037,2115.74350,2116.85765,100,20.0
2024.01.30 12:45,2117.36482,2117.60410,2115.61234,2115.94445,100,20.0
2024.01.30 13:00,2116.07421,2116.69122,2115.24749,2116.17967,100,20.0
2024.01.30 13:15,2116.90165,2117.52638,2116.79480,2117.12725,100,20.0
2024.01.30 13:30,2117.02754,2117.47642,2116.58294,2116.73562,100,20.0
2024.01.30 13:45,2116.51715,2117.92401,2116.33123,2117.31921,100,20.0
2024.01.30 14:00,2117.37024,2118.36551,2117.19915,2117.20166,100,20.0
2024.01.30 14:15,2117.36697,2117.92050,2117.03054,2117.61621,100,20.0
2024.01.30 14:30,2119.04391,2120.09314,2119.03709,2119.41064,100,20.0
2024.01.30 14:45,2120.23283,2120.41915,2119.86551,2119.88714,100,20.0
2024.01.30 15:00,2120.37578,2120.46711,2118.91833,2119.64807,100,20.0
2024.01.30 15:15,2119.40712,2119.59900,2118.87598,2119.12083,100,20.0
2024.01.30 15:30,2118.85299,2119.74661,2118.81302,2119.20717,100,20.0
2024.01.30 15:45,2119.16208,2120.01217,2118.03984,2118.82595,100,20.0
2024.01.30 16:00,2118.50498,2119.33222,2117.73486,2118.08928,100,20.0
2024.01.30 16:15,2118.29374,2118.36834,2117.49461,2117.97381,100,20.0
2024.01.30 16:30,2117.29972,2118.03902,2117.02078,2117.25913,100,20.0
2024.01.30 16:45,2117.12014,2118.39010,2116.97277,2117.98494,100,20.0
2024.01.30 17:00,2118.34003,2118.89643,2118.32917,2118.70480,100,20.0
2024.01.30 17:15,2119.45520,2120.07485,2119.17232,2119.25115,100,20.0
2024.01.30 17:30,2119.59541,2120.79085,2119.21438,2119.87382,100,20.0
2024.01.30 17:45,2121.22592,2122.36103,2120.59069,2122.23474,100,20.0
2024.01.30 18:00,2121.98911,2122.07387,2120.57692,2120.88506,100,20.0
2024.01.30 18:15,2121.01771,2121.16786,2120.22102,2120.33113,100,20.0
2024.01.30 18:30,2121.00567,2121.17243,2120.81865,2120.89321,100,20.0
2024.01.30 18:45,2121.25101,2121.30617,2120.37291,2121.02455,100,20.0
2024.01.30 19:00,2121.23361,2121.63301,2121.00948,2121.42402,100,20.0
2024.01.30 19:15,2121.34028,2121.89087,2121.17380,2121.29316,100,20.0
2024.01.30 19:30,2121.61345,2122.64909,2121.54597,2122.63836,100,20.0
2024.01.30 19:45,2122.91652,2122.93717,2122.44832,2122.90207,100,20.0
2024.01.30 20:00,2123.41341,2123.81998,2122.39623,2122.76321,100,20.0
2024.01.30 20:15,2122.51137,2123.26861,2122.00387,2122.32140,100,20.0
2024.01.30 20:30,2122.91606,2123.13476,2122.52188,2122.84962,100,20.0
2024.01.30 20:45,2122.98471,2123.70193,2122.22795,2122.63093,100,20.0
2024.01.30 21:00,2122.76339,2123.01226,2122.20906,2122.75925,100,20.0
2024.01.30 21:15,2122.89797,2123.11834,2122.00351,2122.28258,100,20.0
2024.01.30 21:30,2122.82641,2123.90377,2122.13438,2123.45383,100,20.0
2024.01.30 21:45,2124.14377,2124.72273,2123.22303,2123.55997,100,20.0
2024.01.30 22:00,2123.26873,2124.22002,2121.63911,2122.14837,100,20.0
2024.01.30 22:15,2121.55018,2121.75358,2119.73920,2120.50027,100,20.0
2024.01.30 22:30,2120.29239,2121.58038,2120.02361,2121.20431,100,20.0
2024.01.30 22:45,2121.21606,2122.25285,2120.34009,2121.87367,100,20.0
2024.01.30 23:00,2122.59289,2123.14889,2122.26905,2122.95729,100,20.0
2024.01.30 23:15,2122.74614,2123.28442,2122.37628,2123.18336,100,20.0
2024.01.30 23:30,2123.77507,2124.29665,2123.72062,2124.16433,100,20.0
2024.01.30 23:45,2123.56825,2123.62935,2123.45626,2123.48183,100,20.0
2024.01.31 00:00,2124.21871,2124.98538,2123.82338,2124.22954,100,20.0
2024.01.31 00:15,2124.82190,2125.22242,2124.50972,2125.08379,100,20.0
2024.01.31 00:30,2124.40831,2124.41831,2123.55754,2123.58909,100,20.0
2024.01.31 00:45,2124.90852,2125.16297,2123.92269,2124.25700,100,20.0
2024.01.31 01:00,2124.79346,2124.98079,2124.28938,2124.92481,100,20.0
2024.01.31 01:15,2125.49993,2125.99784,2125.29096,2125.74439,100,20.0
2024.01.31 01:30,2125.77423,2126.11422,2125.61632,2126.03421,100,20.0
2024.01.31 01:45,2125.95837,2126.64114,2125.78617,2126.45460,100,20.0
2024.01.31 02:00,2126.66383,2127.75792,2126.17406,2127.53974,100,20.0
2024.01.31 02:15,2127.42006,2127.71257,2127.27235,2127.39392,100,20.0
2024.01.31 02:30,2128.40307,2128.60346,2128.32820,2128.43432,100,20.0
2024.01.31 02:45,2128.74675,2130.19162,2128.26987,2129.77407,100,20.0
2024.01.31 03:00,2129.36130,2129.42810,2128.18968,2128.47283,100,20.0
2024.01.31 03:15,2129.07233,2129.10086,2127.91509,2128.10586,100,20.0
2024.01.31 03:30,2126.83692,2127.37682,2126.43490,2126.49265,100,20.0
2024.01.31 03:45,2126.00559,2126.57084,2125.27787,2126.43435,100,20.0
2024.01.31 04:00,2126.28450,2126.84773,2126.13180,2126.50807,100,20.0
2024.01.31 04:15,2126.76571,2127.62612,2126.28543,2126.69581,100,20.0
2024.01.31 04:30,2125.65712,2126.11931,2125.45624,2126.00511,100,20.0
2024.01.31 04:45,2126.44139,2127.31589,2126.31523,2126.89530,100,20.0
2024.01.31 05:00,2126.03525,2127.00744,2125.76409,2126.97389,100,20.0
2024.01.31 05:15,2127.10146,2127.84419,2126.75912,2127.26368,100,20.0
2024.01.31 05:30,2127.90161,2128.85508,2127.10061,2127.30095,100,20.0
2024.01.31 05:45,2126.94395,2127.37659,2126.46319,2127.27641,100,20.0
2024.01.31 06:00,2126.19943,2126.72379,2125.47446,2125.59848,100,20.0
2024.01.31 06:15,2125.43846,2126.28202,2124.49761,2124.60993,100,20.0
2024.01.31 06:30,2124.74523,2125.18788,2124.16870,2124.54564,100,20.0
2024.01.31 06:45,2125.09481,2125.61961,2124.56091,2124.96221,100,20.0
2024.01.31 07:00,2124.25078,2125.11713,2123.94413,2125.08272,100,20.0
2024.01.31 07:15,2126.05796,2126.42716,2125.24137,2125.41698,100,20.0
2024.01.31 07:30,2125.39604,2125.77536,2125.02300,2125.13979,100,20.0
2024.01.31 07:45,2125.58975,2126.41524,2125.06329,2126.12634,100,20.0
2024.01.31 08:00,2126.72801,2126.95625,2126.16645,2126.21738,100,20.0
2024.01.31 08:15,2126.73249,2127.85869,2126.47261,2127.62152,100,20.0
2024.01.31 08:30,2127.60291,2128.03557,2126.97139,2127.22798,100,20.0
2024.01.31 08:45,2127.54219,2127.93137,2127.06267,2127.32025,100,20.0
2024.01.31 09:00,2127.89407,2128.53706,2127.17521,2127.61940,100,20.0
2024.01.31 09:15,2127.40071,2127.87584,2127.11040,2127.80296,100,20.0
2024.01.31 09:30,2127.25678,2127.28855,2126.62066,2126.91099,100,20.0
2024.01.31 09:45,2127.09602,2127.59782,2126.92479,2127.02863,100,20.0
2024.01.31 10:00,2126.96374,2128.03415,2126.69199,2127.68835,100,20.0
2024.01.31 10:15,2128.83395,2129.36497,2128.63171,2128.93690,100,20.0
2024.01.31 10:30,2128.96463,2130.85294,2128.40571,2130.09089,100,20.0
2024.01.31 10:45,2130.12053,2130.18304,2129.45593,2129.48541,100,20.0
2024.01.31 11:00,2129.75189,2129.85881,2128.96920,2129.58112,100,20.0
2024.01.31 11:15,2129.77310,2130.71851,2129.67901,2130.27466,100,20.0
2024.01.31 11:30,2130.11436,2130.40054,2130.08974,2130.20195,100,20.0
2024.01.31 11:45,2130.00131,2130.17360,2129.22670,2129.50171,100,20.0
2024.01.31 12:00,2130.13236,2131.05442,2129.63746,2130.26159,100,20.0
2024.01.31 12:15,2130.33651,2131.60216,2130.10842,2131.12878,100,20.0
2024.01.31 12:30,2131.17561,2131.28085,2130.62838,2130.72524,100,20.0
2024.01.31 12:45,2129.38561,2129.81482,2128.82435,2129.40115,100,20.0
2024.01.31 13:00,2130.53834,2131.05418,2130.40629,2130.82896,100,20.0
2024.01.31 13:15,2131.49818,2133.34097,2131.41042,2132.71084,100,20.0
2024.01.31 13:30,2132.50944,2132.92467,2130.83940,2131.31625,100,20.0
2024.01.31 13:45,2132.09399,2132.76462,2131.46646,2132.57111,100,20.0
2024.01.31 14:00,2132.57813,2134.13591,2132.00539,2133.57954,100,20.0
2024.01.31 14:15,2133.84864,2134.19921,2133.79248,2133.98362,100,20.0
2024.01.31 14:30,2134.35259,2134.40144,2133.64747,2134.01925,100,20.0
2024.01.31 14:45,2133.84944,2133.94455,2133.20389,2133.36106,100,20.0
2024.01.31 15:00,2133.54521,2133.65019,2133.13699,2133.49949,100,20.0
2024.01.31 15:15,2134.18802,2135.30770,2133.92001,2135.15051,100,20.0
2024.01.31 15:30,2133.79143,2133.79478,2133.09162,2133.29515,100,20.0
2024.01.31 15:45,2134.54386,2135.49114,2134.42546,2135.20418,100,20.0
2024.01.31 16:00,2133.91619,2134.66270,2133.63029,2134.20769,100,20.0
2024.01.31 16:15,2133.15423,2133.45755,2131.93586,2132.36048,100,20.0
2024.01.31 16:30,2131.76456,2132.52885,2131.36569,2131.36660,100,20.0
2024.01.31 16:45,2130.67246,2130.89254,2129.58691,2129.78682,100,20.0
2024.01.31 17:00,2130.34863,2131.15795,2129.96816,2130.89484,100,20.0
2024.01.31 17:15,2130.56865,2130.68453,2130.40663,2130.57660,100,20.0
2024.01.31 17:30,2130.72617,2132.06621,2130.16491,2131.20630,100,20.0
2024.01.31 17:45,2130.92081,2131.05902,2130.40488,2130.63003,100,20.0
2024.01.31 18:00,2130.63899,2130.78715,2130.13136,2130.42101,100,20.0
2024.01.31 18:15,2131.46735,2131.85958,2131.17974,2131.25510,100,20.0
2024.01.31 18:30,2131.76793,2132.16730,2131.54721,2132.11731,100,20.0
2024.01.31 18:45,2132.91179,2132.99662,2132.52582,2132.97673,100,20.0
2024.01.31 19:00,2133.84946,2134.00309,2133.66130,2133.95620,100,20.0
2024.01.31 19:15,2133.85683,2134.50852,2133.32824,2133.91125,100,20.0
2024.01.31 19:30,2134.46827,2134.99569,2134.21427,2134.63168,100,20.0
2024.01.31 19:45,2135.31896,2135.82008,2135.12980,2135.51047,100,20.0
2024.01.31 20:00,2136.08585,2136.30902,2135.42997,2135.98090,100,20.0
2024.01.31 20:15,2135.98280,2136.78957,2135.66656,2136.44589,100,20.0
2024.01.31 20:30,2136.57183,2137.14961,2136.28306,2136.42624,100,20.0
2024.01.31 20:45,2136.78391,2136.82890,2136.11938,2136.17343,100,20.0
2024.01.31 21:00,2136.72032,2137.40939,2135.95800,2137.15640,100,20.0
2024.01.31 21:15,2138.37311,2139.14956,2138.13399,2138.52257,100,20.0
2024.01.31 21:30,2138.56347,2138.66062,2138.34844,2138.50723,100,20.0
2024.01.31 21:45,2137.87136,2139.54422,2137.50628,2138.58724,100,20.0
2024.01.31 22:00,2137.78432,2137.97958,2137.41595,2137.96535,100,20.0
2024.01.31 22:15,2137.90093,2138.19780,2137.02673,2137.07949,100,20.0
2024.01.31 22:30,2136.02373,2136.95194,2135.64800,2136.67800,100,20.0
2024.01.31 22:45,2137.58371,2137.75525,2137.53622,2137.55633,100,20.0
2024.01.31 23:00,2137.63971,2137.82935,2136.89853,2137.25568,100,20.0
2024.01.31 23:15,2136.88974,2137.02012,2136.57924,2136.72632,100,20.0
2024.01.31 23:30,2136.23550,2137.70958,2136.15968,2137.42482,100,20.0
2024.01.31 23:45,2137.72511,2137.77011,2137.62357,2137.72905,100,20.0
2024.02.01 00:00,2137.94800,2138.10592,2137.79619,2137.88463,100,20.0
2024.02.01 00:15,2137.58880,2137.67804,2136.91409,2137.26855,100,20.0
2024.02.01 00:30,2137.76046,2137.89421,2136.51481,2136.99625,100,20.0
2024.02.01 00:45,2137.30064,2137.46640,2136.59143,2136.83078,100,20.0
2024.02.01 01:00,2137.51416,2138.23625,2136.94545,2137.89230,100,20.0
2024.02.01 01:15,2136.85461,2137.96336,2136.59731,2137.40580,100,20.0
2024.02.01 01:30,2136.98445,2137.35241,2136.63166,2137.21900,100,20.0
2024.02.01 01:45,2137.00420,2137.22329,2136.32437,2136.50719,100,20.0
2024.02.01 02:00,2136.66017,2137.01235,2136.29963,2136.88401,100,20.0
2024.02.01 02:15,2137.05382,2137.06633,2136.42086,2136.68450,100,20.0
2024.02.01 02:30,2137.77601,2137.81105,2136.74200,2137.51812,100,20.0
2024.02.01 02:45,2137.54358,2137.60926,2137.29356,2137.53516,100,20.0
2024.02.01 03:00,2138.09682,2138.95673,2137.32054,2138.73210,100,20.0
2024.02.01 03:15,2139.32658,2140.30139,2139.29532,2139.94261,100,20.0
2024.02.01 03:30,2140.52951,2140.72098,2138.79850,2139.24666,100,20.0
2024.02.01 03:45,2138.53088,2138.84654,2138.52660,2138.77342,100,20.0
2024.02.01 04:00,2138.99638,2139.53049,2138.76004,2138.81608,100,20.0
2024.02.01 04:15,2137.88803,2138.08431,2137.61227,2137.70433,100,20.0
2024.02.01 04:30,2138.28432,2138.95088,2138.25246,2138.69330,100,20.0
2024.02.01 04:45,2137.74914,2138.19669,2136.23624,2136.89103,100,20.0
2024.02.01 05:00,2139.05560,2139.22756,2138.74300,2138.76748,100,20.0
2024.02.01 05:15,2138.39166,2138.47568,2138.03750,2138.23392,100,20.0
2024.02.01 05:30,2137.56457,2137.78837,2137.48350,2137.52425,100,20.0
2024.02.01 05:45,2137.52372,2138.18739,2137.20075,2137.23629,100,20.0
2024.02.01 06:00,2138.27735,2138.79877,2137.65035,2137.83117,100,20.0
2024.02.01 06:15,2138.26699,2138.40110,2137.25639,2138.06409,100,20.0
2024.02.01 06:30,2137.08560,2137.21199,2136.56379,2136.91499,100,20.0
2024.02.01 06:45,2136.91622,2137.60957,2136.53782,2136.64600,100,20.0
2024.02.01 07:00,2136.65552,2137.69702,2136.51197,2137.13586,100,20.0
2024.02.01 07:15,2137.29098,2137.52211,2136.84920,2136.98364,100,20.0
2024.02.01 07:30,2137.07999,2138.06295,2136.81927,2137.48441,100,20.0
2024.02.01 07:45,2137.41057,2137.55955,2136.56876,2136.81967,100,20.0
2024.02.01 08:00,2136.07105,2136.38030,2135.73499,2135.88669,100,20.0
2024.02.01 08:15,2136.16831,2136.69582,2136.14582,2136.23790,100,20.0
2024.02.01 08:30,2135.68134,2135.86463,2135.18834,2135.79749,100,20.0
2024.02.01 08:45,2135.94032,2136.09759,2135.43779,2135.97996,100,20.0
2024.02.01 09:00,2135.45330,2136.12183,2134.94925,2135.84083,100,20.0
2024.02.01 09:15,2136.17516,2136.20373,2134.53644,2134.59639,100,20.0
2024.02.01 09:30,2133.98723,2134.06720,2133.55055,2133.67345,100,20.0
2024.02.01 09:45,2133.84565,2134.29515,2133.03062,2133.61173,100,20.0
2024.02.01 10:00,2133.65126,2133.86515,2132.81849,2133.38290,100,20.0
2024.02.01 10:15,2132.85783,2133.75846,2132.66234,2133.60020,100,20.0
2024.02.01 10:30,2132.77437,2133.27022,2132.11527,2133.22341,100,20.0
2024.02.01 10:45,2134.71383,2135.17631,2134.70374,2135.00961,100,20.0
2024.02.01 11:00,2134.31042,2134.71334,2134.13722,2134.39028,100,20.0
2024.02.01 11:15,2134.26722,2134.38953,2134.24448,2134.29432,100,20.0
2024.02.01 11:30,2135.36459,2135.56521,2135.04592,2135.25781,100,20.0
2024.02.01 11:45,2134.69531,2135.69309,2134.57040,2135.42875,100,20.0
2024.02.01 12:00,2135.14297,2135.42717,2133.69439,2134.02810,100,20.0
2024.02.01 12:15,2134.77390,2135.20949,2134.51351,2134.57120,100,20.0
2024.02.01 12:30,2135.20368,2135.71869,2134.60240,2134.74530,100,20.0
2024.02.01 12:45,2135.39983,2135.86873,2135.17773,2135.26327,100,20.0
2024.02.01 13:00,2134.96768,2135.05357,2134.58934,2134.95553,100,20.0
2024.02.01 13:15,2134.63004,2135.14984,2134.09858,2134.91741,100,20.0
2024.02.01 13:30,2136.05131,2137.03784,2135.63572,2136.55682,100,20.0
2024.02.01 13:45,2135.43226,2135.91447,2135.36923,2135.53883,100,20.0
2024.02.01 14:00,2136.58028,2137.01819,2136.28783,2136.65065,100,20.0
2024.02.01 14:15,2136.37064,2136.73446,2136.22345,2136.24238,100,20.0
2024.02.01 14:30,2136.07620,2136.13078,2135.49616,2135.68522,100,20.0
2024.02.01 14:45,2135.10900,2135.26932,2134.06421,2134.85234,100,20.0
2024.02.01 15:00,2134.62666,2134.99281,2134.30878,2134.43368,100,20.0
2024.02.01 15:15,2134.71889,2135.45087,2134.11221,2134.75671,100,20.0
2024.02.01 15:30,2134.34291,2134.87687,2133.81418,2134.86496,100,20.0
2024.02.01 15:45,2134.39010,2134.70411,2134.16484,2134.34170,100,20.0
2024.02.01 16:00,2135.36946,2135.49205,2134.70749,2135.13686,100,20.0
2024.02.01 16:15,2134.40376,2135.09444,2133.99475,2135.04281,100,20.0
2024.02.01 16:30,2135.01222,2135.52867,2134.59867,2135.39824,100,20.0
2024.02.01 16:45,2135.45103,2135.87702,2135.30250,2135.53002,100,20.0
2024.02.01 17:00,2134.90992,2135.57462,2134.55444,2135.31772,100,20.0
2024.02.01 17:15,2136.08579,2136.25094,2135.68328,2136.04935,100,20.0
2024.02.01 17:30,2135.43017,2135.83831,2135.26690,2135.72609,100,20.0
2024.02.01 17:45,2135.90526,2136.56042,2135.02932,2135.18752,100,20.0
2024.02.01 18:00,2134.53868,2134.89775,2134.20713,2134.23164,100,20.0
2024.02.01 18:15,2132.92524,2133.20478,2132.88904,2133.13016,100,20.0
2024.02.01 18:30,2131.75168,2132.05152,2131.59825,2131.70718,100,20.0
2024.02.01 18:45,2131.84824,2132.33192,2131.27108,2132.05149,100,20.0
2024.02.01 19:00,2132.39829,2133.07124,2132.18317,2132.62201,100,20.0
2024.02.01 19:15,2133.05280,2134.12845,2132.94258,2133.88597,100,20.0
2024.02.01 19:30,2135.17777,2136.04816,2134.44634,2135.76435,100,20.0
2024.02.01 19:45,2135.54846,2135.61187,2135.19565,2135.46909,100,20.0
2024.02.01 20:00,2135.26427,2135.64650,2134.75540,2134.85084,100,20.0
2024.02.01 20:15,2133.72587,2134.53635,2133.38901,2134.24298,100,20.0
2024.02.01 20:30,2133.17284,2133.92410,2133.00604,2133.85367,100,20.0
2024.02.01 20:45,2133.78449,2134.50078,2133.45111,2134.28177,100,20.0
2024.02.01 21:00,2133.94862,2134.52924,2133.60641,2133.68112,100,20.0
2024.02.01 21:15,2134.49621,2134.50866,2134.05921,2134.15522,100,20.0
2024.02.01 21:30,2133.87344,2134.07353,2133.21546,2133.67446,100,20.0
2024.02.01 21:45,2133.00673,2133.70953,2132.42722,2132.79616,100,20.0
2024.02.01 22:00,2134.00727,2134.33492,2133.47661,2134.30900,100,20.0
2024.02.01 22:15,2133.87483,2134.65444,2133.69579,2133.96222,100,20.0
2024.02.01 22:30,2135.02718,2136.26070,2134.40207,2136.06289,100,20.0
2024.02.01 22:45,2135.89588,2136.52301,2135.15970,2135.16776,100,20.0
2024.02.01 23:00,2134.95476,2136.02801,2134.63626,2135.54388,100,20.0
2024.02.01 23:15,2135.60069,2135.67568,2134.08023,2134.64554,100,20.0
2024.02.01 23:30,2134.78534,2134.80220,2134.00230,2134.10453,100,20.0
2024.02.01 23:45,2134.61065,2135.19259,2133.87688,2134.21848,100,20.0
2024.02.02 00:00,2133.81079,2134.83547,2133.66781,2134.35773,100,20.0
2024.02.02 00:15,2134.13065,2134.32167,2133.90703,2133.97861,100,20.0
2024.02.02 00:30,2133.95562,2134.54575,2133.88889,2134.24629,100,20.0
2024.02.02 00:45,2133.16248,2133.54278,2132.79977,2133.03391,100,20.0
2024.02.02 01:00,2132.24020,2132.71254,2131.83722,2132.00670,100,20.0
2024.02.02 01:15,2132.30298,2132.64860,2131.33297,2131.87363,100,20.0
2024.02.02 01:30,2130.83987,2131.53849,2130.69829,2131.40096,100,20.0
2024.02.02 01:45,2130.51200,2130.90457,2130.00384,2130.55069,100,20.0
2024.02.02 02:00,2130.12016,2130.31256,2129.80093,2130.14962,100,20.0
2024.02.02 02:15,2131.11719,2131.21212,2130.29515,2130.44530,100,20.0
2024.02.02 02:30,2132.24082,2132.85140,2132.10126,2132.56711,100,20.0
2024.02.02 02:45,2133.31060,2134.00968,2132.83004,2133.92071,100,20.0
2024.02.02 03:00,2134.66887,2135.48040,2134.34561,2135.24647,100,20.0
2024.02.02 03:15,2135.67212,2136.85531,2135.41734,2136.40126,100,20.0
2024.02.02 03:30,2136.03889,2136.94675,2135.65329,2136.78203,100,20.0
2024.02.02 03:45,2137.08487,2137.38609,2136.62097,2136.79892,100,20.0
2024.02.02 04:00,2136.95336,2136.98543,2136.16195,2136.29291,100,20.0
2024.02.02 04:15,2136.17940,2137.13081,2136.02534,2136.32531,100,20.0
2024.02.02 04:30,2137.43098,2138.69033,2137.29994,2138.31873,100,20.0
2024.02.02 04:45,2138.20638,2138.73089,2137.54550,2137.81978,100,20.0
2024.02.02 05:00,2138.03162,2139.68905,2137.82198,2138.57861,100,20.0
2024.02.02 05:15,2138.80254,2139.54151,2138.71347,2139.34308,100,20.0
2024.02.02 05:30,2139.23714,2139.53280,2138.27734,2138.58616,100,20.0
2024.02.02 05:45,2138.41305,2138.80228,2137.87633,2138.05353,100,20.0
2024.02.02 06:00,2138.64552,2139.10898,2137.94670,2138.35774,100,20.0
2024.02.02 06:15,2139.08827,2139.13179,2138.10227,2138.42615,100,20.0
2024.02.02 06:30,2138.21193,2138.74795,2137.86981,2138.47807,100,20.0
2024.02.02 06:45,2137.23213,2137.56008,2137.10238,2137.17624,100,20.0
2024.02.02 07:00,2136.96763,2137.33731,2136.74640,2137.03178,100,20.0
2024.02.02 07:15,2137.38643,2137.44190,2136.95449,2137.03630,100,20.0
2024.02.02 07:30,2136.82779,2137.17357,2136.66402,2136.88630,100,20.0
2024.02.02 07:45,2136.93625,2136.98923,2136.19725,2136.73370,100,20.0
2024.02.02 08:00,2136.57000,2136.72609,2136.19238,2136.52928,100,20.0
2024.02.02 08:15,2137.03488,2137.33270,2136.72196,2137.09913,100,20.0
2024.02.02 08:30,2137.05133,2137.66480,2136.98613,2137.29757,100,20.0
2024.02.02 08:45,2137.39989,2137.82515,2137.05939,2137.12363,100,20.0
2024.02.02 09:00,2135.80839,2136.41177,2135.43175,2135.47351,100,20.0
2024.02.02 09:15,2135.20813,2135.66187,2134.57412,2135.52682,100,20.0
2024.02.02 09:30,2136.00239,2136.48108,2135.95552,2135.98269,100,20.0
2024.02.02 09:45,2136.23635,2136.49309,2135.86181,2135.96494,100,20.0
2024.02.02 10:00,2136.87859,2137.12695,2135.99906,2136.56118,100,20.0
2024.02.02 10:15,2136.52851,2136.92394,2135.84309,2136.23569,100,20.0
2024.02.02 10:30,2135.92848,2135.94075,2135.42401,2135.54349,100,20.0
2024.02.02 10:45,2136.19591,2136.33281,2135.75034,2135.99934,100,20.0
2024.02.02 11:00,2136.34237,2137.18494,2135.61450,2136.94910,100,20.0
2024.02.02 11:15,2137.19876,2137.27366,2136.19049,2136.28861,100,20.0
2024.02.02 11:30,2135.14430,2135.18919,2134.64332,2134.93110,100,20.0
2024.02.02 11:45,2135.66720,2135.74741,2135.33478,2135.33625,100,20.0
2024.02.02 12:00,2135.25130,2135.46086,2134.99134,2135.20005,100,20.0
2024.02.02 12:15,2134.72992,2134.92599,2134.47286,2134.80718,100,20.0
2024.02.02 12:30,2134.66494,2134.80040,2133.87602,2134.16381,100,20.0
2024.02.02 12:45,2133.55234,2134.18315,2132.90512,2133.49411,100,20.0
2024.02.02 13:00,2134.18125,2134.30222,2133.53287,2134.24273,100,20.0
2024.02.02 13:15,2133.90470,2134.60719,2133.25316,2133.58886,100,20.0
2024.02.02 13:30,2135.14493,2135.94066,2134.83344,2135.30892,100,20.0
2024.02.02 13:45,2134.73420,2134.89928,2134.46745,2134.89565,100,20.0
2024.02.02 14:00,2135.36563,2135.94359,2135.12582,2135.78982,100,20.0
2024.02.02 14:15,2137.30333,2138.08171,2136.90763,2137.89590,100,20.0
2024.02.02 14:30,2137.66802,2138.13354,2137.59607,2138.04196,100,20.0
2024.02.02 14:45,2137.20834,2137.87431,2136.70028,2137.36751,100,20.0
2024.02.02 15:00,2137.15954,2137.41818,2136.49790,2136.92385,100,20.0
2024.02.02 15:15,2136.82907,2137.02244,2136.41696,2136.91491,100,20.0
2024.02.02 15:30,2136.78475,2136.85724,2136.57242,2136.77179,100,20.0
2024.02.02 15:45,2136.85426,2137.65155,2136.08537,2136.52456,100,20.0
2024.02.02 16:00,2136.73254,2137.67737,2136.65430,2137.18604,100,20.0
2024.02.02 16:15,2136.24605,2137.04790,2136.18022,2137.04661,100,20.0
2024.02.02 16:30,2138.09442,2138.20560,2137.46764,2137.65677,100,20.0
2024.02.02 16:45,2136.57505,2137.71176,2136.34835,2137.44303,100,20.0
2024.02.02 17:00,2136.52065,2136.53117,2136.18727,2136.32309,100,20.0
2024.02.02 17:15,2136.88849,2137.68454,2136.01132,2137.13322,100,20.0
2024.02.02 17:30,2136.97720,2136.98730,2136.64488,2136.78347,100,20.0
2024.02.02 17:45,2136.98278,2137.31489,2136.50339,2137.16161,100,20.0
2024.02.02 18:00,2137.59759,2138.49614,2137.47546,2138.13801,100,20.0
2024.02.02 18:15,2137.59252,2139.33099,2137.46580,2138.64781,100,20.0
2024.02.02 18:30,2137.89770,2138.31785,2137.24540,2138.26246,100,20.0
2024.02.02 18:45,2137.99665,2138.96122,2137.65608,2138.74624,100,20.0
2024.02.02 19:00,2139.22585,2139.42838,2138.92708,2139.13739,100,20.0
2024.02.02 19:15,2139.78878,2140.41097,2139.73282,2140.33014,100,20.0
2024.02.02 19:30,2139.99673,2140.79987,2139.62786,2140.57117,100,20.0
2024.02.02 19:45,2141.27744,2142.18085,2140.32079,2140.90550,100,20.0
2024.02.02 20:00,2139.57046,2140.79681,2139.29953,2140.34296,100,20.0
2024.02.02 20:15,2140.27456,2140.92959,2140.22884,2140.38440,100,20.0
2024.02.02 20:30,2140.76227,2141.24782,2140.53724,2141.24237,100,20.0
2024.02.02 20:45,2140.11968,2140.35183,2139.42955,2139.78101,100,20.0
2024.02.02 21:00,2140.38495,2141.09789,2140.32129,2141.03228,100,20.0
2024.02.02 21:15,2141.44896,2142.03699,2141.36930,2141.59129,100,20.0
2024.02.02 21:30,2141.92460,2142.47593,2141.36586,2141.63522,100,20.0
2024.02.02 21:45,2141.71048,2141.88652,2140.82854,2141.14012,100,20.0
2024.02.02 22:00,2142.69364,2143.04414,2141.81275,2142.27294,100,20.0
2024.02.02 22:15,2142.51021,2142.95525,2141.18389,2141.74312,100,20.0
2024.02.02 22:30,2141.54433,2141.96189,2141.15564,2141.18071,100,20.0
2024.02.02 22:45,2141.33744,2141.52536,2140.56647,2140.84828,100,20.0
2024.02.02 23:00,2140.73735,2141.04621,2139.90622,2140.21636,100,20.0
2024.02.02 23:15,2139.78332,2139.93423,2139.07355,2139.59883,100,20.0
2024.02.02 23:30,2139.81550,2140.44971,2138.67001,2138.79368,100,20.0
2024.02.02 23:45,2140.23118,2140.74931,2138.97224,2139.17051,100,20.0
2024.02.03 00:00,2140.02727,2141.32708,2139.95180,2140.68859,100,20.0
2024.02.03 00:15,2140.05991,2140.18998,2139.86682,2140.16426,100,20.0
2024.02.03 00:30,2140.76548,2140.80265,2139.68564,2140.00190,100,20.0
2024.02.03 00:45,2140.31251,2141.26096,2139.91937,2140.59735,100,20.0
2024.02.03 01:00,2140.36616,2140.72029,2138.90827,2139.27374,100,20.0
2024.02.03 01:15,2138.33654,2138.44046,2137.62992,2138.18744,100,20.0
2024.02.03 01:30,2137.68384,2138.12892,2137.01379,2138.10395,100,20.0
2024.02.03 01:45,2138.38175,2139.12120,2138.27145,2138.96468,100,20.0
2024.02.03 02:00,2138.89824,2140.73287,2138.64824,2139.53499,100,20.0
2024.02.03 02:15,2140.06494,2140.12010,2138.89329,2139.03959,100,20.0
2024.02.03 02:30,2138.69544,2139.21905,2138.55050,2139.18924,100,20.0
2024.02.03 02:45,2140.13583,2140.58024,2140.07183,2140.07570,100,20.0
2024.02.03 03:00,2140.36651,2140.73364,2138.94304,2139.52247,100,20.0
2024.02.03 03:15,2140.03630,2140.25113,2139.63177,2139.77608,100,20.0
2024.02.03 03:30,2139.89938,2140.54492,2139.68786,2140.43633,100,20.0
2024.02.03 03:45,2141.00693,2141.31677,2140.84522,2141.26943,100,20.0
2024.02.03 04:00,2141.05432,2141.48332,2140.48857,2140.68763,100,20.0
2024.02.03 04:15,2140.39092,2141.07020,2139.35834,2139.83001,100,20.0
2024.02.03 04:30,2138.95416,2139.04140,2138.14602,2138.49374,100,20.0
2024.02.03 04:45,2138.50967,2139.27310,2138.31695,2138.47752,100,20.0
2024.02.03 05:00,2137.99138,2138.13442,2137.31731,2137.97146,100,20.0
2024.02.03 05:15,2137.81492,2138.63951,2137.61481,2137.87566,100,20.0
2024.02.03 05:30,2138.20305,2138.47266,2137.04465,2137.18212,100,20.0
2024.02.03 05:45,2137.79757,2138.46519,2137.22842,2138.22559,100,20.0
2024.02.03 06:00,2137.33128,2137.67821,2137.18991,2137.64488,100,20.0
2024.02.03 06:15,2138.49173,2139.85144,2138.33989,2139.84074,100,20.0
2024.02.03 06:30,2140.43308,2140.75254,2139.52996,2139.64508,100,20.0
2024.02.03 06:45,2140.87829,2141.83477,2140.00845,2140.47203,100,20.0
2024.02.03 07:00,2141.04841,2141.86564,2140.48690,2141.46813,100,20.0
2024.02.03 07:15,2140.91133,2141.40100,2140.50670,2141.32914,100,20.0
2024.02.03 07:30,2141.55526,2141.71344,2141.19495,2141.69251,100,20.0
2024.02.03 07:45,2141.50257,2142.01272,2141.03649,2141.65316,100,20.0
2024.02.03 08:00,2140.50020,2141.54730,2140.47939,2141.30564,100,20.0
2024.02.03 08:15,2142.28810,2142.36004,2141.88525,2142.08538,100,20.0
2024.02.03 08:30,2143.76653,2143.91325,2143.24933,2143.33892,100,20.0
2024.02.03 08:45,2142.90264,2143.33573,2142.90109,2143.03139,100,20.0
2024.02.03 09:00,2142.06773,2142.37398,2141.66632,2141.67653,100,20.0
2024.02.03 09:15,2141.20302,2141.31956,2140.62240,2140.63693,100,20.0
2024.02.03 09:30,2140.55783,2140.99805,2139.87415,2140.15461,100,20.0
2024.02.03 09:45,2139.61067,2139.78366,2139.13909,2139.37711,100,20.0
2024.02.03 10:00,2140.04227,2140.45114,2139.60516,2139.62138,100,20.0
2024.02.03 10:15,2140.05011,2140.69115,2140.00325,2140.35910,100,20.0
2024.02.03 10:30,2140.69435,2140.80784,2139.98984,2140.64777,100,20.0
2024.02.03 10:45,2140.11075,2141.43001,2140.01586,2140.05415,100,20.0
2024.02.03 11:00,2140.81536,2141.43408,2140.72003,2141.20088,100,20.0
2024.02.03 11:15,2140.58329,2140.64541,2139.34818,2139.66378,100,20.0
2024.02.03 11:30,2139.45274,2140.04039,2139.13158,2139.70619,100,20.0
2024.02.03 11:45,2138.94685,2139.36361,2138.27632,2138.72089,100,20.0
2024.02.03 12:00,2138.25376,2138.39508,2137.80224,2137.92945,100,20.0
2024.02.03 12:15,2138.78349,2139.11511,2137.81885,2137.96321,100,20.0
2024.02.03 12:30,2137.96656,2138.28694,2137.90972,2138.07746,100,20.0
2024.02.03 12:45,2139.31908,2139.64820,2139.03671,2139.38529,100,20.0
2024.02.03 13:00,2139.14599,2139.40918,2138.44832,2138.84493,100,20.0
2024.02.03 13:15,2139.59882,2140.64980,2139.42491,2140.56064,100,20.0
2024.02.03 13:30,2140.64074,2140.78925,2140.03997,2140.26880,100,20.0
2024.02.03 13:45,2141.19287,2141.27444,2140.99226,2141.06876,100,20.0
2024.02.03 14:00,2141.87063,2141.87075,2141.28417,2141.81907,100,20.0
2024.02.03 14:15,2142.26708,2142.80090,2141.81141,2142.08006,100,20.0
2024.02.03 14:30,2141.90695,2143.44822,2141.59580,2142.80939,100,20.0
2024.02.03 14:45,2141.95546,2142.06989,2141.19023,2141.56535,100,20.0
2024.02.03 15:00,2141.72098,2142.28873,2141.50033,2142.14296,100,20.0
2024.02.03 15:15,2141.95835,2143.14315,2141.90864,2142.66618,100,20.0
2024.02.03 15:30,2142.61754,2143.24595,2142.51874,2142.84523,100,20.0
2024.02.03 15:45,2143.29786,2143.90225,2142.99043,2143.37272,100,20.0
2024.02.03 16:00,2142.01717,2142.12658,2141.37616,2141.82513,100,20.0
2024.02.03 16:15,2141.03934,2141.73886,2140.34359,2141.39461,100,20.0
2024.02.03 16:30,2141.62699,2142.05843,2140.83803,2141.98441,100,20.0
2024.02.03 16:45,2141.42204,2141.91200,2141.27687,2141.53454,100,20.0
2024.02.03 17:00,2141.71111,2141.78438,2140.97473,2141.22769,100,20.0
2024.02.03 17:15,2141.25619,2142.19348,2140.68799,2140.85164,100,20.0
2024.02.03 17:30,2141.05432,2141.18195,2140.42577,2141.17909,100,20.0
2024.02.03 17:45,2141.02147,2141.53715,2140.60499,2141.18179,100,20.0
2024.02.03 18:00,2141.35205,2141.43565,2141.18103,2141.29535,100,20.0
2024.02.03 18:15,2141.53278,2142.56369,2141.44679,2142.26262,100,20.0
2024.02.03 18:30,2141.29781,2141.68792,2140.76871,2141.57591,100,20.0
2024.02.03 18:45,2143.08704,2143.17530,2142.47403,2142.59770,100,20.0
2024.02.03 19:00,2143.20714,2144.53866,2143.02961,2143.75056,100,20.0
2024.02.03 19:15,2142.40340,2143.34340,2141.97892,2143.26564,100,20.0
2024.02.03 19:30,2143.41238,2144.11722,2142.51681,2143.23988,100,20.0
2024.02.03 19:45,2144.10058,2144.44134,2143.80032,2143.93403,100,20.0
2024.02.03 20:00,2144.44668,2144.72342,2143.57794,2143.69258,100,20.0
2024.02.03 20:15,2144.31505,2144.88934,2143.96874,2144.63142,100,20.0
2024.02.03 20:30,2144.30641,2144.95290,2143.38417,2144.24369,100,20.0
2024.02.03 20:45,2143.75312,2144.37509,2143.41658,2143.42339,100,20.0
2024.02.03 21:00,2143.01573,2143.17268,2142.50208,2142.59292,100,20.0
2024.02.03 21:15,2142.44795,2143.00355,2141.81697,2142.92607,100,20.0
2024.02.03 21:30,2143.61311,2144.12692,2143.33087,2143.93672,100,20.0
2024.02.03 21:45,2144.40856,2145.22235,2143.92708,2144.89223,100,20.0
2024.02.03 22:00,2144.24993,2145.60783,2143.45952,2144.99330,100,20.0
2024.02.03 22:15,2145.62190,2145.69158,2144.79104,2144.82946,100,20.0
2024.02.03 22:30,2145.43271,2146.15766,2145.18495,2146.13729,100,20.0
2024.02.03 22:45,2145.93065,2146.21073,2145.21704,2145.84594,100,20.0
2024.02.03 23:00,2146.00588,2146.55478,2145.46308,2146.26858,100,20.0
2024.02.03 23:15,2146.62223,2147.22841,2146.10821,2147.12464,100,20.0
2024.02.03 23:30,2146.81285,2147.71985,2146.19918,2147.49860,100,20.0
2024.02.03 23:45,2147.95102,2148.63374,2147.55373,2148.42467,100,20.0
2024.02.04 00:00,2148.84350,2149.58110,2148.62148,2149.23064,100,20.0
2024.02.04 00:15,2149.84018,2150.36483,2149.63812,2149.77618,100,20.0
2024.02.04 00:30,2149.31746,2149.36357,2148.77294,2148.89264,100,20.0
2024.02.04 00:45,2149.64902,2150.27277,2149.12639,2149.85601,100,20.0
2024.02.04 01:00,2149.62011,2150.89391,2149.01134,2150.03007,100,20.0
2024.02.04 01:15,2149.17474,2150.26970,2149.01023,2150.11042,100,20.0
2024.02.04 01:30,2148.76080,2149.36863,2148.31745,2148.49209,100,20.0
2024.02.04 01:45,2148.90692,2149.69268,2148.50046,2149.41724,100,20.0
2024.02.04 02:00,2148.90671,2149.53942,2148.81650,2149.10926,100,20.0
2024.02.04 02:15,2148.55834,2148.64542,2147.83840,2148.18968,100,20.0
2024.02.04 02:30,2147.73113,2147.76606,2147.02695,2147.32746,100,20.0
2024.02.04 02:45,2146.90974,2147.09563,2145.09344,2145.92887,100,20.0
2024.02.04 03:00,2145.72741,2147.17434,2145.41602,2146.80725,100,20.0
2024.02.04 03:15,2147.39823,2147.66852,2146.43996,2147.63781,100,20.0
2024.02.04 03:30,2147.05068,2147.40019,2146.64577,2147.25510,100,20.0
2024.02.04 03:45,2146.77332,2146.98563,2145.83370,2145.99085,100,20.0
2024.02.04 04:00,2146.45828,2146.94419,2146.12212,2146.48784,100,20.0
2024.02.04 04:15,2146.07307,2146.63544,2145.84124,2145.93070,100,20.0
2024.02.04 04:30,2145.68020,2146.50142,2145.50740,2145.89611,100,20.0
2024.02.04 04:45,2145.73853,2146.40578,2145.43232,2145.97176,100,20.0
2024.02.04 05:00,2145.96038,2146.63473,2145.60622,2146.62837,100,20.0
2024.02.04 05:15,2147.22080,2147.41988,2146.54919,2146.69105,100,20.0
2024.02.04 05:30,2146.95286,2147.26548,2146.77525,2146.96528,100,20.0
2024.02.04 05:45,2147.30978,2148.09311,2147.10975,2147.45634,100,20.0
2024.02.04 06:00,2147.77016,2148.20412,2147.30015,2147.31946,100,20.0
2024.02.04 06:15,2147.86480,2148.42154,2147.38505,2147.93251,100,20.0
2024.02.04 06:30,2148.53581,2148.80849,2148.20534,2148.71870,100,20.0
2024.02.04 06:45,2149.65581,2149.78695,2148.94024,2149.00433,100,20.0
2024.02.04 07:00,2148.65002,2149.81804,2148.22253,2148.82262,100,20.0
2024.02.04 07:15,2149.34312,2149.69256,2149.06407,2149.60231,100,20.0
2024.02.04 07:30,2149.58892,2149.88975,2149.57747,2149.70636,100,20.0
2024.02.04 07:45,2150.46163,2151.14775,2150.39064,2150.97722,100,20.0
2024.02.04 08:00,2151.11902,2151.91009,2150.77762,2151.80554,100,20.0
2024.02.04 08:15,2152.35999,2152.49653,2152.17940,2152.49439,100,20.0
2024.02.04 08:30,2152.43703,2153.12886,2151.96498,2152.80725,100,20.0
2024.02.04 08:45,2153.46358,2153.88783,2152.76764,2152.92456,100,20.0
2024.02.04 09:00,2152.57489,2153.31965,2151.92572,2153.14801,100,20.0
2024.02.04 09:15,2151.93447,2152.79547,2151.47422,2152.19919,100,20.0
2024.02.04 09:30,2151.81583,2151.88773,2150.75779,2151.45421,100,20.0
2024.02.04 09:45,2151.35047,2151.62614,2150.52462,2150.74934,100,20.0
2024.02.04 10:00,2150.27032,2150.72472,2149.97390,2150.40092,100,20.0
2024.02.04 10:15,2150.50546,2150.95142,2150.43568,2150.49207,100,20.0
2024.02.04 10:30,2151.17354,2151.59039,2151.12236,2151.51433,100,20.0
2024.02.04 10:45,2151.96597,2152.05802,2150.91152,2151.33231,100,20.0
2024.02.04 11:00,2151.08416,2151.37749,2150.63758,2150.72379,100,20.0
2024.02.04 11:15,2150.94819,2151.29242,2149.90778,2150.15182,100,20.0
2024.02.04 11:30,2150.35832,2150.97531,2149.28237,2150.08010,100,20.0
2024.02.04 11:45,2150.87801,2151.03392,2150.21103,2150.45764,100,20.0
2024.02.04 12:00,2149.98003,2150.45837,2149.38395,2149.70207,100,20.0
2024.02.04 12:15,2150.19502,2150.44333,2149.82103,2150.06150,100,20.0
2024.02.04 12:30,2150.55526,2151.11786,2150.01663,2150.90253,100,20.0
2024.02.04 12:45,2151.05332,2151.19523,2150.33677,2150.40686,100,20.0
2024.02.04 13:00,2150.99247,2151.30846,2150.76859,2150.92804,100,20.0
2024.02.04 13:15,2151.28786,2151.65138,2150.84536,2150.92487,100,20.0
2024.02.04 13:30,2149.60790,2149.64189,2149.07832,2149.17500,100,20.0
2024.02.04 13:45,2149.53652,2149.84891,2148.35631,2148.37969,100,20.0
2024.02.04 14:00,2148.59524,2149.13728,2147.97681,2148.29403,100,20.0
2024.02.04 14:15,2147.61556,2147.85023,2147.40336,2147.70097,100,20.0
2024.02.04 14:30,2146.98157,2147.42151,2146.74766,2146.78945,100,20.0
2024.02.04 14:45,2146.87456,2148.01535,2146.86374,2147.82555,100,20.0
2024.02.04 15:00,2147.41408,2147.72767,2146.69791,2146.75541,100,20.0
2024.02.04 15:15,2145.89768,2145.94213,2144.81225,2145.08030,100,20.0
2024.02.04 15:30,2145.36909,2145.55837,2144.66772,2144.85638,100,20.0
2024.02.04 15:45,2144.56740,2144.94567,2143.92481,2144.92884,100,20.0
2024.02.04 16:00,2145.08062,2145.79576,2144.40249,2144.45872,100,20.0
2024.02.04 16:15,2143.05919,2143.54087,2142.43728,2143.06555,100,20.0
2024.02.04 16:30,2143.52234,2143.65175,2143.10588,2143.13106,100,20.0
2024.02.04 16:45,2143.33779,2143.42923,2142.98688,2143.34634,100,20.0
2024.02.04 17:00,2142.76640,2143.66287,2142.47219,2143.12628,100,20.0
2024.02.04 17:15,2143.99123,2144.84783,2143.88426,2144.72144,100,20.0
2024.02.04 17:30,2144.77444,2145.90377,2144.66091,2145.63274,100,20.0
2024.02.04 17:45,2146.38019,2146.46866,2145.62534,2146.07113,100,20.0
2024.02.04 18:00,2145.33068,2145.56540,2144.59172,2144.61207,100,20.0
2024.02.04 18:15,2144.68259,2144.84238,2144.61406,2144.74167,100,20.0
2024.02.04 18:30,2144.69004,2144.86853,2144.04625,2144.61349,100,20.0
2024.02.04 18:45,2143.98199,2144.38927,2143.21909,2143.55460,100,20.0
2024.02.04 19:00,2142.59307,2143.44339,2142.36070,2143.02258,100,20.0
2024.02.04 19:15,2143.50595,2144.08465,2142.94000,2143.02995,100,20.0
2024.02.04 19:30,2143.33562,2143.42317,2141.78877,2142.16128,100,20.0
2024.02.04 19:45,2141.71415,2142.70783,2141.06503,2142.29078,100,20.0
2024.02.04 20:00,2143.40432,2143.87615,2142.02559,2142.06005,100,20.0
2024.02.04 20:15,2141.65261,2142.42407,2141.61839,2142.04888,100,20.0
2024.02.04 20:30,2141.78049,2142.40260,2141.56354,2141.99346,100,20.0
2024.02.04 20:45,2142.24203,2142.43784,2141.62076,2141.94036,100,20.0
2024.02.04 21:00,2142.48471,2143.20225,2141.50467,2141.65205,100,20.0
2024.02.04 21:15,2141.59499,2141.61431,2140.46765,2140.63612,100,20.0
2024.02.04 21:30,2140.74970,2141.19555,2140.40206,2141.01638,100,20.0
2024.02.04 21:45,2142.43909,2142.89302,2142.15730,2142.36589,100,20.0
2024.02.04 22:00,2143.12825,2143.30354,2141.91733,2142.46597,100,20.0
2024.02.04 22:15,2142.66045,2142.69217,2142.12934,2142.27340,100,20.0
2024.02.04 22:30,2141.83897,2142.36928,2141.57252,2141.63320,100,20.0
2024.02.04 22:45,2141.42551,2142.36901,2140.74802,2140.99144,100,20.0
2024.02.04 23:00,2140.58214,2141.09356,2140.36244,2140.90659,100,20.0
2024.02.04 23:15,2140.60023,2141.16668,2140.17106,2141.15301,100,20.0
2024.02.04 23:30,2141.38870,2141.67152,2140.41475,2140.47768,100,20.0
2024.02.04 23:45,2140.77151,2140.99919,2140.18091,2140.31221,100,20.0
2024.02.05 00:00,2141.54286,2142.85004,2141.14485,2142.37714,100,20.0
2024.02.05 00:15,2142.98198,2143.23217,2142.10881,2142.66119,100,20.0
2024.02.05 00:30,2142.71853,2142.95362,2141.80529,2142.86002,100,20.0
2024.02.05 00:45,2142.73732,2143.48047,2142.32158,2143.30948,100,20.0
2024.02.05 01:00,2142.97292,2143.00195,2141.87546,2142.53338,100,20.0
2024.02.05 01:15,2142.68503,2142.94487,2142.34559,2142.56870,100,20.0
2024.02.05 01:30,2143.02281,2143.40899,2142.35641,2142.61983,100,20.0
2024.02.05 01:45,2143.07706,2143.27979,2142.09394,2142.66564,100,20.0
2024.02.05 02:00,2143.49029,2143.58216,2143.42331,2143.51165,100,20.0
2024.02.05 02:15,2143.41371,2144.01002,2142.79154,2143.54534,100,20.0
2024.02.05 02:30,2143.61041,2144.01581,2143.09529,2143.43200,100,20.0
2024.02.05 02:45,2143.57471,2143.66684,2142.83609,2142.98483,100,20.0
2024.02.05 03:00,2143.05085,2143.30220,2142.58010,2142.88686,100,20.0
2024.02.05 03:15,2142.67436,2142.93712,2141.52885,2142.08752,100,20.0
2024.02.05 03:30,2142.80995,2142.86409,2141.67436,2142.03707,100,20.0
2024.02.05 03:45,2142.04963,2142.11001,2141.97828,2142.00158,100,20.0
2024.02.05 04:00,2142.77048,2142.89939,2141.46487,2141.84285,100,20.0
2024.02.05 04:15,2142.43757,2142.63726,2141.59388,2141.64355,100,20.0
2024.02.05 04:30,2140.77297,2140.89859,2140.56281,2140.58264,100,20.0
2024.02.05 04:45,2140.18864,2140.59880,2139.56272,2140.51428,100,20.0
2024.02.05 05:00,2139.62395,2141.07222,2139.28689,2140.74389,100,20.0
2024.02.05 05:15,2141.68093,2142.98366,2141.34412,2142.47713,100,20.0
2024.02.05 05:30,2142.53326,2143.39047,2141.94429,2142.57671,100,20.0
2024.02.05 05:45,2142.20008,2142.29508,2141.79315,2141.85733,100,20.0
2024.02.05 06:00,2141.10634,2141.60517,2140.87583,2141.23983,100,20.0
2024.02.05 06:15,2142.23373,2142.49374,2141.73663,2141.85698,100,20.0
2024.02.05 06:30,2142.52686,2143.31067,2142.24633,2142.98561,100,20.0
2024.02.05 06:45,2143.57440,2143.82286,2143.34363,2143.68315,100,20.0
2024.02.05 07:00,2143.90602,2144.42952,2142.60646,2142.95318,100,20.0
2024.02.05 07:15,2142.29790,2143.09578,2141.99465,2142.78935,100,20.0
2024.02.05 07:30,2141.33811,2142.14568,2141.04608,2142.08366,100,20.0
2024.02.05 07:45,2141.75436,2141.79364,2141.11604,2141.45741,100,20.0
2024.02.05 08:00,2141.12929,2141.14044,2140.52574,2140.72300,100,20.0
2024.02.05 08:15,2141.10093,2141.14734,2140.55619,2140.70520,100,20.0
2024.02.05 08:30,2140.40156,2141.38845,2140.17595,2141.16634,100,20.0
2024.02.05 08:45,2141.79880,2142.12640,2141.17253,2141.35790,100,20.0
2024.02.05 09:00,2141.74345,2142.05139,2140.98417,2141.53775,100,20.0
2024.02.05 09:15,2141.90752,2142.00305,2140.71032,2140.79068,100,20.0
2024.02.05 09:30,2140.69244,2140.82873,2139.19999,2139.47688,100,20.0
2024.02.05 09:45,2139.70551,2140.21701,2139.15151,2139.17546,100,20.0
2024.02.05 10:00,2139.05240,2139.75691,2138.86118,2139.20688,100,20.0
2024.02.05 10:15,2139.71843,2140.23768,2139.51940,2139.85534,100,20.0
2024.02.05 10:30,2139.62510,2139.72293,2139.61733,2139.66003,100,20.0
2024.02.05 10:45,2140.00653,2140.18803,2139.24925,2139.83080,100,20.0
2024.02.05 11:00,2139.68508,2139.84980,2139.05401,2139.26786,100,20.0
2024.02.05 11:15,2139.89772,2140.28376,2139.22106,2139.49018,100,20.0
2024.02.05 11:30,2139.30316,2139.39213,2139.24613,2139.33937,100,20.0
2024.02.05 11:45,2140.33531,2140.83803,2139.83198,2139.92088,100,20.0
2024.02.05 12:00,2139.39761,2139.81815,2139.38181,2139.46856,100,20.0
2024.02.05 12:15,2140.57495,2141.02066,2140.34375,2140.98299,100,20.0
2024.02.05 12:30,2140.13318,2140.54349,2140.05311,2140.51564,100,20.0
2024.02.05 12:45,2141.16653,2142.11869,2140.98065,2142.07101,100,20.0
2024.02.05 13:00,2140.82488,2141.89006,2140.82321,2141.55940,100,20.0
2024.02.05 13:15,2141.29299,2142.52750,2141.22841,2142.13715,100,20.0
2024.02.05 13:30,2143.01790,2143.66114,2142.65928,2143.29006,100,20.0
2024.02.05 13:45,2142.39539,2142.65873,2141.60183,2141.95016,100,20.0
2024.02.05 14:00,2142.82444,2143.30496,2142.68320,2142.98853,100,20.0
2024.02.05 14:15,2142.65766,2142.81460,2142.27221,2142.55732,100,20.0
2024.02.05 14:30,2142.83662,2143.59771,2142.41525,2142.78738,100,20.0
2024.02.05 14:45,2142.65304,2142.88654,2142.39280,2142.86409,100,20.0
2024.02.05 15:00,2143.18343,2143.35766,2142.91198,2143.02807,100,20.0
2024.02.05 15:15,2142.69336,2142.73426,2141.62821,2141.67897,100,20.0
2024.02.05 15:30,2141.09748,2141.14778,2140.98181,2140.99838,100,20.0
2024.02.05 15:45,2141.51175,2141.95091,2140.20082,2140.28378,100,20.0
2024.02.05 16:00,2140.03717,2140.78286,2139.54801,2140.60484,100,20.0
2024.02.05 16:15,2139.70312,2140.78362,2139.45110,2140.75428,100,20.0
2024.02.05 16:30,2141.76063,2142.69094,2141.19314,2142.61418,100,20.0
2024.02.05 16:45,2142.11484,2142.36155,2141.89351,2142.33711,100,20.0
2024.02.05 17:00,2142.71192,2143.66021,2142.10033,2143.53494,100,20.0
2024.02.05 17:15,2143.51557,2143.88651,2142.66795,2143.14939,100,20.0
2024.02.05 17:30,2143.10767,2143.46453,2142.83774,2142.93982,100,20.0
2024.02.05 17:45,2143.21241,2143.92563,2142.74031,2143.83732,100,20.0
2024.02.05 18:00,2144.54982,2144.94639,2144.07910,2144.13757,100,20.0
2024.02.05 18:15,2144.46251,2144.49158,2144.22306,2144.41269,100,20.0
2024.02.05 18:30,2144.13782,2144.30216,2143.06000,2143.55150,100,20.0
2024.02.05 18:45,2142.43497,2142.61542,2142.03876,2142.21887,100,20.0
2024.02.05 19:00,2142.99232,2143.31734,2142.79118,2143.26984,100,20.0
2024.02.05 19:15,2143.16187,2143.50279,2142.97005,2143.44812,100,20.0
2024.02.05 19:30,2143.28270,2143.72702,2142.99175,2143.70026,100,20.0
2024.02.05 19:45,2144.01581,2144.07239,2142.20267,2142.50730,100,20.0
2024.02.05 20:00,2142.15763,2142.24872,2141.77087,2141.88903,100,20.0
2024.02.05 20:15,2142.76339,2142.80440,2141.75768,2142.25336,100,20.0
2024.02.05 20:30,2142.35156,2143.36202,2142.13036,2142.94268,100,20.0
2024.02.05 20:45,2143.05562,2143.49796,2142.30279,2142.73919,100,20.0
2024.02.05 21:00,2142.20139,2143.08487,2141.63818,2142.80926,100,20.0
2024.02.05 21:15,2143.11696,2144.38704,2142.93128,2144.25104,100,20.0
2024.02.05 21:30,2145.48183,2145.52129,2144.72611,2145.06681,100,20.0
2024.02.05 21:45,2145.33949,2145.44748,2144.27145,2144.69905,100,20.0
2024.02.05 22:00,2144.02423,2144.25319,2143.52453,2144.10156,100,20.0
2024.02.05 22:15,2145.83692,2146.04446,2144.41777,2144.58824,100,20.0
2024.02.05 22:30,2145.33933,2145.47273,2144.37905,2144.84431,100,20.0
2024.02.05 22:45,2144.95961,2145.63744,2144.36565,2145.21915,100,20.0
2024.02.05 23:00,2145.25917,2145.93554,2145.25123,2145.67660,100,20.0
2024.02.05 23:15,2146.64609,2147.53661,2146.47631,2147.46052,100,20.0
2024.02.05 23:30,2146.86526,2146.90291,2146.24749,2146.27576,100,20.0
2024.02.05 23:45,2145.41444,2146.00885,2144.99696,2145.78931,100,20.0
2024.02.06 00:00,2145.75208,2146.00013,2145.60358,2145.86988,100,20.0
2024.02.06 00:15,2147.17716,2147.65201,2147.07645,2147.61698,100,20.0
2024.02.06 00:30,2148.23138,2148.35236,2148.03392,2148.11322,100,20.0
2024.02.06 00:45,2148.20996,2149.44044,2147.93262,2149.12138,100,20.0
2024.02.06 01:00,2148.61124,2149.21355,2148.42659,2149.17088,100,20.0
2024.02.06 01:15,2148.66611,2149.34378,2148.17521,2148.40923,100,20.0
2024.02.06 01:30,2147.79430,2148.27141,2147.71438,2148.13065,100,20.0
2024.02.06 01:45,2148.02436,2148.67426,2146.99483,2147.34162,100,20.0
2024.02.06 02:00,2148.35520,2148.38316,2147.76747,2147.97124,100,20.0
2024.02.06 02:15,2147.91839,2148.91313,2147.18851,2148.38809,100,20.0
2024.02.06 02:30,2148.78985,2149.40620,2148.67830,2149.16093,100,20.0
2024.02.06 02:45,2149.39818,2149.79293,2149.14886,2149.35559,100,20.0
2024.02.06 03:00,2149.49047,2150.19342,2149.46360,2149.57558,100,20.0
2024.02.06 03:15,2148.67539,2148.74407,2148.12535,2148.12857,100,20.0
2024.02.06 03:30,2148.60238,2148.69056,2148.21853,2148.31340,100,20.0
2024.02.06 03:45,2148.77758,2149.28583,2148.29235,2148.64617,100,20.0
2024.02.06 04:00,2148.94162,2149.65565,2148.87945,2149.23502,100,20.0
2024.02.06 04:15,2150.40246,2150.61240,2149.32726,2149.37608,100,20.0
2024.02.06 04:30,2148.47122,2148.63014,2147.40207,2147.44649,100,20.0
2024.02.06 04:45,2147.24085,2147.36255,2146.63847,2146.93045,100,20.0
2024.02.06 05:00,2146.58907,2146.66375,2146.36782,2146.63770,100,20.0
2024.02.06 05:15,2147.05397,2147.31710,2146.23033,2147.20359,100,20.0
2024.02.06 05:30,2146.54172,2146.65759,2146.00859,2146.28952,100,20.0
2024.02.06 05:45,2146.67548,2146.98140,2146.39553,2146.94626,100,20.0
2024.02.06 06:00,2147.08899,2147.33981,2146.91165,2147.18805,100,20.0
2024.02.06 06:15,2147.38966,2147.72380,2146.76414,2147.20807,100,20.0
2024.02.06 06:30,2147.85128,2148.31149,2147.78783,2147.81713,100,20.0
2024.02.06 06:45,2148.09854,2149.01236,2147.64919,2148.74599,100,20.0
2024.02.06 07:00,2148.55682,2149.06523,2147.75297,2148.40570,100,20.0
2024.02.06 07:15,2148.54467,2148.83762,2148.11194,2148.27281,100,20.0
2024.02.06 07:30,2148.02148,2148.29608,2146.49534,2147.38587,100,20.0
2024.02.06 07:45,2147.66534,2147.75635,2147.05415,2147.46482,100,20.0
2024.02.06 08:00,2147.28074,2147.92751,2147.17857,2147.85688,100,20.0
2024.02.06 08:15,2147.37108,2148.58575,2147.26998,2148.21716,100,20.0
2024.02.06 08:30,2148.09647,2148.19593,2146.94970,2147.45826,100,20.0
2024.02.06 08:45,2147.21650,2147.80298,2147.13571,2147.78595,100,20.0
2024.02.06 09:00,2147.86247,2148.11299,2147.51332,2147.56167,100,20.0
2024.02.06 09:15,2146.38488,2146.64157,2145.48521,2145.80855,100,20.0
2024.02.06 09:30,2145.62187,2146.77101,2145.60804,2146.71537,100,20.0
2024.02.06 09:45,2146.02087,2146.27466,2145.99411,2146.23669,100,20.0
2024.02.06 10:00,2144.87659,2145.11045,2143.79231,2143.99188,100,20.0
2024.02.06 10:15,2143.48276,2143.75156,2143.25966,2143.35897,100,20.0
2024.02.06 10:30,2142.46618,2142.56772,2141.92317,2142.08099,100,20.0
2024.02.06 10:45,2141.88292,2142.38564,2141.86543,2142.15783,100,20.0
2024.02.06 11:00,2141.56687,2141.62816,2139.84332,2140.07552,100,20.0
2024.02.06 11:15,2140.47219,2141.42227,2140.41821,2140.69450,100,20.0
2024.02.06 11:30,2140.71161,2141.38052,2140.44658,2140.94526,100,20.0
2024.02.06 11:45,2140.27547,2140.94361,2140.23291,2140.52487,100,20.0
2024.02.06 12:00,2141.21726,2141.66037,2141.12542,2141.20379,100,20.0
2024.02.06 12:15,2140.46386,2140.53161,2140.03344,2140.15927,100,20.0
2024.02.06 12:30,2140.43400,2140.77904,2140.43063,2140.73512,100,20.0
2024.02.06 12:45,2141.08900,2141.10560,2140.03540,2140.40209,100,20.0
2024.02.06 13:00,2140.83918,2142.16328,2140.72323,2141.10639,100,20.0
2024.02.06 13:15,2142.11362,2143.61435,2141.75639,2142.94148,100,20.0
2024.02.06 13:30,2142.80542,2143.28712,2142.39501,2142.63043,100,20.0
2024.02.06 13:45,2142.23806,2142.33752,2142.18370,2142.25629,100,20.0
2024.02.06 14:00,2143.87366,2144.15650,2143.87090,2143.91329,100,20.0
2024.02.06 14:15,2143.92586,2144.26653,2143.58691,2143.76188,100,20.0
2024.02.06 14:30,2142.58600,2142.76814,2142.38512,2142.50550,100,20.0
2024.02.06 14:45,2142.52775,2143.20207,2142.48228,2142.78080,100,20.0
2024.02.06 15:00,2143.56235,2143.76536,2143.34765,2143.65340,100,20.0
2024.02.06 15:15,2144.35057,2144.50395,2144.24003,2144.48989,100,20.0
2024.02.06 15:30,2144.63451,2144.79018,2144.28012,2144.65501,100,20.0
2024.02.06 15:45,2144.31906,2144.38924,2143.64919,2144.07357,100,20.0
2024.02.06 16:00,2143.69241,2143.82255,2143.10060,2143.50483,100,20.0
2024.02.06 16:15,2143.01103,2143.72664,2142.43161,2142.86570,100,20.0
2024.02.06 16:30,2143.73502,2144.08198,2143.34495,2143.68970,100,20.0
2024.02.06 16:45,2143.74762,2144.49943,2143.40254,2143.98961,100,20.0
2024.02.06 17:00,2145.00594,2145.24728,2144.14151,2145.05230,100,20.0
2024.02.06 17:15,2145.09392,2145.47849,2144.22130,2144.70313,100,20.0
2024.02.06 17:30,2145.65332,2146.09613,2145.63208,2145.85644,100,20.0
2024.02.06 17:45,2146.60892,2147.39799,2146.60518,2146.91173,100,20.0
2024.02.06 18:00,2147.45120,2147.94102,2147.37315,2147.54613,100,20.0
2024.02.06 18:15,2147.15264,2147.18837,2146.63512,2146.86727,100,20.0
2024.02.06 18:30,2146.03629,2146.14563,2145.85201,2145.90495,100,20.0
2024.02.06 18:45,2146.43252,2146.83455,2146.30010,2146.63644,100,20.0
2024.02.06 19:00,2146.45116,2147.47573,2145.70847,2146.94306,100,20.0
2024.02.06 19:15,2147.84155,2148.46919,2147.79068,2148.37188,100,20.0
2024.02.06 19:30,2148.98258,2149.59708,2148.58183,2148.80766,100,20.0
2024.02.06 19:45,2147.66263,2148.08794,2147.44313,2147.88550,100,20.0
2024.02.06 20:00,2147.22832,2147.62162,2146.92043,2147.56287,100,20.0
2024.02.06 20:15,2147.91239,2148.37792,2146.61129,2147.18373,100,20.0
2024.02.06 20:30,2147.14390,2147.67058,2146.97222,2147.33937,100,20.0
2024.02.06 20:45,2146.74435,2147.08196,2146.55746,2146.67229,100,20.0
2024.02.06 21:00,2146.58752,2147.10837,2146.56202,2146.92199,100,20.0
2024.02.06 21:15,2145.81557,2146.04808,2145.46227,2145.77967,100,20.0
2024.02.06 21:30,2146.17716,2146.33049,2145.14817,2145.77158,100,20.0
2024.02.06 21:45,2145.57542,2146.17406,2145.55154,2145.75047,100,20.0
2024.02.06 22:00,2146.50777,2146.85992,2146.02367,2146.71548,100,20.0
2024.02.06 22:15,2147.01791,2147.32894,2146.51081,2146.68853,100,20.0
2024.02.06 22:30,2145.89739,2146.02057,2145.39777,2145.60618,100,20.0
2024.02.06 22:45,2146.57375,2147.37234,2146.44758,2147.11924,100,20.0
2024.02.06 23:00,2147.31379,2147.66433,2147.24673,2147.60045,100,20.0
2024.02.06 23:15,2147.62109,2148.12939,2147.29796,2148.11511,100,20.0
2024.02.06 23:30,2149.34417,2151.03410,2148.90134,2150.67708,100,20.0
2024.02.06 23:45,2152.03822,2152.91630,2151.26174,2152.50826,100,20.0
2024.02.07 00:00,2152.41549,2153.65182,2152.25628,2152.85074,100,20.0
2024.02.07 00:15,2153.53797,2154.11170,2153.27138,2153.71174,100,20.0
2024.02.07 00:30,2154.20860,2154.86508,2154.17786,2154.50243,100,20.0
2024.02.07 00:45,2154.92536,2155.62251,2154.85293,2155.47289,100,20.0
2024.02.07 01:00,2154.82552,2154.92123,2154.05505,2154.51043,100,20.0
2024.02.07 01:15,2154.59972,2155.15581,2154.46259,2154.98248,100,20.0
2024.02.07 01:30,2154.24573,2154.48777,2154.08834,2154.13586,100,20.0
2024.02.07 01:45,2153.03337,2153.35391,2152.73908,2153.16237,100,20.0
2024.02.07 02:00,2152.23817,2152.50994,2152.14104,2152.18252,100,20.0
2024.02.07 02:15,2152.57694,2153.01008,2152.00842,2152.97457,100,20.0
2024.02.07 02:30,2154.49575,2155.00848,2154.02244,2155.00003,100,20.0
2024.02.07 02:45,2154.88296,2155.54078,2154.83685,2155.46878,100,20.0
2024.02.07 03:00,2156.04322,2156.18759,2155.46233,2155.53505,100,20.0
2024.02.07 03:15,2155.23664,2155.62265,2155.00634,2155.23832,100,20.0
2024.02.07 03:30,2155.71564,2156.40932,2155.33913,2156.21147,100,20.0
2024.02.07 03:45,2156.50434,2157.33167,2155.66546,2156.94521,100,20.0
2024.02.07 04:00,2156.97371,2157.17041,2156.63077,2157.00439,100,20.0
2024.02.07 04:15,2156.80031,2156.82694,2155.46079,2155.92557,100,20.0
2024.02.07 04:30,2155.45599,2155.85610,2154.80090,2154.92836,100,20.0
2024.02.07 04:45,2155.05272,2155.54153,2155.02604,2155.49665,100,20.0
2024.02.07 05:00,2156.62119,2157.56873,2156.59194,2156.90055,100,20.0
2024.02.07 05:15,2157.49373,2158.63096,2157.33842,2158.26840,100,20.0
2024.02.07 05:30,2157.92837,2158.11289,2157.80235,2158.01884,100,20.0
2024.02.07 05:45,2157.72034,2158.86510,2157.32764,2158.49885,100,20.0
2024.02.07 06:00,2158.34571,2158.50681,2157.55687,2158.49140,100,20.0
2024.02.07 06:15,2159.30460,2159.51897,2159.26489,2159.43713,100,20.0
2024.02.07 06:30,2157.64027,2157.73476,2157.45687,2157.69110,100,20.0
2024.02.07 06:45,2158.66779,2159.21485,2158.49155,2158.84359,100,20.0
2024.02.07 07:00,2159.01660,2159.75422,2158.61547,2158.84673,100,20.0
2024.02.07 07:15,2158.96679,2158.98058,2158.48128,2158.72899,100,20.0
2024.02.07 07:30,2158.90624,2160.47615,2158.83348,2159.89626,100,20.0
2024.02.07 07:45,2160.06358,2160.92962,2158.85710,2159.22440,100,20.0
2024.02.07 08:00,2159.63373,2160.19711,2159.28900,2159.28902,100,20.0
2024.02.07 08:15,2159.37440,2159.76826,2158.77842,2158.94898,100,20.0
2024.02.07 08:30,2159.65536,2160.67139,2158.47872,2158.94462,100,20.0
2024.02.07 08:45,2158.46481,2158.81762,2158.44316,2158.63978,100,20.0
2024.02.07 09:00,2159.12134,2159.55753,2158.94869,2159.11351,100,20.0
2024.02.07 09:15,2159.73243,2160.43377,2158.46528,2158.85092,100,20.0
2024.02.07 09:30,2158.78671,2158.84305,2158.56169,2158.77076,100,20.0
2024.02.07 09:45,2159.14620,2159.59078,2158.45669,2158.47358,100,20.0
2024.02.07 10:00,2158.89281,2159.66814,2158.61121,2159.37663,100,20.0
2024.02.07 10:15,2158.90955,2159.16086,2157.73847,2157.93683,100,20.0
2024.02.07 10:30,2157.57360,2158.45904,2157.03408,2157.21287,100,20.0
2024.02.07 10:45,2157.38369,2157.70481,2157.08161,2157.65320,100,20.0
2024.02.07 11:00,2157.52181,2158.08544,2157.31346,2157.50465,100,20.0
2024.02.07 11:15,2157.39867,2158.17129,2157.03829,2157.63728,100,20.0
2024.02.07 11:30,2156.83844,2157.06827,2156.45331,2156.81305,100,20.0
2024.02.07 11:45,2155.12564,2155.32852,2154.10081,2154.12158,100,20.0
2024.02.07 12:00,2154.44074,2155.12869,2154.16044,2154.86123,100,20.0
2024.02.07 12:15,2154.74690,2155.70775,2154.48852,2155.33410,100,20.0
2024.02.07 12:30,2155.78020,2156.39046,2155.75475,2155.98190,100,20.0
2024.02.07 12:45,2155.55594,2156.15879,2155.31893,2155.62757,100,20.0
2024.02.07 13:00,2154.77320,2155.29669,2154.32380,2155.24129,100,20.0
2024.02.07 13:15,2154.75349,2155.09610,2154.53010,2154.77152,100,20.0
2024.02.07 13:30,2155.05157,2155.82163,2154.60549,2154.86445,100,20.0
2024.02.07 13:45,2154.04693,2154.75721,2153.79640,2153.95539,100,20.0
2024.02.07 14:00,2154.56235,2155.12917,2154.32087,2154.75432,100,20.0
2024.02.07 14:15,2154.44465,2154.99058,2154.28986,2154.69282,100,20.0
2024.02.07 14:30,2155.61573,2155.87246,2154.96540,2155.84694,100,20.0
2024.02.07 14:45,2155.25588,2155.28322,2154.35449,2154.48937,100,20.0
2024.02.07 15:00,2153.65107,2154.33818,2153.57296,2153.87171,100,20.0
2024.02.07 15:15,2152.80192,2153.55067,2152.55551,2153.33766,100,20.0
2024.02.07 15:30,2153.75458,2154.37954,2153.74782,2153.89672,100,20.0
2024.02.07 15:45,2153.84755,2153.91699,2153.61366,2153.70016,100,20.0
2024.02.07 16:00,2153.44884,2153.93923,2153.05049,2153.84103,100,20.0
2024.02.07 16:15,2154.37179,2154.50367,2154.27909,2154.48873,100,20.0
2024.02.07 16:30,2154.73871,2155.72846,2154.59590,2155.49758,100,20.0
2024.02.07 16:45,2155.32638,2156.34260,2155.12823,2155.88987,100,20.0
2024.02.07 17:00,2156.15316,2156.36215,2155.36947,2155.76657,100,20.0
2024.02.07 17:15,2156.71232,2156.76353,2155.89663,2156.58188,100,20.0
2024.02.07 17:30,2156.27430,2156.45872,2155.01428,2155.41056,100,20.0
2024.02.07 17:45,2154.63163,2154.72895,2153.49200,2154.10651,100,20.0
2024.02.07 18:00,2153.68465,2153.95604,2153.37754,2153.69900,100,20.0
2024.02.07 18:15,2153.43203,2153.84501,2152.89865,2153.75632,100,20.0
2024.02.07 18:30,2153.53735,2153.63891,2153.10138,2153.63189,100,20.0
2024.02.07 18:45,2154.10296,2154.53476,2152.78847,2153.09932,100,20.0
2024.02.07 19:00,2152.19763,2152.32380,2151.77370,2151.88697,100,20.0
2024.02.07 19:15,2151.81553,2152.16095,2151.80963,2152.04742,100,20.0
2024.02.07 19:30,2152.84471,2153.40714,2152.66998,2153.24902,100,20.0
2024.02.07 19:45,2152.98823,2153.12726,2152.77933,2152.94487,100,20.0
2024.02.07 20:00,2152.73283,2152.79643,2152.40450,2152.67766,100,20.0
2024.02.07 20:15,2152.62025,2152.87110,2152.32586,2152.76629,100,20.0
2024.02.07 20:30,2152.25641,2152.53348,2152.23116,2152.35146,100,20.0
2024.02.07 20:45,2152.20619,2152.47560,2151.88538,2151.96483,100,20.0
2024.02.07 21:00,2151.63347,2151.96798,2150.86330,2151.40487,100,20.0
2024.02.07 21:15,2150.98280,2151.35778,2150.12454,2151.12700,100,20.0
2024.02.07 21:30,2150.95339,2150.99957,2149.96068,2150.70949,100,20.0
2024.02.07 21:45,2151.08015,2152.13944,2150.73696,2151.75218,100,20.0
2024.02.07 22:00,2151.77605,2151.88074,2151.25960,2151.64028,100,20.0
2024.02.07 22:15,2151.19495,2151.78194,2151.03270,2151.73733,100,20.0
2024.02.07 22:30,2152.41343,2152.63177,2151.27563,2151.32335,100,20.0
2024.02.07 22:45,2150.69108,2150.88641,2150.53870,2150.69109,100,20.0
2024.02.07 23:00,2150.25278,2150.77263,2149.88268,2150.04469,100,20.0
2024.02.07 23:15,2149.72896,2150.51095,2149.28830,2150.40267,100,20.0
2024.02.07 23:30,2150.68524,2151.63449,2150.13884,2151.52887,100,20.0
2024.02.07 23:45,2152.37818,2153.37820,2151.39619,2153.30446,100,20.0
2024.02.08 00:00,2153.10532,2153.75262,2153.01475,2153.19981,100,20.0
2024.02.08 00:15,2152.19926,2152.42284,2151.74500,2151.75005,100,20.0
2024.02.08 00:30,2151.78972,2152.15416,2151.71273,2152.11042,100,20.0
2024.02.08 00:45,2151.63199,2152.74451,2151.62179,2151.83803,100,20.0
2024.02.08 01:00,2152.73505,2153.04113,2151.54490,2151.74688,100,20.0
2024.02.08 01:15,2150.63267,2150.68724,2150.11481,2150.40057,100,20.0
2024.02.08 01:30,2149.33188,2149.46492,2148.95968,2149.42196,100,20.0
2024.02.08 01:45,2148.96901,2149.96123,2148.69505,2149.69928,100,20.0
2024.02.08 02:00,2148.70112,2149.18294,2148.58179,2148.74014,100,20.0
2024.02.08 02:15,2148.51387,2149.33045,2148.17775,2149.15872,100,20.0
2024.02.08 02:30,2148.65120,2148.75565,2148.20112,2148.50608,100,20.0
2024.02.08 02:45,2149.66760,2150.47639,2148.64001,2150.34247,100,20.0
2024.02.08 03:00,2150.38220,2150.63942,2149.99021,2150.51100,100,20.0
2024.02.08 03:15,2150.35448,2150.62556,2150.29363,2150.41512,100,20.0
2024.02.08 03:30,2150.06663,2150.23581,2148.52482,2149.16655,100,20.0
2024.02.08 03:45,2149.39931,2149.78690,2148.80865,2148.85963,100,20.0
2024.02.08 04:00,2148.19931,2148.61888,2148.17770,2148.24592,100,20.0
2024.02.08 04:15,2148.50239,2148.50970,2148.08836,2148.08881,100,20.0
2024.02.08 04:30,2148.29639,2148.66715,2147.72609,2147.94513,100,20.0
2024.02.08 04:45,2147.97276,2148.26442,2147.50023,2147.70470,100,20.0
2024.02.08 05:00,2148.90541,2149.80935,2148.11332,2148.50351,100,20.0
2024.02.08 05:15,2147.75467,2148.09885,2146.76627,2146.95197,100,20.0
2024.02.08 05:30,2146.29694,2146.88289,2145.93958,2146.38964,100,20.0
2024.02.08 05:45,2146.34877,2147.05098,2146.09042,2146.69467,100,20.0
2024.02.08 06:00,2145.95101,2146.32235,2145.93190,2145.93238,100,20.0
2024.02.08 06:15,2146.28546,2147.66755,2146.19036,2147.33176,100,20.0
2024.02.08 06:30,2146.91787,2147.96419,2146.25286,2147.40602,100,20.0
2024.02.08 06:45,2147.22790,2147.35962,2146.86711,2146.94347,100,20.0
2024.02.08 07:00,2146.27269,2146.31365,2145.45441,2145.92959,100,20.0
2024.02.08 07:15,2146.90534,2147.44506,2146.21281,2146.28609,100,20.0
2024.02.08 07:30,2146.76965,2147.87714,2146.51330,2147.12347,100,20.0
2024.02.08 07:45,2147.05606,2147.19390,2146.63064,2146.97858,100,20.0
2024.02.08 08:00,2146.83982,2147.65717,2146.69146,2147.45448,100,20.0
2024.02.08 08:15,2148.65009,2148.80497,2147.14631,2147.52091,100,20.0
2024.02.08 08:30,2147.91380,2148.77831,2147.39469,2147.45287,100,20.0
2024.02.08 08:45,2145.87387,2146.02409,2144.85669,2144.93095,100,20.0
2024.02.08 09:00,2145.22275,2145.55293,2144.93196,2145.41060,100,20.0
2024.02.08 09:15,2145.39714,2145.56788,2144.87054,2145.10456,100,20.0
2024.02.08 09:30,2145.79238,2146.63014,2145.42860,2146.17120,100,20.0
2024.02.08 09:45,2145.52151,2145.56494,2145.05219,2145.12333,100,20.0
2024.02.08 10:00,2145.19989,2145.50715,2144.48709,2144.87250,100,20.0
2024.02.08 10:15,2144.01469,2144.51621,2143.76819,2143.77764,100,20.0
2024.02.08 10:30,2144.25786,2144.31143,2143.10899,2143.83520,100,20.0
2024.02.08 10:45,2144.09389,2144.40901,2143.35290,2143.82094,100,20.0
2024.02.08 11:00,2143.38591,2144.39990,2142.84537,2143.99361,100,20.0
2024.02.08 11:15,2143.57576,2143.83200,2142.79679,2142.89438,100,20.0
2024.02.08 11:30,2143.34211,2143.53031,2142.85385,2143.01970,100,20.0
2024.02.08 11:45,2142.78970,2144.16203,2142.37800,2143.54095,100,20.0
2024.02.08 12:00,2143.32480,2144.31793,2142.94028,2143.61448,100,20.0
2024.02.08 12:15,2143.36429,2143.46232,2143.35743,2143.41418,100,20.0
2024.02.08 12:30,2143.29532,2143.50389,2142.43639,2142.95987,100,20.0
2024.02.08 12:45,2143.79078,2144.72806,2143.11414,2144.58055,100,20.0
2024.02.08 13:00,2145.44789,2146.02489,2145.33302,2145.52876,100,20.0
2024.02.08 13:15,2146.39392,2146.86834,2145.81520,2146.18644,100,20.0
2024.02.08 13:30,2145.75333,2146.26706,2145.52676,2146.15167,100,20.0
2024.02.08 13:45,2145.54937,2145.93822,2145.24050,2145.33987,100,20.0
2024.02.08 14:00,2146.98740,2147.33054,2146.17438,2146.39976,100,20.0
2024.02.08 14:15,2146.48919,2146.78210,2146.19195,2146.40143,100,20.0
2024.02.08 14:30,2147.15739,2147.17176,2146.46594,2146.51733,100,20.0
2024.02.08 14:45,2146.62772,2146.82458,2146.35136,2146.74784,100,20.0
2024.02.08 15:00,2146.74472,2147.19360,2146.42552,2146.72485,100,20.0
2024.02.08 15:15,2147.37104,2148.07708,2147.36014,2147.62588,100,20.0
2024.02.08 15:30,2147.87727,2148.14505,2147.61972,2147.70535,100,20.0
2024.02.08 15:45,2148.12558,2148.42622,2147.96087,2147.99469,100,20.0
2024.02.08 16:00,2147.99221,2148.42985,2147.34154,2148.28732,100,20.0
2024.02.08 16:15,2148.73356,2150.15767,2148.69125,2149.83390,100,20.0
2024.02.08 16:30,2150.40736,2150.90325,2149.77159,2150.23570,100,20.0
2024.02.08 16:45,2150.24100,2150.41286,2149.56916,2149.92166,100,20.0
2024.02.08 17:00,2150.47811,2151.37214,2150.07974,2150.25152,100,20.0
2024.02.08 17:15,2150.54376,2150.99547,2149.87583,2150.09387,100,20.0
2024.02.08 17:30,2150.58162,2150.79301,2150.16347,2150.77817,100,20.0
2024.02.08 17:45,2151.25891,2151.79272,2150.55194,2150.56301,100,20.0
2024.02.08 18:00,2150.95626,2151.11572,2150.13648,2150.84134,100,20.0
2024.02.08 18:15,2151.33403,2152.48439,2151.30477,2152.24616,100,20.0
2024.02.08 18:30,2151.09823,2152.05874,2150.32433,2151.43190,100,20.0
2024.02.08 18:45,2151.45974,2151.94811,2150.85225,2150.92711,100,20.0
2024.02.08 19:00,2150.96877,2151.43592,2150.93266,2151.23561,100,20.0
2024.02.08 19:15,2150.81216,2151.72318,2150.72991,2151.28218,100,20.0
2024.02.08 19:30,2151.87024,2152.22394,2151.63397,2152.08932,100,20.0
2024.02.08 19:45,2152.53003,2152.73297,2152.19509,2152.27229,100,20.0
2024.02.08 20:00,2153.14900,2153.45903,2152.73839,2153.30639,100,20.0
2024.02.08 20:15,2153.84742,2154.30800,2152.43933,2153.04659,100,20.0
2024.02.08 20:30,2153.19049,2153.59829,2152.52133,2152.89736,100,20.0
2024.02.08 20:45,2151.45719,2151.67265,2151.11624,2151.28498,100,20.0
2024.02.08 21:00,2150.82790,2151.07900,2150.17443,2150.30313,100,20.0
2024.02.08 21:15,2149.46173,2150.22931,2149.15732,2150.15644,100,20.0
2024.02.08 21:30,2149.74571,2150.71377,2148.84592,2150.68858,100,20.0
2024.02.08 21:45,2150.96228,2151.00193,2149.75558,2150.06173,100,20.0
2024.02.08 22:00,2150.30062,2150.84360,2148.97353,2149.57084,100,20.0
2024.02.08 22:15,2150.04508,2150.07822,2149.71918,2149.77573,100,20.0
2024.02.08 22:30,2150.75147,2150.79522,2150.18454,2150.53796,100,20.0
2024.02.08 22:45,2150.52636,2150.76239,2150.22623,2150.54930,100,20.0
2024.02.08 23:00,2150.62135,2150.69748,2150.01766,2150.14924,100,20.0
2024.02.08 23:15,2150.60653,2150.73529,2150.03316,2150.24731,100,20.0
2024.02.08 23:30,2150.40939,2150.80859,2150.09255,2150.36827,100,20.0
2024.02.08 23:45,2151.93487,2152.71025,2151.83245,2152.00484,100,20.0
2024.02.09 00:00,2151.59260,2151.67843,2150.63567,2151.12640,100,20.0
2024.02.09 00:15,2150.30383,2150.77884,2150.18026,2150.73290,100,20.0
2024.02.09 00:30,2151.29605,2151.50415,2150.89736,2151.22534,100,20.0
2024.02.09 00:45,2150.38972,2150.86002,2149.49165,2149.74820,100,20.0
2024.02.09 01:00,2150.26347,2150.28345,2149.88712,2149.98280,100,20.0
2024.02.09 01:15,2149.46904,2150.88574,2148.92925,2150.50695,100,20.0
2024.02.09 01:30,2150.40114,2150.84825,2150.37403,2150.82635,100,20.0
2024.02.09 01:45,2151.08022,2151.34943,2150.54253,2150.97292,100,20.0
2024.02.09 02:00,2151.19861,2151.80140,2150.30664,2150.87811,100,20.0
2024.02.09 02:15,2151.76354,2151.97908,2151.49836,2151.64763,100,20.0
2024.02.09 02:30,2152.36052,2152.92017,2152.02054,2152.61131,100,20.0
2024.02.09 02:45,2152.03619,2152.40098,2152.00613,2152.37562,100,20.0
2024.02.09 03:00,2153.04410,2153.10862,2152.81980,2152.87421,100,20.0
2024.02.09 03:15,2153.80827,2154.22044,2153.52349,2153.82863,100,20.0
2024.02.09 03:30,2153.81806,2154.35805,2153.23216,2153.54362,100,20.0
2024.02.09 03:45,2153.35238,2153.64390,2152.47821,2152.91032,100,20.0
2024.02.09 04:00,2152.66908,2153.07508,2151.82534,2151.86956,100,20.0
2024.02.09 04:15,2151.77844,2152.00054,2151.43998,2151.45124,100,20.0
2024.02.09 04:30,2150.91955,2151.44774,2149.38160,2149.68405,100,20.0
2024.02.09 04:45,2149.75369,2149.86029,2148.82271,2148.84134,100,20.0
2024.02.09 05:00,2149.08134,2149.82771,2148.02360,2148.17495,100,20.0
2024.02.09 05:15,2148.60824,2148.80874,2148.17749,2148.48241,100,20.0
2024.02.09 05:30,2150.04185,2150.81989,2149.81482,2150.73349,100,20.0
2024.02.09 05:45,2151.24109,2151.46528,2149.89671,2150.03769,100,20.0
2024.02.09 06:00,2149.58260,2150.11451,2149.25645,2149.71750,100,20.0
2024.02.09 06:15,2149.30860,2150.04456,2149.20985,2149.95750,100,20.0
2024.02.09 06:30,2150.54329,2150.86590,2150.42593,2150.46904,100,20.0
2024.02.09 06:45,2149.82937,2150.07474,2149.71609,2149.75543,100,20.0
2024.02.09 07:00,2149.71305,2150.10645,2149.19618,2149.54173,100,20.0
2024.02.09 07:15,2150.90241,2151.42907,2150.65770,2150.67250,100,20.0
2024.02.09 07:30,2151.17587,2151.59984,2151.16377,2151.48941,100,20.0
2024.02.09 07:45,2151.36797,2151.76006,2150.95100,2151.57481,100,20.0
2024.02.09 08:00,2152.35090,2153.21724,2152.26453,2152.92918,100,20.0
2024.02.09 08:15,2152.11065,2152.12054,2151.06937,2151.35796,100,20.0
2024.02.09 08:30,2151.07742,2151.45051,2150.48247,2150.83987,100,20.0
2024.02.09 08:45,2150.74701,2151.57915,2150.63766,2151.00748,100,20.0
2024.02.09 09:00,2151.02885,2152.05467,2150.44510,2151.66015,100,20.0
2024.02.09 09:15,2151.17404,2151.53157,2150.84327,2151.17067,100,20.0
2024.02.09 09:30,2150.51220,2150.90646,2150.32158,2150.35414,100,20.0
2024.02.09 09:45,2150.12558,2150.86004,2149.90009,2150.05246,100,20.0
2024.02.09 10:00,2150.84081,2151.20783,2150.38187,2150.51493,100,20.0
2024.02.09 10:15,2150.28398,2151.06594,2149.95454,2150.87434,100,20.0
2024.02.09 10:30,2150.52055,2151.06046,2149.66567,2150.03394,100,20.0
2024.02.09 10:45,2149.62932,2149.68829,2148.87933,2148.94255,100,20.0
2024.02.09 11:00,2149.41243,2149.64612,2148.74201,2149.63990,100,20.0
2024.02.09 11:15,2149.13628,2149.71156,2149.04821,2149.15775,100,20.0
2024.02.09 11:30,2149.09541,2150.50267,2148.47392,2149.86275,100,20.0
2024.02.09 11:45,2149.79841,2150.15623,2149.45426,2149.56369,100,20.0
2024.02.09 12:00,2149.52003,2149.58502,2149.45998,2149.52095,100,20.0
2024.02.09 12:15,2149.78518,2150.19756,2149.60145,2150.08757,100,20.0
2024.02.09 12:30,2149.20933,2150.07620,2149.17630,2149.65044,100,20.0
2024.02.09 12:45,2148.88008,2149.43014,2148.83908,2149.18651,100,20.0
2024.02.09 13:00,2149.06177,2149.62500,2148.93957,2149.36359,100,20.0
2024.02.09 13:15,2150.02923,2150.59816,2149.61352,2149.62460,100,20.0
2024.02.09 13:30,2148.91939,2149.38564,2148.18205,2148.82644,100,20.0
2024.02.09 13:45,2148.50012,2149.28663,2147.93453,2149.25141,100,20.0
2024.02.09 14:00,2149.43454,2149.62819,2148.76776,2148.78136,100,20.0
2024.02.09 14:15,2149.21140,2149.91797,2148.65104,2149.78390,100,20.0
2024.02.09 14:30,2150.33759,2151.04559,2150.21535,2150.78890,100,20.0
2024.02.09 14:45,2151.20603,2151.55063,2151.00531,2151.51934,100,20.0
2024.02.09 15:00,2151.11984,2151.29489,2150.49307,2150.68589,100,20.0
2024.02.09 15:15,2149.94103,2150.06616,2149.65423,2149.72778,100,20.0
2024.02.09 15:30,2149.57285,2149.68001,2149.52486,2149.53365,100,20.0
2024.02.09 15:45,2150.32059,2150.46062,2149.95663,2150.26325,100,20.0
2024.02.09 16:00,2150.41152,2151.59323,2150.40210,2151.16999,100,20.0
2024.02.09 16:15,2150.49426,2150.59185,2150.47843,2150.56688,100,20.0
2024.02.09 16:30,2151.00213,2151.24398,2150.34804,2150.87478,100,20.0
2024.02.09 16:45,2150.96799,2151.25412,2150.19487,2150.32560,100,20.0
2024.02.09 17:00,2150.85967,2151.07497,2149.48316,2149.62291,100,20.0
2024.02.09 17:15,2149.72373,2149.75483,2149.02319,2149.14927,100,20.0
2024.02.09 17:30,2148.92977,2149.47741,2148.67869,2149.23998,100,20.0
2024.02.09 17:45,2150.55339,2151.35377,2150.20396,2151.33575,100,20.0
2024.02.09 18:00,2151.45583,2152.18422,2151.35703,2151.73285,100,20.0
2024.02.09 18:15,2150.22064,2150.60611,2149.80725,2149.90825,100,20.0
2024.02.09 18:30,2149.00773,2149.49519,2148.84734,2149.13904,100,20.0
2024.02.09 18:45,2148.85026,2150.34804,2148.82680,2150.26886,100,20.0
2024.02.09 19:00,2150.78295,2151.11095,2150.47882,2150.49058,100,20.0
2024.02.09 19:15,2151.47370,2152.30733,2151.35598,2151.85720,100,20.0
2024.02.09 19:30,2151.49762,2151.54685,2150.70352,2151.53177,100,20.0
2024.02.09 19:45,2151.33181,2151.83923,2151.16296,2151.76323,100,20.0
2024.02.09 20:00,2152.79406,2152.93608,2151.91283,2152.20191,100,20.0
2024.02.09 20:15,2152.04726,2152.44272,2151.55437,2152.14985,100,20.0
2024.02.09 20:30,2152.15862,2152.52947,2151.70941,2152.40785,100,20.0
2024.02.09 20:45,2152.42641,2152.82424,2152.24178,2152.41582,100,20.0
2024.02.09 21:00,2151.93620,2152.36354,2150.88936,2151.85228,100,20.0
2024.02.09 21:15,2151.82092,2152.00659,2151.19227,2151.83060,100,20.0
2024.02.09 21:30,2153.36596,2154.63948,2153.10370,2154.25179,100,20.0
2024.02.09 21:45,2155.72335,2156.01603,2155.01152,2155.27292,100,20.0
2024.02.09 22:00,2155.63973,2156.04992,2155.45858,2155.76034,100,20.0
2024.02.09 22:15,2154.80627,2154.96891,2154.34745,2154.49637,100,20.0
2024.02.09 22:30,2153.79369,2154.67165,2153.51487,2154.40435,100,20.0
2024.02.09 22:45,2155.13615,2155.93749,2154.92470,2155.86262,100,20.0
2024.02.09 23:00,2155.49061,2155.68180,2155.11886,2155.48896,100,20.0
2024.02.09 23:15,2156.00976,2156.51193,2155.75802,2156.44602,100,20.0
2024.02.09 23:30,2155.98559,2156.21025,2154.78079,2155.45495,100,20.0
2024.02.09 23:45,2155.43752,2155.61301,2154.94898,2155.25607,100,20.0
2024.02.10 00:00,2155.71718,2156.12442,2154.72773,2155.68135,100,20.0
2024.02.10 00:15,2155.93195,2156.29555,2155.68746,2156.13370,100,20.0
2024.02.10 00:30,2155.85216,2156.43670,2155.77406,2155.95763,100,20.0
2024.02.10 00:45,2157.10380,2157.50553,2156.97703,2157.34219,100,20.0
2024.02.10 01:00,2156.08814,2156.12313,2155.35249,2155.74190,100,20.0
2024.02.10 01:15,2155.41438,2155.65424,2155.28526,2155.43964,100,20.0
2024.02.10 01:30,2155.26152,2156.04534,2155.22456,2155.57770,100,20.0
2024.02.10 01:45,2155.18295,2155.31289,2154.11680,2154.37953,100,20.0
2024.02.10 02:00,2154.45038,2154.60133,2153.82432,2154.33914,100,20.0
2024.02.10 02:15,2155.04647,2155.18694,2154.63228,2154.95981,100,20.0
2024.02.10 02:30,2154.61365,2154.89646,2153.61128,2153.64703,100,20.0
2024.02.10 02:45,2153.89825,2154.02759,2153.31183,2153.79987,100,20.0
2024.02.10 03:00,2154.13901,2154.50834,2154.13691,2154.47334,100,20.0
2024.02.10 03:15,2154.25237,2154.61035,2154.12229,2154.17740,100,20.0
2024.02.10 03:30,2153.83315,2154.11507,2152.27563,2153.03312,100,20.0
2024.02.10 03:45,2152.90983,2153.40946,2152.22951,2152.44357,100,20.0
2024.02.10 04:00,2152.08048,2152.81280,2151.72473,2152.54521,100,20.0
2024.02.10 04:15,2151.96720,2152.55391,2151.74927,2151.91393,100,20.0
2024.02.10 04:30,2152.95220,2153.62983,2152.86070,2153.62201,100,20.0
2024.02.10 04:45,2153.93502,2154.33580,2153.02395,2153.65642,100,20.0
2024.02.10 05:00,2154.73416,2155.41418,2154.27786,2155.32327,100,20.0
2024.02.10 05:15,2155.62023,2156.32621,2154.85913,2154.88392,100,20.0
2024.02.10 05:30,2154.39408,2155.21973,2153.96476,2154.07838,100,20.0
2024.02.10 05:45,2154.39664,2154.53344,2153.68721,2153.80543,100,20.0
2024.02.10 06:00,2153.74865,2153.76627,2153.08814,2153.32346,100,20.0
2024.02.10 06:15,2152.05588,2152.31532,2152.00104,2152.02071,100,20.0
2024.02.10 06:30,2153.01893,2153.47449,2152.66333,2153.34857,100,20.0
2024.02.10 06:45,2153.45002,2153.50019,2151.98177,2152.10944,100,20.0
2024.02.10 07:00,2151.75748,2153.12516,2151.69247,2152.83620,100,20.0
2024.02.10 07:15,2151.89431,2152.95122,2151.75664,2152.67005,100,20.0
2024.02.10 07:30,2151.40499,2151.88008,2151.22977,2151.60180,100,20.0
2024.02.10 07:45,2150.63799,2150.65783,2149.59089,2150.33698,100,20.0
2024.02.10 08:00,2150.52951,2152.25166,2150.08877,2151.29566,100,20.0
2024.02.10 08:15,2151.32119,2151.58786,2149.92268,2150.70506,100,20.0
2024.02.10 08:30,2151.92840,2152.12262,2150.86859,2151.18272,100,20.0
2024.02.10 08:45,2150.51938,2151.34888,2150.45781,2151.19087,100,20.0
2024.02.10 09:00,2153.10476,2153.65670,2152.41162,2152.82145,100,20.0
2024.02.10 09:15,2153.20298,2154.13104,2153.20196,2153.93565,100,20.0
2024.02.10 09:30,2153.65317,2155.02787,2153.25102,2154.39329,100,20.0
2024.02.10 09:45,2154.62914,2154.98139,2154.01246,2154.27588,100,20.0
2024.02.10 10:00,2154.77452,2155.42358,2154.36689,2154.60368,100,20.0
2024.02.10 10:15,2153.67100,2153.98935,2153.16656,2153.35664,100,20.0
2024.02.10 10:30,2152.95969,2153.22057,2152.76258,2152.79010,100,20.0
2024.02.10 10:45,2153.88733,2154.47000,2153.41372,2153.64990,100,20.0
2024.02.10 11:00,2152.96739,2153.41076,2152.88585,2153.36392,100,20.0
2024.02.10 11:15,2154.16180,2154.76421,2153.80948,2154.34569,100,20.0
2024.02.10 11:30,2154.55415,2155.02011,2153.77907,2154.28345,100,20.0
2024.02.10 11:45,2155.75913,2156.62261,2154.90924,2156.45369,100,20.0
2024.02.10 12:00,2156.35631,2156.65710,2156.11996,2156.24764,100,20.0
2024.02.10 12:15,2156.17168,2157.31693,2155.85897,2157.06905,100,20.0
2024.02.10 12:30,2156.57257,2156.87398,2156.43752,2156.81885,100,20.0
2024.02.10 12:45,2156.36585,2157.32220,2156.11290,2157.23631,100,20.0
2024.02.10 13:00,2157.62213,2157.93625,2157.11338,2157.45439,100,20.0
2024.02.10 13:15,2158.00512,2158.58425,2157.89639,2158.32180,100,20.0
2024.02.10 13:30,2158.09445,2158.71116,2157.93411,2158.21097,100,20.0
2024.02.10 13:45,2158.86089,2159.05861,2158.30788,2158.36425,100,20.0
2024.02.10 14:00,2159.11101,2160.02376,2158.94173,2159.87755,100,20.0
2024.02.10 14:15,2159.84763,2160.39432,2159.38968,2159.68962,100,20.0
2024.02.10 14:30,2160.19996,2160.38444,2160.17830,2160.25902,100,20.0
2024.02.10 14:45,2160.05202,2160.28497,2158.94315,2159.23949,100,20.0
2024.02.10 15:00,2159.75775,2160.13969,2159.44893,2159.95359,100,20.0
2024.02.10 15:15,2160.62735,2160.64761,2160.06392,2160.19247,100,20.0
2024.02.10 15:30,2160.04542,2160.47040,2159.27828,2159.45889,100,20.0
2024.02.10 15:45,2159.27987,2160.64264,2159.21655,2159.72682,100,20.0
2024.02.10 16:00,2159.03165,2159.68830,2158.99079,2159.53826,100,20.0
2024.02.10 16:15,2160.81130,2161.15937,2160.25253,2160.26263,100,20.0
2024.02.10 16:30,2159.98948,2160.59245,2159.43458,2160.31459,100,20.0
2024.02.10 16:45,2160.29393,2161.12953,2159.80940,2160.77559,100,20.0
2024.02.10 17:00,2160.60956,2160.81074,2160.45989,2160.63558,100,20.0
2024.02.10 17:15,2161.23833,2162.07315,2161.12335,2161.91240,100,20.0
2024.02.10 17:30,2161.03629,2161.51955,2160.75527,2161.01330,100,20.0
2024.02.10 17:45,2161.58599,2162.03062,2161.02947,2161.37165,100,20.0
2024.02.10 18:00,2161.71888,2161.89887,2160.84114,2161.03588,100,20.0
2024.02.10 18:15,2160.59149,2161.04523,2160.01527,2160.68023,100,20.0
2024.02.10 18:30,2160.48757,2160.54702,2159.85673,2160.05076,100,20.0
2024.02.10 18:45,2160.94765,2161.20299,2160.35343,2160.38989,100,20.0
2024.02.10 19:00,2159.74792,2160.83311,2159.44377,2160.48972,100,20.0
2024.02.10 19:15,2159.67194,2159.89607,2158.38378,2159.12463,100,20.0
2024.02.10 19:30,2160.37645,2161.44881,2159.89136,2161.18747,100,20.0
2024.02.10 19:45,2161.41740,2161.65270,2161.31886,2161.60944,100,20.0
2024.02.10 20:00,2161.98770,2162.91867,2161.83407,2162.45940,100,20.0
2024.02.10 20:15,2162.41127,2162.83663,2161.47862,2161.73160,100,20.0
2024.02.10 20:30,2162.64143,2163.32100,2162.42348,2162.97973,100,20.0
2024.02.10 20:45,2163.02189,2163.07050,2162.30247,2162.55961,100,20.0
2024.02.10 21:00,2163.60560,2163.61431,2163.11765,2163.52828,100,20.0
2024.02.10 21:15,2164.04257,2164.42516,2163.57213,2163.80880,100,20.0
2024.02.10 21:30,2164.42675,2164.59492,2163.34257,2163.75949,100,20.0
2024.02.10 21:45,2163.40645,2163.83852,2162.56338,2163.63481,100,20.0
2024.02.10 22:00,2163.60164,2163.73442,2162.89638,2163.10906,100,20.0
2024.02.10 22:15,2162.72828,2164.24373,2162.51489,2163.84919,100,20.0
2024.02.10 22:30,2164.16767,2164.51184,2163.77782,2164.02002,100,20.0
2024.02.10 22:45,2164.50072,2164.52442,2163.91926,2164.24646,100,20.0
2024.02.10 23:00,2163.41325,2163.50486,2163.17324,2163.48763,100,20.0
2024.02.10 23:15,2162.17549,2162.26586,2162.01374,2162.09434,100,20.0
2024.02.10 23:30,2161.47585,2162.25993,2161.07008,2161.96289,100,20.0
2024.02.10 23:45,2162.54694,2162.97421,2162.26789,2162.43587,100,20.0
2024.02.11 00:00,2162.24781,2163.10837,2161.91480,2162.77212,100,20.0
2024.02.11 00:15,2162.84534,2163.16985,2162.45464,2162.63454,100,20.0
2024.02.11 00:30,2162.18845,2163.37565,2161.99270,2162.73721,100,20.0
2024.02.11 00:45,2162.61115,2162.79456,2161.61285,2162.22986,100,20.0
2024.02.11 01:00,2161.91258,2162.04152,2161.29367,2161.33927,100,20.0
2024.02.11 01:15,2162.38416,2163.14219,2162.23831,2162.89311,100,20.0
2024.02.11 01:30,2162.93277,2163.53293,2162.87108,2163.29470,100,20.0
2024.02.11 01:45,2163.15076,2163.26612,2161.73439,2162.24686,100,20.0
2024.02.11 02:00,2162.12904,2162.18335,2161.17368,2161.37837,100,20.0
2024.02.11 02:15,2161.82360,2161.86964,2161.31583,2161.33094,100,20.0
2024.02.11 02:30,2161.10236,2161.38998,2160.39376,2160.93232,100,20.0
2024.02.11 02:45,2161.00892,2161.53796,2160.63493,2161.23973,100,20.0
2024.02.11 03:00,2161.24778,2161.33562,2160.95774,2161.12601,100,20.0
2024.02.11 03:15,2161.72304,2162.13550,2161.43829,2161.48649,100,20.0
2024.02.11 03:30,2161.36983,2162.33131,2161.32635,2162.29842,100,20.0
2024.02.11 03:45,2161.01159,2161.18301,2160.32894,2161.10572,100,20.0
2024.02.11 04:00,2161.79442,2163.19598,2161.29006,2162.85302,100,20.0
2024.02.11 04:15,2162.68550,2162.98649,2162.54115,2162.64245,100,20.0
2024.02.11 04:30,2163.05769,2164.32153,2162.95736,2164.05375,100,20.0
2024.02.11 04:45,2164.71043,2165.79359,2164.46893,2165.69845,100,20.0
2024.02.11 05:00,2165.68576,2166.33951,2165.03326,2166.19707,100,20.0
2024.02.11 05:15,2164.97895,2165.37263,2164.45545,2164.73590,100,20.0
2024.02.11 05:30,2164.32514,2164.34798,2163.68942,2164.32499,100,20.0
2024.02.11 05:45,2164.95145,2165.53177,2164.73791,2165.19878,100,20.0
2024.02.11 06:00,2165.26232,2165.94526,2164.90791,2165.92396,100,20.0
2024.02.11 06:15,2166.42377,2166.53083,2165.06974,2165.41817,100,20.0
2024.02.11 06:30,2165.10248,2165.42640,2165.05563,2165.29997,100,20.0
2024.02.11 06:45,2164.95628,2165.00955,2164.22923,2164.75275,100,20.0
2024.02.11 07:00,2165.90430,2166.36582,2164.96951,2165.29280,100,20.0
2024.02.11 07:15,2165.95847,2166.53675,2165.32873,2165.53579,100,20.0
2024.02.11 07:30,2165.28390,2165.53995,2164.65725,2164.68914,100,20.0
2024.02.11 07:45,2165.33313,2165.41465,2164.80974,2164.88772,100,20.0
2024.02.11 08:00,2165.31997,2166.06249,2164.89840,2165.82196,100,20.0
2024.02.11 08:15,2165.09010,2165.34385,2164.49531,2164.69800,100,20.0
2024.02.11 08:30,2165.67193,2165.79852,2164.64893,2164.90589,100,20.0
2024.02.11 08:45,2165.30520,2165.91144,2165.07376,2165.17014,100,20.0
2024.02.11 09:00,2165.56921,2165.88375,2164.86229,2165.30427,100,20.0
2024.02.11 09:15,2164.42778,2165.12783,2163.95156,2165.01146,100,20.0
2024.02.11 09:30,2164.93276,2165.31035,2164.79138,2165.25022,100,20.0
2024.02.11 09:45,2164.59303,2165.18963,2163.69616,2164.47813,100,20.0
2024.02.11 10:00,2164.80044,2164.90981,2164.25094,2164.47977,100,20.0
2024.02.11 10:15,2164.91065,2164.94820,2164.14106,2164.27072,100,20.0
2024.02.11 10:30,2164.47641,2164.90969,2164.43229,2164.72518,100,20.0
2024.02.11 10:45,2164.53863,2165.21555,2163.92638,2163.98305,100,20.0
2024.02.11 11:00,2164.00184,2164.97666,2163.80370,2164.85726,100,20.0
2024.02.11 11:15,2164.65182,2165.55894,2164.04753,2165.15309,100,20.0
2024.02.11 11:30,2165.80204,2166.00597,2164.59941,2164.71452,100,20.0
2024.02.11 11:45,2164.59219,2165.15719,2164.14221,2164.75808,100,20.0
2024.02.11 12:00,2164.24960,2164.76946,2164.05599,2164.08378,100,20.0
2024.02.11 12:15,2164.14015,2164.26840,2163.56476,2163.63666,100,20.0
2024.02.11 12:30,2163.06215,2164.36328,2162.91542,2164.34842,100,20.0
2024.02.11 12:45,2163.81148,2164.18067,2163.70589,2164.00587,100,20.0
2024.02.11 13:00,2164.75892,2165.53597,2164.47968,2165.09266,100,20.0
2024.02.11 13:15,2164.25871,2165.06000,2163.81739,2164.74914,100,20.0
2024.02.11 13:30,2165.65852,2166.24929,2165.37633,2165.38120,100,20.0
2024.02.11 13:45,2165.75883,2166.05898,2165.14957,2165.95327,100,20.0
2024.02.11 14:00,2164.76247,2165.30536,2164.13219,2165.27094,100,20.0
2024.02.11 14:15,2165.46960,2165.70528,2164.91301,2165.54407,100,20.0
2024.02.11 14:30,2166.61260,2166.95752,2165.77289,2165.91127,100,20.0
2024.02.11 14:45,2166.16820,2166.49004,2165.61178,2166.10742,100,20.0
2024.02.11 15:00,2165.42371,2165.64164,2164.85560,2165.16588,100,20.0
2024.02.11 15:15,2165.25687,2165.33045,2164.69321,2165.30801,100,20.0
2024.02.11 15:30,2166.19489,2167.27539,2166.13563,2166.77727,100,20.0
2024.02.11 15:45,2166.18555,2166.56096,2165.22173,2165.63773,100,20.0
